timestamp,zone_id,entries,exits,dwell_time_sec,hour,day_of_week
2026-06-01 08:00:00,Entrance,4.0,4.0,55.5,8,0
2026-06-01 08:00:00,Dairy,2.0,3.0,188.0,8,0
2026-06-01 08:00:00,Bakery,1.0,0.0,232.8,8,0
2026-06-01 08:00:00,Produce,2.0,2.0,220.2,8,0
2026-06-01 08:00:00,Snacks,5.0,4.0,240.3,8,0
2026-06-01 08:00:00,Electronics,1.0,0.0,618.2,8,0
2026-06-01 08:00:00,Checkout,8.0,8.0,193.5,8,0
2026-06-01 08:05:00,Entrance,9.0,7.0,63.3,8,0
2026-06-01 08:05:00,Dairy,5.0,4.0,256.3,8,0
2026-06-01 08:05:00,Bakery,2.0,0.0,168.2,8,0
2026-06-01 08:05:00,Produce,4.0,3.0,225.4,8,0
2026-06-01 08:05:00,Snacks,7.0,4.0,201.7,8,0
2026-06-01 08:05:00,Electronics,0.0,0.0,380.5,8,0
2026-06-01 08:05:00,Checkout,9.0,7.0,169.9,8,0
2026-06-01 08:10:00,Entrance,7.0,7.0,55.7,8,0
2026-06-01 08:10:00,Dairy,8.0,6.0,238.4,8,0
2026-06-01 08:10:00,Bakery,2.0,2.0,207.7,8,0
2026-06-01 08:10:00,Produce,3.0,3.0,223.3,8,0
2026-06-01 08:10:00,Snacks,0.0,2.0,239.3,8,0
2026-06-01 08:10:00,Electronics,3.0,1.0,362.1,8,0
2026-06-01 08:10:00,Checkout,3.0,0.0,164.2,8,0
2026-06-01 08:15:00,Entrance,5.0,3.0,44.1,8,0
2026-06-01 08:15:00,Dairy,4.0,5.0,204.1,8,0
2026-06-01 08:15:00,Bakery,7.0,6.0,180.7,8,0
2026-06-01 08:15:00,Produce,5.0,2.0,231.1,8,0
2026-06-01 08:15:00,Snacks,4.0,2.0,226.7,8,0
2026-06-01 08:15:00,Electronics,4.0,3.0,356.6,8,0
2026-06-01 08:15:00,Checkout,11.0,9.0,141.2,8,0
2026-06-01 08:20:00,Entrance,5.0,3.0,37.2,8,0
2026-06-01 08:20:00,Dairy,4.0,3.0,182.4,8,0
2026-06-01 08:20:00,Bakery,6.0,6.0,229.8,8,0
2026-06-01 08:20:00,Produce,3.0,3.0,179.6,8,0
2026-06-01 08:20:00,Snacks,,2.0,256.5,8,0
2026-06-01 08:20:00,Electronics,0.0,2.0,435.6,8,0
2026-06-01 08:20:00,Checkout,9.0,6.0,202.3,8,0
2026-06-01 08:25:00,Entrance,5.0,3.0,55.7,8,0
2026-06-01 08:25:00,Dairy,2.0,1.0,227.3,8,0
2026-06-01 08:25:00,Bakery,4.0,5.0,232.7,8,0
2026-06-01 08:25:00,Produce,6.0,4.0,255.3,8,0
2026-06-01 08:25:00,Snacks,3.0,2.0,216.2,8,0
2026-06-01 08:25:00,Electronics,2.0,1.0,359.7,8,0
2026-06-01 08:25:00,Checkout,8.0,9.0,212.1,8,0
2026-06-01 08:30:00,Entrance,3.0,3.0,49.0,8,0
2026-06-01 08:30:00,Dairy,4.0,3.0,,8,0
2026-06-01 08:30:00,Bakery,6.0,4.0,231.7,8,0
2026-06-01 08:30:00,Produce,1.0,0.0,196.3,8,0
2026-06-01 08:30:00,Snacks,3.0,,240.6,8,0
2026-06-01 08:30:00,Electronics,1.0,0.0,313.0,8,0
2026-06-01 08:30:00,Checkout,5.0,4.0,,8,0
2026-06-01 08:35:00,Entrance,2.0,1.0,40.4,8,0
2026-06-01 08:35:00,Dairy,2.0,3.0,215.5,8,0
2026-06-01 08:35:00,Bakery,3.0,0.0,166.4,8,0
2026-06-01 08:35:00,Produce,2.0,0.0,183.1,8,0
2026-06-01 08:35:00,Snacks,5.0,5.0,232.8,8,0
2026-06-01 08:35:00,Electronics,2.0,2.0,354.5,8,0
2026-06-01 08:35:00,Checkout,8.0,6.0,113.8,8,0
2026-06-01 08:40:00,Entrance,7.0,8.0,28.5,8,0
2026-06-01 08:40:00,Dairy,10.0,9.0,251.6,8,0
2026-06-01 08:40:00,Bakery,2.0,1.0,146.2,8,0
2026-06-01 08:40:00,Produce,5.0,2.0,226.8,8,0
2026-06-01 08:40:00,Snacks,3.0,3.0,259.7,8,0
2026-06-01 08:40:00,Electronics,1.0,1.0,296.2,8,0
2026-06-01 08:40:00,Checkout,5.0,5.0,177.9,8,0
2026-06-01 08:45:00,Entrance,6.0,4.0,62.5,8,0
2026-06-01 08:45:00,Dairy,2.0,4.0,229.1,8,0
2026-06-01 08:45:00,Bakery,3.0,5.0,200.6,8,0
2026-06-01 08:45:00,Produce,2.0,1.0,65.3,8,0
2026-06-01 08:45:00,Snacks,1.0,0.0,194.5,8,0
2026-06-01 08:45:00,Electronics,1.0,2.0,429.9,8,0
2026-06-01 08:45:00,Checkout,4.0,3.0,146.0,8,0
2026-06-01 08:50:00,Entrance,,9.0,35.3,8,0
2026-06-01 08:50:00,Dairy,3.0,2.0,163.5,8,0
2026-06-01 08:50:00,Bakery,2.0,0.0,193.3,8,0
2026-06-01 08:50:00,Produce,3.0,,143.7,8,0
2026-06-01 08:50:00,Snacks,4.0,5.0,153.9,8,0
2026-06-01 08:50:00,Electronics,4.0,6.0,438.1,8,0
2026-06-01 08:50:00,Checkout,6.0,8.0,,8,0
2026-06-01 08:55:00,Entrance,9.0,,49.4,8,0
2026-06-01 08:55:00,Dairy,7.0,7.0,244.1,8,0
2026-06-01 08:55:00,Bakery,1.0,2.0,204.9,8,0
2026-06-01 08:55:00,Produce,5.0,5.0,168.8,8,0
2026-06-01 08:55:00,Snacks,3.0,3.0,183.1,8,0
2026-06-01 08:55:00,Electronics,4.0,5.0,324.1,8,0
2026-06-01 08:55:00,Checkout,1.0,4.0,222.0,8,0
2026-06-01 09:00:00,Entrance,31.0,30.0,39.8,9,0
2026-06-01 09:00:00,Dairy,20.0,22.0,163.2,9,0
2026-06-01 09:00:00,Bakery,16.0,17.0,276.1,9,0
2026-06-01 09:00:00,Produce,17.0,20.0,254.9,9,0
2026-06-01 09:00:00,Snacks,16.0,12.0,284.1,9,0
2026-06-01 09:00:00,Electronics,9.0,10.0,349.6,9,0
2026-06-01 09:00:00,Checkout,22.0,,127.9,9,0
2026-06-01 09:05:00,Entrance,20.0,21.0,42.7,9,0
2026-06-01 09:05:00,Dairy,18.0,20.0,257.0,9,0
2026-06-01 09:05:00,Bakery,11.0,10.0,232.8,9,0
2026-06-01 09:05:00,Produce,25.0,22.0,234.9,9,0
2026-06-01 09:05:00,Snacks,19.0,13.0,113.9,9,0
2026-06-01 09:05:00,Electronics,,13.0,402.4,9,0
2026-06-01 09:05:00,Checkout,36.0,33.0,161.0,9,0
2026-06-01 09:10:00,Entrance,24.0,22.0,28.9,9,0
2026-06-01 09:10:00,Dairy,14.0,13.0,190.5,9,0
2026-06-01 09:10:00,Bakery,14.0,13.0,118.3,9,0
2026-06-01 09:10:00,Produce,13.0,15.0,290.7,9,0
2026-06-01 09:10:00,Snacks,15.0,,234.6,9,0
2026-06-01 09:10:00,Electronics,16.0,17.0,265.0,9,0
2026-06-01 09:10:00,Checkout,31.0,38.0,202.7,9,0
2026-06-01 09:15:00,Entrance,39.0,40.0,56.4,9,0
2026-06-01 09:15:00,Dairy,17.0,19.0,135.1,9,0
2026-06-01 09:15:00,Bakery,16.0,14.0,125.3,9,0
2026-06-01 09:15:00,Produce,18.0,17.0,200.1,9,0
2026-06-01 09:15:00,Snacks,20.0,18.0,220.5,9,0
2026-06-01 09:15:00,Electronics,15.0,16.0,430.6,9,0
2026-06-01 09:15:00,Checkout,35.0,19.0,148.7,9,0
2026-06-01 09:20:00,Entrance,26.0,31.0,40.2,9,0
2026-06-01 09:20:00,Dairy,17.0,16.0,212.7,9,0
2026-06-01 09:20:00,Bakery,11.0,11.0,222.6,9,0
2026-06-01 09:20:00,Produce,23.0,24.0,191.5,9,0
2026-06-01 09:20:00,Snacks,18.0,18.0,164.9,9,0
2026-06-01 09:20:00,Electronics,13.0,14.0,223.1,9,0
2026-06-01 09:20:00,Checkout,19.0,20.0,163.5,9,0
2026-06-01 09:25:00,Entrance,22.0,20.0,34.7,9,0
2026-06-01 09:25:00,Dairy,16.0,15.0,307.6,9,0
2026-06-01 09:25:00,Bakery,18.0,18.0,242.4,9,0
2026-06-01 09:25:00,Produce,12.0,10.0,264.4,9,0
2026-06-01 09:25:00,Snacks,16.0,17.0,189.5,9,0
2026-06-01 09:25:00,Electronics,6.0,5.0,342.8,9,0
2026-06-01 09:25:00,Checkout,31.0,30.0,212.4,9,0
2026-06-01 09:30:00,Entrance,43.0,46.0,49.8,9,0
2026-06-01 09:30:00,Dairy,16.0,19.0,197.1,9,0
2026-06-01 09:30:00,Bakery,15.0,15.0,255.1,9,0
2026-06-01 09:30:00,Produce,20.0,,247.9,9,0
2026-06-01 09:30:00,Snacks,21.0,19.0,215.1,9,0
2026-06-01 09:30:00,Electronics,9.0,10.0,420.5,9,0
2026-06-01 09:30:00,Checkout,24.0,24.0,128.7,9,0
2026-06-01 09:35:00,Entrance,28.0,27.0,42.2,9,0
2026-06-01 09:35:00,Dairy,19.0,16.0,272.5,9,0
2026-06-01 09:35:00,Bakery,14.0,13.0,293.9,9,0
2026-06-01 09:35:00,Produce,20.0,19.0,153.9,9,0
2026-06-01 09:35:00,Snacks,,16.0,188.2,9,0
2026-06-01 09:35:00,Electronics,12.0,12.0,432.4,9,0
2026-06-01 09:35:00,Checkout,35.0,40.0,84.4,9,0
2026-06-01 09:40:00,Entrance,27.0,22.0,35.8,9,0
2026-06-01 09:40:00,Dairy,23.0,22.0,193.3,9,0
2026-06-01 09:40:00,Bakery,20.0,21.0,,9,0
2026-06-01 09:40:00,Produce,24.0,30.0,214.5,9,0
2026-06-01 09:40:00,Snacks,14.0,11.0,212.7,9,0
2026-06-01 09:40:00,Electronics,11.0,10.0,381.1,9,0
2026-06-01 09:40:00,Checkout,27.0,26.0,78.3,9,0
2026-06-01 09:45:00,Entrance,31.0,24.0,44.0,9,0
2026-06-01 09:45:00,Dairy,15.0,13.0,153.9,9,0
2026-06-01 09:45:00,Bakery,9.0,11.0,157.8,9,0
2026-06-01 09:45:00,Produce,20.0,18.0,214.4,9,0
2026-06-01 09:45:00,Snacks,20.0,22.0,226.9,9,0
2026-06-01 09:45:00,Electronics,10.0,8.0,404.5,9,0
2026-06-01 09:45:00,Checkout,33.0,32.0,211.0,9,0
2026-06-01 09:50:00,Entrance,28.0,28.0,37.9,9,0
2026-06-01 09:50:00,Dairy,16.0,19.0,117.4,9,0
2026-06-01 09:50:00,Bakery,14.0,15.0,,9,0
2026-06-01 09:50:00,Produce,,11.0,160.9,9,0
2026-06-01 09:50:00,Snacks,15.0,16.0,222.1,9,0
2026-06-01 09:50:00,Electronics,10.0,8.0,476.0,9,0
2026-06-01 09:50:00,Checkout,18.0,23.0,177.0,9,0
2026-06-01 09:55:00,Entrance,,25.0,57.8,9,0
2026-06-01 09:55:00,Dairy,19.0,17.0,245.3,9,0
2026-06-01 09:55:00,Bakery,14.0,13.0,242.5,9,0
2026-06-01 09:55:00,Produce,16.0,16.0,281.9,9,0
2026-06-01 09:55:00,Snacks,17.0,20.0,177.3,9,0
2026-06-01 09:55:00,Electronics,10.0,10.0,549.7,9,0
2026-06-01 09:55:00,Checkout,26.0,22.0,133.9,9,0
2026-06-01 10:00:00,Entrance,28.0,25.0,39.1,10,0
2026-06-01 10:00:00,Dairy,13.0,16.0,187.2,10,0
2026-06-01 10:00:00,Bakery,14.0,11.0,221.7,10,0
2026-06-01 10:00:00,Produce,19.0,19.0,130.0,10,0
2026-06-01 10:00:00,Snacks,17.0,14.0,119.4,10,0
2026-06-01 10:00:00,Electronics,6.0,4.0,527.8,10,0
2026-06-01 10:00:00,Checkout,19.0,,159.9,10,0
2026-06-01 10:05:00,Entrance,37.0,38.0,41.6,10,0
2026-06-01 10:05:00,Dairy,14.0,13.0,277.0,10,0
2026-06-01 10:05:00,Bakery,15.0,14.0,220.0,10,0
2026-06-01 10:05:00,Produce,24.0,20.0,227.8,10,0
2026-06-01 10:05:00,Snacks,19.0,15.0,204.0,10,0
2026-06-01 10:05:00,Electronics,16.0,19.0,456.8,10,0
2026-06-01 10:05:00,Checkout,18.0,21.0,195.7,10,0
2026-06-01 10:10:00,Entrance,19.0,22.0,39.1,10,0
2026-06-01 10:10:00,Dairy,24.0,18.0,198.6,10,0
2026-06-01 10:10:00,Bakery,13.0,13.0,274.7,10,0
2026-06-01 10:10:00,Produce,24.0,23.0,275.1,10,0
2026-06-01 10:10:00,Snacks,13.0,13.0,239.9,10,0
2026-06-01 10:10:00,Electronics,17.0,16.0,367.9,10,0
2026-06-01 10:10:00,Checkout,26.0,25.0,163.5,10,0
2026-06-01 10:15:00,Entrance,21.0,21.0,55.6,10,0
2026-06-01 10:15:00,Dairy,24.0,23.0,258.0,10,0
2026-06-01 10:15:00,Bakery,19.0,16.0,171.5,10,0
2026-06-01 10:15:00,Produce,25.0,28.0,215.3,10,0
2026-06-01 10:15:00,Snacks,15.0,17.0,157.8,10,0
2026-06-01 10:15:00,Electronics,4.0,7.0,280.3,10,0
2026-06-01 10:15:00,Checkout,29.0,35.0,130.9,10,0
2026-06-01 10:20:00,Entrance,22.0,21.0,55.4,10,0
2026-06-01 10:20:00,Dairy,20.0,16.0,265.3,10,0
2026-06-01 10:20:00,Bakery,10.0,9.0,165.2,10,0
2026-06-01 10:20:00,Produce,16.0,20.0,246.6,10,0
2026-06-01 10:20:00,Snacks,13.0,14.0,226.5,10,0
2026-06-01 10:20:00,Electronics,8.0,5.0,507.4,10,0
2026-06-01 10:20:00,Checkout,20.0,22.0,162.7,10,0
2026-06-01 10:25:00,Entrance,32.0,22.0,31.2,10,0
2026-06-01 10:25:00,Dairy,,17.0,190.3,10,0
2026-06-01 10:25:00,Bakery,16.0,12.0,260.6,10,0
2026-06-01 10:25:00,Produce,21.0,,232.2,10,0
2026-06-01 10:25:00,Snacks,17.0,13.0,206.2,10,0
2026-06-01 10:25:00,Electronics,15.0,13.0,352.8,10,0
2026-06-01 10:25:00,Checkout,26.0,26.0,114.3,10,0
2026-06-01 10:30:00,Entrance,33.0,35.0,,10,0
2026-06-01 10:30:00,Dairy,22.0,21.0,241.2,10,0
2026-06-01 10:30:00,Bakery,12.0,9.0,241.3,10,0
2026-06-01 10:30:00,Produce,30.0,30.0,219.2,10,0
2026-06-01 10:30:00,Snacks,16.0,16.0,188.1,10,0
2026-06-01 10:30:00,Electronics,8.0,8.0,348.9,10,0
2026-06-01 10:30:00,Checkout,34.0,38.0,70.7,10,0
2026-06-01 10:35:00,Entrance,34.0,35.0,52.7,10,0
2026-06-01 10:35:00,Dairy,18.0,18.0,238.5,10,0
2026-06-01 10:35:00,Bakery,15.0,12.0,209.7,10,0
2026-06-01 10:35:00,Produce,13.0,15.0,240.7,10,0
2026-06-01 10:35:00,Snacks,18.0,18.0,119.4,10,0
2026-06-01 10:35:00,Electronics,11.0,8.0,479.1,10,0
2026-06-01 10:35:00,Checkout,30.0,40.0,152.1,10,0
2026-06-01 10:40:00,Entrance,28.0,30.0,73.4,10,0
2026-06-01 10:40:00,Dairy,17.0,12.0,187.1,10,0
2026-06-01 10:40:00,Bakery,13.0,13.0,184.9,10,0
2026-06-01 10:40:00,Produce,20.0,18.0,180.3,10,0
2026-06-01 10:40:00,Snacks,12.0,12.0,119.9,10,0
2026-06-01 10:40:00,Electronics,7.0,8.0,267.6,10,0
2026-06-01 10:40:00,Checkout,34.0,32.0,128.1,10,0
2026-06-01 10:45:00,Entrance,32.0,35.0,44.3,10,0
2026-06-01 10:45:00,Dairy,19.0,17.0,237.1,10,0
2026-06-01 10:45:00,Bakery,20.0,17.0,136.8,10,0
2026-06-01 10:45:00,Produce,31.0,26.0,158.7,10,0
2026-06-01 10:45:00,Snacks,22.0,25.0,169.4,10,0
2026-06-01 10:45:00,Electronics,8.0,8.0,296.6,10,0
2026-06-01 10:45:00,Checkout,23.0,26.0,170.3,10,0
2026-06-01 10:50:00,Entrance,37.0,,,10,0
2026-06-01 10:50:00,Dairy,20.0,18.0,247.9,10,0
2026-06-01 10:50:00,Bakery,12.0,12.0,208.0,10,0
2026-06-01 10:50:00,Produce,19.0,21.0,144.9,10,0
2026-06-01 10:50:00,Snacks,21.0,25.0,106.4,10,0
2026-06-01 10:50:00,Electronics,5.0,3.0,290.3,10,0
2026-06-01 10:50:00,Checkout,20.0,23.0,223.6,10,0
2026-06-01 10:55:00,Entrance,35.0,31.0,57.0,10,0
2026-06-01 10:55:00,Dairy,22.0,18.0,146.9,10,0
2026-06-01 10:55:00,Bakery,16.0,16.0,181.5,10,0
2026-06-01 10:55:00,Produce,19.0,21.0,161.4,10,0
2026-06-01 10:55:00,Snacks,11.0,11.0,246.8,10,0
2026-06-01 10:55:00,Electronics,9.0,5.0,344.3,10,0
2026-06-01 10:55:00,Checkout,18.0,19.0,149.9,10,0
2026-06-01 11:00:00,Entrance,61.0,81.0,51.9,11,0
2026-06-01 11:00:00,Dairy,41.0,48.0,242.7,11,0
2026-06-01 11:00:00,Bakery,24.0,26.0,265.9,11,0
2026-06-01 11:00:00,Produce,33.0,38.0,192.7,11,0
2026-06-01 11:00:00,Snacks,26.0,19.0,204.2,11,0
2026-06-01 11:00:00,Electronics,22.0,21.0,319.5,11,0
2026-06-01 11:00:00,Checkout,33.0,22.0,209.3,11,0
2026-06-01 11:05:00,Entrance,55.0,36.0,44.9,11,0
2026-06-01 11:05:00,Dairy,41.0,30.0,154.5,11,0
2026-06-01 11:05:00,Bakery,31.0,25.0,205.0,11,0
2026-06-01 11:05:00,Produce,33.0,33.0,241.7,11,0
2026-06-01 11:05:00,Snacks,26.0,28.0,144.8,11,0
2026-06-01 11:05:00,Electronics,17.0,18.0,352.3,11,0
2026-06-01 11:05:00,Checkout,34.0,30.0,216.5,11,0
2026-06-01 11:10:00,Entrance,56.0,51.0,41.5,11,0
2026-06-01 11:10:00,Dairy,37.0,34.0,199.3,11,0
2026-06-01 11:10:00,Bakery,25.0,25.0,183.1,11,0
2026-06-01 11:10:00,Produce,34.0,24.0,304.1,11,0
2026-06-01 11:10:00,Snacks,30.0,30.0,127.2,11,0
2026-06-01 11:10:00,Electronics,18.0,20.0,340.7,11,0
2026-06-01 11:10:00,Checkout,34.0,36.0,228.4,11,0
2026-06-01 11:15:00,Entrance,56.0,67.0,60.1,11,0
2026-06-01 11:15:00,Dairy,28.0,28.0,97.6,11,0
2026-06-01 11:15:00,Bakery,24.0,21.0,169.3,11,0
2026-06-01 11:15:00,Produce,25.0,20.0,233.9,11,0
2026-06-01 11:15:00,Snacks,34.0,25.0,198.5,11,0
2026-06-01 11:15:00,Electronics,13.0,12.0,263.6,11,0
2026-06-01 11:15:00,Checkout,,61.0,158.5,11,0
2026-06-01 11:20:00,Entrance,50.0,53.0,29.7,11,0
2026-06-01 11:20:00,Dairy,34.0,35.0,213.4,11,0
2026-06-01 11:20:00,Bakery,34.0,41.0,234.0,11,0
2026-06-01 11:20:00,Produce,24.0,18.0,221.9,11,0
2026-06-01 11:20:00,Snacks,39.0,46.0,272.8,11,0
2026-06-01 11:20:00,Electronics,13.0,13.0,450.1,11,0
2026-06-01 11:20:00,Checkout,44.0,41.0,107.4,11,0
2026-06-01 11:25:00,Entrance,56.0,49.0,36.9,11,0
2026-06-01 11:25:00,Dairy,29.0,31.0,133.1,11,0
2026-06-01 11:25:00,Bakery,25.0,23.0,239.4,11,0
2026-06-01 11:25:00,Produce,35.0,18.0,242.6,11,0
2026-06-01 11:25:00,Snacks,34.0,35.0,245.9,11,0
2026-06-01 11:25:00,Electronics,25.0,25.0,418.9,11,0
2026-06-01 11:25:00,Checkout,42.0,38.0,136.9,11,0
2026-06-01 11:30:00,Entrance,59.0,69.0,58.9,11,0
2026-06-01 11:30:00,Dairy,38.0,34.0,139.1,11,0
2026-06-01 11:30:00,Bakery,26.0,24.0,225.3,11,0
2026-06-01 11:30:00,Produce,41.0,39.0,151.6,11,0
2026-06-01 11:30:00,Snacks,28.0,29.0,191.5,11,0
2026-06-01 11:30:00,Electronics,19.0,20.0,506.0,11,0
2026-06-01 11:30:00,Checkout,41.0,41.0,181.6,11,0
2026-06-01 11:35:00,Entrance,55.0,65.0,48.8,11,0
2026-06-01 11:35:00,Dairy,31.0,30.0,244.0,11,0
2026-06-01 11:35:00,Bakery,25.0,27.0,228.8,11,0
2026-06-01 11:35:00,Produce,29.0,26.0,244.1,11,0
2026-06-01 11:35:00,Snacks,20.0,18.0,225.2,11,0
2026-06-01 11:35:00,Electronics,24.0,23.0,491.6,11,0
2026-06-01 11:35:00,Checkout,36.0,32.0,172.6,11,0
2026-06-01 11:40:00,Entrance,51.0,54.0,62.3,11,0
2026-06-01 11:40:00,Dairy,36.0,27.0,222.1,11,0
2026-06-01 11:40:00,Bakery,17.0,15.0,263.5,11,0
2026-06-01 11:40:00,Produce,29.0,34.0,284.0,11,0
2026-06-01 11:40:00,Snacks,32.0,30.0,178.0,11,0
2026-06-01 11:40:00,Electronics,21.0,25.0,477.2,11,0
2026-06-01 11:40:00,Checkout,56.0,77.0,106.4,11,0
2026-06-01 11:45:00,Entrance,65.0,65.0,34.9,11,0
2026-06-01 11:45:00,Dairy,40.0,43.0,291.4,11,0
2026-06-01 11:45:00,Bakery,25.0,27.0,234.5,11,0
2026-06-01 11:45:00,Produce,29.0,23.0,180.1,11,0
2026-06-01 11:45:00,Snacks,26.0,28.0,79.2,11,0
2026-06-01 11:45:00,Electronics,12.0,16.0,387.9,11,0
2026-06-01 11:45:00,Checkout,33.0,31.0,212.6,11,0
2026-06-01 11:50:00,Entrance,44.0,52.0,38.3,11,0
2026-06-01 11:50:00,Dairy,29.0,32.0,189.9,11,0
2026-06-01 11:50:00,Bakery,24.0,21.0,275.8,11,0
2026-06-01 11:50:00,Produce,29.0,32.0,207.7,11,0
2026-06-01 11:50:00,Snacks,31.0,33.0,196.9,11,0
2026-06-01 11:50:00,Electronics,16.0,13.0,523.2,11,0
2026-06-01 11:50:00,Checkout,47.0,45.0,195.8,11,0
2026-06-01 11:55:00,Entrance,59.0,46.0,39.6,11,0
2026-06-01 11:55:00,Dairy,36.0,36.0,177.1,11,0
2026-06-01 11:55:00,Bakery,26.0,26.0,242.3,11,0
2026-06-01 11:55:00,Produce,33.0,37.0,182.7,11,0
2026-06-01 11:55:00,Snacks,42.0,42.0,150.8,11,0
2026-06-01 11:55:00,Electronics,14.0,14.0,395.8,11,0
2026-06-01 11:55:00,Checkout,43.0,44.0,151.9,11,0
2026-06-01 12:00:00,Entrance,56.0,53.0,32.8,12,0
2026-06-01 12:00:00,Dairy,17.0,16.0,232.3,12,0
2026-06-01 12:00:00,Bakery,26.0,27.0,154.6,12,0
2026-06-01 12:00:00,Produce,32.0,37.0,240.8,12,0
2026-06-01 12:00:00,Snacks,27.0,24.0,219.8,12,0
2026-06-01 12:00:00,Electronics,13.0,14.0,474.3,12,0
2026-06-01 12:00:00,Checkout,33.0,27.0,154.0,12,0
2026-06-01 12:05:00,Entrance,58.0,36.0,,12,0
2026-06-01 12:05:00,Dairy,25.0,25.0,220.6,12,0
2026-06-01 12:05:00,Bakery,26.0,23.0,376.2,12,0
2026-06-01 12:05:00,Produce,29.0,25.0,228.9,12,0
2026-06-01 12:05:00,Snacks,30.0,,161.5,12,0
2026-06-01 12:05:00,Electronics,15.0,16.0,515.3,12,0
2026-06-01 12:05:00,Checkout,51.0,50.0,118.6,12,0
2026-06-01 12:10:00,Entrance,53.0,50.0,61.2,12,0
2026-06-01 12:10:00,Dairy,36.0,31.0,255.2,12,0
2026-06-01 12:10:00,Bakery,23.0,21.0,199.6,12,0
2026-06-01 12:10:00,Produce,34.0,42.0,142.0,12,0
2026-06-01 12:10:00,Snacks,31.0,23.0,227.0,12,0
2026-06-01 12:10:00,Electronics,7.0,8.0,394.1,12,0
2026-06-01 12:10:00,Checkout,41.0,36.0,201.8,12,0
2026-06-01 12:15:00,Entrance,39.0,29.0,59.9,12,0
2026-06-01 12:15:00,Dairy,36.0,34.0,190.8,12,0
2026-06-01 12:15:00,Bakery,32.0,30.0,352.5,12,0
2026-06-01 12:15:00,Produce,32.0,29.0,341.5,12,0
2026-06-01 12:15:00,Snacks,26.0,30.0,282.2,12,0
2026-06-01 12:15:00,Electronics,20.0,16.0,365.5,12,0
2026-06-01 12:15:00,Checkout,34.0,27.0,243.2,12,0
2026-06-01 12:20:00,Entrance,51.0,56.0,39.5,12,0
2026-06-01 12:20:00,Dairy,31.0,34.0,204.3,12,0
2026-06-01 12:20:00,Bakery,,23.0,130.7,12,0
2026-06-01 12:20:00,Produce,28.0,31.0,235.8,12,0
2026-06-01 12:20:00,Snacks,21.0,13.0,285.4,12,0
2026-06-01 12:20:00,Electronics,24.0,20.0,346.2,12,0
2026-06-01 12:20:00,Checkout,35.0,30.0,120.4,12,0
2026-06-01 12:25:00,Entrance,56.0,47.0,66.8,12,0
2026-06-01 12:25:00,Dairy,21.0,17.0,275.4,12,0
2026-06-01 12:25:00,Bakery,31.0,28.0,187.7,12,0
2026-06-01 12:25:00,Produce,30.0,33.0,139.7,12,0
2026-06-01 12:25:00,Snacks,37.0,40.0,184.1,12,0
2026-06-01 12:25:00,Electronics,16.0,16.0,409.4,12,0
2026-06-01 12:25:00,Checkout,38.0,34.0,94.7,12,0
2026-06-01 12:30:00,Entrance,44.0,54.0,51.6,12,0
2026-06-01 12:30:00,Dairy,27.0,20.0,129.4,12,0
2026-06-01 12:30:00,Bakery,34.0,39.0,117.5,12,0
2026-06-01 12:30:00,Produce,32.0,39.0,184.6,12,0
2026-06-01 12:30:00,Snacks,23.0,,209.6,12,0
2026-06-01 12:30:00,Electronics,16.0,16.0,412.8,12,0
2026-06-01 12:30:00,Checkout,49.0,54.0,152.7,12,0
2026-06-01 12:35:00,Entrance,42.0,49.0,57.6,12,0
2026-06-01 12:35:00,Dairy,33.0,35.0,157.4,12,0
2026-06-01 12:35:00,Bakery,27.0,26.0,268.2,12,0
2026-06-01 12:35:00,Produce,28.0,29.0,237.6,12,0
2026-06-01 12:35:00,Snacks,33.0,35.0,155.7,12,0
2026-06-01 12:35:00,Electronics,20.0,22.0,395.2,12,0
2026-06-01 12:35:00,Checkout,49.0,40.0,188.8,12,0
2026-06-01 12:40:00,Entrance,56.0,52.0,34.2,12,0
2026-06-01 12:40:00,Dairy,36.0,37.0,152.9,12,0
2026-06-01 12:40:00,Bakery,27.0,24.0,144.7,12,0
2026-06-01 12:40:00,Produce,30.0,37.0,208.6,12,0
2026-06-01 12:40:00,Snacks,33.0,23.0,139.5,12,0
2026-06-01 12:40:00,Electronics,12.0,11.0,232.7,12,0
2026-06-01 12:40:00,Checkout,37.0,39.0,106.0,12,0
2026-06-01 12:45:00,Entrance,50.0,53.0,54.1,12,0
2026-06-01 12:45:00,Dairy,27.0,27.0,121.3,12,0
2026-06-01 12:45:00,Bakery,23.0,20.0,168.8,12,0
2026-06-01 12:45:00,Produce,30.0,32.0,110.8,12,0
2026-06-01 12:45:00,Snacks,24.0,27.0,169.0,12,0
2026-06-01 12:45:00,Electronics,18.0,17.0,483.4,12,0
2026-06-01 12:45:00,Checkout,40.0,37.0,199.6,12,0
2026-06-01 12:50:00,Entrance,46.0,37.0,39.0,12,0
2026-06-01 12:50:00,Dairy,35.0,32.0,298.5,12,0
2026-06-01 12:50:00,Bakery,39.0,34.0,222.7,12,0
2026-06-01 12:50:00,Produce,26.0,24.0,,12,0
2026-06-01 12:50:00,Snacks,25.0,31.0,252.7,12,0
2026-06-01 12:50:00,Electronics,,14.0,437.1,12,0
2026-06-01 12:50:00,Checkout,32.0,38.0,170.3,12,0
2026-06-01 12:55:00,Entrance,54.0,,39.9,12,0
2026-06-01 12:55:00,Dairy,22.0,18.0,114.8,12,0
2026-06-01 12:55:00,Bakery,29.0,26.0,216.9,12,0
2026-06-01 12:55:00,Produce,30.0,29.0,235.7,12,0
2026-06-01 12:55:00,Snacks,34.0,39.0,235.1,12,0
2026-06-01 12:55:00,Electronics,19.0,18.0,430.9,12,0
2026-06-01 12:55:00,Checkout,42.0,40.0,175.9,12,0
2026-06-01 13:00:00,Entrance,53.0,58.0,49.9,13,0
2026-06-01 13:00:00,Dairy,35.0,43.0,174.2,13,0
2026-06-01 13:00:00,Bakery,27.0,23.0,190.7,13,0
2026-06-01 13:00:00,Produce,28.0,28.0,232.2,13,0
2026-06-01 13:00:00,Snacks,28.0,21.0,216.1,13,0
2026-06-01 13:00:00,Electronics,16.0,21.0,319.8,13,0
2026-06-01 13:00:00,Checkout,49.0,50.0,,13,0
2026-06-01 13:05:00,Entrance,46.0,56.0,39.8,13,0
2026-06-01 13:05:00,Dairy,37.0,36.0,54.9,13,0
2026-06-01 13:05:00,Bakery,32.0,39.0,241.3,13,0
2026-06-01 13:05:00,Produce,41.0,34.0,281.6,13,0
2026-06-01 13:05:00,Snacks,32.0,27.0,238.0,13,0
2026-06-01 13:05:00,Electronics,15.0,15.0,397.7,13,0
2026-06-01 13:05:00,Checkout,44.0,43.0,186.9,13,0
2026-06-01 13:10:00,Entrance,62.0,45.0,36.7,13,0
2026-06-01 13:10:00,Dairy,27.0,21.0,162.3,13,0
2026-06-01 13:10:00,Bakery,22.0,,130.3,13,0
2026-06-01 13:10:00,Produce,32.0,30.0,,13,0
2026-06-01 13:10:00,Snacks,31.0,30.0,217.0,13,0
2026-06-01 13:10:00,Electronics,15.0,11.0,358.4,13,0
2026-06-01 13:10:00,Checkout,52.0,50.0,125.7,13,0
2026-06-01 13:15:00,Entrance,52.0,32.0,68.8,13,0
2026-06-01 13:15:00,Dairy,33.0,38.0,155.0,13,0
2026-06-01 13:15:00,Bakery,34.0,30.0,224.1,13,0
2026-06-01 13:15:00,Produce,29.0,22.0,237.6,13,0
2026-06-01 13:15:00,Snacks,30.0,25.0,163.8,13,0
2026-06-01 13:15:00,Electronics,16.0,13.0,399.2,13,0
2026-06-01 13:15:00,Checkout,45.0,42.0,158.1,13,0
2026-06-01 13:20:00,Entrance,55.0,64.0,42.9,13,0
2026-06-01 13:20:00,Dairy,31.0,35.0,193.2,13,0
2026-06-01 13:20:00,Bakery,25.0,24.0,188.5,13,0
2026-06-01 13:20:00,Produce,29.0,31.0,137.9,13,0
2026-06-01 13:20:00,Snacks,35.0,34.0,163.6,13,0
2026-06-01 13:20:00,Electronics,22.0,23.0,284.9,13,0
2026-06-01 13:20:00,Checkout,39.0,39.0,134.6,13,0
2026-06-01 13:25:00,Entrance,51.0,58.0,59.2,13,0
2026-06-01 13:25:00,Dairy,31.0,24.0,239.9,13,0
2026-06-01 13:25:00,Bakery,27.0,31.0,286.3,13,0
2026-06-01 13:25:00,Produce,27.0,24.0,134.8,13,0
2026-06-01 13:25:00,Snacks,21.0,22.0,253.4,13,0
2026-06-01 13:25:00,Electronics,13.0,13.0,,13,0
2026-06-01 13:25:00,Checkout,50.0,51.0,142.8,13,0
2026-06-01 13:30:00,Entrance,48.0,45.0,39.3,13,0
2026-06-01 13:30:00,Dairy,41.0,39.0,221.3,13,0
2026-06-01 13:30:00,Bakery,26.0,23.0,260.0,13,0
2026-06-01 13:30:00,Produce,20.0,20.0,215.2,13,0
2026-06-01 13:30:00,Snacks,31.0,30.0,,13,0
2026-06-01 13:30:00,Electronics,17.0,16.0,235.6,13,0
2026-06-01 13:30:00,Checkout,,39.0,204.6,13,0
2026-06-01 13:35:00,Entrance,55.0,58.0,33.8,13,0
2026-06-01 13:35:00,Dairy,43.0,47.0,131.3,13,0
2026-06-01 13:35:00,Bakery,25.0,25.0,255.0,13,0
2026-06-01 13:35:00,Produce,35.0,26.0,83.5,13,0
2026-06-01 13:35:00,Snacks,28.0,24.0,199.5,13,0
2026-06-01 13:35:00,Electronics,11.0,9.0,377.6,13,0
2026-06-01 13:35:00,Checkout,34.0,33.0,213.3,13,0
2026-06-01 13:40:00,Entrance,64.0,76.0,50.8,13,0
2026-06-01 13:40:00,Dairy,34.0,33.0,146.8,13,0
2026-06-01 13:40:00,Bakery,27.0,22.0,157.4,13,0
2026-06-01 13:40:00,Produce,31.0,24.0,279.1,13,0
2026-06-01 13:40:00,Snacks,26.0,26.0,185.6,13,0
2026-06-01 13:40:00,Electronics,19.0,20.0,270.6,13,0
2026-06-01 13:40:00,Checkout,57.0,54.0,118.1,13,0
2026-06-01 13:45:00,Entrance,38.0,38.0,49.6,13,0
2026-06-01 13:45:00,Dairy,37.0,41.0,235.4,13,0
2026-06-01 13:45:00,Bakery,27.0,26.0,214.0,13,0
2026-06-01 13:45:00,Produce,31.0,29.0,230.4,13,0
2026-06-01 13:45:00,Snacks,,27.0,177.3,13,0
2026-06-01 13:45:00,Electronics,16.0,14.0,453.7,13,0
2026-06-01 13:45:00,Checkout,44.0,52.0,117.9,13,0
2026-06-01 13:50:00,Entrance,52.0,51.0,30.5,13,0
2026-06-01 13:50:00,Dairy,26.0,32.0,198.0,13,0
2026-06-01 13:50:00,Bakery,28.0,27.0,225.1,13,0
2026-06-01 13:50:00,Produce,28.0,18.0,160.6,13,0
2026-06-01 13:50:00,Snacks,23.0,16.0,132.5,13,0
2026-06-01 13:50:00,Electronics,23.0,22.0,386.2,13,0
2026-06-01 13:50:00,Checkout,37.0,31.0,162.2,13,0
2026-06-01 13:55:00,Entrance,55.0,44.0,35.7,13,0
2026-06-01 13:55:00,Dairy,40.0,42.0,309.6,13,0
2026-06-01 13:55:00,Bakery,31.0,29.0,235.3,13,0
2026-06-01 13:55:00,Produce,40.0,45.0,223.5,13,0
2026-06-01 13:55:00,Snacks,38.0,50.0,175.1,13,0
2026-06-01 13:55:00,Electronics,16.0,13.0,426.8,13,0
2026-06-01 13:55:00,Checkout,46.0,35.0,99.9,13,0
2026-06-01 14:00:00,Entrance,26.0,28.0,54.5,14,0
2026-06-01 14:00:00,Dairy,19.0,21.0,207.9,14,0
2026-06-01 14:00:00,Bakery,19.0,19.0,269.9,14,0
2026-06-01 14:00:00,Produce,22.0,20.0,265.4,14,0
2026-06-01 14:00:00,Snacks,21.0,16.0,199.2,14,0
2026-06-01 14:00:00,Electronics,11.0,11.0,422.5,14,0
2026-06-01 14:00:00,Checkout,19.0,20.0,134.7,14,0
2026-06-01 14:05:00,Entrance,30.0,31.0,44.1,14,0
2026-06-01 14:05:00,Dairy,24.0,17.0,219.8,14,0
2026-06-01 14:05:00,Bakery,25.0,28.0,239.0,14,0
2026-06-01 14:05:00,Produce,,10.0,127.3,14,0
2026-06-01 14:05:00,Snacks,22.0,25.0,231.9,14,0
2026-06-01 14:05:00,Electronics,4.0,5.0,487.1,14,0
2026-06-01 14:05:00,Checkout,22.0,30.0,123.2,14,0
2026-06-01 14:10:00,Entrance,20.0,20.0,27.7,14,0
2026-06-01 14:10:00,Dairy,16.0,17.0,139.5,14,0
2026-06-01 14:10:00,Bakery,15.0,10.0,198.9,14,0
2026-06-01 14:10:00,Produce,20.0,15.0,266.8,14,0
2026-06-01 14:10:00,Snacks,23.0,29.0,305.8,14,0
2026-06-01 14:10:00,Electronics,13.0,10.0,349.7,14,0
2026-06-01 14:10:00,Checkout,18.0,19.0,126.2,14,0
2026-06-01 14:15:00,Entrance,42.0,47.0,56.2,14,0
2026-06-01 14:15:00,Dairy,20.0,25.0,81.3,14,0
2026-06-01 14:15:00,Bakery,14.0,14.0,257.7,14,0
2026-06-01 14:15:00,Produce,21.0,22.0,229.6,14,0
2026-06-01 14:15:00,Snacks,20.0,21.0,258.9,14,0
2026-06-01 14:15:00,Electronics,10.0,11.0,346.4,14,0
2026-06-01 14:15:00,Checkout,22.0,22.0,186.3,14,0
2026-06-01 14:20:00,Entrance,33.0,41.0,40.6,14,0
2026-06-01 14:20:00,Dairy,19.0,12.0,241.9,14,0
2026-06-01 14:20:00,Bakery,19.0,22.0,147.5,14,0
2026-06-01 14:20:00,Produce,16.0,15.0,172.2,14,0
2026-06-01 14:20:00,Snacks,17.0,16.0,138.0,14,0
2026-06-01 14:20:00,Electronics,9.0,8.0,321.7,14,0
2026-06-01 14:20:00,Checkout,23.0,20.0,156.9,14,0
2026-06-01 14:25:00,Entrance,36.0,44.0,42.8,14,0
2026-06-01 14:25:00,Dairy,21.0,23.0,174.9,14,0
2026-06-01 14:25:00,Bakery,10.0,8.0,191.8,14,0
2026-06-01 14:25:00,Produce,21.0,20.0,191.3,14,0
2026-06-01 14:25:00,Snacks,14.0,11.0,241.4,14,0
2026-06-01 14:25:00,Electronics,7.0,8.0,369.0,14,0
2026-06-01 14:25:00,Checkout,24.0,22.0,136.2,14,0
2026-06-01 14:30:00,Entrance,29.0,24.0,17.0,14,0
2026-06-01 14:30:00,Dairy,14.0,13.0,157.7,14,0
2026-06-01 14:30:00,Bakery,12.0,8.0,146.2,14,0
2026-06-01 14:30:00,Produce,13.0,14.0,270.9,14,0
2026-06-01 14:30:00,Snacks,24.0,27.0,225.9,14,0
2026-06-01 14:30:00,Electronics,15.0,16.0,398.4,14,0
2026-06-01 14:30:00,Checkout,,12.0,,14,0
2026-06-01 14:35:00,Entrance,34.0,34.0,49.9,14,0
2026-06-01 14:35:00,Dairy,22.0,20.0,120.4,14,0
2026-06-01 14:35:00,Bakery,14.0,15.0,147.7,14,0
2026-06-01 14:35:00,Produce,22.0,14.0,153.4,14,0
2026-06-01 14:35:00,Snacks,20.0,,262.2,14,0
2026-06-01 14:35:00,Electronics,5.0,6.0,469.0,14,0
2026-06-01 14:35:00,Checkout,22.0,17.0,198.2,14,0
2026-06-01 14:40:00,Entrance,26.0,22.0,34.8,14,0
2026-06-01 14:40:00,Dairy,15.0,14.0,130.9,14,0
2026-06-01 14:40:00,Bakery,18.0,23.0,194.3,14,0
2026-06-01 14:40:00,Produce,19.0,22.0,287.2,14,0
2026-06-01 14:40:00,Snacks,17.0,12.0,212.5,14,0
2026-06-01 14:40:00,Electronics,12.0,12.0,438.3,14,0
2026-06-01 14:40:00,Checkout,27.0,24.0,197.1,14,0
2026-06-01 14:45:00,Entrance,37.0,38.0,38.0,14,0
2026-06-01 14:45:00,Dairy,23.0,24.0,262.4,14,0
2026-06-01 14:45:00,Bakery,14.0,17.0,239.6,14,0
2026-06-01 14:45:00,Produce,25.0,22.0,168.6,14,0
2026-06-01 14:45:00,Snacks,18.0,13.0,230.3,14,0
2026-06-01 14:45:00,Electronics,14.0,12.0,378.0,14,0
2026-06-01 14:45:00,Checkout,22.0,27.0,149.4,14,0
2026-06-01 14:50:00,Entrance,33.0,33.0,67.6,14,0
2026-06-01 14:50:00,Dairy,29.0,27.0,291.6,14,0
2026-06-01 14:50:00,Bakery,14.0,12.0,265.1,14,0
2026-06-01 14:50:00,Produce,20.0,18.0,176.7,14,0
2026-06-01 14:50:00,Snacks,11.0,11.0,236.8,14,0
2026-06-01 14:50:00,Electronics,11.0,9.0,222.1,14,0
2026-06-01 14:50:00,Checkout,20.0,19.0,144.3,14,0
2026-06-01 14:55:00,Entrance,26.0,25.0,35.0,14,0
2026-06-01 14:55:00,Dairy,13.0,13.0,159.4,14,0
2026-06-01 14:55:00,Bakery,16.0,18.0,204.8,14,0
2026-06-01 14:55:00,Produce,15.0,13.0,144.4,14,0
2026-06-01 14:55:00,Snacks,16.0,16.0,221.1,14,0
2026-06-01 14:55:00,Electronics,13.0,10.0,295.5,14,0
2026-06-01 14:55:00,Checkout,24.0,30.0,73.0,14,0
2026-06-01 15:00:00,Entrance,29.0,40.0,52.2,15,0
2026-06-01 15:00:00,Dairy,14.0,15.0,211.1,15,0
2026-06-01 15:00:00,Bakery,27.0,26.0,290.2,15,0
2026-06-01 15:00:00,Produce,20.0,17.0,246.6,15,0
2026-06-01 15:00:00,Snacks,20.0,23.0,225.3,15,0
2026-06-01 15:00:00,Electronics,4.0,4.0,240.8,15,0
2026-06-01 15:00:00,Checkout,24.0,24.0,158.5,15,0
2026-06-01 15:05:00,Entrance,31.0,38.0,45.1,15,0
2026-06-01 15:05:00,Dairy,18.0,14.0,151.1,15,0
2026-06-01 15:05:00,Bakery,11.0,12.0,169.4,15,0
2026-06-01 15:05:00,Produce,11.0,8.0,71.1,15,0
2026-06-01 15:05:00,Snacks,16.0,14.0,250.7,15,0
2026-06-01 15:05:00,Electronics,,,316.8,15,0
2026-06-01 15:05:00,Checkout,26.0,25.0,112.7,15,0
2026-06-01 15:10:00,Entrance,29.0,33.0,49.9,15,0
2026-06-01 15:10:00,Dairy,15.0,16.0,220.1,15,0
2026-06-01 15:10:00,Bakery,21.0,17.0,119.4,15,0
2026-06-01 15:10:00,Produce,13.0,10.0,200.7,15,0
2026-06-01 15:10:00,Snacks,13.0,11.0,147.6,15,0
2026-06-01 15:10:00,Electronics,9.0,9.0,386.8,15,0
2026-06-01 15:10:00,Checkout,30.0,26.0,,15,0
2026-06-01 15:15:00,Entrance,34.0,36.0,29.6,15,0
2026-06-01 15:15:00,Dairy,20.0,20.0,210.3,15,0
2026-06-01 15:15:00,Bakery,16.0,14.0,278.5,15,0
2026-06-01 15:15:00,Produce,15.0,17.0,149.0,15,0
2026-06-01 15:15:00,Snacks,16.0,14.0,320.9,15,0
2026-06-01 15:15:00,Electronics,6.0,,379.8,15,0
2026-06-01 15:15:00,Checkout,23.0,26.0,185.4,15,0
2026-06-01 15:20:00,Entrance,32.0,32.0,59.8,15,0
2026-06-01 15:20:00,Dairy,26.0,35.0,162.4,15,0
2026-06-01 15:20:00,Bakery,14.0,16.0,67.2,15,0
2026-06-01 15:20:00,Produce,13.0,13.0,218.6,15,0
2026-06-01 15:20:00,Snacks,21.0,22.0,182.2,15,0
2026-06-01 15:20:00,Electronics,8.0,10.0,375.6,15,0
2026-06-01 15:20:00,Checkout,21.0,22.0,191.3,15,0
2026-06-01 15:25:00,Entrance,31.0,31.0,57.6,15,0
2026-06-01 15:25:00,Dairy,24.0,18.0,278.1,15,0
2026-06-01 15:25:00,Bakery,20.0,21.0,178.6,15,0
2026-06-01 15:25:00,Produce,21.0,24.0,216.3,15,0
2026-06-01 15:25:00,Snacks,17.0,16.0,202.6,15,0
2026-06-01 15:25:00,Electronics,13.0,15.0,418.9,15,0
2026-06-01 15:25:00,Checkout,25.0,24.0,177.3,15,0
2026-06-01 15:30:00,Entrance,28.0,25.0,52.4,15,0
2026-06-01 15:30:00,Dairy,23.0,24.0,153.8,15,0
2026-06-01 15:30:00,Bakery,11.0,11.0,266.5,15,0
2026-06-01 15:30:00,Produce,14.0,14.0,272.0,15,0
2026-06-01 15:30:00,Snacks,19.0,22.0,248.9,15,0
2026-06-01 15:30:00,Electronics,11.0,8.0,498.1,15,0
2026-06-01 15:30:00,Checkout,27.0,26.0,134.3,15,0
2026-06-01 15:35:00,Entrance,30.0,30.0,44.8,15,0
2026-06-01 15:35:00,Dairy,16.0,12.0,301.3,15,0
2026-06-01 15:35:00,Bakery,13.0,8.0,164.6,15,0
2026-06-01 15:35:00,Produce,16.0,15.0,275.6,15,0
2026-06-01 15:35:00,Snacks,12.0,12.0,188.8,15,0
2026-06-01 15:35:00,Electronics,9.0,6.0,340.7,15,0
2026-06-01 15:35:00,Checkout,27.0,24.0,211.9,15,0
2026-06-01 15:40:00,Entrance,30.0,26.0,46.4,15,0
2026-06-01 15:40:00,Dairy,,24.0,384.5,15,0
2026-06-01 15:40:00,Bakery,12.0,13.0,282.6,15,0
2026-06-01 15:40:00,Produce,16.0,13.0,,15,0
2026-06-01 15:40:00,Snacks,18.0,15.0,223.2,15,0
2026-06-01 15:40:00,Electronics,15.0,11.0,378.5,15,0
2026-06-01 15:40:00,Checkout,33.0,35.0,163.6,15,0
2026-06-01 15:45:00,Entrance,35.0,35.0,37.5,15,0
2026-06-01 15:45:00,Dairy,25.0,28.0,227.3,15,0
2026-06-01 15:45:00,Bakery,13.0,11.0,164.0,15,0
2026-06-01 15:45:00,Produce,11.0,9.0,222.0,15,0
2026-06-01 15:45:00,Snacks,11.0,11.0,233.3,15,0
2026-06-01 15:45:00,Electronics,6.0,,505.7,15,0
2026-06-01 15:45:00,Checkout,21.0,18.0,229.3,15,0
2026-06-01 15:50:00,Entrance,35.0,40.0,51.0,15,0
2026-06-01 15:50:00,Dairy,19.0,17.0,142.1,15,0
2026-06-01 15:50:00,Bakery,21.0,20.0,117.0,15,0
2026-06-01 15:50:00,Produce,10.0,,178.9,15,0
2026-06-01 15:50:00,Snacks,22.0,22.0,149.5,15,0
2026-06-01 15:50:00,Electronics,14.0,15.0,526.7,15,0
2026-06-01 15:50:00,Checkout,24.0,21.0,152.3,15,0
2026-06-01 15:55:00,Entrance,38.0,35.0,42.8,15,0
2026-06-01 15:55:00,Dairy,17.0,15.0,220.3,15,0
2026-06-01 15:55:00,Bakery,10.0,12.0,138.1,15,0
2026-06-01 15:55:00,Produce,23.0,24.0,196.3,15,0
2026-06-01 15:55:00,Snacks,11.0,10.0,158.9,15,0
2026-06-01 15:55:00,Electronics,9.0,7.0,228.5,15,0
2026-06-01 15:55:00,Checkout,26.0,22.0,194.0,15,0
2026-06-01 16:00:00,Entrance,,34.0,57.0,16,0
2026-06-01 16:00:00,Dairy,21.0,25.0,200.9,16,0
2026-06-01 16:00:00,Bakery,19.0,20.0,233.3,16,0
2026-06-01 16:00:00,Produce,21.0,20.0,187.9,16,0
2026-06-01 16:00:00,Snacks,17.0,17.0,179.3,16,0
2026-06-01 16:00:00,Electronics,11.0,8.0,326.7,16,0
2026-06-01 16:00:00,Checkout,29.0,32.0,130.7,16,0
2026-06-01 16:05:00,Entrance,30.0,,43.3,16,0
2026-06-01 16:05:00,Dairy,21.0,22.0,206.7,16,0
2026-06-01 16:05:00,Bakery,17.0,15.0,121.4,16,0
2026-06-01 16:05:00,Produce,20.0,19.0,153.3,16,0
2026-06-01 16:05:00,Snacks,12.0,17.0,274.4,16,0
2026-06-01 16:05:00,Electronics,11.0,10.0,262.9,16,0
2026-06-01 16:05:00,Checkout,24.0,23.0,179.0,16,0
2026-06-01 16:10:00,Entrance,33.0,39.0,59.9,16,0
2026-06-01 16:10:00,Dairy,16.0,18.0,300.0,16,0
2026-06-01 16:10:00,Bakery,23.0,22.0,275.5,16,0
2026-06-01 16:10:00,Produce,19.0,18.0,263.4,16,0
2026-06-01 16:10:00,Snacks,19.0,16.0,176.7,16,0
2026-06-01 16:10:00,Electronics,9.0,7.0,395.3,16,0
2026-06-01 16:10:00,Checkout,26.0,21.0,277.5,16,0
2026-06-01 16:15:00,Entrance,30.0,24.0,30.9,16,0
2026-06-01 16:15:00,Dairy,12.0,9.0,225.6,16,0
2026-06-01 16:15:00,Bakery,17.0,15.0,233.0,16,0
2026-06-01 16:15:00,Produce,14.0,15.0,150.4,16,0
2026-06-01 16:15:00,Snacks,19.0,18.0,223.3,16,0
2026-06-01 16:15:00,Electronics,6.0,6.0,553.8,16,0
2026-06-01 16:15:00,Checkout,20.0,23.0,224.2,16,0
2026-06-01 16:20:00,Entrance,27.0,30.0,63.8,16,0
2026-06-01 16:20:00,Dairy,20.0,23.0,211.1,16,0
2026-06-01 16:20:00,Bakery,17.0,19.0,,16,0
2026-06-01 16:20:00,Produce,11.0,8.0,299.9,16,0
2026-06-01 16:20:00,Snacks,18.0,21.0,159.9,16,0
2026-06-01 16:20:00,Electronics,9.0,8.0,285.7,16,0
2026-06-01 16:20:00,Checkout,32.0,34.0,196.0,16,0
2026-06-01 16:25:00,Entrance,29.0,,66.2,16,0
2026-06-01 16:25:00,Dairy,18.0,20.0,256.6,16,0
2026-06-01 16:25:00,Bakery,16.0,15.0,193.6,16,0
2026-06-01 16:25:00,Produce,17.0,19.0,222.4,16,0
2026-06-01 16:25:00,Snacks,14.0,11.0,184.6,16,0
2026-06-01 16:25:00,Electronics,9.0,9.0,477.1,16,0
2026-06-01 16:25:00,Checkout,18.0,15.0,112.5,16,0
2026-06-01 16:30:00,Entrance,23.0,19.0,38.2,16,0
2026-06-01 16:30:00,Dairy,14.0,13.0,207.9,16,0
2026-06-01 16:30:00,Bakery,13.0,13.0,176.5,16,0
2026-06-01 16:30:00,Produce,18.0,20.0,104.9,16,0
2026-06-01 16:30:00,Snacks,15.0,19.0,176.7,16,0
2026-06-01 16:30:00,Electronics,8.0,7.0,182.7,16,0
2026-06-01 16:30:00,Checkout,25.0,23.0,140.3,16,0
2026-06-01 16:35:00,Entrance,20.0,23.0,44.7,16,0
2026-06-01 16:35:00,Dairy,21.0,21.0,300.1,16,0
2026-06-01 16:35:00,Bakery,14.0,13.0,121.7,16,0
2026-06-01 16:35:00,Produce,22.0,25.0,248.8,16,0
2026-06-01 16:35:00,Snacks,11.0,10.0,251.2,16,0
2026-06-01 16:35:00,Electronics,6.0,6.0,503.4,16,0
2026-06-01 16:35:00,Checkout,25.0,31.0,175.8,16,0
2026-06-01 16:40:00,Entrance,30.0,31.0,54.7,16,0
2026-06-01 16:40:00,Dairy,23.0,20.0,154.1,16,0
2026-06-01 16:40:00,Bakery,15.0,11.0,262.7,16,0
2026-06-01 16:40:00,Produce,18.0,18.0,214.5,16,0
2026-06-01 16:40:00,Snacks,11.0,13.0,192.4,16,0
2026-06-01 16:40:00,Electronics,11.0,10.0,316.7,16,0
2026-06-01 16:40:00,Checkout,29.0,21.0,223.7,16,0
2026-06-01 16:45:00,Entrance,32.0,25.0,36.3,16,0
2026-06-01 16:45:00,Dairy,21.0,20.0,208.2,16,0
2026-06-01 16:45:00,Bakery,14.0,13.0,148.6,16,0
2026-06-01 16:45:00,Produce,17.0,18.0,215.6,16,0
2026-06-01 16:45:00,Snacks,12.0,11.0,199.3,16,0
2026-06-01 16:45:00,Electronics,9.0,7.0,578.8,16,0
2026-06-01 16:45:00,Checkout,22.0,20.0,203.3,16,0
2026-06-01 16:50:00,Entrance,35.0,36.0,33.5,16,0
2026-06-01 16:50:00,Dairy,20.0,24.0,161.8,16,0
2026-06-01 16:50:00,Bakery,11.0,11.0,151.9,16,0
2026-06-01 16:50:00,Produce,17.0,13.0,199.0,16,0
2026-06-01 16:50:00,Snacks,14.0,12.0,209.0,16,0
2026-06-01 16:50:00,Electronics,11.0,12.0,491.5,16,0
2026-06-01 16:50:00,Checkout,22.0,17.0,130.9,16,0
2026-06-01 16:55:00,Entrance,31.0,29.0,42.1,16,0
2026-06-01 16:55:00,Dairy,27.0,19.0,233.0,16,0
2026-06-01 16:55:00,Bakery,,15.0,148.8,16,0
2026-06-01 16:55:00,Produce,22.0,26.0,250.8,16,0
2026-06-01 16:55:00,Snacks,16.0,21.0,205.9,16,0
2026-06-01 16:55:00,Electronics,9.0,7.0,386.6,16,0
2026-06-01 16:55:00,Checkout,31.0,30.0,208.8,16,0
2026-06-01 17:00:00,Entrance,64.0,79.0,52.5,17,0
2026-06-01 17:00:00,Dairy,29.0,,243.2,17,0
2026-06-01 17:00:00,Bakery,28.0,22.0,199.4,17,0
2026-06-01 17:00:00,Produce,43.0,46.0,175.2,17,0
2026-06-01 17:00:00,Snacks,42.0,41.0,207.5,17,0
2026-06-01 17:00:00,Electronics,22.0,21.0,233.6,17,0
2026-06-01 17:00:00,Checkout,46.0,50.0,150.4,17,0
2026-06-01 17:05:00,Entrance,86.0,80.0,30.9,17,0
2026-06-01 17:05:00,Dairy,46.0,45.0,155.5,17,0
2026-06-01 17:05:00,Bakery,37.0,40.0,203.2,17,0
2026-06-01 17:05:00,Produce,39.0,37.0,190.3,17,0
2026-06-01 17:05:00,Snacks,37.0,49.0,138.6,17,0
2026-06-01 17:05:00,Electronics,20.0,18.0,391.4,17,0
2026-06-01 17:05:00,Checkout,47.0,52.0,164.9,17,0
2026-06-01 17:10:00,Entrance,76.0,77.0,43.6,17,0
2026-06-01 17:10:00,Dairy,33.0,41.0,267.3,17,0
2026-06-01 17:10:00,Bakery,40.0,37.0,215.9,17,0
2026-06-01 17:10:00,Produce,37.0,33.0,223.6,17,0
2026-06-01 17:10:00,Snacks,37.0,30.0,201.1,17,0
2026-06-01 17:10:00,Electronics,17.0,17.0,343.2,17,0
2026-06-01 17:10:00,Checkout,49.0,59.0,188.1,17,0
2026-06-01 17:15:00,Entrance,74.0,72.0,56.8,17,0
2026-06-01 17:15:00,Dairy,50.0,54.0,290.5,17,0
2026-06-01 17:15:00,Bakery,38.0,34.0,241.4,17,0
2026-06-01 17:15:00,Produce,29.0,28.0,195.4,17,0
2026-06-01 17:15:00,Snacks,31.0,35.0,149.1,17,0
2026-06-01 17:15:00,Electronics,27.0,25.0,246.2,17,0
2026-06-01 17:15:00,Checkout,59.0,76.0,112.1,17,0
2026-06-01 17:20:00,Entrance,59.0,53.0,23.3,17,0
2026-06-01 17:20:00,Dairy,40.0,48.0,214.5,17,0
2026-06-01 17:20:00,Bakery,39.0,41.0,249.4,17,0
2026-06-01 17:20:00,Produce,,35.0,206.1,17,0
2026-06-01 17:20:00,Snacks,28.0,31.0,282.5,17,0
2026-06-01 17:20:00,Electronics,17.0,18.0,424.5,17,0
2026-06-01 17:20:00,Checkout,50.0,44.0,203.2,17,0
2026-06-01 17:25:00,Entrance,67.0,74.0,30.7,17,0
2026-06-01 17:25:00,Dairy,43.0,43.0,233.6,17,0
2026-06-01 17:25:00,Bakery,42.0,41.0,195.4,17,0
2026-06-01 17:25:00,Produce,36.0,30.0,153.6,17,0
2026-06-01 17:25:00,Snacks,40.0,47.0,181.1,17,0
2026-06-01 17:25:00,Electronics,15.0,18.0,306.6,17,0
2026-06-01 17:25:00,Checkout,41.0,34.0,131.9,17,0
2026-06-01 17:30:00,Entrance,71.0,89.0,53.5,17,0
2026-06-01 17:30:00,Dairy,38.0,41.0,219.6,17,0
2026-06-01 17:30:00,Bakery,31.0,31.0,253.6,17,0
2026-06-01 17:30:00,Produce,33.0,32.0,232.4,17,0
2026-06-01 17:30:00,Snacks,32.0,28.0,194.8,17,0
2026-06-01 17:30:00,Electronics,27.0,33.0,492.7,17,0
2026-06-01 17:30:00,Checkout,82.0,78.0,133.1,17,0
2026-06-01 17:35:00,Entrance,70.0,82.0,39.2,17,0
2026-06-01 17:35:00,Dairy,41.0,41.0,253.2,17,0
2026-06-01 17:35:00,Bakery,32.0,32.0,168.5,17,0
2026-06-01 17:35:00,Produce,41.0,42.0,233.1,17,0
2026-06-01 17:35:00,Snacks,34.0,38.0,164.8,17,0
2026-06-01 17:35:00,Electronics,25.0,33.0,345.1,17,0
2026-06-01 17:35:00,Checkout,,68.0,134.7,17,0
2026-06-01 17:40:00,Entrance,82.0,82.0,55.0,17,0
2026-06-01 17:40:00,Dairy,44.0,34.0,210.9,17,0
2026-06-01 17:40:00,Bakery,31.0,34.0,228.4,17,0
2026-06-01 17:40:00,Produce,32.0,31.0,237.2,17,0
2026-06-01 17:40:00,Snacks,37.0,35.0,191.3,17,0
2026-06-01 17:40:00,Electronics,22.0,23.0,335.9,17,0
2026-06-01 17:40:00,Checkout,53.0,50.0,136.1,17,0
2026-06-01 17:45:00,Entrance,71.0,67.0,27.2,17,0
2026-06-01 17:45:00,Dairy,43.0,37.0,132.8,17,0
2026-06-01 17:45:00,Bakery,38.0,39.0,293.3,17,0
2026-06-01 17:45:00,Produce,39.0,41.0,205.6,17,0
2026-06-01 17:45:00,Snacks,36.0,42.0,142.2,17,0
2026-06-01 17:45:00,Electronics,16.0,18.0,291.7,17,0
2026-06-01 17:45:00,Checkout,57.0,72.0,,17,0
2026-06-01 17:50:00,Entrance,79.0,87.0,71.4,17,0
2026-06-01 17:50:00,Dairy,38.0,37.0,211.7,17,0
2026-06-01 17:50:00,Bakery,40.0,46.0,202.2,17,0
2026-06-01 17:50:00,Produce,43.0,43.0,260.9,17,0
2026-06-01 17:50:00,Snacks,32.0,32.0,172.1,17,0
2026-06-01 17:50:00,Electronics,21.0,18.0,355.8,17,0
2026-06-01 17:50:00,Checkout,52.0,58.0,54.1,17,0
2026-06-01 17:55:00,Entrance,62.0,61.0,47.9,17,0
2026-06-01 17:55:00,Dairy,57.0,73.0,286.2,17,0
2026-06-01 17:55:00,Bakery,24.0,24.0,124.9,17,0
2026-06-01 17:55:00,Produce,38.0,42.0,250.2,17,0
2026-06-01 17:55:00,Snacks,29.0,33.0,214.3,17,0
2026-06-01 17:55:00,Electronics,22.0,19.0,218.0,17,0
2026-06-01 17:55:00,Checkout,52.0,57.0,168.6,17,0
2026-06-01 18:00:00,Entrance,81.0,89.0,49.5,18,0
2026-06-01 18:00:00,Dairy,43.0,32.0,241.0,18,0
2026-06-01 18:00:00,Bakery,25.0,26.0,290.0,18,0
2026-06-01 18:00:00,Produce,41.0,42.0,274.2,18,0
2026-06-01 18:00:00,Snacks,29.0,26.0,328.8,18,0
2026-06-01 18:00:00,Electronics,15.0,13.0,271.1,18,0
2026-06-01 18:00:00,Checkout,70.0,66.0,126.4,18,0
2026-06-01 18:05:00,Entrance,76.0,72.0,49.2,18,0
2026-06-01 18:05:00,Dairy,41.0,42.0,158.5,18,0
2026-06-01 18:05:00,Bakery,31.0,35.0,259.9,18,0
2026-06-01 18:05:00,Produce,37.0,45.0,249.7,18,0
2026-06-01 18:05:00,Snacks,39.0,46.0,163.6,18,0
2026-06-01 18:05:00,Electronics,17.0,19.0,421.1,18,0
2026-06-01 18:05:00,Checkout,42.0,47.0,201.2,18,0
2026-06-01 18:10:00,Entrance,61.0,59.0,55.2,18,0
2026-06-01 18:10:00,Dairy,45.0,39.0,236.8,18,0
2026-06-01 18:10:00,Bakery,32.0,36.0,208.6,18,0
2026-06-01 18:10:00,Produce,48.0,54.0,178.6,18,0
2026-06-01 18:10:00,Snacks,40.0,37.0,213.8,18,0
2026-06-01 18:10:00,Electronics,18.0,20.0,402.3,18,0
2026-06-01 18:10:00,Checkout,41.0,50.0,153.5,18,0
2026-06-01 18:15:00,Entrance,58.0,53.0,15.1,18,0
2026-06-01 18:15:00,Dairy,52.0,38.0,213.5,18,0
2026-06-01 18:15:00,Bakery,27.0,24.0,255.4,18,0
2026-06-01 18:15:00,Produce,42.0,38.0,184.4,18,0
2026-06-01 18:15:00,Snacks,34.0,,181.5,18,0
2026-06-01 18:15:00,Electronics,29.0,31.0,388.6,18,0
2026-06-01 18:15:00,Checkout,57.0,50.0,141.4,18,0
2026-06-01 18:20:00,Entrance,70.0,63.0,51.5,18,0
2026-06-01 18:20:00,Dairy,25.0,25.0,176.8,18,0
2026-06-01 18:20:00,Bakery,52.0,49.0,139.3,18,0
2026-06-01 18:20:00,Produce,40.0,45.0,175.0,18,0
2026-06-01 18:20:00,Snacks,30.0,27.0,214.3,18,0
2026-06-01 18:20:00,Electronics,20.0,20.0,484.2,18,0
2026-06-01 18:20:00,Checkout,69.0,60.0,158.9,18,0
2026-06-01 18:25:00,Entrance,60.0,49.0,67.6,18,0
2026-06-01 18:25:00,Dairy,49.0,39.0,209.3,18,0
2026-06-01 18:25:00,Bakery,32.0,29.0,191.6,18,0
2026-06-01 18:25:00,Produce,38.0,40.0,107.1,18,0
2026-06-01 18:25:00,Snacks,30.0,26.0,179.6,18,0
2026-06-01 18:25:00,Electronics,11.0,10.0,429.7,18,0
2026-06-01 18:25:00,Checkout,59.0,63.0,193.3,18,0
2026-06-01 18:30:00,Entrance,72.0,51.0,26.5,18,0
2026-06-01 18:30:00,Dairy,52.0,53.0,188.3,18,0
2026-06-01 18:30:00,Bakery,38.0,34.0,194.1,18,0
2026-06-01 18:30:00,Produce,40.0,46.0,176.8,18,0
2026-06-01 18:30:00,Snacks,41.0,38.0,202.1,18,0
2026-06-01 18:30:00,Electronics,19.0,24.0,320.8,18,0
2026-06-01 18:30:00,Checkout,58.0,66.0,151.0,18,0
2026-06-01 18:35:00,Entrance,76.0,82.0,48.7,18,0
2026-06-01 18:35:00,Dairy,43.0,38.0,194.7,18,0
2026-06-01 18:35:00,Bakery,28.0,32.0,175.6,18,0
2026-06-01 18:35:00,Produce,43.0,39.0,273.7,18,0
2026-06-01 18:35:00,Snacks,32.0,43.0,222.1,18,0
2026-06-01 18:35:00,Electronics,21.0,22.0,389.8,18,0
2026-06-01 18:35:00,Checkout,61.0,49.0,188.6,18,0
2026-06-01 18:40:00,Entrance,65.0,84.0,33.4,18,0
2026-06-01 18:40:00,Dairy,46.0,43.0,252.7,18,0
2026-06-01 18:40:00,Bakery,39.0,32.0,174.3,18,0
2026-06-01 18:40:00,Produce,46.0,61.0,224.3,18,0
2026-06-01 18:40:00,Snacks,33.0,33.0,172.4,18,0
2026-06-01 18:40:00,Electronics,18.0,16.0,374.3,18,0
2026-06-01 18:40:00,Checkout,46.0,33.0,159.0,18,0
2026-06-01 18:45:00,Entrance,74.0,52.0,60.0,18,0
2026-06-01 18:45:00,Dairy,44.0,33.0,141.5,18,0
2026-06-01 18:45:00,Bakery,38.0,36.0,159.7,18,0
2026-06-01 18:45:00,Produce,50.0,51.0,165.6,18,0
2026-06-01 18:45:00,Snacks,38.0,31.0,117.9,18,0
2026-06-01 18:45:00,Electronics,22.0,19.0,495.2,18,0
2026-06-01 18:45:00,Checkout,,70.0,163.6,18,0
2026-06-01 18:50:00,Entrance,63.0,54.0,55.8,18,0
2026-06-01 18:50:00,Dairy,41.0,39.0,195.5,18,0
2026-06-01 18:50:00,Bakery,36.0,34.0,189.3,18,0
2026-06-01 18:50:00,Produce,46.0,,216.2,18,0
2026-06-01 18:50:00,Snacks,25.0,30.0,272.8,18,0
2026-06-01 18:50:00,Electronics,19.0,21.0,,18,0
2026-06-01 18:50:00,Checkout,73.0,53.0,81.2,18,0
2026-06-01 18:55:00,Entrance,60.0,66.0,30.3,18,0
2026-06-01 18:55:00,Dairy,47.0,47.0,240.2,18,0
2026-06-01 18:55:00,Bakery,36.0,28.0,286.1,18,0
2026-06-01 18:55:00,Produce,36.0,34.0,225.2,18,0
2026-06-01 18:55:00,Snacks,33.0,35.0,185.1,18,0
2026-06-01 18:55:00,Electronics,16.0,13.0,507.2,18,0
2026-06-01 18:55:00,Checkout,57.0,65.0,135.4,18,0
2026-06-01 19:00:00,Entrance,47.0,39.0,37.7,19,0
2026-06-01 19:00:00,Dairy,50.0,51.0,115.0,19,0
2026-06-01 19:00:00,Bakery,36.0,31.0,217.0,19,0
2026-06-01 19:00:00,Produce,43.0,43.0,166.2,19,0
2026-06-01 19:00:00,Snacks,36.0,37.0,279.2,19,0
2026-06-01 19:00:00,Electronics,24.0,26.0,357.4,19,0
2026-06-01 19:00:00,Checkout,55.0,49.0,99.8,19,0
2026-06-01 19:05:00,Entrance,63.0,60.0,39.2,19,0
2026-06-01 19:05:00,Dairy,40.0,38.0,202.3,19,0
2026-06-01 19:05:00,Bakery,22.0,17.0,272.8,19,0
2026-06-01 19:05:00,Produce,43.0,35.0,218.2,19,0
2026-06-01 19:05:00,Snacks,44.0,38.0,268.5,19,0
2026-06-01 19:05:00,Electronics,23.0,30.0,268.4,19,0
2026-06-01 19:05:00,Checkout,53.0,53.0,228.3,19,0
2026-06-01 19:10:00,Entrance,73.0,78.0,34.2,19,0
2026-06-01 19:10:00,Dairy,44.0,40.0,237.1,19,0
2026-06-01 19:10:00,Bakery,37.0,29.0,199.9,19,0
2026-06-01 19:10:00,Produce,35.0,34.0,186.1,19,0
2026-06-01 19:10:00,Snacks,29.0,20.0,215.9,19,0
2026-06-01 19:10:00,Electronics,26.0,24.0,263.4,19,0
2026-06-01 19:10:00,Checkout,62.0,71.0,158.4,19,0
2026-06-01 19:15:00,Entrance,63.0,55.0,32.6,19,0
2026-06-01 19:15:00,Dairy,45.0,37.0,265.9,19,0
2026-06-01 19:15:00,Bakery,39.0,41.0,277.0,19,0
2026-06-01 19:15:00,Produce,43.0,44.0,203.0,19,0
2026-06-01 19:15:00,Snacks,34.0,31.0,185.4,19,0
2026-06-01 19:15:00,Electronics,18.0,20.0,388.8,19,0
2026-06-01 19:15:00,Checkout,51.0,52.0,105.9,19,0
2026-06-01 19:20:00,Entrance,56.0,47.0,68.3,19,0
2026-06-01 19:20:00,Dairy,,53.0,207.6,19,0
2026-06-01 19:20:00,Bakery,35.0,35.0,300.9,19,0
2026-06-01 19:20:00,Produce,39.0,41.0,359.4,19,0
2026-06-01 19:20:00,Snacks,29.0,28.0,187.1,19,0
2026-06-01 19:20:00,Electronics,23.0,16.0,305.9,19,0
2026-06-01 19:20:00,Checkout,51.0,49.0,168.5,19,0
2026-06-01 19:25:00,Entrance,,59.0,47.3,19,0
2026-06-01 19:25:00,Dairy,53.0,62.0,308.3,19,0
2026-06-01 19:25:00,Bakery,36.0,35.0,199.5,19,0
2026-06-01 19:25:00,Produce,52.0,48.0,268.2,19,0
2026-06-01 19:25:00,Snacks,38.0,47.0,179.3,19,0
2026-06-01 19:25:00,Electronics,23.0,22.0,443.8,19,0
2026-06-01 19:25:00,Checkout,58.0,58.0,127.2,19,0
2026-06-01 19:30:00,Entrance,77.0,92.0,35.5,19,0
2026-06-01 19:30:00,Dairy,46.0,46.0,81.6,19,0
2026-06-01 19:30:00,Bakery,23.0,23.0,238.6,19,0
2026-06-01 19:30:00,Produce,38.0,,300.4,19,0
2026-06-01 19:30:00,Snacks,41.0,42.0,191.8,19,0
2026-06-01 19:30:00,Electronics,19.0,20.0,362.2,19,0
2026-06-01 19:30:00,Checkout,62.0,64.0,201.5,19,0
2026-06-01 19:35:00,Entrance,64.0,60.0,23.0,19,0
2026-06-01 19:35:00,Dairy,46.0,47.0,278.2,19,0
2026-06-01 19:35:00,Bakery,48.0,58.0,240.0,19,0
2026-06-01 19:35:00,Produce,39.0,27.0,217.9,19,0
2026-06-01 19:35:00,Snacks,48.0,,277.8,19,0
2026-06-01 19:35:00,Electronics,20.0,27.0,402.4,19,0
2026-06-01 19:35:00,Checkout,59.0,68.0,122.5,19,0
2026-06-01 19:40:00,Entrance,67.0,80.0,,19,0
2026-06-01 19:40:00,Dairy,40.0,,278.7,19,0
2026-06-01 19:40:00,Bakery,23.0,21.0,236.2,19,0
2026-06-01 19:40:00,Produce,32.0,31.0,162.6,19,0
2026-06-01 19:40:00,Snacks,33.0,33.0,247.7,19,0
2026-06-01 19:40:00,Electronics,18.0,18.0,405.0,19,0
2026-06-01 19:40:00,Checkout,47.0,47.0,155.7,19,0
2026-06-01 19:45:00,Entrance,59.0,47.0,33.2,19,0
2026-06-01 19:45:00,Dairy,54.0,46.0,220.9,19,0
2026-06-01 19:45:00,Bakery,27.0,26.0,250.0,19,0
2026-06-01 19:45:00,Produce,33.0,23.0,177.3,19,0
2026-06-01 19:45:00,Snacks,36.0,41.0,125.0,19,0
2026-06-01 19:45:00,Electronics,23.0,27.0,399.3,19,0
2026-06-01 19:45:00,Checkout,57.0,55.0,132.2,19,0
2026-06-01 19:50:00,Entrance,54.0,43.0,37.6,19,0
2026-06-01 19:50:00,Dairy,49.0,55.0,258.4,19,0
2026-06-01 19:50:00,Bakery,36.0,39.0,223.3,19,0
2026-06-01 19:50:00,Produce,46.0,53.0,273.3,19,0
2026-06-01 19:50:00,Snacks,33.0,33.0,164.0,19,0
2026-06-01 19:50:00,Electronics,21.0,21.0,344.4,19,0
2026-06-01 19:50:00,Checkout,58.0,58.0,149.6,19,0
2026-06-01 19:55:00,Entrance,69.0,67.0,41.8,19,0
2026-06-01 19:55:00,Dairy,41.0,42.0,128.4,19,0
2026-06-01 19:55:00,Bakery,42.0,31.0,234.7,19,0
2026-06-01 19:55:00,Produce,30.0,33.0,183.6,19,0
2026-06-01 19:55:00,Snacks,48.0,44.0,150.4,19,0
2026-06-01 19:55:00,Electronics,27.0,18.0,367.3,19,0
2026-06-01 19:55:00,Checkout,46.0,45.0,146.9,19,0
2026-06-01 20:00:00,Entrance,68.0,55.0,31.9,20,0
2026-06-01 20:00:00,Dairy,36.0,30.0,265.3,20,0
2026-06-01 20:00:00,Bakery,33.0,37.0,188.5,20,0
2026-06-01 20:00:00,Produce,47.0,54.0,269.9,20,0
2026-06-01 20:00:00,Snacks,32.0,26.0,159.0,20,0
2026-06-01 20:00:00,Electronics,21.0,25.0,363.0,20,0
2026-06-01 20:00:00,Checkout,56.0,56.0,181.7,20,0
2026-06-01 20:05:00,Entrance,60.0,61.0,59.0,20,0
2026-06-01 20:05:00,Dairy,38.0,34.0,234.6,20,0
2026-06-01 20:05:00,Bakery,42.0,42.0,209.1,20,0
2026-06-01 20:05:00,Produce,32.0,33.0,251.8,20,0
2026-06-01 20:05:00,Snacks,35.0,37.0,176.4,20,0
2026-06-01 20:05:00,Electronics,22.0,19.0,439.2,20,0
2026-06-01 20:05:00,Checkout,60.0,61.0,214.3,20,0
2026-06-01 20:10:00,Entrance,76.0,71.0,32.7,20,0
2026-06-01 20:10:00,Dairy,39.0,25.0,274.0,20,0
2026-06-01 20:10:00,Bakery,33.0,31.0,213.7,20,0
2026-06-01 20:10:00,Produce,43.0,43.0,273.4,20,0
2026-06-01 20:10:00,Snacks,35.0,28.0,113.7,20,0
2026-06-01 20:10:00,Electronics,22.0,22.0,267.5,20,0
2026-06-01 20:10:00,Checkout,47.0,52.0,188.2,20,0
2026-06-01 20:15:00,Entrance,,43.0,49.6,20,0
2026-06-01 20:15:00,Dairy,38.0,,289.2,20,0
2026-06-01 20:15:00,Bakery,34.0,,213.7,20,0
2026-06-01 20:15:00,Produce,40.0,45.0,171.0,20,0
2026-06-01 20:15:00,Snacks,38.0,47.0,223.7,20,0
2026-06-01 20:15:00,Electronics,21.0,18.0,,20,0
2026-06-01 20:15:00,Checkout,60.0,61.0,118.4,20,0
2026-06-01 20:20:00,Entrance,62.0,66.0,57.6,20,0
2026-06-01 20:20:00,Dairy,42.0,44.0,254.5,20,0
2026-06-01 20:20:00,Bakery,39.0,41.0,268.5,20,0
2026-06-01 20:20:00,Produce,40.0,40.0,138.0,20,0
2026-06-01 20:20:00,Snacks,37.0,36.0,132.6,20,0
2026-06-01 20:20:00,Electronics,25.0,24.0,396.2,20,0
2026-06-01 20:20:00,Checkout,59.0,60.0,216.5,20,0
2026-06-01 20:25:00,Entrance,65.0,65.0,44.8,20,0
2026-06-01 20:25:00,Dairy,36.0,40.0,231.8,20,0
2026-06-01 20:25:00,Bakery,26.0,24.0,151.7,20,0
2026-06-01 20:25:00,Produce,36.0,30.0,190.6,20,0
2026-06-01 20:25:00,Snacks,45.0,41.0,170.6,20,0
2026-06-01 20:25:00,Electronics,21.0,23.0,445.0,20,0
2026-06-01 20:25:00,Checkout,44.0,49.0,,20,0
2026-06-01 20:30:00,Entrance,75.0,51.0,40.7,20,0
2026-06-01 20:30:00,Dairy,43.0,46.0,115.6,20,0
2026-06-01 20:30:00,Bakery,41.0,57.0,238.2,20,0
2026-06-01 20:30:00,Produce,36.0,32.0,248.5,20,0
2026-06-01 20:30:00,Snacks,34.0,41.0,140.1,20,0
2026-06-01 20:30:00,Electronics,23.0,21.0,396.9,20,0
2026-06-01 20:30:00,Checkout,55.0,64.0,198.1,20,0
2026-06-01 20:35:00,Entrance,60.0,63.0,57.6,20,0
2026-06-01 20:35:00,Dairy,46.0,56.0,191.4,20,0
2026-06-01 20:35:00,Bakery,32.0,26.0,145.3,20,0
2026-06-01 20:35:00,Produce,40.0,45.0,129.3,20,0
2026-06-01 20:35:00,Snacks,34.0,37.0,198.9,20,0
2026-06-01 20:35:00,Electronics,19.0,14.0,460.5,20,0
2026-06-01 20:35:00,Checkout,53.0,52.0,200.9,20,0
2026-06-01 20:40:00,Entrance,55.0,47.0,54.7,20,0
2026-06-01 20:40:00,Dairy,35.0,39.0,324.2,20,0
2026-06-01 20:40:00,Bakery,42.0,39.0,181.9,20,0
2026-06-01 20:40:00,Produce,47.0,37.0,257.3,20,0
2026-06-01 20:40:00,Snacks,39.0,39.0,237.8,20,0
2026-06-01 20:40:00,Electronics,20.0,19.0,275.8,20,0
2026-06-01 20:40:00,Checkout,47.0,51.0,127.8,20,0
2026-06-01 20:45:00,Entrance,82.0,69.0,34.5,20,0
2026-06-01 20:45:00,Dairy,44.0,49.0,262.1,20,0
2026-06-01 20:45:00,Bakery,34.0,37.0,,20,0
2026-06-01 20:45:00,Produce,44.0,31.0,168.3,20,0
2026-06-01 20:45:00,Snacks,28.0,25.0,272.6,20,0
2026-06-01 20:45:00,Electronics,20.0,17.0,241.0,20,0
2026-06-01 20:45:00,Checkout,56.0,64.0,166.8,20,0
2026-06-01 20:50:00,Entrance,57.0,67.0,33.2,20,0
2026-06-01 20:50:00,Dairy,45.0,,,20,0
2026-06-01 20:50:00,Bakery,31.0,32.0,175.5,20,0
2026-06-01 20:50:00,Produce,42.0,43.0,233.7,20,0
2026-06-01 20:50:00,Snacks,37.0,25.0,318.1,20,0
2026-06-01 20:50:00,Electronics,21.0,16.0,481.5,20,0
2026-06-01 20:50:00,Checkout,48.0,54.0,136.9,20,0
2026-06-01 20:55:00,Entrance,56.0,66.0,47.1,20,0
2026-06-01 20:55:00,Dairy,47.0,50.0,218.4,20,0
2026-06-01 20:55:00,Bakery,25.0,29.0,231.4,20,0
2026-06-01 20:55:00,Produce,40.0,36.0,327.8,20,0
2026-06-01 20:55:00,Snacks,25.0,23.0,236.4,20,0
2026-06-01 20:55:00,Electronics,27.0,28.0,249.7,20,0
2026-06-01 20:55:00,Checkout,48.0,36.0,195.4,20,0
2026-06-01 21:00:00,Entrance,25.0,29.0,41.2,21,0
2026-06-01 21:00:00,Dairy,18.0,14.0,185.1,21,0
2026-06-01 21:00:00,Bakery,13.0,9.0,285.8,21,0
2026-06-01 21:00:00,Produce,16.0,17.0,213.0,21,0
2026-06-01 21:00:00,Snacks,13.0,13.0,236.1,21,0
2026-06-01 21:00:00,Electronics,7.0,7.0,568.7,21,0
2026-06-01 21:00:00,Checkout,22.0,27.0,176.4,21,0
2026-06-01 21:05:00,Entrance,35.0,43.0,46.7,21,0
2026-06-01 21:05:00,Dairy,20.0,21.0,244.0,21,0
2026-06-01 21:05:00,Bakery,16.0,17.0,87.9,21,0
2026-06-01 21:05:00,Produce,14.0,12.0,218.9,21,0
2026-06-01 21:05:00,Snacks,17.0,17.0,259.5,21,0
2026-06-01 21:05:00,Electronics,9.0,9.0,326.7,21,0
2026-06-01 21:05:00,Checkout,21.0,20.0,187.5,21,0
2026-06-01 21:10:00,Entrance,35.0,30.0,57.9,21,0
2026-06-01 21:10:00,Dairy,20.0,20.0,224.5,21,0
2026-06-01 21:10:00,Bakery,20.0,16.0,234.9,21,0
2026-06-01 21:10:00,Produce,25.0,23.0,146.8,21,0
2026-06-01 21:10:00,Snacks,,,202.4,21,0
2026-06-01 21:10:00,Electronics,6.0,4.0,349.2,21,0
2026-06-01 21:10:00,Checkout,30.0,30.0,154.1,21,0
2026-06-01 21:15:00,Entrance,39.0,32.0,63.9,21,0
2026-06-01 21:15:00,Dairy,28.0,27.0,203.5,21,0
2026-06-01 21:15:00,Bakery,17.0,24.0,272.4,21,0
2026-06-01 21:15:00,Produce,20.0,17.0,227.1,21,0
2026-06-01 21:15:00,Snacks,15.0,13.0,232.2,21,0
2026-06-01 21:15:00,Electronics,14.0,10.0,,21,0
2026-06-01 21:15:00,Checkout,25.0,27.0,136.0,21,0
2026-06-01 21:20:00,Entrance,23.0,25.0,47.8,21,0
2026-06-01 21:20:00,Dairy,15.0,18.0,206.0,21,0
2026-06-01 21:20:00,Bakery,12.0,14.0,274.8,21,0
2026-06-01 21:20:00,Produce,16.0,16.0,199.4,21,0
2026-06-01 21:20:00,Snacks,21.0,22.0,259.2,21,0
2026-06-01 21:20:00,Electronics,17.0,17.0,386.1,21,0
2026-06-01 21:20:00,Checkout,19.0,20.0,160.4,21,0
2026-06-01 21:25:00,Entrance,27.0,27.0,52.6,21,0
2026-06-01 21:25:00,Dairy,28.0,23.0,228.0,21,0
2026-06-01 21:25:00,Bakery,17.0,15.0,175.4,21,0
2026-06-01 21:25:00,Produce,19.0,18.0,194.3,21,0
2026-06-01 21:25:00,Snacks,15.0,15.0,264.2,21,0
2026-06-01 21:25:00,Electronics,12.0,13.0,277.9,21,0
2026-06-01 21:25:00,Checkout,20.0,28.0,146.6,21,0
2026-06-01 21:30:00,Entrance,37.0,53.0,42.2,21,0
2026-06-01 21:30:00,Dairy,25.0,25.0,176.9,21,0
2026-06-01 21:30:00,Bakery,20.0,21.0,205.5,21,0
2026-06-01 21:30:00,Produce,22.0,22.0,172.5,21,0
2026-06-01 21:30:00,Snacks,17.0,20.0,183.2,21,0
2026-06-01 21:30:00,Electronics,9.0,7.0,296.0,21,0
2026-06-01 21:30:00,Checkout,25.0,21.0,76.3,21,0
2026-06-01 21:35:00,Entrance,36.0,25.0,52.0,21,0
2026-06-01 21:35:00,Dairy,26.0,28.0,198.5,21,0
2026-06-01 21:35:00,Bakery,16.0,17.0,232.6,21,0
2026-06-01 21:35:00,Produce,14.0,13.0,302.4,21,0
2026-06-01 21:35:00,Snacks,13.0,13.0,340.1,21,0
2026-06-01 21:35:00,Electronics,9.0,9.0,368.1,21,0
2026-06-01 21:35:00,Checkout,23.0,27.0,109.9,21,0
2026-06-01 21:40:00,Entrance,37.0,38.0,36.9,21,0
2026-06-01 21:40:00,Dairy,12.0,10.0,193.4,21,0
2026-06-01 21:40:00,Bakery,17.0,17.0,141.7,21,0
2026-06-01 21:40:00,Produce,20.0,19.0,262.5,21,0
2026-06-01 21:40:00,Snacks,18.0,21.0,189.4,21,0
2026-06-01 21:40:00,Electronics,17.0,14.0,336.4,21,0
2026-06-01 21:40:00,Checkout,27.0,32.0,212.0,21,0
2026-06-01 21:45:00,Entrance,38.0,29.0,39.4,21,0
2026-06-01 21:45:00,Dairy,14.0,14.0,190.6,21,0
2026-06-01 21:45:00,Bakery,9.0,9.0,252.9,21,0
2026-06-01 21:45:00,Produce,14.0,16.0,137.4,21,0
2026-06-01 21:45:00,Snacks,21.0,19.0,208.2,21,0
2026-06-01 21:45:00,Electronics,12.0,11.0,609.2,21,0
2026-06-01 21:45:00,Checkout,31.0,37.0,182.4,21,0
2026-06-01 21:50:00,Entrance,32.0,29.0,43.1,21,0
2026-06-01 21:50:00,Dairy,19.0,20.0,188.5,21,0
2026-06-01 21:50:00,Bakery,13.0,14.0,188.2,21,0
2026-06-01 21:50:00,Produce,16.0,16.0,246.8,21,0
2026-06-01 21:50:00,Snacks,17.0,20.0,168.1,21,0
2026-06-01 21:50:00,Electronics,9.0,9.0,451.6,21,0
2026-06-01 21:50:00,Checkout,24.0,27.0,175.7,21,0
2026-06-01 21:55:00,Entrance,30.0,31.0,35.2,21,0
2026-06-01 21:55:00,Dairy,27.0,23.0,308.0,21,0
2026-06-01 21:55:00,Bakery,13.0,14.0,309.9,21,0
2026-06-01 21:55:00,Produce,24.0,24.0,184.6,21,0
2026-06-01 21:55:00,Snacks,21.0,14.0,153.8,21,0
2026-06-01 21:55:00,Electronics,8.0,10.0,420.7,21,0
2026-06-01 21:55:00,Checkout,26.0,20.0,112.8,21,0
2026-06-01 22:00:00,Entrance,11.0,9.0,,22,0
2026-06-01 22:00:00,Dairy,2.0,0.0,267.4,22,0
2026-06-01 22:00:00,Bakery,0.0,0.0,100.3,22,0
2026-06-01 22:00:00,Produce,9.0,6.0,191.7,22,0
2026-06-01 22:00:00,Snacks,4.0,3.0,245.8,22,0
2026-06-01 22:00:00,Electronics,0.0,0.0,310.7,22,0
2026-06-01 22:00:00,Checkout,7.0,6.0,168.0,22,0
2026-06-01 22:05:00,Entrance,7.0,6.0,49.6,22,0
2026-06-01 22:05:00,Dairy,,6.0,264.4,22,0
2026-06-01 22:05:00,Bakery,1.0,0.0,235.5,22,0
2026-06-01 22:05:00,Produce,4.0,3.0,104.8,22,0
2026-06-01 22:05:00,Snacks,3.0,3.0,202.2,22,0
2026-06-01 22:05:00,Electronics,2.0,1.0,478.1,22,0
2026-06-01 22:05:00,Checkout,4.0,4.0,234.9,22,0
2026-06-01 22:10:00,Entrance,7.0,6.0,42.4,22,0
2026-06-01 22:10:00,Dairy,6.0,4.0,165.6,22,0
2026-06-01 22:10:00,Bakery,3.0,2.0,209.4,22,0
2026-06-01 22:10:00,Produce,6.0,8.0,278.3,22,0
2026-06-01 22:10:00,Snacks,0.0,0.0,282.7,22,0
2026-06-01 22:10:00,Electronics,1.0,3.0,426.0,22,0
2026-06-01 22:10:00,Checkout,4.0,0.0,132.8,22,0
2026-06-01 22:15:00,Entrance,2.0,2.0,46.6,22,0
2026-06-01 22:15:00,Dairy,7.0,8.0,339.8,22,0
2026-06-01 22:15:00,Bakery,6.0,5.0,190.4,22,0
2026-06-01 22:15:00,Produce,4.0,5.0,196.4,22,0
2026-06-01 22:15:00,Snacks,2.0,3.0,143.9,22,0
2026-06-01 22:15:00,Electronics,2.0,5.0,435.9,22,0
2026-06-01 22:15:00,Checkout,5.0,5.0,211.6,22,0
2026-06-01 22:20:00,Entrance,5.0,7.0,33.1,22,0
2026-06-01 22:20:00,Dairy,6.0,6.0,231.5,22,0
2026-06-01 22:20:00,Bakery,6.0,8.0,263.7,22,0
2026-06-01 22:20:00,Produce,4.0,3.0,242.2,22,0
2026-06-01 22:20:00,Snacks,1.0,4.0,177.9,22,0
2026-06-01 22:20:00,Electronics,2.0,0.0,555.1,22,0
2026-06-01 22:20:00,Checkout,1.0,1.0,173.4,22,0
2026-06-01 22:25:00,Entrance,4.0,3.0,49.8,22,0
2026-06-01 22:25:00,Dairy,3.0,5.0,156.7,22,0
2026-06-01 22:25:00,Bakery,3.0,2.0,211.9,22,0
2026-06-01 22:25:00,Produce,6.0,,180.4,22,0
2026-06-01 22:25:00,Snacks,10.0,11.0,302.7,22,0
2026-06-01 22:25:00,Electronics,4.0,4.0,407.1,22,0
2026-06-01 22:25:00,Checkout,6.0,6.0,165.5,22,0
2026-06-01 22:30:00,Entrance,3.0,1.0,42.2,22,0
2026-06-01 22:30:00,Dairy,1.0,0.0,169.5,22,0
2026-06-01 22:30:00,Bakery,3.0,3.0,248.3,22,0
2026-06-01 22:30:00,Produce,4.0,4.0,253.0,22,0
2026-06-01 22:30:00,Snacks,4.0,3.0,107.5,22,0
2026-06-01 22:30:00,Electronics,3.0,3.0,436.5,22,0
2026-06-01 22:30:00,Checkout,4.0,4.0,176.2,22,0
2026-06-01 22:35:00,Entrance,9.0,10.0,47.6,22,0
2026-06-01 22:35:00,Dairy,4.0,2.0,176.3,22,0
2026-06-01 22:35:00,Bakery,2.0,1.0,229.3,22,0
2026-06-01 22:35:00,Produce,3.0,4.0,133.7,22,0
2026-06-01 22:35:00,Snacks,2.0,6.0,192.0,22,0
2026-06-01 22:35:00,Electronics,2.0,2.0,438.7,22,0
2026-06-01 22:35:00,Checkout,4.0,3.0,232.6,22,0
2026-06-01 22:40:00,Entrance,6.0,4.0,48.3,22,0
2026-06-01 22:40:00,Dairy,2.0,,256.1,22,0
2026-06-01 22:40:00,Bakery,4.0,4.0,248.3,22,0
2026-06-01 22:40:00,Produce,1.0,2.0,289.1,22,0
2026-06-01 22:40:00,Snacks,3.0,4.0,235.7,22,0
2026-06-01 22:40:00,Electronics,3.0,6.0,226.6,22,0
2026-06-01 22:40:00,Checkout,1.0,,200.4,22,0
2026-06-01 22:45:00,Entrance,4.0,1.0,41.2,22,0
2026-06-01 22:45:00,Dairy,5.0,2.0,123.3,22,0
2026-06-01 22:45:00,Bakery,7.0,,227.7,22,0
2026-06-01 22:45:00,Produce,6.0,5.0,148.8,22,0
2026-06-01 22:45:00,Snacks,4.0,4.0,210.2,22,0
2026-06-01 22:45:00,Electronics,5.0,2.0,322.6,22,0
2026-06-01 22:45:00,Checkout,6.0,4.0,157.5,22,0
2026-06-01 22:50:00,Entrance,5.0,1.0,41.7,22,0
2026-06-01 22:50:00,Dairy,4.0,2.0,181.1,22,0
2026-06-01 22:50:00,Bakery,5.0,4.0,242.4,22,0
2026-06-01 22:50:00,Produce,4.0,3.0,188.9,22,0
2026-06-01 22:50:00,Snacks,1.0,0.0,198.5,22,0
2026-06-01 22:50:00,Electronics,0.0,0.0,350.0,22,0
2026-06-01 22:50:00,Checkout,5.0,3.0,220.4,22,0
2026-06-01 22:55:00,Entrance,,4.0,43.1,22,0
2026-06-01 22:55:00,Dairy,3.0,2.0,166.1,22,0
2026-06-01 22:55:00,Bakery,6.0,7.0,177.9,22,0
2026-06-01 22:55:00,Produce,4.0,2.0,245.6,22,0
2026-06-01 22:55:00,Snacks,5.0,5.0,184.1,22,0
2026-06-01 22:55:00,Electronics,6.0,6.0,385.5,22,0
2026-06-01 22:55:00,Checkout,6.0,2.0,177.3,22,0
2026-06-01 23:00:00,Entrance,8.0,6.0,35.3,23,0
2026-06-01 23:00:00,Dairy,5.0,4.0,167.0,23,0
2026-06-01 23:00:00,Bakery,2.0,5.0,214.7,23,0
2026-06-01 23:00:00,Produce,5.0,2.0,225.8,23,0
2026-06-01 23:00:00,Snacks,6.0,6.0,162.0,23,0
2026-06-01 23:00:00,Electronics,1.0,2.0,333.9,23,0
2026-06-01 23:00:00,Checkout,8.0,8.0,157.0,23,0
2026-06-01 23:05:00,Entrance,8.0,9.0,52.1,23,0
2026-06-01 23:05:00,Dairy,5.0,4.0,266.3,23,0
2026-06-01 23:05:00,Bakery,6.0,7.0,173.0,23,0
2026-06-01 23:05:00,Produce,4.0,2.0,143.0,23,0
2026-06-01 23:05:00,Snacks,2.0,2.0,130.9,23,0
2026-06-01 23:05:00,Electronics,1.0,1.0,454.2,23,0
2026-06-01 23:05:00,Checkout,5.0,2.0,209.1,23,0
2026-06-01 23:10:00,Entrance,6.0,5.0,56.4,23,0
2026-06-01 23:10:00,Dairy,1.0,0.0,278.9,23,0
2026-06-01 23:10:00,Bakery,2.0,1.0,171.8,23,0
2026-06-01 23:10:00,Produce,4.0,5.0,225.3,23,0
2026-06-01 23:10:00,Snacks,0.0,2.0,181.2,23,0
2026-06-01 23:10:00,Electronics,6.0,8.0,345.9,23,0
2026-06-01 23:10:00,Checkout,4.0,3.0,207.3,23,0
2026-06-01 23:15:00,Entrance,4.0,5.0,65.4,23,0
2026-06-01 23:15:00,Dairy,1.0,1.0,185.8,23,0
2026-06-01 23:15:00,Bakery,1.0,0.0,286.4,23,0
2026-06-01 23:15:00,Produce,6.0,3.0,255.2,23,0
2026-06-01 23:15:00,Snacks,9.0,6.0,233.2,23,0
2026-06-01 23:15:00,Electronics,1.0,0.0,404.3,23,0
2026-06-01 23:15:00,Checkout,3.0,1.0,144.3,23,0
2026-06-01 23:20:00,Entrance,8.0,6.0,28.0,23,0
2026-06-01 23:20:00,Dairy,3.0,2.0,249.5,23,0
2026-06-01 23:20:00,Bakery,1.0,0.0,232.9,23,0
2026-06-01 23:20:00,Produce,5.0,6.0,187.8,23,0
2026-06-01 23:20:00,Snacks,4.0,4.0,260.5,23,0
2026-06-01 23:20:00,Electronics,4.0,2.0,323.7,23,0
2026-06-01 23:20:00,Checkout,6.0,4.0,209.8,23,0
2026-06-01 23:25:00,Entrance,5.0,5.0,36.0,23,0
2026-06-01 23:25:00,Dairy,3.0,2.0,313.4,23,0
2026-06-01 23:25:00,Bakery,2.0,2.0,249.4,23,0
2026-06-01 23:25:00,Produce,4.0,5.0,222.3,23,0
2026-06-01 23:25:00,Snacks,5.0,4.0,179.1,23,0
2026-06-01 23:25:00,Electronics,5.0,6.0,394.3,23,0
2026-06-01 23:25:00,Checkout,1.0,2.0,176.6,23,0
2026-06-01 23:30:00,Entrance,9.0,8.0,32.7,23,0
2026-06-01 23:30:00,Dairy,4.0,4.0,193.6,23,0
2026-06-01 23:30:00,Bakery,4.0,3.0,228.1,23,0
2026-06-01 23:30:00,Produce,3.0,3.0,115.7,23,0
2026-06-01 23:30:00,Snacks,6.0,3.0,255.7,23,0
2026-06-01 23:30:00,Electronics,3.0,1.0,420.9,23,0
2026-06-01 23:30:00,Checkout,8.0,8.0,37.3,23,0
2026-06-01 23:35:00,Entrance,6.0,4.0,65.3,23,0
2026-06-01 23:35:00,Dairy,4.0,4.0,230.3,23,0
2026-06-01 23:35:00,Bakery,3.0,1.0,299.4,23,0
2026-06-01 23:35:00,Produce,6.0,6.0,287.3,23,0
2026-06-01 23:35:00,Snacks,0.0,0.0,107.8,23,0
2026-06-01 23:35:00,Electronics,2.0,1.0,297.9,23,0
2026-06-01 23:35:00,Checkout,6.0,6.0,193.2,23,0
2026-06-01 23:40:00,Entrance,6.0,5.0,51.9,23,0
2026-06-01 23:40:00,Dairy,5.0,5.0,257.1,23,0
2026-06-01 23:40:00,Bakery,1.0,1.0,208.8,23,0
2026-06-01 23:40:00,Produce,0.0,0.0,265.5,23,0
2026-06-01 23:40:00,Snacks,2.0,0.0,173.9,23,0
2026-06-01 23:40:00,Electronics,1.0,0.0,598.2,23,0
2026-06-01 23:40:00,Checkout,2.0,2.0,101.7,23,0
2026-06-01 23:45:00,Entrance,6.0,7.0,46.0,23,0
2026-06-01 23:45:00,Dairy,3.0,4.0,,23,0
2026-06-01 23:45:00,Bakery,3.0,2.0,174.1,23,0
2026-06-01 23:45:00,Produce,5.0,4.0,166.8,23,0
2026-06-01 23:45:00,Snacks,0.0,0.0,173.9,23,0
2026-06-01 23:45:00,Electronics,1.0,0.0,361.6,23,0
2026-06-01 23:45:00,Checkout,4.0,3.0,221.5,23,0
2026-06-01 23:50:00,Entrance,5.0,4.0,24.4,23,0
2026-06-01 23:50:00,Dairy,5.0,5.0,266.4,23,0
2026-06-01 23:50:00,Bakery,3.0,3.0,297.8,23,0
2026-06-01 23:50:00,Produce,2.0,6.0,208.0,23,0
2026-06-01 23:50:00,Snacks,2.0,1.0,99.4,23,0
2026-06-01 23:50:00,Electronics,5.0,4.0,533.8,23,0
2026-06-01 23:50:00,Checkout,3.0,4.0,199.8,23,0
2026-06-01 23:55:00,Entrance,12.0,13.0,39.9,23,0
2026-06-01 23:55:00,Dairy,0.0,1.0,195.3,23,0
2026-06-01 23:55:00,Bakery,3.0,1.0,166.6,23,0
2026-06-01 23:55:00,Produce,6.0,5.0,301.0,23,0
2026-06-01 23:55:00,Snacks,3.0,4.0,234.4,23,0
2026-06-01 23:55:00,Electronics,2.0,3.0,495.1,23,0
2026-06-01 23:55:00,Checkout,4.0,2.0,158.8,23,0
2026-06-02 00:00:00,Entrance,6.0,5.0,50.1,0,1
2026-06-02 00:00:00,Dairy,7.0,7.0,264.0,0,1
2026-06-02 00:00:00,Bakery,4.0,4.0,270.3,0,1
2026-06-02 00:00:00,Produce,6.0,5.0,302.3,0,1
2026-06-02 00:00:00,Snacks,2.0,5.0,200.3,0,1
2026-06-02 00:00:00,Electronics,3.0,7.0,423.4,0,1
2026-06-02 00:00:00,Checkout,5.0,8.0,165.0,0,1
2026-06-02 00:05:00,Entrance,7.0,7.0,36.5,0,1
2026-06-02 00:05:00,Dairy,3.0,2.0,207.0,0,1
2026-06-02 00:05:00,Bakery,3.0,2.0,225.0,0,1
2026-06-02 00:05:00,Produce,5.0,5.0,266.2,0,1
2026-06-02 00:05:00,Snacks,3.0,1.0,226.3,0,1
2026-06-02 00:05:00,Electronics,1.0,0.0,292.4,0,1
2026-06-02 00:05:00,Checkout,3.0,5.0,140.1,0,1
2026-06-02 00:10:00,Entrance,8.0,10.0,42.0,0,1
2026-06-02 00:10:00,Dairy,2.0,0.0,153.1,0,1
2026-06-02 00:10:00,Bakery,2.0,2.0,300.4,0,1
2026-06-02 00:10:00,Produce,3.0,0.0,148.6,0,1
2026-06-02 00:10:00,Snacks,4.0,3.0,200.7,0,1
2026-06-02 00:10:00,Electronics,1.0,1.0,358.2,0,1
2026-06-02 00:10:00,Checkout,5.0,2.0,163.2,0,1
2026-06-02 00:15:00,Entrance,9.0,9.0,53.5,0,1
2026-06-02 00:15:00,Dairy,1.0,1.0,264.0,0,1
2026-06-02 00:15:00,Bakery,0.0,0.0,256.5,0,1
2026-06-02 00:15:00,Produce,3.0,1.0,123.3,0,1
2026-06-02 00:15:00,Snacks,0.0,1.0,199.7,0,1
2026-06-02 00:15:00,Electronics,1.0,3.0,496.1,0,1
2026-06-02 00:15:00,Checkout,6.0,6.0,226.3,0,1
2026-06-02 00:20:00,Entrance,10.0,12.0,46.9,0,1
2026-06-02 00:20:00,Dairy,1.0,3.0,191.5,0,1
2026-06-02 00:20:00,Bakery,2.0,2.0,167.1,0,1
2026-06-02 00:20:00,Produce,1.0,0.0,185.6,0,1
2026-06-02 00:20:00,Snacks,3.0,4.0,177.1,0,1
2026-06-02 00:20:00,Electronics,2.0,0.0,345.4,0,1
2026-06-02 00:20:00,Checkout,2.0,1.0,134.7,0,1
2026-06-02 00:25:00,Entrance,7.0,6.0,59.2,0,1
2026-06-02 00:25:00,Dairy,2.0,2.0,289.9,0,1
2026-06-02 00:25:00,Bakery,4.0,3.0,300.7,0,1
2026-06-02 00:25:00,Produce,7.0,6.0,171.9,0,1
2026-06-02 00:25:00,Snacks,5.0,5.0,150.2,0,1
2026-06-02 00:25:00,Electronics,2.0,3.0,373.7,0,1
2026-06-02 00:25:00,Checkout,,7.0,189.6,0,1
2026-06-02 00:30:00,Entrance,9.0,10.0,69.4,0,1
2026-06-02 00:30:00,Dairy,5.0,6.0,123.2,0,1
2026-06-02 00:30:00,Bakery,3.0,2.0,230.3,0,1
2026-06-02 00:30:00,Produce,3.0,0.0,109.4,0,1
2026-06-02 00:30:00,Snacks,1.0,0.0,122.8,0,1
2026-06-02 00:30:00,Electronics,0.0,0.0,460.3,0,1
2026-06-02 00:30:00,Checkout,5.0,4.0,172.1,0,1
2026-06-02 00:35:00,Entrance,6.0,7.0,45.4,0,1
2026-06-02 00:35:00,Dairy,2.0,2.0,275.9,0,1
2026-06-02 00:35:00,Bakery,4.0,1.0,272.7,0,1
2026-06-02 00:35:00,Produce,2.0,3.0,241.4,0,1
2026-06-02 00:35:00,Snacks,6.0,5.0,231.3,0,1
2026-06-02 00:35:00,Electronics,4.0,2.0,415.5,0,1
2026-06-02 00:35:00,Checkout,4.0,2.0,168.8,0,1
2026-06-02 00:40:00,Entrance,6.0,3.0,51.9,0,1
2026-06-02 00:40:00,Dairy,2.0,0.0,310.5,0,1
2026-06-02 00:40:00,Bakery,1.0,1.0,127.0,0,1
2026-06-02 00:40:00,Produce,2.0,1.0,118.0,0,1
2026-06-02 00:40:00,Snacks,7.0,6.0,179.2,0,1
2026-06-02 00:40:00,Electronics,3.0,2.0,387.7,0,1
2026-06-02 00:40:00,Checkout,4.0,6.0,177.2,0,1
2026-06-02 00:45:00,Entrance,11.0,11.0,43.6,0,1
2026-06-02 00:45:00,Dairy,4.0,3.0,245.8,0,1
2026-06-02 00:45:00,Bakery,1.0,0.0,204.6,0,1
2026-06-02 00:45:00,Produce,0.0,1.0,264.0,0,1
2026-06-02 00:45:00,Snacks,6.0,7.0,179.9,0,1
2026-06-02 00:45:00,Electronics,5.0,4.0,281.4,0,1
2026-06-02 00:45:00,Checkout,6.0,5.0,71.4,0,1
2026-06-02 00:50:00,Entrance,6.0,5.0,47.3,0,1
2026-06-02 00:50:00,Dairy,4.0,6.0,214.4,0,1
2026-06-02 00:50:00,Bakery,5.0,3.0,171.3,0,1
2026-06-02 00:50:00,Produce,1.0,2.0,216.3,0,1
2026-06-02 00:50:00,Snacks,4.0,4.0,213.7,0,1
2026-06-02 00:50:00,Electronics,3.0,3.0,304.8,0,1
2026-06-02 00:50:00,Checkout,4.0,1.0,161.2,0,1
2026-06-02 00:55:00,Entrance,6.0,4.0,44.9,0,1
2026-06-02 00:55:00,Dairy,5.0,5.0,225.1,0,1
2026-06-02 00:55:00,Bakery,3.0,4.0,157.8,0,1
2026-06-02 00:55:00,Produce,3.0,1.0,144.4,0,1
2026-06-02 00:55:00,Snacks,4.0,3.0,233.5,0,1
2026-06-02 00:55:00,Electronics,0.0,3.0,662.3,0,1
2026-06-02 00:55:00,Checkout,1.0,0.0,190.0,0,1
2026-06-02 01:00:00,Entrance,9.0,7.0,32.2,1,1
2026-06-02 01:00:00,Dairy,5.0,5.0,207.2,1,1
2026-06-02 01:00:00,Bakery,4.0,3.0,183.2,1,1
2026-06-02 01:00:00,Produce,2.0,0.0,225.6,1,1
2026-06-02 01:00:00,Snacks,7.0,6.0,194.7,1,1
2026-06-02 01:00:00,Electronics,1.0,0.0,411.7,1,1
2026-06-02 01:00:00,Checkout,3.0,2.0,166.7,1,1
2026-06-02 01:05:00,Entrance,7.0,10.0,50.9,1,1
2026-06-02 01:05:00,Dairy,5.0,2.0,214.3,1,1
2026-06-02 01:05:00,Bakery,1.0,1.0,103.3,1,1
2026-06-02 01:05:00,Produce,3.0,4.0,225.0,1,1
2026-06-02 01:05:00,Snacks,1.0,0.0,113.5,1,1
2026-06-02 01:05:00,Electronics,2.0,2.0,232.1,1,1
2026-06-02 01:05:00,Checkout,4.0,4.0,158.6,1,1
2026-06-02 01:10:00,Entrance,5.0,5.0,42.2,1,1
2026-06-02 01:10:00,Dairy,7.0,4.0,254.5,1,1
2026-06-02 01:10:00,Bakery,5.0,2.0,165.9,1,1
2026-06-02 01:10:00,Produce,3.0,,182.4,1,1
2026-06-02 01:10:00,Snacks,2.0,4.0,159.5,1,1
2026-06-02 01:10:00,Electronics,4.0,3.0,396.2,1,1
2026-06-02 01:10:00,Checkout,7.0,9.0,92.9,1,1
2026-06-02 01:15:00,Entrance,7.0,6.0,53.7,1,1
2026-06-02 01:15:00,Dairy,4.0,3.0,185.2,1,1
2026-06-02 01:15:00,Bakery,3.0,1.0,215.3,1,1
2026-06-02 01:15:00,Produce,1.0,0.0,82.4,1,1
2026-06-02 01:15:00,Snacks,3.0,4.0,235.0,1,1
2026-06-02 01:15:00,Electronics,4.0,1.0,356.7,1,1
2026-06-02 01:15:00,Checkout,11.0,13.0,91.7,1,1
2026-06-02 01:20:00,Entrance,6.0,2.0,48.7,1,1
2026-06-02 01:20:00,Dairy,6.0,4.0,,1,1
2026-06-02 01:20:00,Bakery,,2.0,221.4,1,1
2026-06-02 01:20:00,Produce,2.0,2.0,136.5,1,1
2026-06-02 01:20:00,Snacks,3.0,2.0,259.1,1,1
2026-06-02 01:20:00,Electronics,2.0,1.0,346.9,1,1
2026-06-02 01:20:00,Checkout,5.0,3.0,126.2,1,1
2026-06-02 01:25:00,Entrance,8.0,8.0,42.9,1,1
2026-06-02 01:25:00,Dairy,6.0,6.0,181.1,1,1
2026-06-02 01:25:00,Bakery,1.0,0.0,280.4,1,1
2026-06-02 01:25:00,Produce,3.0,1.0,,1,1
2026-06-02 01:25:00,Snacks,8.0,9.0,268.1,1,1
2026-06-02 01:25:00,Electronics,1.0,0.0,269.4,1,1
2026-06-02 01:25:00,Checkout,7.0,6.0,145.3,1,1
2026-06-02 01:30:00,Entrance,6.0,8.0,44.5,1,1
2026-06-02 01:30:00,Dairy,2.0,2.0,249.4,1,1
2026-06-02 01:30:00,Bakery,3.0,3.0,193.5,1,1
2026-06-02 01:30:00,Produce,8.0,5.0,273.2,1,1
2026-06-02 01:30:00,Snacks,4.0,,200.1,1,1
2026-06-02 01:30:00,Electronics,1.0,,383.4,1,1
2026-06-02 01:30:00,Checkout,4.0,2.0,189.4,1,1
2026-06-02 01:35:00,Entrance,7.0,8.0,52.3,1,1
2026-06-02 01:35:00,Dairy,3.0,4.0,228.8,1,1
2026-06-02 01:35:00,Bakery,8.0,9.0,235.0,1,1
2026-06-02 01:35:00,Produce,2.0,1.0,177.2,1,1
2026-06-02 01:35:00,Snacks,1.0,0.0,159.6,1,1
2026-06-02 01:35:00,Electronics,1.0,0.0,421.1,1,1
2026-06-02 01:35:00,Checkout,7.0,7.0,184.8,1,1
2026-06-02 01:40:00,Entrance,7.0,5.0,42.9,1,1
2026-06-02 01:40:00,Dairy,0.0,0.0,292.7,1,1
2026-06-02 01:40:00,Bakery,2.0,4.0,232.7,1,1
2026-06-02 01:40:00,Produce,4.0,6.0,91.6,1,1
2026-06-02 01:40:00,Snacks,3.0,4.0,258.2,1,1
2026-06-02 01:40:00,Electronics,1.0,0.0,372.5,1,1
2026-06-02 01:40:00,Checkout,3.0,4.0,124.7,1,1
2026-06-02 01:45:00,Entrance,8.0,10.0,51.2,1,1
2026-06-02 01:45:00,Dairy,5.0,4.0,189.0,1,1
2026-06-02 01:45:00,Bakery,4.0,,155.1,1,1
2026-06-02 01:45:00,Produce,5.0,,143.6,1,1
2026-06-02 01:45:00,Snacks,,7.0,221.5,1,1
2026-06-02 01:45:00,Electronics,1.0,0.0,390.7,1,1
2026-06-02 01:45:00,Checkout,7.0,7.0,120.9,1,1
2026-06-02 01:50:00,Entrance,10.0,7.0,32.7,1,1
2026-06-02 01:50:00,Dairy,7.0,7.0,167.4,1,1
2026-06-02 01:50:00,Bakery,0.0,0.0,124.5,1,1
2026-06-02 01:50:00,Produce,5.0,4.0,245.7,1,1
2026-06-02 01:50:00,Snacks,5.0,2.0,175.4,1,1
2026-06-02 01:50:00,Electronics,0.0,0.0,388.0,1,1
2026-06-02 01:50:00,Checkout,7.0,6.0,168.0,1,1
2026-06-02 01:55:00,Entrance,8.0,10.0,61.0,1,1
2026-06-02 01:55:00,Dairy,,6.0,166.7,1,1
2026-06-02 01:55:00,Bakery,3.0,3.0,190.4,1,1
2026-06-02 01:55:00,Produce,2.0,2.0,180.1,1,1
2026-06-02 01:55:00,Snacks,2.0,5.0,242.5,1,1
2026-06-02 01:55:00,Electronics,0.0,0.0,326.8,1,1
2026-06-02 01:55:00,Checkout,0.0,0.0,201.5,1,1
2026-06-02 02:00:00,Entrance,8.0,8.0,50.4,2,1
2026-06-02 02:00:00,Dairy,8.0,6.0,243.9,2,1
2026-06-02 02:00:00,Bakery,1.0,0.0,200.8,2,1
2026-06-02 02:00:00,Produce,4.0,6.0,134.6,2,1
2026-06-02 02:00:00,Snacks,3.0,3.0,225.7,2,1
2026-06-02 02:00:00,Electronics,5.0,7.0,268.6,2,1
2026-06-02 02:00:00,Checkout,3.0,5.0,173.0,2,1
2026-06-02 02:05:00,Entrance,8.0,,57.9,2,1
2026-06-02 02:05:00,Dairy,2.0,1.0,242.4,2,1
2026-06-02 02:05:00,Bakery,3.0,1.0,169.3,2,1
2026-06-02 02:05:00,Produce,7.0,8.0,224.5,2,1
2026-06-02 02:05:00,Snacks,6.0,5.0,137.6,2,1
2026-06-02 02:05:00,Electronics,2.0,0.0,439.9,2,1
2026-06-02 02:05:00,Checkout,5.0,3.0,120.1,2,1
2026-06-02 02:10:00,Entrance,7.0,7.0,57.6,2,1
2026-06-02 02:10:00,Dairy,4.0,3.0,270.0,2,1
2026-06-02 02:10:00,Bakery,4.0,3.0,254.4,2,1
2026-06-02 02:10:00,Produce,7.0,8.0,186.3,2,1
2026-06-02 02:10:00,Snacks,8.0,7.0,179.9,2,1
2026-06-02 02:10:00,Electronics,3.0,4.0,229.6,2,1
2026-06-02 02:10:00,Checkout,5.0,4.0,137.9,2,1
2026-06-02 02:15:00,Entrance,4.0,4.0,44.7,2,1
2026-06-02 02:15:00,Dairy,4.0,5.0,263.9,2,1
2026-06-02 02:15:00,Bakery,6.0,4.0,219.8,2,1
2026-06-02 02:15:00,Produce,6.0,5.0,191.2,2,1
2026-06-02 02:15:00,Snacks,3.0,3.0,104.1,2,1
2026-06-02 02:15:00,Electronics,3.0,4.0,433.8,2,1
2026-06-02 02:15:00,Checkout,7.0,6.0,153.5,2,1
2026-06-02 02:20:00,Entrance,5.0,3.0,35.9,2,1
2026-06-02 02:20:00,Dairy,5.0,4.0,226.2,2,1
2026-06-02 02:20:00,Bakery,7.0,8.0,,2,1
2026-06-02 02:20:00,Produce,7.0,7.0,235.9,2,1
2026-06-02 02:20:00,Snacks,4.0,3.0,228.6,2,1
2026-06-02 02:20:00,Electronics,1.0,2.0,411.2,2,1
2026-06-02 02:20:00,Checkout,10.0,13.0,151.4,2,1
2026-06-02 02:25:00,Entrance,5.0,4.0,48.9,2,1
2026-06-02 02:25:00,Dairy,4.0,2.0,176.3,2,1
2026-06-02 02:25:00,Bakery,6.0,4.0,190.1,2,1
2026-06-02 02:25:00,Produce,1.0,3.0,161.6,2,1
2026-06-02 02:25:00,Snacks,4.0,6.0,130.3,2,1
2026-06-02 02:25:00,Electronics,6.0,8.0,,2,1
2026-06-02 02:25:00,Checkout,2.0,0.0,98.3,2,1
2026-06-02 02:30:00,Entrance,,8.0,37.5,2,1
2026-06-02 02:30:00,Dairy,2.0,2.0,168.3,2,1
2026-06-02 02:30:00,Bakery,4.0,6.0,179.5,2,1
2026-06-02 02:30:00,Produce,3.0,3.0,240.3,2,1
2026-06-02 02:30:00,Snacks,3.0,4.0,225.3,2,1
2026-06-02 02:30:00,Electronics,1.0,2.0,566.8,2,1
2026-06-02 02:30:00,Checkout,10.0,8.0,185.4,2,1
2026-06-02 02:35:00,Entrance,13.0,14.0,15.0,2,1
2026-06-02 02:35:00,Dairy,5.0,6.0,251.4,2,1
2026-06-02 02:35:00,Bakery,1.0,,155.9,2,1
2026-06-02 02:35:00,Produce,4.0,2.0,165.8,2,1
2026-06-02 02:35:00,Snacks,5.0,3.0,130.2,2,1
2026-06-02 02:35:00,Electronics,1.0,0.0,317.9,2,1
2026-06-02 02:35:00,Checkout,8.0,5.0,182.2,2,1
2026-06-02 02:40:00,Entrance,7.0,6.0,26.3,2,1
2026-06-02 02:40:00,Dairy,3.0,3.0,138.7,2,1
2026-06-02 02:40:00,Bakery,5.0,5.0,248.5,2,1
2026-06-02 02:40:00,Produce,1.0,0.0,235.6,2,1
2026-06-02 02:40:00,Snacks,1.0,0.0,224.8,2,1
2026-06-02 02:40:00,Electronics,3.0,3.0,370.2,2,1
2026-06-02 02:40:00,Checkout,2.0,2.0,151.2,2,1
2026-06-02 02:45:00,Entrance,5.0,2.0,67.9,2,1
2026-06-02 02:45:00,Dairy,8.0,8.0,251.9,2,1
2026-06-02 02:45:00,Bakery,6.0,6.0,211.4,2,1
2026-06-02 02:45:00,Produce,2.0,2.0,147.9,2,1
2026-06-02 02:45:00,Snacks,3.0,4.0,173.3,2,1
2026-06-02 02:45:00,Electronics,2.0,2.0,421.4,2,1
2026-06-02 02:45:00,Checkout,7.0,7.0,96.5,2,1
2026-06-02 02:50:00,Entrance,12.0,9.0,52.5,2,1
2026-06-02 02:50:00,Dairy,4.0,5.0,123.7,2,1
2026-06-02 02:50:00,Bakery,4.0,1.0,191.5,2,1
2026-06-02 02:50:00,Produce,1.0,3.0,,2,1
2026-06-02 02:50:00,Snacks,3.0,1.0,178.1,2,1
2026-06-02 02:50:00,Electronics,1.0,1.0,435.0,2,1
2026-06-02 02:50:00,Checkout,4.0,2.0,81.1,2,1
2026-06-02 02:55:00,Entrance,3.0,1.0,60.6,2,1
2026-06-02 02:55:00,Dairy,8.0,8.0,232.4,2,1
2026-06-02 02:55:00,Bakery,3.0,3.0,314.4,2,1
2026-06-02 02:55:00,Produce,4.0,5.0,255.1,2,1
2026-06-02 02:55:00,Snacks,3.0,2.0,,2,1
2026-06-02 02:55:00,Electronics,0.0,1.0,445.3,2,1
2026-06-02 02:55:00,Checkout,4.0,2.0,172.5,2,1
2026-06-02 03:00:00,Entrance,6.0,6.0,34.9,3,1
2026-06-02 03:00:00,Dairy,3.0,4.0,224.5,3,1
2026-06-02 03:00:00,Bakery,4.0,6.0,169.9,3,1
2026-06-02 03:00:00,Produce,6.0,3.0,248.0,3,1
2026-06-02 03:00:00,Snacks,4.0,2.0,259.0,3,1
2026-06-02 03:00:00,Electronics,3.0,,329.6,3,1
2026-06-02 03:00:00,Checkout,11.0,11.0,165.1,3,1
2026-06-02 03:05:00,Entrance,9.0,10.0,42.2,3,1
2026-06-02 03:05:00,Dairy,3.0,4.0,161.6,3,1
2026-06-02 03:05:00,Bakery,1.0,0.0,149.4,3,1
2026-06-02 03:05:00,Produce,4.0,4.0,167.5,3,1
2026-06-02 03:05:00,Snacks,5.0,5.0,145.0,3,1
2026-06-02 03:05:00,Electronics,1.0,0.0,339.5,3,1
2026-06-02 03:05:00,Checkout,10.0,10.0,150.7,3,1
2026-06-02 03:10:00,Entrance,6.0,7.0,51.5,3,1
2026-06-02 03:10:00,Dairy,3.0,2.0,172.6,3,1
2026-06-02 03:10:00,Bakery,6.0,5.0,267.3,3,1
2026-06-02 03:10:00,Produce,7.0,8.0,200.9,3,1
2026-06-02 03:10:00,Snacks,6.0,4.0,261.2,3,1
2026-06-02 03:10:00,Electronics,0.0,0.0,360.4,3,1
2026-06-02 03:10:00,Checkout,1.0,0.0,123.5,3,1
2026-06-02 03:15:00,Entrance,8.0,9.0,48.6,3,1
2026-06-02 03:15:00,Dairy,3.0,1.0,142.8,3,1
2026-06-02 03:15:00,Bakery,5.0,4.0,238.5,3,1
2026-06-02 03:15:00,Produce,6.0,4.0,223.7,3,1
2026-06-02 03:15:00,Snacks,6.0,6.0,177.7,3,1
2026-06-02 03:15:00,Electronics,1.0,0.0,,3,1
2026-06-02 03:15:00,Checkout,3.0,5.0,122.6,3,1
2026-06-02 03:20:00,Entrance,9.0,9.0,45.2,3,1
2026-06-02 03:20:00,Dairy,1.0,2.0,251.7,3,1
2026-06-02 03:20:00,Bakery,1.0,2.0,221.2,3,1
2026-06-02 03:20:00,Produce,2.0,0.0,275.2,3,1
2026-06-02 03:20:00,Snacks,1.0,1.0,191.9,3,1
2026-06-02 03:20:00,Electronics,2.0,1.0,533.2,3,1
2026-06-02 03:20:00,Checkout,4.0,4.0,127.2,3,1
2026-06-02 03:25:00,Entrance,6.0,7.0,15.0,3,1
2026-06-02 03:25:00,Dairy,4.0,4.0,187.9,3,1
2026-06-02 03:25:00,Bakery,,0.0,275.9,3,1
2026-06-02 03:25:00,Produce,2.0,2.0,195.7,3,1
2026-06-02 03:25:00,Snacks,5.0,4.0,159.1,3,1
2026-06-02 03:25:00,Electronics,2.0,2.0,215.9,3,1
2026-06-02 03:25:00,Checkout,7.0,5.0,161.0,3,1
2026-06-02 03:30:00,Entrance,8.0,9.0,53.4,3,1
2026-06-02 03:30:00,Dairy,3.0,3.0,328.5,3,1
2026-06-02 03:30:00,Bakery,5.0,5.0,81.0,3,1
2026-06-02 03:30:00,Produce,6.0,4.0,220.4,3,1
2026-06-02 03:30:00,Snacks,1.0,4.0,,3,1
2026-06-02 03:30:00,Electronics,2.0,2.0,596.1,3,1
2026-06-02 03:30:00,Checkout,7.0,9.0,188.6,3,1
2026-06-02 03:35:00,Entrance,7.0,5.0,30.6,3,1
2026-06-02 03:35:00,Dairy,7.0,9.0,246.9,3,1
2026-06-02 03:35:00,Bakery,4.0,3.0,178.4,3,1
2026-06-02 03:35:00,Produce,4.0,3.0,190.7,3,1
2026-06-02 03:35:00,Snacks,2.0,2.0,199.8,3,1
2026-06-02 03:35:00,Electronics,1.0,0.0,408.5,3,1
2026-06-02 03:35:00,Checkout,8.0,,204.3,3,1
2026-06-02 03:40:00,Entrance,11.0,10.0,37.2,3,1
2026-06-02 03:40:00,Dairy,3.0,3.0,139.3,3,1
2026-06-02 03:40:00,Bakery,3.0,4.0,202.4,3,1
2026-06-02 03:40:00,Produce,4.0,5.0,249.9,3,1
2026-06-02 03:40:00,Snacks,2.0,0.0,205.4,3,1
2026-06-02 03:40:00,Electronics,2.0,,450.2,3,1
2026-06-02 03:40:00,Checkout,8.0,8.0,151.5,3,1
2026-06-02 03:45:00,Entrance,7.0,7.0,43.3,3,1
2026-06-02 03:45:00,Dairy,7.0,6.0,264.5,3,1
2026-06-02 03:45:00,Bakery,2.0,3.0,226.7,3,1
2026-06-02 03:45:00,Produce,5.0,6.0,162.2,3,1
2026-06-02 03:45:00,Snacks,4.0,4.0,,3,1
2026-06-02 03:45:00,Electronics,2.0,0.0,382.5,3,1
2026-06-02 03:45:00,Checkout,7.0,6.0,95.5,3,1
2026-06-02 03:50:00,Entrance,6.0,6.0,70.7,3,1
2026-06-02 03:50:00,Dairy,2.0,2.0,253.1,3,1
2026-06-02 03:50:00,Bakery,1.0,1.0,188.8,3,1
2026-06-02 03:50:00,Produce,7.0,5.0,205.2,3,1
2026-06-02 03:50:00,Snacks,6.0,3.0,250.5,3,1
2026-06-02 03:50:00,Electronics,3.0,6.0,216.6,3,1
2026-06-02 03:50:00,Checkout,6.0,5.0,172.9,3,1
2026-06-02 03:55:00,Entrance,5.0,3.0,26.4,3,1
2026-06-02 03:55:00,Dairy,4.0,4.0,228.3,3,1
2026-06-02 03:55:00,Bakery,4.0,4.0,238.1,3,1
2026-06-02 03:55:00,Produce,4.0,2.0,193.0,3,1
2026-06-02 03:55:00,Snacks,2.0,2.0,231.1,3,1
2026-06-02 03:55:00,Electronics,1.0,1.0,351.3,3,1
2026-06-02 03:55:00,Checkout,4.0,5.0,139.6,3,1
2026-06-02 04:00:00,Entrance,7.0,4.0,47.3,4,1
2026-06-02 04:00:00,Dairy,2.0,3.0,284.6,4,1
2026-06-02 04:00:00,Bakery,0.0,0.0,173.7,4,1
2026-06-02 04:00:00,Produce,5.0,1.0,,4,1
2026-06-02 04:00:00,Snacks,3.0,4.0,194.9,4,1
2026-06-02 04:00:00,Electronics,2.0,1.0,467.8,4,1
2026-06-02 04:00:00,Checkout,3.0,0.0,105.1,4,1
2026-06-02 04:05:00,Entrance,5.0,5.0,58.0,4,1
2026-06-02 04:05:00,Dairy,2.0,0.0,224.1,4,1
2026-06-02 04:05:00,Bakery,6.0,7.0,209.0,4,1
2026-06-02 04:05:00,Produce,5.0,3.0,202.1,4,1
2026-06-02 04:05:00,Snacks,6.0,4.0,218.9,4,1
2026-06-02 04:05:00,Electronics,4.0,1.0,403.9,4,1
2026-06-02 04:05:00,Checkout,3.0,2.0,180.3,4,1
2026-06-02 04:10:00,Entrance,9.0,9.0,37.6,4,1
2026-06-02 04:10:00,Dairy,3.0,0.0,285.3,4,1
2026-06-02 04:10:00,Bakery,3.0,4.0,283.4,4,1
2026-06-02 04:10:00,Produce,3.0,3.0,222.8,4,1
2026-06-02 04:10:00,Snacks,6.0,5.0,176.5,4,1
2026-06-02 04:10:00,Electronics,2.0,1.0,385.7,4,1
2026-06-02 04:10:00,Checkout,2.0,0.0,130.6,4,1
2026-06-02 04:15:00,Entrance,3.0,2.0,53.9,4,1
2026-06-02 04:15:00,Dairy,2.0,2.0,251.1,4,1
2026-06-02 04:15:00,Bakery,5.0,6.0,254.6,4,1
2026-06-02 04:15:00,Produce,7.0,7.0,179.0,4,1
2026-06-02 04:15:00,Snacks,6.0,3.0,329.0,4,1
2026-06-02 04:15:00,Electronics,2.0,2.0,348.1,4,1
2026-06-02 04:15:00,Checkout,4.0,3.0,134.9,4,1
2026-06-02 04:20:00,Entrance,11.0,9.0,58.8,4,1
2026-06-02 04:20:00,Dairy,1.0,,226.4,4,1
2026-06-02 04:20:00,Bakery,2.0,0.0,297.1,4,1
2026-06-02 04:20:00,Produce,4.0,4.0,201.2,4,1
2026-06-02 04:20:00,Snacks,4.0,5.0,150.4,4,1
2026-06-02 04:20:00,Electronics,0.0,1.0,350.1,4,1
2026-06-02 04:20:00,Checkout,2.0,2.0,147.6,4,1
2026-06-02 04:25:00,Entrance,6.0,3.0,39.1,4,1
2026-06-02 04:25:00,Dairy,3.0,2.0,279.7,4,1
2026-06-02 04:25:00,Bakery,4.0,6.0,159.0,4,1
2026-06-02 04:25:00,Produce,4.0,4.0,126.8,4,1
2026-06-02 04:25:00,Snacks,3.0,6.0,188.4,4,1
2026-06-02 04:25:00,Electronics,2.0,1.0,556.6,4,1
2026-06-02 04:25:00,Checkout,1.0,1.0,235.6,4,1
2026-06-02 04:30:00,Entrance,11.0,12.0,36.0,4,1
2026-06-02 04:30:00,Dairy,3.0,4.0,198.3,4,1
2026-06-02 04:30:00,Bakery,1.0,0.0,179.7,4,1
2026-06-02 04:30:00,Produce,4.0,4.0,252.0,4,1
2026-06-02 04:30:00,Snacks,4.0,1.0,205.4,4,1
2026-06-02 04:30:00,Electronics,2.0,2.0,378.1,4,1
2026-06-02 04:30:00,Checkout,7.0,8.0,149.0,4,1
2026-06-02 04:35:00,Entrance,5.0,5.0,25.7,4,1
2026-06-02 04:35:00,Dairy,5.0,6.0,196.9,4,1
2026-06-02 04:35:00,Bakery,1.0,0.0,208.6,4,1
2026-06-02 04:35:00,Produce,3.0,3.0,116.1,4,1
2026-06-02 04:35:00,Snacks,,0.0,236.4,4,1
2026-06-02 04:35:00,Electronics,2.0,0.0,254.6,4,1
2026-06-02 04:35:00,Checkout,7.0,5.0,157.6,4,1
2026-06-02 04:40:00,Entrance,5.0,5.0,43.1,4,1
2026-06-02 04:40:00,Dairy,6.0,7.0,214.4,4,1
2026-06-02 04:40:00,Bakery,8.0,7.0,242.0,4,1
2026-06-02 04:40:00,Produce,5.0,2.0,282.9,4,1
2026-06-02 04:40:00,Snacks,3.0,1.0,113.7,4,1
2026-06-02 04:40:00,Electronics,2.0,0.0,428.8,4,1
2026-06-02 04:40:00,Checkout,3.0,4.0,140.6,4,1
2026-06-02 04:45:00,Entrance,3.0,4.0,50.1,4,1
2026-06-02 04:45:00,Dairy,1.0,0.0,216.5,4,1
2026-06-02 04:45:00,Bakery,5.0,7.0,247.7,4,1
2026-06-02 04:45:00,Produce,6.0,3.0,244.4,4,1
2026-06-02 04:45:00,Snacks,5.0,3.0,236.4,4,1
2026-06-02 04:45:00,Electronics,2.0,1.0,339.5,4,1
2026-06-02 04:45:00,Checkout,7.0,9.0,140.5,4,1
2026-06-02 04:50:00,Entrance,2.0,1.0,46.5,4,1
2026-06-02 04:50:00,Dairy,3.0,5.0,241.8,4,1
2026-06-02 04:50:00,Bakery,2.0,,129.4,4,1
2026-06-02 04:50:00,Produce,2.0,0.0,216.5,4,1
2026-06-02 04:50:00,Snacks,5.0,6.0,261.8,4,1
2026-06-02 04:50:00,Electronics,3.0,2.0,175.1,4,1
2026-06-02 04:50:00,Checkout,1.0,0.0,150.1,4,1
2026-06-02 04:55:00,Entrance,5.0,4.0,52.6,4,1
2026-06-02 04:55:00,Dairy,6.0,4.0,206.4,4,1
2026-06-02 04:55:00,Bakery,2.0,1.0,233.3,4,1
2026-06-02 04:55:00,Produce,7.0,8.0,245.4,4,1
2026-06-02 04:55:00,Snacks,0.0,0.0,199.7,4,1
2026-06-02 04:55:00,Electronics,2.0,0.0,223.0,4,1
2026-06-02 04:55:00,Checkout,5.0,3.0,132.3,4,1
2026-06-02 05:00:00,Entrance,4.0,5.0,43.5,5,1
2026-06-02 05:00:00,Dairy,4.0,,183.3,5,1
2026-06-02 05:00:00,Bakery,3.0,3.0,136.5,5,1
2026-06-02 05:00:00,Produce,3.0,1.0,253.2,5,1
2026-06-02 05:00:00,Snacks,3.0,2.0,233.9,5,1
2026-06-02 05:00:00,Electronics,2.0,1.0,295.5,5,1
2026-06-02 05:00:00,Checkout,7.0,5.0,209.0,5,1
2026-06-02 05:05:00,Entrance,11.0,10.0,40.5,5,1
2026-06-02 05:05:00,Dairy,4.0,3.0,270.1,5,1
2026-06-02 05:05:00,Bakery,5.0,3.0,202.1,5,1
2026-06-02 05:05:00,Produce,5.0,4.0,129.5,5,1
2026-06-02 05:05:00,Snacks,5.0,5.0,220.1,5,1
2026-06-02 05:05:00,Electronics,3.0,6.0,300.9,5,1
2026-06-02 05:05:00,Checkout,6.0,6.0,192.9,5,1
2026-06-02 05:10:00,Entrance,9.0,8.0,66.1,5,1
2026-06-02 05:10:00,Dairy,6.0,7.0,206.3,5,1
2026-06-02 05:10:00,Bakery,5.0,3.0,,5,1
2026-06-02 05:10:00,Produce,8.0,8.0,256.4,5,1
2026-06-02 05:10:00,Snacks,1.0,,138.7,5,1
2026-06-02 05:10:00,Electronics,0.0,2.0,465.8,5,1
2026-06-02 05:10:00,Checkout,6.0,6.0,192.0,5,1
2026-06-02 05:15:00,Entrance,6.0,5.0,56.4,5,1
2026-06-02 05:15:00,Dairy,6.0,8.0,191.1,5,1
2026-06-02 05:15:00,Bakery,1.0,0.0,255.8,5,1
2026-06-02 05:15:00,Produce,5.0,4.0,230.5,5,1
2026-06-02 05:15:00,Snacks,4.0,3.0,208.0,5,1
2026-06-02 05:15:00,Electronics,1.0,0.0,275.4,5,1
2026-06-02 05:15:00,Checkout,8.0,7.0,139.7,5,1
2026-06-02 05:20:00,Entrance,5.0,3.0,46.1,5,1
2026-06-02 05:20:00,Dairy,3.0,3.0,254.4,5,1
2026-06-02 05:20:00,Bakery,4.0,3.0,215.9,5,1
2026-06-02 05:20:00,Produce,6.0,5.0,174.9,5,1
2026-06-02 05:20:00,Snacks,,0.0,203.6,5,1
2026-06-02 05:20:00,Electronics,4.0,3.0,357.5,5,1
2026-06-02 05:20:00,Checkout,6.0,4.0,134.7,5,1
2026-06-02 05:25:00,Entrance,5.0,5.0,37.6,5,1
2026-06-02 05:25:00,Dairy,,0.0,236.1,5,1
2026-06-02 05:25:00,Bakery,1.0,0.0,263.6,5,1
2026-06-02 05:25:00,Produce,6.0,5.0,146.9,5,1
2026-06-02 05:25:00,Snacks,4.0,2.0,274.4,5,1
2026-06-02 05:25:00,Electronics,4.0,3.0,295.1,5,1
2026-06-02 05:25:00,Checkout,4.0,5.0,208.7,5,1
2026-06-02 05:30:00,Entrance,5.0,7.0,56.0,5,1
2026-06-02 05:30:00,Dairy,3.0,4.0,124.8,5,1
2026-06-02 05:30:00,Bakery,3.0,3.0,229.2,5,1
2026-06-02 05:30:00,Produce,6.0,5.0,243.5,5,1
2026-06-02 05:30:00,Snacks,4.0,2.0,233.3,5,1
2026-06-02 05:30:00,Electronics,1.0,0.0,493.3,5,1
2026-06-02 05:30:00,Checkout,5.0,4.0,124.4,5,1
2026-06-02 05:35:00,Entrance,8.0,9.0,52.9,5,1
2026-06-02 05:35:00,Dairy,6.0,,258.4,5,1
2026-06-02 05:35:00,Bakery,1.0,0.0,232.5,5,1
2026-06-02 05:35:00,Produce,1.0,2.0,346.5,5,1
2026-06-02 05:35:00,Snacks,3.0,4.0,218.6,5,1
2026-06-02 05:35:00,Electronics,2.0,0.0,511.5,5,1
2026-06-02 05:35:00,Checkout,5.0,6.0,187.3,5,1
2026-06-02 05:40:00,Entrance,6.0,7.0,70.6,5,1
2026-06-02 05:40:00,Dairy,4.0,6.0,272.7,5,1
2026-06-02 05:40:00,Bakery,5.0,7.0,225.9,5,1
2026-06-02 05:40:00,Produce,5.0,8.0,,5,1
2026-06-02 05:40:00,Snacks,3.0,0.0,242.4,5,1
2026-06-02 05:40:00,Electronics,5.0,6.0,438.4,5,1
2026-06-02 05:40:00,Checkout,4.0,4.0,149.0,5,1
2026-06-02 05:45:00,Entrance,9.0,7.0,25.2,5,1
2026-06-02 05:45:00,Dairy,3.0,3.0,306.6,5,1
2026-06-02 05:45:00,Bakery,2.0,1.0,123.9,5,1
2026-06-02 05:45:00,Produce,2.0,0.0,213.4,5,1
2026-06-02 05:45:00,Snacks,,7.0,214.1,5,1
2026-06-02 05:45:00,Electronics,4.0,0.0,265.9,5,1
2026-06-02 05:45:00,Checkout,11.0,12.0,168.7,5,1
2026-06-02 05:50:00,Entrance,8.0,8.0,49.2,5,1
2026-06-02 05:50:00,Dairy,2.0,0.0,230.1,5,1
2026-06-02 05:50:00,Bakery,4.0,4.0,304.5,5,1
2026-06-02 05:50:00,Produce,8.0,5.0,236.1,5,1
2026-06-02 05:50:00,Snacks,0.0,2.0,165.8,5,1
2026-06-02 05:50:00,Electronics,1.0,0.0,480.4,5,1
2026-06-02 05:50:00,Checkout,4.0,3.0,155.5,5,1
2026-06-02 05:55:00,Entrance,8.0,6.0,34.7,5,1
2026-06-02 05:55:00,Dairy,5.0,3.0,262.8,5,1
2026-06-02 05:55:00,Bakery,2.0,2.0,283.9,5,1
2026-06-02 05:55:00,Produce,5.0,7.0,270.3,5,1
2026-06-02 05:55:00,Snacks,4.0,5.0,179.2,5,1
2026-06-02 05:55:00,Electronics,0.0,0.0,399.9,5,1
2026-06-02 05:55:00,Checkout,6.0,8.0,188.5,5,1
2026-06-02 06:00:00,Entrance,2.0,4.0,42.7,6,1
2026-06-02 06:00:00,Dairy,6.0,6.0,160.7,6,1
2026-06-02 06:00:00,Bakery,2.0,3.0,256.2,6,1
2026-06-02 06:00:00,Produce,1.0,0.0,148.6,6,1
2026-06-02 06:00:00,Snacks,5.0,6.0,230.0,6,1
2026-06-02 06:00:00,Electronics,5.0,5.0,381.9,6,1
2026-06-02 06:00:00,Checkout,3.0,3.0,132.5,6,1
2026-06-02 06:05:00,Entrance,4.0,3.0,45.4,6,1
2026-06-02 06:05:00,Dairy,3.0,0.0,174.9,6,1
2026-06-02 06:05:00,Bakery,1.0,2.0,263.0,6,1
2026-06-02 06:05:00,Produce,2.0,1.0,150.2,6,1
2026-06-02 06:05:00,Snacks,5.0,6.0,290.1,6,1
2026-06-02 06:05:00,Electronics,4.0,5.0,386.4,6,1
2026-06-02 06:05:00,Checkout,6.0,3.0,161.2,6,1
2026-06-02 06:10:00,Entrance,8.0,7.0,58.6,6,1
2026-06-02 06:10:00,Dairy,3.0,0.0,153.7,6,1
2026-06-02 06:10:00,Bakery,4.0,4.0,171.1,6,1
2026-06-02 06:10:00,Produce,4.0,3.0,190.6,6,1
2026-06-02 06:10:00,Snacks,5.0,6.0,253.3,6,1
2026-06-02 06:10:00,Electronics,2.0,0.0,281.6,6,1
2026-06-02 06:10:00,Checkout,2.0,0.0,228.6,6,1
2026-06-02 06:15:00,Entrance,11.0,11.0,64.2,6,1
2026-06-02 06:15:00,Dairy,6.0,4.0,234.4,6,1
2026-06-02 06:15:00,Bakery,6.0,4.0,245.3,6,1
2026-06-02 06:15:00,Produce,3.0,3.0,140.7,6,1
2026-06-02 06:15:00,Snacks,5.0,6.0,290.2,6,1
2026-06-02 06:15:00,Electronics,1.0,2.0,541.9,6,1
2026-06-02 06:15:00,Checkout,4.0,3.0,126.8,6,1
2026-06-02 06:20:00,Entrance,10.0,8.0,56.5,6,1
2026-06-02 06:20:00,Dairy,8.0,5.0,152.9,6,1
2026-06-02 06:20:00,Bakery,4.0,5.0,,6,1
2026-06-02 06:20:00,Produce,4.0,5.0,183.7,6,1
2026-06-02 06:20:00,Snacks,4.0,4.0,160.6,6,1
2026-06-02 06:20:00,Electronics,2.0,2.0,407.3,6,1
2026-06-02 06:20:00,Checkout,5.0,7.0,198.1,6,1
2026-06-02 06:25:00,Entrance,8.0,8.0,42.7,6,1
2026-06-02 06:25:00,Dairy,2.0,1.0,157.6,6,1
2026-06-02 06:25:00,Bakery,4.0,5.0,244.5,6,1
2026-06-02 06:25:00,Produce,4.0,2.0,264.2,6,1
2026-06-02 06:25:00,Snacks,6.0,9.0,234.7,6,1
2026-06-02 06:25:00,Electronics,1.0,3.0,415.8,6,1
2026-06-02 06:25:00,Checkout,5.0,5.0,191.7,6,1
2026-06-02 06:30:00,Entrance,6.0,6.0,38.5,6,1
2026-06-02 06:30:00,Dairy,5.0,2.0,288.7,6,1
2026-06-02 06:30:00,Bakery,6.0,,226.3,6,1
2026-06-02 06:30:00,Produce,8.0,8.0,303.3,6,1
2026-06-02 06:30:00,Snacks,3.0,1.0,201.4,6,1
2026-06-02 06:30:00,Electronics,3.0,1.0,453.6,6,1
2026-06-02 06:30:00,Checkout,7.0,7.0,75.7,6,1
2026-06-02 06:35:00,Entrance,6.0,6.0,46.8,6,1
2026-06-02 06:35:00,Dairy,2.0,2.0,165.9,6,1
2026-06-02 06:35:00,Bakery,5.0,6.0,157.1,6,1
2026-06-02 06:35:00,Produce,,9.0,163.7,6,1
2026-06-02 06:35:00,Snacks,2.0,3.0,278.7,6,1
2026-06-02 06:35:00,Electronics,4.0,3.0,340.2,6,1
2026-06-02 06:35:00,Checkout,5.0,6.0,142.3,6,1
2026-06-02 06:40:00,Entrance,6.0,6.0,30.1,6,1
2026-06-02 06:40:00,Dairy,3.0,2.0,157.8,6,1
2026-06-02 06:40:00,Bakery,3.0,2.0,,6,1
2026-06-02 06:40:00,Produce,1.0,3.0,225.9,6,1
2026-06-02 06:40:00,Snacks,7.0,7.0,202.2,6,1
2026-06-02 06:40:00,Electronics,0.0,1.0,203.6,6,1
2026-06-02 06:40:00,Checkout,6.0,5.0,127.7,6,1
2026-06-02 06:45:00,Entrance,7.0,5.0,48.9,6,1
2026-06-02 06:45:00,Dairy,3.0,3.0,185.2,6,1
2026-06-02 06:45:00,Bakery,4.0,1.0,290.5,6,1
2026-06-02 06:45:00,Produce,3.0,1.0,302.2,6,1
2026-06-02 06:45:00,Snacks,5.0,5.0,144.2,6,1
2026-06-02 06:45:00,Electronics,0.0,0.0,338.9,6,1
2026-06-02 06:45:00,Checkout,9.0,8.0,251.4,6,1
2026-06-02 06:50:00,Entrance,10.0,9.0,42.9,6,1
2026-06-02 06:50:00,Dairy,4.0,3.0,228.5,6,1
2026-06-02 06:50:00,Bakery,3.0,4.0,238.4,6,1
2026-06-02 06:50:00,Produce,2.0,0.0,222.8,6,1
2026-06-02 06:50:00,Snacks,2.0,3.0,173.4,6,1
2026-06-02 06:50:00,Electronics,2.0,0.0,454.0,6,1
2026-06-02 06:50:00,Checkout,3.0,,165.7,6,1
2026-06-02 06:55:00,Entrance,5.0,6.0,45.9,6,1
2026-06-02 06:55:00,Dairy,3.0,0.0,158.4,6,1
2026-06-02 06:55:00,Bakery,2.0,1.0,239.9,6,1
2026-06-02 06:55:00,Produce,1.0,3.0,192.7,6,1
2026-06-02 06:55:00,Snacks,2.0,3.0,165.8,6,1
2026-06-02 06:55:00,Electronics,2.0,2.0,352.4,6,1
2026-06-02 06:55:00,Checkout,0.0,0.0,123.0,6,1
2026-06-02 07:00:00,Entrance,3.0,3.0,25.4,7,1
2026-06-02 07:00:00,Dairy,4.0,4.0,97.8,7,1
2026-06-02 07:00:00,Bakery,2.0,0.0,134.8,7,1
2026-06-02 07:00:00,Produce,6.0,8.0,195.4,7,1
2026-06-02 07:00:00,Snacks,5.0,5.0,310.0,7,1
2026-06-02 07:00:00,Electronics,2.0,0.0,410.8,7,1
2026-06-02 07:00:00,Checkout,10.0,11.0,80.4,7,1
2026-06-02 07:05:00,Entrance,13.0,11.0,47.6,7,1
2026-06-02 07:05:00,Dairy,3.0,6.0,153.8,7,1
2026-06-02 07:05:00,Bakery,3.0,1.0,169.2,7,1
2026-06-02 07:05:00,Produce,6.0,4.0,322.0,7,1
2026-06-02 07:05:00,Snacks,4.0,3.0,246.3,7,1
2026-06-02 07:05:00,Electronics,3.0,1.0,426.6,7,1
2026-06-02 07:05:00,Checkout,9.0,9.0,147.1,7,1
2026-06-02 07:10:00,Entrance,9.0,7.0,56.7,7,1
2026-06-02 07:10:00,Dairy,4.0,0.0,255.9,7,1
2026-06-02 07:10:00,Bakery,1.0,1.0,149.3,7,1
2026-06-02 07:10:00,Produce,6.0,6.0,227.4,7,1
2026-06-02 07:10:00,Snacks,3.0,0.0,258.5,7,1
2026-06-02 07:10:00,Electronics,3.0,4.0,186.6,7,1
2026-06-02 07:10:00,Checkout,5.0,2.0,206.0,7,1
2026-06-02 07:15:00,Entrance,,7.0,42.6,7,1
2026-06-02 07:15:00,Dairy,5.0,2.0,196.4,7,1
2026-06-02 07:15:00,Bakery,2.0,1.0,,7,1
2026-06-02 07:15:00,Produce,2.0,4.0,210.9,7,1
2026-06-02 07:15:00,Snacks,3.0,1.0,177.8,7,1
2026-06-02 07:15:00,Electronics,4.0,4.0,300.7,7,1
2026-06-02 07:15:00,Checkout,5.0,4.0,160.4,7,1
2026-06-02 07:20:00,Entrance,7.0,7.0,32.7,7,1
2026-06-02 07:20:00,Dairy,5.0,6.0,262.4,7,1
2026-06-02 07:20:00,Bakery,1.0,0.0,264.1,7,1
2026-06-02 07:20:00,Produce,4.0,2.0,298.8,7,1
2026-06-02 07:20:00,Snacks,4.0,6.0,349.8,7,1
2026-06-02 07:20:00,Electronics,4.0,6.0,385.7,7,1
2026-06-02 07:20:00,Checkout,10.0,10.0,109.1,7,1
2026-06-02 07:25:00,Entrance,3.0,1.0,56.1,7,1
2026-06-02 07:25:00,Dairy,4.0,2.0,264.4,7,1
2026-06-02 07:25:00,Bakery,3.0,0.0,279.0,7,1
2026-06-02 07:25:00,Produce,2.0,0.0,253.9,7,1
2026-06-02 07:25:00,Snacks,4.0,7.0,106.1,7,1
2026-06-02 07:25:00,Electronics,2.0,0.0,360.6,7,1
2026-06-02 07:25:00,Checkout,8.0,6.0,74.5,7,1
2026-06-02 07:30:00,Entrance,8.0,9.0,62.5,7,1
2026-06-02 07:30:00,Dairy,11.0,11.0,218.8,7,1
2026-06-02 07:30:00,Bakery,4.0,5.0,220.4,7,1
2026-06-02 07:30:00,Produce,,3.0,225.0,7,1
2026-06-02 07:30:00,Snacks,6.0,8.0,209.0,7,1
2026-06-02 07:30:00,Electronics,3.0,2.0,323.8,7,1
2026-06-02 07:30:00,Checkout,6.0,6.0,148.9,7,1
2026-06-02 07:35:00,Entrance,7.0,,31.8,7,1
2026-06-02 07:35:00,Dairy,1.0,0.0,269.8,7,1
2026-06-02 07:35:00,Bakery,5.0,4.0,190.1,7,1
2026-06-02 07:35:00,Produce,6.0,5.0,99.7,7,1
2026-06-02 07:35:00,Snacks,4.0,6.0,191.6,7,1
2026-06-02 07:35:00,Electronics,6.0,7.0,493.2,7,1
2026-06-02 07:35:00,Checkout,5.0,5.0,96.4,7,1
2026-06-02 07:40:00,Entrance,5.0,5.0,22.4,7,1
2026-06-02 07:40:00,Dairy,6.0,7.0,195.7,7,1
2026-06-02 07:40:00,Bakery,5.0,4.0,250.4,7,1
2026-06-02 07:40:00,Produce,3.0,3.0,181.4,7,1
2026-06-02 07:40:00,Snacks,4.0,3.0,244.9,7,1
2026-06-02 07:40:00,Electronics,3.0,3.0,473.1,7,1
2026-06-02 07:40:00,Checkout,7.0,8.0,109.6,7,1
2026-06-02 07:45:00,Entrance,5.0,3.0,24.0,7,1
2026-06-02 07:45:00,Dairy,3.0,3.0,,7,1
2026-06-02 07:45:00,Bakery,0.0,3.0,200.5,7,1
2026-06-02 07:45:00,Produce,2.0,1.0,318.4,7,1
2026-06-02 07:45:00,Snacks,2.0,1.0,275.4,7,1
2026-06-02 07:45:00,Electronics,2.0,2.0,186.9,7,1
2026-06-02 07:45:00,Checkout,7.0,7.0,148.7,7,1
2026-06-02 07:50:00,Entrance,3.0,2.0,61.0,7,1
2026-06-02 07:50:00,Dairy,4.0,6.0,307.4,7,1
2026-06-02 07:50:00,Bakery,0.0,1.0,230.5,7,1
2026-06-02 07:50:00,Produce,2.0,1.0,199.9,7,1
2026-06-02 07:50:00,Snacks,2.0,0.0,208.9,7,1
2026-06-02 07:50:00,Electronics,4.0,2.0,339.7,7,1
2026-06-02 07:50:00,Checkout,7.0,7.0,173.2,7,1
2026-06-02 07:55:00,Entrance,4.0,5.0,44.0,7,1
2026-06-02 07:55:00,Dairy,4.0,7.0,193.3,7,1
2026-06-02 07:55:00,Bakery,0.0,0.0,167.4,7,1
2026-06-02 07:55:00,Produce,4.0,6.0,237.3,7,1
2026-06-02 07:55:00,Snacks,6.0,6.0,162.6,7,1
2026-06-02 07:55:00,Electronics,2.0,2.0,408.1,7,1
2026-06-02 07:55:00,Checkout,5.0,3.0,137.8,7,1
2026-06-02 08:00:00,Entrance,7.0,9.0,33.2,8,1
2026-06-02 08:00:00,Dairy,3.0,0.0,183.6,8,1
2026-06-02 08:00:00,Bakery,2.0,3.0,170.7,8,1
2026-06-02 08:00:00,Produce,1.0,,221.1,8,1
2026-06-02 08:00:00,Snacks,4.0,4.0,177.9,8,1
2026-06-02 08:00:00,Electronics,3.0,5.0,467.0,8,1
2026-06-02 08:00:00,Checkout,7.0,8.0,258.8,8,1
2026-06-02 08:05:00,Entrance,5.0,4.0,34.9,8,1
2026-06-02 08:05:00,Dairy,8.0,10.0,201.9,8,1
2026-06-02 08:05:00,Bakery,4.0,4.0,301.1,8,1
2026-06-02 08:05:00,Produce,3.0,4.0,202.4,8,1
2026-06-02 08:05:00,Snacks,1.0,1.0,100.0,8,1
2026-06-02 08:05:00,Electronics,1.0,1.0,282.6,8,1
2026-06-02 08:05:00,Checkout,11.0,11.0,178.0,8,1
2026-06-02 08:10:00,Entrance,6.0,5.0,48.6,8,1
2026-06-02 08:10:00,Dairy,4.0,,226.3,8,1
2026-06-02 08:10:00,Bakery,1.0,1.0,169.6,8,1
2026-06-02 08:10:00,Produce,7.0,7.0,177.3,8,1
2026-06-02 08:10:00,Snacks,4.0,1.0,120.1,8,1
2026-06-02 08:10:00,Electronics,1.0,0.0,232.7,8,1
2026-06-02 08:10:00,Checkout,4.0,5.0,176.3,8,1
2026-06-02 08:15:00,Entrance,7.0,7.0,38.1,8,1
2026-06-02 08:15:00,Dairy,4.0,4.0,302.3,8,1
2026-06-02 08:15:00,Bakery,2.0,,170.2,8,1
2026-06-02 08:15:00,Produce,3.0,4.0,204.7,8,1
2026-06-02 08:15:00,Snacks,8.0,8.0,233.1,8,1
2026-06-02 08:15:00,Electronics,1.0,0.0,276.8,8,1
2026-06-02 08:15:00,Checkout,5.0,4.0,171.1,8,1
2026-06-02 08:20:00,Entrance,7.0,7.0,22.8,8,1
2026-06-02 08:20:00,Dairy,3.0,0.0,232.9,8,1
2026-06-02 08:20:00,Bakery,0.0,0.0,178.1,8,1
2026-06-02 08:20:00,Produce,5.0,4.0,135.9,8,1
2026-06-02 08:20:00,Snacks,6.0,5.0,149.4,8,1
2026-06-02 08:20:00,Electronics,3.0,3.0,418.6,8,1
2026-06-02 08:20:00,Checkout,6.0,8.0,,8,1
2026-06-02 08:25:00,Entrance,8.0,7.0,44.6,8,1
2026-06-02 08:25:00,Dairy,0.0,1.0,192.8,8,1
2026-06-02 08:25:00,Bakery,2.0,1.0,217.3,8,1
2026-06-02 08:25:00,Produce,3.0,1.0,317.5,8,1
2026-06-02 08:25:00,Snacks,5.0,4.0,112.6,8,1
2026-06-02 08:25:00,Electronics,3.0,4.0,416.9,8,1
2026-06-02 08:25:00,Checkout,6.0,4.0,145.9,8,1
2026-06-02 08:30:00,Entrance,7.0,7.0,19.9,8,1
2026-06-02 08:30:00,Dairy,2.0,3.0,231.1,8,1
2026-06-02 08:30:00,Bakery,3.0,2.0,266.0,8,1
2026-06-02 08:30:00,Produce,5.0,7.0,226.0,8,1
2026-06-02 08:30:00,Snacks,,0.0,250.3,8,1
2026-06-02 08:30:00,Electronics,1.0,2.0,479.4,8,1
2026-06-02 08:30:00,Checkout,5.0,7.0,208.6,8,1
2026-06-02 08:35:00,Entrance,5.0,4.0,43.6,8,1
2026-06-02 08:35:00,Dairy,3.0,1.0,185.6,8,1
2026-06-02 08:35:00,Bakery,1.0,2.0,187.3,8,1
2026-06-02 08:35:00,Produce,4.0,6.0,212.4,8,1
2026-06-02 08:35:00,Snacks,2.0,0.0,241.3,8,1
2026-06-02 08:35:00,Electronics,0.0,1.0,,8,1
2026-06-02 08:35:00,Checkout,7.0,7.0,198.1,8,1
2026-06-02 08:40:00,Entrance,5.0,3.0,56.4,8,1
2026-06-02 08:40:00,Dairy,6.0,4.0,179.1,8,1
2026-06-02 08:40:00,Bakery,5.0,6.0,198.7,8,1
2026-06-02 08:40:00,Produce,1.0,2.0,281.3,8,1
2026-06-02 08:40:00,Snacks,2.0,0.0,155.1,8,1
2026-06-02 08:40:00,Electronics,3.0,3.0,430.5,8,1
2026-06-02 08:40:00,Checkout,3.0,0.0,153.4,8,1
2026-06-02 08:45:00,Entrance,7.0,8.0,48.8,8,1
2026-06-02 08:45:00,Dairy,5.0,5.0,226.1,8,1
2026-06-02 08:45:00,Bakery,2.0,0.0,205.8,8,1
2026-06-02 08:45:00,Produce,3.0,4.0,208.7,8,1
2026-06-02 08:45:00,Snacks,3.0,2.0,340.0,8,1
2026-06-02 08:45:00,Electronics,1.0,,257.1,8,1
2026-06-02 08:45:00,Checkout,4.0,1.0,145.0,8,1
2026-06-02 08:50:00,Entrance,4.0,2.0,39.1,8,1
2026-06-02 08:50:00,Dairy,5.0,4.0,242.5,8,1
2026-06-02 08:50:00,Bakery,5.0,4.0,123.0,8,1
2026-06-02 08:50:00,Produce,,3.0,189.4,8,1
2026-06-02 08:50:00,Snacks,4.0,4.0,225.5,8,1
2026-06-02 08:50:00,Electronics,1.0,,493.8,8,1
2026-06-02 08:50:00,Checkout,7.0,6.0,137.4,8,1
2026-06-02 08:55:00,Entrance,8.0,9.0,30.1,8,1
2026-06-02 08:55:00,Dairy,1.0,2.0,271.2,8,1
2026-06-02 08:55:00,Bakery,1.0,1.0,281.6,8,1
2026-06-02 08:55:00,Produce,2.0,3.0,101.5,8,1
2026-06-02 08:55:00,Snacks,5.0,5.0,271.6,8,1
2026-06-02 08:55:00,Electronics,1.0,1.0,468.1,8,1
2026-06-02 08:55:00,Checkout,8.0,4.0,192.2,8,1
2026-06-02 09:00:00,Entrance,37.0,45.0,44.7,9,1
2026-06-02 09:00:00,Dairy,15.0,15.0,293.6,9,1
2026-06-02 09:00:00,Bakery,15.0,17.0,190.8,9,1
2026-06-02 09:00:00,Produce,17.0,20.0,171.5,9,1
2026-06-02 09:00:00,Snacks,10.0,11.0,204.8,9,1
2026-06-02 09:00:00,Electronics,7.0,6.0,421.6,9,1
2026-06-02 09:00:00,Checkout,27.0,33.0,147.2,9,1
2026-06-02 09:05:00,Entrance,23.0,17.0,31.8,9,1
2026-06-02 09:05:00,Dairy,15.0,16.0,121.1,9,1
2026-06-02 09:05:00,Bakery,17.0,14.0,223.5,9,1
2026-06-02 09:05:00,Produce,23.0,23.0,180.8,9,1
2026-06-02 09:05:00,Snacks,20.0,20.0,278.2,9,1
2026-06-02 09:05:00,Electronics,11.0,,376.9,9,1
2026-06-02 09:05:00,Checkout,29.0,33.0,177.6,9,1
2026-06-02 09:10:00,Entrance,33.0,29.0,75.3,9,1
2026-06-02 09:10:00,Dairy,22.0,23.0,214.5,9,1
2026-06-02 09:10:00,Bakery,,6.0,248.1,9,1
2026-06-02 09:10:00,Produce,20.0,23.0,167.4,9,1
2026-06-02 09:10:00,Snacks,11.0,7.0,280.3,9,1
2026-06-02 09:10:00,Electronics,12.0,11.0,335.7,9,1
2026-06-02 09:10:00,Checkout,29.0,33.0,119.8,9,1
2026-06-02 09:15:00,Entrance,34.0,38.0,41.8,9,1
2026-06-02 09:15:00,Dairy,,33.0,180.3,9,1
2026-06-02 09:15:00,Bakery,12.0,13.0,193.4,9,1
2026-06-02 09:15:00,Produce,25.0,16.0,169.1,9,1
2026-06-02 09:15:00,Snacks,15.0,13.0,210.2,9,1
2026-06-02 09:15:00,Electronics,5.0,5.0,450.8,9,1
2026-06-02 09:15:00,Checkout,22.0,22.0,124.3,9,1
2026-06-02 09:20:00,Entrance,34.0,34.0,47.3,9,1
2026-06-02 09:20:00,Dairy,13.0,12.0,154.1,9,1
2026-06-02 09:20:00,Bakery,20.0,21.0,225.1,9,1
2026-06-02 09:20:00,Produce,21.0,19.0,206.9,9,1
2026-06-02 09:20:00,Snacks,9.0,10.0,308.4,9,1
2026-06-02 09:20:00,Electronics,11.0,16.0,160.0,9,1
2026-06-02 09:20:00,Checkout,29.0,33.0,171.8,9,1
2026-06-02 09:25:00,Entrance,34.0,31.0,49.7,9,1
2026-06-02 09:25:00,Dairy,15.0,17.0,207.9,9,1
2026-06-02 09:25:00,Bakery,17.0,14.0,147.7,9,1
2026-06-02 09:25:00,Produce,26.0,27.0,227.5,9,1
2026-06-02 09:25:00,Snacks,21.0,24.0,169.5,9,1
2026-06-02 09:25:00,Electronics,15.0,11.0,338.0,9,1
2026-06-02 09:25:00,Checkout,29.0,21.0,153.2,9,1
2026-06-02 09:30:00,Entrance,27.0,20.0,29.3,9,1
2026-06-02 09:30:00,Dairy,21.0,19.0,294.6,9,1
2026-06-02 09:30:00,Bakery,10.0,10.0,249.0,9,1
2026-06-02 09:30:00,Produce,24.0,27.0,212.0,9,1
2026-06-02 09:30:00,Snacks,16.0,16.0,186.4,9,1
2026-06-02 09:30:00,Electronics,8.0,8.0,239.3,9,1
2026-06-02 09:30:00,Checkout,30.0,34.0,,9,1
2026-06-02 09:35:00,Entrance,27.0,28.0,31.3,9,1
2026-06-02 09:35:00,Dairy,33.0,,115.3,9,1
2026-06-02 09:35:00,Bakery,10.0,6.0,262.6,9,1
2026-06-02 09:35:00,Produce,25.0,23.0,290.2,9,1
2026-06-02 09:35:00,Snacks,14.0,12.0,278.6,9,1
2026-06-02 09:35:00,Electronics,17.0,19.0,442.9,9,1
2026-06-02 09:35:00,Checkout,36.0,29.0,177.6,9,1
2026-06-02 09:40:00,Entrance,29.0,25.0,64.2,9,1
2026-06-02 09:40:00,Dairy,24.0,19.0,229.0,9,1
2026-06-02 09:40:00,Bakery,15.0,14.0,215.6,9,1
2026-06-02 09:40:00,Produce,21.0,14.0,263.1,9,1
2026-06-02 09:40:00,Snacks,10.0,8.0,176.0,9,1
2026-06-02 09:40:00,Electronics,12.0,14.0,387.0,9,1
2026-06-02 09:40:00,Checkout,26.0,22.0,119.5,9,1
2026-06-02 09:45:00,Entrance,27.0,28.0,34.0,9,1
2026-06-02 09:45:00,Dairy,15.0,15.0,179.3,9,1
2026-06-02 09:45:00,Bakery,14.0,17.0,285.4,9,1
2026-06-02 09:45:00,Produce,24.0,22.0,164.9,9,1
2026-06-02 09:45:00,Snacks,18.0,15.0,212.0,9,1
2026-06-02 09:45:00,Electronics,8.0,8.0,265.2,9,1
2026-06-02 09:45:00,Checkout,24.0,24.0,125.6,9,1
2026-06-02 09:50:00,Entrance,26.0,17.0,15.0,9,1
2026-06-02 09:50:00,Dairy,24.0,24.0,220.8,9,1
2026-06-02 09:50:00,Bakery,14.0,12.0,212.9,9,1
2026-06-02 09:50:00,Produce,17.0,19.0,128.0,9,1
2026-06-02 09:50:00,Snacks,15.0,13.0,208.2,9,1
2026-06-02 09:50:00,Electronics,10.0,8.0,,9,1
2026-06-02 09:50:00,Checkout,21.0,16.0,139.7,9,1
2026-06-02 09:55:00,Entrance,36.0,31.0,41.3,9,1
2026-06-02 09:55:00,Dairy,22.0,19.0,251.4,9,1
2026-06-02 09:55:00,Bakery,13.0,11.0,223.8,9,1
2026-06-02 09:55:00,Produce,14.0,15.0,237.5,9,1
2026-06-02 09:55:00,Snacks,20.0,19.0,164.0,9,1
2026-06-02 09:55:00,Electronics,10.0,6.0,318.0,9,1
2026-06-02 09:55:00,Checkout,25.0,16.0,164.7,9,1
2026-06-02 10:00:00,Entrance,25.0,25.0,55.3,10,1
2026-06-02 10:00:00,Dairy,18.0,20.0,193.2,10,1
2026-06-02 10:00:00,Bakery,14.0,16.0,286.3,10,1
2026-06-02 10:00:00,Produce,13.0,14.0,201.9,10,1
2026-06-02 10:00:00,Snacks,22.0,20.0,227.2,10,1
2026-06-02 10:00:00,Electronics,10.0,8.0,230.7,10,1
2026-06-02 10:00:00,Checkout,17.0,16.0,160.2,10,1
2026-06-02 10:05:00,Entrance,26.0,16.0,51.9,10,1
2026-06-02 10:05:00,Dairy,22.0,20.0,186.2,10,1
2026-06-02 10:05:00,Bakery,23.0,26.0,181.7,10,1
2026-06-02 10:05:00,Produce,24.0,20.0,281.0,10,1
2026-06-02 10:05:00,Snacks,16.0,,244.1,10,1
2026-06-02 10:05:00,Electronics,7.0,6.0,333.6,10,1
2026-06-02 10:05:00,Checkout,22.0,25.0,209.6,10,1
2026-06-02 10:10:00,Entrance,36.0,33.0,32.1,10,1
2026-06-02 10:10:00,Dairy,15.0,11.0,278.7,10,1
2026-06-02 10:10:00,Bakery,16.0,18.0,160.1,10,1
2026-06-02 10:10:00,Produce,21.0,15.0,176.3,10,1
2026-06-02 10:10:00,Snacks,19.0,13.0,245.0,10,1
2026-06-02 10:10:00,Electronics,7.0,8.0,435.0,10,1
2026-06-02 10:10:00,Checkout,30.0,31.0,,10,1
2026-06-02 10:15:00,Entrance,29.0,29.0,43.8,10,1
2026-06-02 10:15:00,Dairy,23.0,27.0,226.9,10,1
2026-06-02 10:15:00,Bakery,12.0,13.0,279.0,10,1
2026-06-02 10:15:00,Produce,13.0,12.0,250.6,10,1
2026-06-02 10:15:00,Snacks,25.0,17.0,226.4,10,1
2026-06-02 10:15:00,Electronics,8.0,7.0,357.6,10,1
2026-06-02 10:15:00,Checkout,21.0,18.0,113.7,10,1
2026-06-02 10:20:00,Entrance,29.0,27.0,44.3,10,1
2026-06-02 10:20:00,Dairy,,20.0,63.6,10,1
2026-06-02 10:20:00,Bakery,,13.0,207.7,10,1
2026-06-02 10:20:00,Produce,23.0,15.0,211.1,10,1
2026-06-02 10:20:00,Snacks,15.0,14.0,272.1,10,1
2026-06-02 10:20:00,Electronics,8.0,4.0,330.2,10,1
2026-06-02 10:20:00,Checkout,23.0,25.0,228.7,10,1
2026-06-02 10:25:00,Entrance,29.0,25.0,46.0,10,1
2026-06-02 10:25:00,Dairy,19.0,18.0,210.2,10,1
2026-06-02 10:25:00,Bakery,10.0,,168.6,10,1
2026-06-02 10:25:00,Produce,15.0,13.0,205.8,10,1
2026-06-02 10:25:00,Snacks,14.0,17.0,172.6,10,1
2026-06-02 10:25:00,Electronics,6.0,7.0,377.2,10,1
2026-06-02 10:25:00,Checkout,36.0,29.0,185.7,10,1
2026-06-02 10:30:00,Entrance,20.0,23.0,29.9,10,1
2026-06-02 10:30:00,Dairy,30.0,27.0,127.1,10,1
2026-06-02 10:30:00,Bakery,21.0,21.0,146.9,10,1
2026-06-02 10:30:00,Produce,17.0,23.0,179.0,10,1
2026-06-02 10:30:00,Snacks,18.0,15.0,217.3,10,1
2026-06-02 10:30:00,Electronics,10.0,10.0,356.8,10,1
2026-06-02 10:30:00,Checkout,18.0,16.0,107.9,10,1
2026-06-02 10:35:00,Entrance,21.0,24.0,50.6,10,1
2026-06-02 10:35:00,Dairy,20.0,16.0,256.8,10,1
2026-06-02 10:35:00,Bakery,18.0,16.0,246.1,10,1
2026-06-02 10:35:00,Produce,19.0,20.0,219.0,10,1
2026-06-02 10:35:00,Snacks,12.0,13.0,244.6,10,1
2026-06-02 10:35:00,Electronics,6.0,4.0,300.7,10,1
2026-06-02 10:35:00,Checkout,17.0,16.0,162.5,10,1
2026-06-02 10:40:00,Entrance,29.0,22.0,43.2,10,1
2026-06-02 10:40:00,Dairy,17.0,17.0,239.0,10,1
2026-06-02 10:40:00,Bakery,15.0,14.0,189.1,10,1
2026-06-02 10:40:00,Produce,12.0,12.0,206.1,10,1
2026-06-02 10:40:00,Snacks,15.0,14.0,154.5,10,1
2026-06-02 10:40:00,Electronics,6.0,6.0,351.4,10,1
2026-06-02 10:40:00,Checkout,23.0,15.0,119.0,10,1
2026-06-02 10:45:00,Entrance,25.0,28.0,34.9,10,1
2026-06-02 10:45:00,Dairy,24.0,29.0,209.3,10,1
2026-06-02 10:45:00,Bakery,15.0,17.0,115.7,10,1
2026-06-02 10:45:00,Produce,18.0,12.0,155.4,10,1
2026-06-02 10:45:00,Snacks,12.0,9.0,292.8,10,1
2026-06-02 10:45:00,Electronics,16.0,17.0,439.3,10,1
2026-06-02 10:45:00,Checkout,18.0,19.0,133.2,10,1
2026-06-02 10:50:00,Entrance,44.0,55.0,55.2,10,1
2026-06-02 10:50:00,Dairy,21.0,25.0,280.5,10,1
2026-06-02 10:50:00,Bakery,15.0,15.0,165.4,10,1
2026-06-02 10:50:00,Produce,15.0,14.0,188.3,10,1
2026-06-02 10:50:00,Snacks,17.0,19.0,149.3,10,1
2026-06-02 10:50:00,Electronics,9.0,7.0,307.9,10,1
2026-06-02 10:50:00,Checkout,27.0,17.0,194.9,10,1
2026-06-02 10:55:00,Entrance,39.0,37.0,60.3,10,1
2026-06-02 10:55:00,Dairy,24.0,24.0,,10,1
2026-06-02 10:55:00,Bakery,11.0,13.0,165.8,10,1
2026-06-02 10:55:00,Produce,24.0,23.0,203.9,10,1
2026-06-02 10:55:00,Snacks,19.0,12.0,153.8,10,1
2026-06-02 10:55:00,Electronics,9.0,11.0,343.8,10,1
2026-06-02 10:55:00,Checkout,22.0,20.0,173.4,10,1
2026-06-02 11:00:00,Entrance,61.0,61.0,48.8,11,1
2026-06-02 11:00:00,Dairy,35.0,44.0,185.3,11,1
2026-06-02 11:00:00,Bakery,27.0,21.0,259.4,11,1
2026-06-02 11:00:00,Produce,42.0,43.0,229.5,11,1
2026-06-02 11:00:00,Snacks,46.0,53.0,229.6,11,1
2026-06-02 11:00:00,Electronics,17.0,19.0,551.7,11,1
2026-06-02 11:00:00,Checkout,41.0,42.0,173.8,11,1
2026-06-02 11:05:00,Entrance,57.0,40.0,37.3,11,1
2026-06-02 11:05:00,Dairy,44.0,36.0,203.9,11,1
2026-06-02 11:05:00,Bakery,28.0,24.0,,11,1
2026-06-02 11:05:00,Produce,35.0,29.0,105.2,11,1
2026-06-02 11:05:00,Snacks,28.0,27.0,287.0,11,1
2026-06-02 11:05:00,Electronics,14.0,14.0,450.3,11,1
2026-06-02 11:05:00,Checkout,37.0,41.0,99.9,11,1
2026-06-02 11:10:00,Entrance,47.0,29.0,39.0,11,1
2026-06-02 11:10:00,Dairy,38.0,46.0,247.7,11,1
2026-06-02 11:10:00,Bakery,28.0,30.0,202.8,11,1
2026-06-02 11:10:00,Produce,31.0,25.0,217.9,11,1
2026-06-02 11:10:00,Snacks,25.0,28.0,144.5,11,1
2026-06-02 11:10:00,Electronics,15.0,16.0,328.7,11,1
2026-06-02 11:10:00,Checkout,35.0,28.0,205.0,11,1
2026-06-02 11:15:00,Entrance,49.0,41.0,47.2,11,1
2026-06-02 11:15:00,Dairy,37.0,31.0,343.3,11,1
2026-06-02 11:15:00,Bakery,30.0,36.0,152.8,11,1
2026-06-02 11:15:00,Produce,29.0,37.0,236.6,11,1
2026-06-02 11:15:00,Snacks,24.0,21.0,167.7,11,1
2026-06-02 11:15:00,Electronics,13.0,9.0,540.2,11,1
2026-06-02 11:15:00,Checkout,40.0,44.0,190.8,11,1
2026-06-02 11:20:00,Entrance,54.0,64.0,43.2,11,1
2026-06-02 11:20:00,Dairy,34.0,44.0,179.1,11,1
2026-06-02 11:20:00,Bakery,19.0,18.0,143.2,11,1
2026-06-02 11:20:00,Produce,35.0,30.0,174.7,11,1
2026-06-02 11:20:00,Snacks,26.0,28.0,188.5,11,1
2026-06-02 11:20:00,Electronics,20.0,16.0,467.5,11,1
2026-06-02 11:20:00,Checkout,45.0,40.0,140.9,11,1
2026-06-02 11:25:00,Entrance,35.0,34.0,58.8,11,1
2026-06-02 11:25:00,Dairy,40.0,46.0,204.5,11,1
2026-06-02 11:25:00,Bakery,25.0,17.0,206.4,11,1
2026-06-02 11:25:00,Produce,35.0,35.0,228.6,11,1
2026-06-02 11:25:00,Snacks,31.0,29.0,159.8,11,1
2026-06-02 11:25:00,Electronics,18.0,19.0,395.7,11,1
2026-06-02 11:25:00,Checkout,44.0,43.0,236.6,11,1
2026-06-02 11:30:00,Entrance,50.0,33.0,40.4,11,1
2026-06-02 11:30:00,Dairy,41.0,47.0,204.5,11,1
2026-06-02 11:30:00,Bakery,20.0,19.0,273.2,11,1
2026-06-02 11:30:00,Produce,31.0,30.0,178.1,11,1
2026-06-02 11:30:00,Snacks,26.0,27.0,180.6,11,1
2026-06-02 11:30:00,Electronics,24.0,22.0,465.8,11,1
2026-06-02 11:30:00,Checkout,37.0,32.0,156.4,11,1
2026-06-02 11:35:00,Entrance,61.0,60.0,39.7,11,1
2026-06-02 11:35:00,Dairy,36.0,44.0,239.7,11,1
2026-06-02 11:35:00,Bakery,31.0,27.0,252.7,11,1
2026-06-02 11:35:00,Produce,27.0,25.0,192.3,11,1
2026-06-02 11:35:00,Snacks,22.0,20.0,185.5,11,1
2026-06-02 11:35:00,Electronics,14.0,14.0,459.7,11,1
2026-06-02 11:35:00,Checkout,36.0,31.0,239.8,11,1
2026-06-02 11:40:00,Entrance,55.0,65.0,56.3,11,1
2026-06-02 11:40:00,Dairy,38.0,37.0,164.7,11,1
2026-06-02 11:40:00,Bakery,28.0,29.0,168.5,11,1
2026-06-02 11:40:00,Produce,23.0,25.0,266.8,11,1
2026-06-02 11:40:00,Snacks,31.0,34.0,211.3,11,1
2026-06-02 11:40:00,Electronics,18.0,18.0,389.9,11,1
2026-06-02 11:40:00,Checkout,44.0,31.0,185.0,11,1
2026-06-02 11:45:00,Entrance,54.0,50.0,38.9,11,1
2026-06-02 11:45:00,Dairy,32.0,37.0,179.5,11,1
2026-06-02 11:45:00,Bakery,20.0,20.0,258.0,11,1
2026-06-02 11:45:00,Produce,35.0,41.0,196.2,11,1
2026-06-02 11:45:00,Snacks,32.0,27.0,165.3,11,1
2026-06-02 11:45:00,Electronics,17.0,17.0,356.7,11,1
2026-06-02 11:45:00,Checkout,45.0,40.0,189.4,11,1
2026-06-02 11:50:00,Entrance,43.0,46.0,28.5,11,1
2026-06-02 11:50:00,Dairy,44.0,51.0,212.6,11,1
2026-06-02 11:50:00,Bakery,22.0,20.0,198.2,11,1
2026-06-02 11:50:00,Produce,38.0,39.0,239.5,11,1
2026-06-02 11:50:00,Snacks,21.0,24.0,219.6,11,1
2026-06-02 11:50:00,Electronics,12.0,15.0,256.9,11,1
2026-06-02 11:50:00,Checkout,,28.0,153.4,11,1
2026-06-02 11:55:00,Entrance,55.0,49.0,41.4,11,1
2026-06-02 11:55:00,Dairy,36.0,38.0,182.5,11,1
2026-06-02 11:55:00,Bakery,29.0,25.0,208.5,11,1
2026-06-02 11:55:00,Produce,36.0,41.0,265.3,11,1
2026-06-02 11:55:00,Snacks,30.0,29.0,206.6,11,1
2026-06-02 11:55:00,Electronics,8.0,7.0,314.3,11,1
2026-06-02 11:55:00,Checkout,42.0,48.0,116.4,11,1
2026-06-02 12:00:00,Entrance,49.0,55.0,56.2,12,1
2026-06-02 12:00:00,Dairy,35.0,37.0,181.7,12,1
2026-06-02 12:00:00,Bakery,25.0,18.0,285.8,12,1
2026-06-02 12:00:00,Produce,29.0,39.0,221.6,12,1
2026-06-02 12:00:00,Snacks,24.0,23.0,250.4,12,1
2026-06-02 12:00:00,Electronics,18.0,15.0,334.1,12,1
2026-06-02 12:00:00,Checkout,37.0,34.0,165.6,12,1
2026-06-02 12:05:00,Entrance,54.0,61.0,36.2,12,1
2026-06-02 12:05:00,Dairy,33.0,35.0,293.7,12,1
2026-06-02 12:05:00,Bakery,25.0,28.0,192.6,12,1
2026-06-02 12:05:00,Produce,28.0,27.0,157.4,12,1
2026-06-02 12:05:00,Snacks,37.0,42.0,149.0,12,1
2026-06-02 12:05:00,Electronics,18.0,17.0,189.8,12,1
2026-06-02 12:05:00,Checkout,49.0,56.0,142.6,12,1
2026-06-02 12:10:00,Entrance,65.0,60.0,31.9,12,1
2026-06-02 12:10:00,Dairy,34.0,28.0,233.6,12,1
2026-06-02 12:10:00,Bakery,21.0,18.0,139.2,12,1
2026-06-02 12:10:00,Produce,33.0,28.0,172.9,12,1
2026-06-02 12:10:00,Snacks,28.0,30.0,222.9,12,1
2026-06-02 12:10:00,Electronics,15.0,14.0,324.1,12,1
2026-06-02 12:10:00,Checkout,37.0,38.0,117.1,12,1
2026-06-02 12:15:00,Entrance,38.0,36.0,40.3,12,1
2026-06-02 12:15:00,Dairy,,28.0,217.8,12,1
2026-06-02 12:15:00,Bakery,30.0,27.0,182.6,12,1
2026-06-02 12:15:00,Produce,26.0,20.0,203.0,12,1
2026-06-02 12:15:00,Snacks,35.0,31.0,129.3,12,1
2026-06-02 12:15:00,Electronics,9.0,6.0,411.1,12,1
2026-06-02 12:15:00,Checkout,44.0,39.0,111.9,12,1
2026-06-02 12:20:00,Entrance,56.0,49.0,15.0,12,1
2026-06-02 12:20:00,Dairy,32.0,26.0,217.4,12,1
2026-06-02 12:20:00,Bakery,31.0,23.0,259.9,12,1
2026-06-02 12:20:00,Produce,32.0,36.0,209.9,12,1
2026-06-02 12:20:00,Snacks,29.0,29.0,231.1,12,1
2026-06-02 12:20:00,Electronics,13.0,10.0,255.0,12,1
2026-06-02 12:20:00,Checkout,45.0,31.0,179.4,12,1
2026-06-02 12:25:00,Entrance,49.0,46.0,36.1,12,1
2026-06-02 12:25:00,Dairy,27.0,30.0,182.9,12,1
2026-06-02 12:25:00,Bakery,30.0,40.0,257.7,12,1
2026-06-02 12:25:00,Produce,30.0,34.0,176.7,12,1
2026-06-02 12:25:00,Snacks,27.0,32.0,264.0,12,1
2026-06-02 12:25:00,Electronics,20.0,26.0,477.4,12,1
2026-06-02 12:25:00,Checkout,32.0,32.0,140.6,12,1
2026-06-02 12:30:00,Entrance,53.0,46.0,30.8,12,1
2026-06-02 12:30:00,Dairy,25.0,25.0,158.7,12,1
2026-06-02 12:30:00,Bakery,34.0,31.0,203.9,12,1
2026-06-02 12:30:00,Produce,30.0,35.0,317.1,12,1
2026-06-02 12:30:00,Snacks,,25.0,197.4,12,1
2026-06-02 12:30:00,Electronics,19.0,16.0,522.2,12,1
2026-06-02 12:30:00,Checkout,42.0,58.0,140.5,12,1
2026-06-02 12:35:00,Entrance,50.0,46.0,21.0,12,1
2026-06-02 12:35:00,Dairy,29.0,31.0,213.5,12,1
2026-06-02 12:35:00,Bakery,19.0,20.0,226.3,12,1
2026-06-02 12:35:00,Produce,28.0,25.0,251.6,12,1
2026-06-02 12:35:00,Snacks,41.0,41.0,191.4,12,1
2026-06-02 12:35:00,Electronics,23.0,25.0,239.7,12,1
2026-06-02 12:35:00,Checkout,50.0,44.0,151.5,12,1
2026-06-02 12:40:00,Entrance,49.0,43.0,36.0,12,1
2026-06-02 12:40:00,Dairy,34.0,21.0,263.2,12,1
2026-06-02 12:40:00,Bakery,25.0,24.0,310.7,12,1
2026-06-02 12:40:00,Produce,20.0,16.0,282.0,12,1
2026-06-02 12:40:00,Snacks,24.0,19.0,244.2,12,1
2026-06-02 12:40:00,Electronics,20.0,16.0,307.5,12,1
2026-06-02 12:40:00,Checkout,34.0,28.0,168.1,12,1
2026-06-02 12:45:00,Entrance,52.0,58.0,27.5,12,1
2026-06-02 12:45:00,Dairy,43.0,40.0,178.3,12,1
2026-06-02 12:45:00,Bakery,33.0,34.0,260.0,12,1
2026-06-02 12:45:00,Produce,36.0,42.0,89.9,12,1
2026-06-02 12:45:00,Snacks,22.0,20.0,271.7,12,1
2026-06-02 12:45:00,Electronics,17.0,13.0,248.3,12,1
2026-06-02 12:45:00,Checkout,38.0,39.0,236.0,12,1
2026-06-02 12:50:00,Entrance,52.0,61.0,60.3,12,1
2026-06-02 12:50:00,Dairy,29.0,30.0,118.3,12,1
2026-06-02 12:50:00,Bakery,23.0,22.0,280.8,12,1
2026-06-02 12:50:00,Produce,27.0,25.0,193.5,12,1
2026-06-02 12:50:00,Snacks,35.0,38.0,168.0,12,1
2026-06-02 12:50:00,Electronics,25.0,24.0,473.8,12,1
2026-06-02 12:50:00,Checkout,39.0,39.0,135.0,12,1
2026-06-02 12:55:00,Entrance,56.0,63.0,44.4,12,1
2026-06-02 12:55:00,Dairy,31.0,31.0,196.7,12,1
2026-06-02 12:55:00,Bakery,21.0,22.0,221.9,12,1
2026-06-02 12:55:00,Produce,30.0,33.0,186.4,12,1
2026-06-02 12:55:00,Snacks,30.0,24.0,211.7,12,1
2026-06-02 12:55:00,Electronics,17.0,20.0,447.4,12,1
2026-06-02 12:55:00,Checkout,43.0,24.0,141.9,12,1
2026-06-02 13:00:00,Entrance,41.0,38.0,55.5,13,1
2026-06-02 13:00:00,Dairy,44.0,34.0,250.7,13,1
2026-06-02 13:00:00,Bakery,20.0,22.0,117.1,13,1
2026-06-02 13:00:00,Produce,28.0,26.0,256.8,13,1
2026-06-02 13:00:00,Snacks,23.0,25.0,125.6,13,1
2026-06-02 13:00:00,Electronics,16.0,12.0,448.2,13,1
2026-06-02 13:00:00,Checkout,51.0,50.0,90.8,13,1
2026-06-02 13:05:00,Entrance,59.0,53.0,49.1,13,1
2026-06-02 13:05:00,Dairy,28.0,21.0,190.6,13,1
2026-06-02 13:05:00,Bakery,30.0,31.0,228.9,13,1
2026-06-02 13:05:00,Produce,41.0,40.0,279.2,13,1
2026-06-02 13:05:00,Snacks,26.0,33.0,269.2,13,1
2026-06-02 13:05:00,Electronics,18.0,15.0,556.0,13,1
2026-06-02 13:05:00,Checkout,43.0,47.0,255.6,13,1
2026-06-02 13:10:00,Entrance,43.0,30.0,47.0,13,1
2026-06-02 13:10:00,Dairy,29.0,29.0,142.8,13,1
2026-06-02 13:10:00,Bakery,27.0,29.0,142.5,13,1
2026-06-02 13:10:00,Produce,25.0,18.0,191.0,13,1
2026-06-02 13:10:00,Snacks,36.0,35.0,286.8,13,1
2026-06-02 13:10:00,Electronics,20.0,18.0,490.9,13,1
2026-06-02 13:10:00,Checkout,45.0,41.0,131.7,13,1
2026-06-02 13:15:00,Entrance,56.0,52.0,37.1,13,1
2026-06-02 13:15:00,Dairy,34.0,38.0,214.5,13,1
2026-06-02 13:15:00,Bakery,29.0,30.0,194.7,13,1
2026-06-02 13:15:00,Produce,27.0,29.0,265.2,13,1
2026-06-02 13:15:00,Snacks,31.0,27.0,228.3,13,1
2026-06-02 13:15:00,Electronics,19.0,17.0,384.0,13,1
2026-06-02 13:15:00,Checkout,50.0,58.0,82.9,13,1
2026-06-02 13:20:00,Entrance,43.0,43.0,52.3,13,1
2026-06-02 13:20:00,Dairy,33.0,33.0,205.4,13,1
2026-06-02 13:20:00,Bakery,26.0,22.0,205.6,13,1
2026-06-02 13:20:00,Produce,35.0,30.0,248.4,13,1
2026-06-02 13:20:00,Snacks,22.0,17.0,143.2,13,1
2026-06-02 13:20:00,Electronics,20.0,14.0,322.2,13,1
2026-06-02 13:20:00,Checkout,50.0,59.0,136.1,13,1
2026-06-02 13:25:00,Entrance,40.0,54.0,47.3,13,1
2026-06-02 13:25:00,Dairy,33.0,31.0,255.0,13,1
2026-06-02 13:25:00,Bakery,18.0,19.0,118.1,13,1
2026-06-02 13:25:00,Produce,32.0,39.0,264.5,13,1
2026-06-02 13:25:00,Snacks,22.0,23.0,205.8,13,1
2026-06-02 13:25:00,Electronics,16.0,19.0,469.8,13,1
2026-06-02 13:25:00,Checkout,38.0,38.0,130.8,13,1
2026-06-02 13:30:00,Entrance,41.0,58.0,46.2,13,1
2026-06-02 13:30:00,Dairy,33.0,44.0,179.4,13,1
2026-06-02 13:30:00,Bakery,31.0,27.0,208.3,13,1
2026-06-02 13:30:00,Produce,25.0,21.0,136.0,13,1
2026-06-02 13:30:00,Snacks,25.0,22.0,148.9,13,1
2026-06-02 13:30:00,Electronics,19.0,,324.9,13,1
2026-06-02 13:30:00,Checkout,49.0,48.0,135.9,13,1
2026-06-02 13:35:00,Entrance,55.0,41.0,32.9,13,1
2026-06-02 13:35:00,Dairy,39.0,33.0,265.2,13,1
2026-06-02 13:35:00,Bakery,23.0,19.0,155.2,13,1
2026-06-02 13:35:00,Produce,24.0,22.0,183.3,13,1
2026-06-02 13:35:00,Snacks,31.0,30.0,219.8,13,1
2026-06-02 13:35:00,Electronics,12.0,10.0,453.9,13,1
2026-06-02 13:35:00,Checkout,50.0,50.0,90.2,13,1
2026-06-02 13:40:00,Entrance,61.0,65.0,41.3,13,1
2026-06-02 13:40:00,Dairy,39.0,50.0,224.7,13,1
2026-06-02 13:40:00,Bakery,26.0,23.0,232.0,13,1
2026-06-02 13:40:00,Produce,28.0,30.0,196.0,13,1
2026-06-02 13:40:00,Snacks,26.0,28.0,156.1,13,1
2026-06-02 13:40:00,Electronics,19.0,19.0,445.2,13,1
2026-06-02 13:40:00,Checkout,58.0,51.0,173.1,13,1
2026-06-02 13:45:00,Entrance,56.0,60.0,35.5,13,1
2026-06-02 13:45:00,Dairy,33.0,29.0,257.5,13,1
2026-06-02 13:45:00,Bakery,25.0,,140.0,13,1
2026-06-02 13:45:00,Produce,29.0,33.0,155.4,13,1
2026-06-02 13:45:00,Snacks,28.0,24.0,217.7,13,1
2026-06-02 13:45:00,Electronics,,12.0,287.0,13,1
2026-06-02 13:45:00,Checkout,57.0,58.0,146.4,13,1
2026-06-02 13:50:00,Entrance,54.0,63.0,54.2,13,1
2026-06-02 13:50:00,Dairy,42.0,43.0,208.3,13,1
2026-06-02 13:50:00,Bakery,26.0,26.0,221.8,13,1
2026-06-02 13:50:00,Produce,34.0,26.0,199.6,13,1
2026-06-02 13:50:00,Snacks,28.0,36.0,253.1,13,1
2026-06-02 13:50:00,Electronics,17.0,16.0,249.1,13,1
2026-06-02 13:50:00,Checkout,54.0,47.0,109.9,13,1
2026-06-02 13:55:00,Entrance,49.0,51.0,55.1,13,1
2026-06-02 13:55:00,Dairy,31.0,30.0,225.8,13,1
2026-06-02 13:55:00,Bakery,27.0,25.0,186.9,13,1
2026-06-02 13:55:00,Produce,33.0,29.0,219.4,13,1
2026-06-02 13:55:00,Snacks,19.0,18.0,193.6,13,1
2026-06-02 13:55:00,Electronics,15.0,18.0,342.2,13,1
2026-06-02 13:55:00,Checkout,48.0,47.0,180.3,13,1
2026-06-02 14:00:00,Entrance,28.0,32.0,59.8,14,1
2026-06-02 14:00:00,Dairy,27.0,19.0,239.8,14,1
2026-06-02 14:00:00,Bakery,18.0,14.0,203.4,14,1
2026-06-02 14:00:00,Produce,20.0,23.0,221.8,14,1
2026-06-02 14:00:00,Snacks,13.0,14.0,201.3,14,1
2026-06-02 14:00:00,Electronics,10.0,9.0,388.8,14,1
2026-06-02 14:00:00,Checkout,28.0,31.0,76.8,14,1
2026-06-02 14:05:00,Entrance,27.0,29.0,64.9,14,1
2026-06-02 14:05:00,Dairy,18.0,,,14,1
2026-06-02 14:05:00,Bakery,16.0,20.0,289.7,14,1
2026-06-02 14:05:00,Produce,12.0,14.0,190.9,14,1
2026-06-02 14:05:00,Snacks,12.0,8.0,177.0,14,1
2026-06-02 14:05:00,Electronics,17.0,17.0,423.7,14,1
2026-06-02 14:05:00,Checkout,26.0,25.0,179.5,14,1
2026-06-02 14:10:00,Entrance,29.0,29.0,43.0,14,1
2026-06-02 14:10:00,Dairy,18.0,15.0,212.8,14,1
2026-06-02 14:10:00,Bakery,16.0,16.0,203.5,14,1
2026-06-02 14:10:00,Produce,,12.0,146.2,14,1
2026-06-02 14:10:00,Snacks,18.0,16.0,208.3,14,1
2026-06-02 14:10:00,Electronics,13.0,15.0,317.9,14,1
2026-06-02 14:10:00,Checkout,29.0,28.0,87.1,14,1
2026-06-02 14:15:00,Entrance,38.0,42.0,25.1,14,1
2026-06-02 14:15:00,Dairy,16.0,14.0,206.9,14,1
2026-06-02 14:15:00,Bakery,18.0,19.0,190.8,14,1
2026-06-02 14:15:00,Produce,18.0,26.0,232.4,14,1
2026-06-02 14:15:00,Snacks,20.0,12.0,249.7,14,1
2026-06-02 14:15:00,Electronics,11.0,11.0,307.5,14,1
2026-06-02 14:15:00,Checkout,20.0,19.0,181.8,14,1
2026-06-02 14:20:00,Entrance,32.0,26.0,58.1,14,1
2026-06-02 14:20:00,Dairy,19.0,18.0,180.5,14,1
2026-06-02 14:20:00,Bakery,5.0,5.0,212.7,14,1
2026-06-02 14:20:00,Produce,13.0,15.0,250.0,14,1
2026-06-02 14:20:00,Snacks,13.0,14.0,161.2,14,1
2026-06-02 14:20:00,Electronics,7.0,6.0,,14,1
2026-06-02 14:20:00,Checkout,28.0,22.0,188.7,14,1
2026-06-02 14:25:00,Entrance,37.0,42.0,75.5,14,1
2026-06-02 14:25:00,Dairy,13.0,13.0,182.5,14,1
2026-06-02 14:25:00,Bakery,12.0,15.0,197.7,14,1
2026-06-02 14:25:00,Produce,15.0,13.0,285.1,14,1
2026-06-02 14:25:00,Snacks,19.0,13.0,295.6,14,1
2026-06-02 14:25:00,Electronics,7.0,8.0,310.7,14,1
2026-06-02 14:25:00,Checkout,24.0,27.0,136.0,14,1
2026-06-02 14:30:00,Entrance,27.0,28.0,50.9,14,1
2026-06-02 14:30:00,Dairy,25.0,25.0,171.3,14,1
2026-06-02 14:30:00,Bakery,10.0,11.0,165.3,14,1
2026-06-02 14:30:00,Produce,21.0,22.0,287.9,14,1
2026-06-02 14:30:00,Snacks,17.0,11.0,152.5,14,1
2026-06-02 14:30:00,Electronics,7.0,8.0,377.8,14,1
2026-06-02 14:30:00,Checkout,15.0,16.0,231.7,14,1
2026-06-02 14:35:00,Entrance,32.0,30.0,50.0,14,1
2026-06-02 14:35:00,Dairy,18.0,21.0,205.9,14,1
2026-06-02 14:35:00,Bakery,14.0,12.0,106.1,14,1
2026-06-02 14:35:00,Produce,23.0,21.0,227.2,14,1
2026-06-02 14:35:00,Snacks,14.0,11.0,213.7,14,1
2026-06-02 14:35:00,Electronics,6.0,4.0,504.1,14,1
2026-06-02 14:35:00,Checkout,16.0,16.0,142.8,14,1
2026-06-02 14:40:00,Entrance,35.0,31.0,52.3,14,1
2026-06-02 14:40:00,Dairy,16.0,16.0,287.2,14,1
2026-06-02 14:40:00,Bakery,23.0,,251.2,14,1
2026-06-02 14:40:00,Produce,18.0,18.0,170.7,14,1
2026-06-02 14:40:00,Snacks,16.0,16.0,184.5,14,1
2026-06-02 14:40:00,Electronics,12.0,13.0,409.4,14,1
2026-06-02 14:40:00,Checkout,27.0,30.0,120.9,14,1
2026-06-02 14:45:00,Entrance,30.0,28.0,49.1,14,1
2026-06-02 14:45:00,Dairy,19.0,23.0,200.6,14,1
2026-06-02 14:45:00,Bakery,16.0,15.0,184.9,14,1
2026-06-02 14:45:00,Produce,29.0,30.0,224.4,14,1
2026-06-02 14:45:00,Snacks,21.0,20.0,86.0,14,1
2026-06-02 14:45:00,Electronics,12.0,11.0,493.0,14,1
2026-06-02 14:45:00,Checkout,20.0,25.0,132.9,14,1
2026-06-02 14:50:00,Entrance,28.0,25.0,67.8,14,1
2026-06-02 14:50:00,Dairy,26.0,18.0,334.7,14,1
2026-06-02 14:50:00,Bakery,13.0,14.0,186.9,14,1
2026-06-02 14:50:00,Produce,21.0,19.0,160.4,14,1
2026-06-02 14:50:00,Snacks,26.0,27.0,176.0,14,1
2026-06-02 14:50:00,Electronics,11.0,10.0,448.6,14,1
2026-06-02 14:50:00,Checkout,19.0,18.0,131.2,14,1
2026-06-02 14:55:00,Entrance,28.0,21.0,44.2,14,1
2026-06-02 14:55:00,Dairy,13.0,13.0,192.6,14,1
2026-06-02 14:55:00,Bakery,14.0,14.0,83.0,14,1
2026-06-02 14:55:00,Produce,17.0,20.0,190.3,14,1
2026-06-02 14:55:00,Snacks,13.0,13.0,201.9,14,1
2026-06-02 14:55:00,Electronics,13.0,11.0,447.0,14,1
2026-06-02 14:55:00,Checkout,21.0,12.0,102.7,14,1
2026-06-02 15:00:00,Entrance,30.0,31.0,41.0,15,1
2026-06-02 15:00:00,Dairy,11.0,12.0,218.0,15,1
2026-06-02 15:00:00,Bakery,23.0,18.0,258.1,15,1
2026-06-02 15:00:00,Produce,17.0,14.0,103.5,15,1
2026-06-02 15:00:00,Snacks,17.0,14.0,296.6,15,1
2026-06-02 15:00:00,Electronics,8.0,6.0,281.2,15,1
2026-06-02 15:00:00,Checkout,31.0,30.0,65.7,15,1
2026-06-02 15:05:00,Entrance,23.0,22.0,20.5,15,1
2026-06-02 15:05:00,Dairy,20.0,21.0,184.3,15,1
2026-06-02 15:05:00,Bakery,13.0,12.0,232.6,15,1
2026-06-02 15:05:00,Produce,18.0,19.0,171.1,15,1
2026-06-02 15:05:00,Snacks,,21.0,250.6,15,1
2026-06-02 15:05:00,Electronics,6.0,4.0,425.4,15,1
2026-06-02 15:05:00,Checkout,27.0,24.0,143.0,15,1
2026-06-02 15:10:00,Entrance,34.0,28.0,70.7,15,1
2026-06-02 15:10:00,Dairy,17.0,16.0,223.9,15,1
2026-06-02 15:10:00,Bakery,21.0,19.0,166.6,15,1
2026-06-02 15:10:00,Produce,24.0,20.0,225.8,15,1
2026-06-02 15:10:00,Snacks,9.0,9.0,221.6,15,1
2026-06-02 15:10:00,Electronics,9.0,8.0,520.8,15,1
2026-06-02 15:10:00,Checkout,27.0,28.0,149.6,15,1
2026-06-02 15:15:00,Entrance,36.0,33.0,48.6,15,1
2026-06-02 15:15:00,Dairy,18.0,16.0,213.4,15,1
2026-06-02 15:15:00,Bakery,11.0,10.0,264.4,15,1
2026-06-02 15:15:00,Produce,13.0,14.0,95.1,15,1
2026-06-02 15:15:00,Snacks,11.0,10.0,77.5,15,1
2026-06-02 15:15:00,Electronics,8.0,8.0,380.2,15,1
2026-06-02 15:15:00,Checkout,12.0,10.0,,15,1
2026-06-02 15:20:00,Entrance,33.0,30.0,38.8,15,1
2026-06-02 15:20:00,Dairy,12.0,12.0,273.8,15,1
2026-06-02 15:20:00,Bakery,17.0,16.0,112.7,15,1
2026-06-02 15:20:00,Produce,18.0,19.0,235.9,15,1
2026-06-02 15:20:00,Snacks,15.0,14.0,218.8,15,1
2026-06-02 15:20:00,Electronics,12.0,13.0,398.2,15,1
2026-06-02 15:20:00,Checkout,24.0,26.0,257.2,15,1
2026-06-02 15:25:00,Entrance,28.0,30.0,40.1,15,1
2026-06-02 15:25:00,Dairy,28.0,32.0,227.9,15,1
2026-06-02 15:25:00,Bakery,15.0,11.0,299.7,15,1
2026-06-02 15:25:00,Produce,,26.0,186.8,15,1
2026-06-02 15:25:00,Snacks,12.0,12.0,239.5,15,1
2026-06-02 15:25:00,Electronics,7.0,8.0,415.3,15,1
2026-06-02 15:25:00,Checkout,25.0,15.0,187.6,15,1
2026-06-02 15:30:00,Entrance,36.0,31.0,30.8,15,1
2026-06-02 15:30:00,Dairy,24.0,25.0,129.4,15,1
2026-06-02 15:30:00,Bakery,13.0,11.0,157.3,15,1
2026-06-02 15:30:00,Produce,12.0,10.0,210.7,15,1
2026-06-02 15:30:00,Snacks,11.0,12.0,115.6,15,1
2026-06-02 15:30:00,Electronics,15.0,13.0,298.8,15,1
2026-06-02 15:30:00,Checkout,18.0,20.0,146.1,15,1
2026-06-02 15:35:00,Entrance,22.0,24.0,28.8,15,1
2026-06-02 15:35:00,Dairy,18.0,16.0,172.9,15,1
2026-06-02 15:35:00,Bakery,13.0,15.0,115.6,15,1
2026-06-02 15:35:00,Produce,18.0,14.0,151.8,15,1
2026-06-02 15:35:00,Snacks,23.0,23.0,257.7,15,1
2026-06-02 15:35:00,Electronics,11.0,12.0,281.0,15,1
2026-06-02 15:35:00,Checkout,21.0,18.0,121.8,15,1
2026-06-02 15:40:00,Entrance,34.0,36.0,69.5,15,1
2026-06-02 15:40:00,Dairy,18.0,18.0,248.6,15,1
2026-06-02 15:40:00,Bakery,16.0,17.0,191.2,15,1
2026-06-02 15:40:00,Produce,14.0,12.0,204.5,15,1
2026-06-02 15:40:00,Snacks,19.0,21.0,231.0,15,1
2026-06-02 15:40:00,Electronics,9.0,9.0,467.1,15,1
2026-06-02 15:40:00,Checkout,25.0,24.0,191.4,15,1
2026-06-02 15:45:00,Entrance,30.0,32.0,51.0,15,1
2026-06-02 15:45:00,Dairy,20.0,18.0,270.4,15,1
2026-06-02 15:45:00,Bakery,17.0,16.0,270.7,15,1
2026-06-02 15:45:00,Produce,16.0,17.0,224.7,15,1
2026-06-02 15:45:00,Snacks,20.0,19.0,163.9,15,1
2026-06-02 15:45:00,Electronics,7.0,4.0,243.5,15,1
2026-06-02 15:45:00,Checkout,27.0,21.0,202.1,15,1
2026-06-02 15:50:00,Entrance,28.0,29.0,45.7,15,1
2026-06-02 15:50:00,Dairy,16.0,17.0,228.9,15,1
2026-06-02 15:50:00,Bakery,13.0,10.0,233.3,15,1
2026-06-02 15:50:00,Produce,24.0,22.0,243.2,15,1
2026-06-02 15:50:00,Snacks,15.0,13.0,149.6,15,1
2026-06-02 15:50:00,Electronics,9.0,9.0,435.5,15,1
2026-06-02 15:50:00,Checkout,23.0,24.0,181.1,15,1
2026-06-02 15:55:00,Entrance,35.0,31.0,26.1,15,1
2026-06-02 15:55:00,Dairy,12.0,12.0,127.7,15,1
2026-06-02 15:55:00,Bakery,20.0,13.0,260.0,15,1
2026-06-02 15:55:00,Produce,17.0,10.0,196.7,15,1
2026-06-02 15:55:00,Snacks,11.0,9.0,147.7,15,1
2026-06-02 15:55:00,Electronics,12.0,14.0,520.6,15,1
2026-06-02 15:55:00,Checkout,27.0,26.0,199.1,15,1
2026-06-02 16:00:00,Entrance,36.0,43.0,44.7,16,1
2026-06-02 16:00:00,Dairy,26.0,28.0,267.2,16,1
2026-06-02 16:00:00,Bakery,12.0,12.0,232.3,16,1
2026-06-02 16:00:00,Produce,17.0,12.0,108.8,16,1
2026-06-02 16:00:00,Snacks,21.0,19.0,252.3,16,1
2026-06-02 16:00:00,Electronics,9.0,7.0,305.0,16,1
2026-06-02 16:00:00,Checkout,28.0,37.0,151.4,16,1
2026-06-02 16:05:00,Entrance,27.0,34.0,42.5,16,1
2026-06-02 16:05:00,Dairy,15.0,12.0,202.7,16,1
2026-06-02 16:05:00,Bakery,14.0,15.0,157.3,16,1
2026-06-02 16:05:00,Produce,20.0,26.0,200.8,16,1
2026-06-02 16:05:00,Snacks,18.0,14.0,210.6,16,1
2026-06-02 16:05:00,Electronics,14.0,13.0,484.2,16,1
2026-06-02 16:05:00,Checkout,25.0,24.0,116.2,16,1
2026-06-02 16:10:00,Entrance,28.0,31.0,50.7,16,1
2026-06-02 16:10:00,Dairy,14.0,15.0,,16,1
2026-06-02 16:10:00,Bakery,12.0,13.0,189.6,16,1
2026-06-02 16:10:00,Produce,16.0,12.0,161.7,16,1
2026-06-02 16:10:00,Snacks,13.0,13.0,119.8,16,1
2026-06-02 16:10:00,Electronics,9.0,7.0,213.9,16,1
2026-06-02 16:10:00,Checkout,27.0,31.0,109.5,16,1
2026-06-02 16:15:00,Entrance,37.0,27.0,42.0,16,1
2026-06-02 16:15:00,Dairy,18.0,22.0,181.7,16,1
2026-06-02 16:15:00,Bakery,14.0,11.0,195.5,16,1
2026-06-02 16:15:00,Produce,18.0,22.0,224.1,16,1
2026-06-02 16:15:00,Snacks,13.0,11.0,219.9,16,1
2026-06-02 16:15:00,Electronics,6.0,7.0,452.1,16,1
2026-06-02 16:15:00,Checkout,14.0,15.0,172.5,16,1
2026-06-02 16:20:00,Entrance,33.0,34.0,51.1,16,1
2026-06-02 16:20:00,Dairy,25.0,25.0,139.2,16,1
2026-06-02 16:20:00,Bakery,23.0,30.0,231.0,16,1
2026-06-02 16:20:00,Produce,16.0,12.0,174.3,16,1
2026-06-02 16:20:00,Snacks,19.0,16.0,282.4,16,1
2026-06-02 16:20:00,Electronics,11.0,15.0,348.4,16,1
2026-06-02 16:20:00,Checkout,22.0,,148.6,16,1
2026-06-02 16:25:00,Entrance,36.0,40.0,55.2,16,1
2026-06-02 16:25:00,Dairy,17.0,18.0,218.0,16,1
2026-06-02 16:25:00,Bakery,13.0,12.0,286.5,16,1
2026-06-02 16:25:00,Produce,18.0,13.0,272.7,16,1
2026-06-02 16:25:00,Snacks,12.0,11.0,224.9,16,1
2026-06-02 16:25:00,Electronics,9.0,9.0,379.8,16,1
2026-06-02 16:25:00,Checkout,21.0,17.0,147.9,16,1
2026-06-02 16:30:00,Entrance,43.0,37.0,47.9,16,1
2026-06-02 16:30:00,Dairy,29.0,32.0,218.5,16,1
2026-06-02 16:30:00,Bakery,17.0,17.0,229.8,16,1
2026-06-02 16:30:00,Produce,20.0,20.0,255.8,16,1
2026-06-02 16:30:00,Snacks,10.0,9.0,308.1,16,1
2026-06-02 16:30:00,Electronics,6.0,5.0,254.2,16,1
2026-06-02 16:30:00,Checkout,28.0,24.0,150.4,16,1
2026-06-02 16:35:00,Entrance,35.0,31.0,49.1,16,1
2026-06-02 16:35:00,Dairy,20.0,18.0,165.6,16,1
2026-06-02 16:35:00,Bakery,20.0,16.0,222.9,16,1
2026-06-02 16:35:00,Produce,11.0,13.0,239.6,16,1
2026-06-02 16:35:00,Snacks,17.0,17.0,160.2,16,1
2026-06-02 16:35:00,Electronics,12.0,9.0,454.4,16,1
2026-06-02 16:35:00,Checkout,22.0,21.0,160.4,16,1
2026-06-02 16:40:00,Entrance,34.0,49.0,33.8,16,1
2026-06-02 16:40:00,Dairy,16.0,18.0,201.6,16,1
2026-06-02 16:40:00,Bakery,13.0,11.0,194.3,16,1
2026-06-02 16:40:00,Produce,17.0,15.0,244.0,16,1
2026-06-02 16:40:00,Snacks,19.0,17.0,225.3,16,1
2026-06-02 16:40:00,Electronics,8.0,9.0,330.6,16,1
2026-06-02 16:40:00,Checkout,27.0,24.0,125.9,16,1
2026-06-02 16:45:00,Entrance,22.0,18.0,37.4,16,1
2026-06-02 16:45:00,Dairy,24.0,32.0,290.1,16,1
2026-06-02 16:45:00,Bakery,21.0,23.0,269.0,16,1
2026-06-02 16:45:00,Produce,13.0,14.0,241.6,16,1
2026-06-02 16:45:00,Snacks,22.0,21.0,238.5,16,1
2026-06-02 16:45:00,Electronics,8.0,7.0,563.3,16,1
2026-06-02 16:45:00,Checkout,38.0,40.0,114.2,16,1
2026-06-02 16:50:00,Entrance,31.0,25.0,43.2,16,1
2026-06-02 16:50:00,Dairy,23.0,20.0,185.4,16,1
2026-06-02 16:50:00,Bakery,15.0,15.0,297.6,16,1
2026-06-02 16:50:00,Produce,16.0,11.0,99.2,16,1
2026-06-02 16:50:00,Snacks,13.0,9.0,121.1,16,1
2026-06-02 16:50:00,Electronics,10.0,11.0,289.5,16,1
2026-06-02 16:50:00,Checkout,12.0,10.0,191.6,16,1
2026-06-02 16:55:00,Entrance,36.0,38.0,30.5,16,1
2026-06-02 16:55:00,Dairy,17.0,12.0,206.3,16,1
2026-06-02 16:55:00,Bakery,12.0,13.0,274.7,16,1
2026-06-02 16:55:00,Produce,18.0,17.0,127.2,16,1
2026-06-02 16:55:00,Snacks,18.0,18.0,255.0,16,1
2026-06-02 16:55:00,Electronics,,4.0,504.3,16,1
2026-06-02 16:55:00,Checkout,30.0,31.0,281.0,16,1
2026-06-02 17:00:00,Entrance,61.0,68.0,47.6,17,1
2026-06-02 17:00:00,Dairy,43.0,39.0,137.1,17,1
2026-06-02 17:00:00,Bakery,34.0,36.0,274.4,17,1
2026-06-02 17:00:00,Produce,42.0,53.0,188.3,17,1
2026-06-02 17:00:00,Snacks,31.0,25.0,192.1,17,1
2026-06-02 17:00:00,Electronics,12.0,10.0,458.6,17,1
2026-06-02 17:00:00,Checkout,54.0,48.0,136.7,17,1
2026-06-02 17:05:00,Entrance,61.0,52.0,42.7,17,1
2026-06-02 17:05:00,Dairy,33.0,32.0,225.9,17,1
2026-06-02 17:05:00,Bakery,41.0,40.0,236.1,17,1
2026-06-02 17:05:00,Produce,39.0,30.0,214.7,17,1
2026-06-02 17:05:00,Snacks,40.0,33.0,140.2,17,1
2026-06-02 17:05:00,Electronics,30.0,27.0,281.4,17,1
2026-06-02 17:05:00,Checkout,59.0,59.0,202.4,17,1
2026-06-02 17:10:00,Entrance,59.0,59.0,31.4,17,1
2026-06-02 17:10:00,Dairy,33.0,28.0,205.5,17,1
2026-06-02 17:10:00,Bakery,30.0,30.0,,17,1
2026-06-02 17:10:00,Produce,40.0,42.0,223.7,17,1
2026-06-02 17:10:00,Snacks,31.0,33.0,211.4,17,1
2026-06-02 17:10:00,Electronics,26.0,23.0,455.5,17,1
2026-06-02 17:10:00,Checkout,49.0,56.0,122.7,17,1
2026-06-02 17:15:00,Entrance,65.0,64.0,69.4,17,1
2026-06-02 17:15:00,Dairy,50.0,39.0,208.9,17,1
2026-06-02 17:15:00,Bakery,41.0,34.0,261.8,17,1
2026-06-02 17:15:00,Produce,32.0,37.0,241.4,17,1
2026-06-02 17:15:00,Snacks,36.0,34.0,252.0,17,1
2026-06-02 17:15:00,Electronics,21.0,20.0,264.4,17,1
2026-06-02 17:15:00,Checkout,69.0,67.0,228.0,17,1
2026-06-02 17:20:00,Entrance,78.0,,23.3,17,1
2026-06-02 17:20:00,Dairy,33.0,31.0,331.0,17,1
2026-06-02 17:20:00,Bakery,24.0,26.0,211.3,17,1
2026-06-02 17:20:00,Produce,38.0,34.0,257.4,17,1
2026-06-02 17:20:00,Snacks,43.0,47.0,276.1,17,1
2026-06-02 17:20:00,Electronics,16.0,17.0,331.1,17,1
2026-06-02 17:20:00,Checkout,,35.0,145.6,17,1
2026-06-02 17:25:00,Entrance,72.0,72.0,57.1,17,1
2026-06-02 17:25:00,Dairy,44.0,40.0,237.2,17,1
2026-06-02 17:25:00,Bakery,31.0,26.0,203.3,17,1
2026-06-02 17:25:00,Produce,39.0,41.0,212.0,17,1
2026-06-02 17:25:00,Snacks,44.0,43.0,239.4,17,1
2026-06-02 17:25:00,Electronics,29.0,26.0,359.6,17,1
2026-06-02 17:25:00,Checkout,54.0,64.0,186.1,17,1
2026-06-02 17:30:00,Entrance,67.0,62.0,52.5,17,1
2026-06-02 17:30:00,Dairy,37.0,44.0,289.3,17,1
2026-06-02 17:30:00,Bakery,34.0,45.0,289.3,17,1
2026-06-02 17:30:00,Produce,44.0,53.0,110.6,17,1
2026-06-02 17:30:00,Snacks,,34.0,156.9,17,1
2026-06-02 17:30:00,Electronics,16.0,13.0,384.0,17,1
2026-06-02 17:30:00,Checkout,56.0,52.0,137.0,17,1
2026-06-02 17:35:00,Entrance,68.0,83.0,46.2,17,1
2026-06-02 17:35:00,Dairy,44.0,33.0,236.5,17,1
2026-06-02 17:35:00,Bakery,30.0,31.0,259.9,17,1
2026-06-02 17:35:00,Produce,49.0,62.0,334.4,17,1
2026-06-02 17:35:00,Snacks,40.0,46.0,228.8,17,1
2026-06-02 17:35:00,Electronics,14.0,14.0,284.4,17,1
2026-06-02 17:35:00,Checkout,63.0,70.0,102.4,17,1
2026-06-02 17:40:00,Entrance,58.0,52.0,42.7,17,1
2026-06-02 17:40:00,Dairy,40.0,34.0,244.1,17,1
2026-06-02 17:40:00,Bakery,43.0,39.0,283.3,17,1
2026-06-02 17:40:00,Produce,36.0,37.0,187.6,17,1
2026-06-02 17:40:00,Snacks,29.0,32.0,256.4,17,1
2026-06-02 17:40:00,Electronics,22.0,23.0,421.9,17,1
2026-06-02 17:40:00,Checkout,61.0,56.0,176.9,17,1
2026-06-02 17:45:00,Entrance,58.0,50.0,28.4,17,1
2026-06-02 17:45:00,Dairy,24.0,24.0,197.4,17,1
2026-06-02 17:45:00,Bakery,26.0,30.0,192.8,17,1
2026-06-02 17:45:00,Produce,25.0,35.0,217.7,17,1
2026-06-02 17:45:00,Snacks,34.0,29.0,250.9,17,1
2026-06-02 17:45:00,Electronics,19.0,12.0,399.8,17,1
2026-06-02 17:45:00,Checkout,58.0,47.0,167.6,17,1
2026-06-02 17:50:00,Entrance,65.0,64.0,45.0,17,1
2026-06-02 17:50:00,Dairy,36.0,33.0,269.2,17,1
2026-06-02 17:50:00,Bakery,32.0,28.0,201.3,17,1
2026-06-02 17:50:00,Produce,44.0,42.0,221.2,17,1
2026-06-02 17:50:00,Snacks,44.0,47.0,194.8,17,1
2026-06-02 17:50:00,Electronics,23.0,24.0,383.0,17,1
2026-06-02 17:50:00,Checkout,43.0,47.0,104.1,17,1
2026-06-02 17:55:00,Entrance,59.0,63.0,47.2,17,1
2026-06-02 17:55:00,Dairy,39.0,30.0,138.2,17,1
2026-06-02 17:55:00,Bakery,42.0,40.0,,17,1
2026-06-02 17:55:00,Produce,31.0,37.0,216.6,17,1
2026-06-02 17:55:00,Snacks,35.0,41.0,267.7,17,1
2026-06-02 17:55:00,Electronics,15.0,17.0,394.9,17,1
2026-06-02 17:55:00,Checkout,51.0,56.0,176.7,17,1
2026-06-02 18:00:00,Entrance,45.0,34.0,52.7,18,1
2026-06-02 18:00:00,Dairy,41.0,46.0,193.1,18,1
2026-06-02 18:00:00,Bakery,32.0,34.0,225.2,18,1
2026-06-02 18:00:00,Produce,35.0,37.0,,18,1
2026-06-02 18:00:00,Snacks,35.0,38.0,252.7,18,1
2026-06-02 18:00:00,Electronics,22.0,18.0,232.9,18,1
2026-06-02 18:00:00,Checkout,52.0,43.0,149.8,18,1
2026-06-02 18:05:00,Entrance,57.0,62.0,29.6,18,1
2026-06-02 18:05:00,Dairy,37.0,44.0,211.9,18,1
2026-06-02 18:05:00,Bakery,30.0,20.0,194.2,18,1
2026-06-02 18:05:00,Produce,34.0,39.0,240.7,18,1
2026-06-02 18:05:00,Snacks,31.0,30.0,253.9,18,1
2026-06-02 18:05:00,Electronics,29.0,30.0,448.0,18,1
2026-06-02 18:05:00,Checkout,46.0,41.0,164.1,18,1
2026-06-02 18:10:00,Entrance,86.0,75.0,47.7,18,1
2026-06-02 18:10:00,Dairy,,30.0,283.0,18,1
2026-06-02 18:10:00,Bakery,31.0,27.0,202.8,18,1
2026-06-02 18:10:00,Produce,31.0,31.0,201.8,18,1
2026-06-02 18:10:00,Snacks,45.0,49.0,150.2,18,1
2026-06-02 18:10:00,Electronics,,11.0,165.6,18,1
2026-06-02 18:10:00,Checkout,55.0,48.0,102.7,18,1
2026-06-02 18:15:00,Entrance,56.0,46.0,42.9,18,1
2026-06-02 18:15:00,Dairy,41.0,30.0,250.1,18,1
2026-06-02 18:15:00,Bakery,31.0,32.0,232.8,18,1
2026-06-02 18:15:00,Produce,50.0,34.0,,18,1
2026-06-02 18:15:00,Snacks,25.0,22.0,253.7,18,1
2026-06-02 18:15:00,Electronics,26.0,25.0,388.9,18,1
2026-06-02 18:15:00,Checkout,73.0,64.0,165.0,18,1
2026-06-02 18:20:00,Entrance,46.0,44.0,35.1,18,1
2026-06-02 18:20:00,Dairy,34.0,31.0,241.1,18,1
2026-06-02 18:20:00,Bakery,30.0,,180.1,18,1
2026-06-02 18:20:00,Produce,41.0,38.0,292.8,18,1
2026-06-02 18:20:00,Snacks,36.0,35.0,236.7,18,1
2026-06-02 18:20:00,Electronics,20.0,13.0,362.0,18,1
2026-06-02 18:20:00,Checkout,59.0,56.0,130.8,18,1
2026-06-02 18:25:00,Entrance,72.0,71.0,56.7,18,1
2026-06-02 18:25:00,Dairy,40.0,42.0,187.7,18,1
2026-06-02 18:25:00,Bakery,38.0,30.0,254.4,18,1
2026-06-02 18:25:00,Produce,43.0,53.0,194.5,18,1
2026-06-02 18:25:00,Snacks,36.0,30.0,192.0,18,1
2026-06-02 18:25:00,Electronics,12.0,11.0,340.8,18,1
2026-06-02 18:25:00,Checkout,62.0,51.0,126.9,18,1
2026-06-02 18:30:00,Entrance,69.0,79.0,19.7,18,1
2026-06-02 18:30:00,Dairy,44.0,50.0,231.8,18,1
2026-06-02 18:30:00,Bakery,33.0,41.0,203.1,18,1
2026-06-02 18:30:00,Produce,29.0,24.0,186.0,18,1
2026-06-02 18:30:00,Snacks,30.0,28.0,156.1,18,1
2026-06-02 18:30:00,Electronics,16.0,16.0,424.1,18,1
2026-06-02 18:30:00,Checkout,58.0,54.0,137.8,18,1
2026-06-02 18:35:00,Entrance,73.0,71.0,45.7,18,1
2026-06-02 18:35:00,Dairy,50.0,49.0,242.5,18,1
2026-06-02 18:35:00,Bakery,35.0,34.0,172.8,18,1
2026-06-02 18:35:00,Produce,44.0,39.0,272.5,18,1
2026-06-02 18:35:00,Snacks,28.0,20.0,171.2,18,1
2026-06-02 18:35:00,Electronics,26.0,24.0,310.8,18,1
2026-06-02 18:35:00,Checkout,39.0,47.0,181.3,18,1
2026-06-02 18:40:00,Entrance,67.0,52.0,27.3,18,1
2026-06-02 18:40:00,Dairy,42.0,57.0,152.6,18,1
2026-06-02 18:40:00,Bakery,31.0,33.0,128.9,18,1
2026-06-02 18:40:00,Produce,36.0,35.0,265.8,18,1
2026-06-02 18:40:00,Snacks,36.0,27.0,236.2,18,1
2026-06-02 18:40:00,Electronics,20.0,23.0,325.4,18,1
2026-06-02 18:40:00,Checkout,53.0,59.0,251.1,18,1
2026-06-02 18:45:00,Entrance,67.0,48.0,49.8,18,1
2026-06-02 18:45:00,Dairy,49.0,55.0,232.1,18,1
2026-06-02 18:45:00,Bakery,32.0,27.0,158.7,18,1
2026-06-02 18:45:00,Produce,39.0,42.0,156.5,18,1
2026-06-02 18:45:00,Snacks,36.0,32.0,,18,1
2026-06-02 18:45:00,Electronics,19.0,15.0,318.6,18,1
2026-06-02 18:45:00,Checkout,44.0,48.0,165.8,18,1
2026-06-02 18:50:00,Entrance,68.0,70.0,60.6,18,1
2026-06-02 18:50:00,Dairy,45.0,43.0,242.6,18,1
2026-06-02 18:50:00,Bakery,36.0,36.0,197.6,18,1
2026-06-02 18:50:00,Produce,37.0,36.0,228.0,18,1
2026-06-02 18:50:00,Snacks,31.0,32.0,196.2,18,1
2026-06-02 18:50:00,Electronics,25.0,21.0,452.7,18,1
2026-06-02 18:50:00,Checkout,49.0,54.0,178.0,18,1
2026-06-02 18:55:00,Entrance,76.0,82.0,51.6,18,1
2026-06-02 18:55:00,Dairy,37.0,37.0,260.8,18,1
2026-06-02 18:55:00,Bakery,38.0,36.0,137.9,18,1
2026-06-02 18:55:00,Produce,25.0,25.0,156.9,18,1
2026-06-02 18:55:00,Snacks,36.0,39.0,209.7,18,1
2026-06-02 18:55:00,Electronics,21.0,21.0,528.9,18,1
2026-06-02 18:55:00,Checkout,50.0,65.0,179.9,18,1
2026-06-02 19:00:00,Entrance,67.0,56.0,62.6,19,1
2026-06-02 19:00:00,Dairy,38.0,33.0,177.1,19,1
2026-06-02 19:00:00,Bakery,30.0,30.0,,19,1
2026-06-02 19:00:00,Produce,47.0,43.0,94.2,19,1
2026-06-02 19:00:00,Snacks,35.0,36.0,347.9,19,1
2026-06-02 19:00:00,Electronics,22.0,22.0,372.0,19,1
2026-06-02 19:00:00,Checkout,47.0,57.0,134.7,19,1
2026-06-02 19:05:00,Entrance,84.0,96.0,49.4,19,1
2026-06-02 19:05:00,Dairy,42.0,38.0,267.0,19,1
2026-06-02 19:05:00,Bakery,32.0,30.0,223.4,19,1
2026-06-02 19:05:00,Produce,48.0,52.0,219.6,19,1
2026-06-02 19:05:00,Snacks,27.0,30.0,242.9,19,1
2026-06-02 19:05:00,Electronics,23.0,23.0,358.4,19,1
2026-06-02 19:05:00,Checkout,51.0,47.0,115.0,19,1
2026-06-02 19:10:00,Entrance,48.0,43.0,52.0,19,1
2026-06-02 19:10:00,Dairy,48.0,53.0,130.9,19,1
2026-06-02 19:10:00,Bakery,35.0,40.0,239.2,19,1
2026-06-02 19:10:00,Produce,35.0,40.0,187.0,19,1
2026-06-02 19:10:00,Snacks,32.0,23.0,202.4,19,1
2026-06-02 19:10:00,Electronics,21.0,25.0,360.5,19,1
2026-06-02 19:10:00,Checkout,52.0,40.0,154.5,19,1
2026-06-02 19:15:00,Entrance,70.0,51.0,40.7,19,1
2026-06-02 19:15:00,Dairy,46.0,56.0,184.4,19,1
2026-06-02 19:15:00,Bakery,28.0,29.0,258.1,19,1
2026-06-02 19:15:00,Produce,41.0,42.0,258.1,19,1
2026-06-02 19:15:00,Snacks,30.0,26.0,158.4,19,1
2026-06-02 19:15:00,Electronics,28.0,28.0,466.5,19,1
2026-06-02 19:15:00,Checkout,53.0,54.0,199.4,19,1
2026-06-02 19:20:00,Entrance,56.0,48.0,39.0,19,1
2026-06-02 19:20:00,Dairy,42.0,37.0,235.6,19,1
2026-06-02 19:20:00,Bakery,30.0,30.0,185.5,19,1
2026-06-02 19:20:00,Produce,38.0,42.0,240.5,19,1
2026-06-02 19:20:00,Snacks,29.0,31.0,174.4,19,1
2026-06-02 19:20:00,Electronics,18.0,16.0,405.7,19,1
2026-06-02 19:20:00,Checkout,53.0,59.0,166.7,19,1
2026-06-02 19:25:00,Entrance,85.0,84.0,56.2,19,1
2026-06-02 19:25:00,Dairy,36.0,34.0,220.4,19,1
2026-06-02 19:25:00,Bakery,34.0,31.0,188.6,19,1
2026-06-02 19:25:00,Produce,32.0,31.0,214.6,19,1
2026-06-02 19:25:00,Snacks,32.0,21.0,227.4,19,1
2026-06-02 19:25:00,Electronics,15.0,15.0,448.0,19,1
2026-06-02 19:25:00,Checkout,59.0,53.0,191.6,19,1
2026-06-02 19:30:00,Entrance,71.0,71.0,56.2,19,1
2026-06-02 19:30:00,Dairy,50.0,47.0,271.6,19,1
2026-06-02 19:30:00,Bakery,29.0,20.0,140.2,19,1
2026-06-02 19:30:00,Produce,37.0,36.0,193.4,19,1
2026-06-02 19:30:00,Snacks,45.0,43.0,117.6,19,1
2026-06-02 19:30:00,Electronics,13.0,12.0,351.2,19,1
2026-06-02 19:30:00,Checkout,57.0,62.0,203.7,19,1
2026-06-02 19:35:00,Entrance,58.0,61.0,45.7,19,1
2026-06-02 19:35:00,Dairy,38.0,34.0,174.6,19,1
2026-06-02 19:35:00,Bakery,39.0,33.0,126.0,19,1
2026-06-02 19:35:00,Produce,35.0,33.0,199.6,19,1
2026-06-02 19:35:00,Snacks,23.0,20.0,197.3,19,1
2026-06-02 19:35:00,Electronics,25.0,24.0,364.1,19,1
2026-06-02 19:35:00,Checkout,46.0,36.0,115.5,19,1
2026-06-02 19:40:00,Entrance,74.0,65.0,30.5,19,1
2026-06-02 19:40:00,Dairy,36.0,26.0,216.7,19,1
2026-06-02 19:40:00,Bakery,35.0,32.0,94.3,19,1
2026-06-02 19:40:00,Produce,45.0,40.0,129.6,19,1
2026-06-02 19:40:00,Snacks,42.0,35.0,206.6,19,1
2026-06-02 19:40:00,Electronics,19.0,18.0,338.7,19,1
2026-06-02 19:40:00,Checkout,55.0,40.0,159.9,19,1
2026-06-02 19:45:00,Entrance,62.0,65.0,43.2,19,1
2026-06-02 19:45:00,Dairy,34.0,29.0,199.6,19,1
2026-06-02 19:45:00,Bakery,36.0,38.0,291.5,19,1
2026-06-02 19:45:00,Produce,39.0,37.0,207.1,19,1
2026-06-02 19:45:00,Snacks,35.0,34.0,,19,1
2026-06-02 19:45:00,Electronics,20.0,21.0,402.3,19,1
2026-06-02 19:45:00,Checkout,57.0,54.0,176.1,19,1
2026-06-02 19:50:00,Entrance,72.0,58.0,30.8,19,1
2026-06-02 19:50:00,Dairy,45.0,50.0,247.0,19,1
2026-06-02 19:50:00,Bakery,28.0,27.0,275.1,19,1
2026-06-02 19:50:00,Produce,37.0,29.0,204.0,19,1
2026-06-02 19:50:00,Snacks,28.0,28.0,288.9,19,1
2026-06-02 19:50:00,Electronics,28.0,31.0,291.1,19,1
2026-06-02 19:50:00,Checkout,53.0,41.0,141.6,19,1
2026-06-02 19:55:00,Entrance,52.0,62.0,45.8,19,1
2026-06-02 19:55:00,Dairy,44.0,48.0,103.6,19,1
2026-06-02 19:55:00,Bakery,34.0,31.0,122.4,19,1
2026-06-02 19:55:00,Produce,36.0,33.0,237.4,19,1
2026-06-02 19:55:00,Snacks,29.0,25.0,205.8,19,1
2026-06-02 19:55:00,Electronics,21.0,25.0,455.8,19,1
2026-06-02 19:55:00,Checkout,64.0,61.0,141.8,19,1
2026-06-02 20:00:00,Entrance,71.0,85.0,37.9,20,1
2026-06-02 20:00:00,Dairy,48.0,49.0,195.7,20,1
2026-06-02 20:00:00,Bakery,23.0,21.0,139.5,20,1
2026-06-02 20:00:00,Produce,39.0,44.0,239.9,20,1
2026-06-02 20:00:00,Snacks,33.0,35.0,272.0,20,1
2026-06-02 20:00:00,Electronics,25.0,20.0,397.8,20,1
2026-06-02 20:00:00,Checkout,52.0,49.0,177.7,20,1
2026-06-02 20:05:00,Entrance,71.0,58.0,38.7,20,1
2026-06-02 20:05:00,Dairy,54.0,59.0,211.8,20,1
2026-06-02 20:05:00,Bakery,31.0,24.0,289.0,20,1
2026-06-02 20:05:00,Produce,29.0,35.0,220.2,20,1
2026-06-02 20:05:00,Snacks,34.0,32.0,252.6,20,1
2026-06-02 20:05:00,Electronics,20.0,16.0,290.1,20,1
2026-06-02 20:05:00,Checkout,54.0,53.0,128.3,20,1
2026-06-02 20:10:00,Entrance,60.0,55.0,55.1,20,1
2026-06-02 20:10:00,Dairy,40.0,27.0,227.8,20,1
2026-06-02 20:10:00,Bakery,29.0,30.0,192.4,20,1
2026-06-02 20:10:00,Produce,36.0,34.0,220.4,20,1
2026-06-02 20:10:00,Snacks,44.0,50.0,186.0,20,1
2026-06-02 20:10:00,Electronics,20.0,17.0,339.3,20,1
2026-06-02 20:10:00,Checkout,44.0,49.0,187.4,20,1
2026-06-02 20:15:00,Entrance,69.0,60.0,20.1,20,1
2026-06-02 20:15:00,Dairy,36.0,43.0,192.2,20,1
2026-06-02 20:15:00,Bakery,26.0,25.0,157.4,20,1
2026-06-02 20:15:00,Produce,40.0,40.0,,20,1
2026-06-02 20:15:00,Snacks,40.0,22.0,160.6,20,1
2026-06-02 20:15:00,Electronics,23.0,19.0,337.7,20,1
2026-06-02 20:15:00,Checkout,58.0,65.0,153.3,20,1
2026-06-02 20:20:00,Entrance,68.0,68.0,34.6,20,1
2026-06-02 20:20:00,Dairy,47.0,45.0,206.7,20,1
2026-06-02 20:20:00,Bakery,39.0,37.0,251.7,20,1
2026-06-02 20:20:00,Produce,42.0,44.0,139.9,20,1
2026-06-02 20:20:00,Snacks,34.0,33.0,245.7,20,1
2026-06-02 20:20:00,Electronics,20.0,20.0,453.1,20,1
2026-06-02 20:20:00,Checkout,47.0,48.0,174.1,20,1
2026-06-02 20:25:00,Entrance,73.0,82.0,51.8,20,1
2026-06-02 20:25:00,Dairy,43.0,40.0,256.1,20,1
2026-06-02 20:25:00,Bakery,28.0,22.0,182.8,20,1
2026-06-02 20:25:00,Produce,41.0,36.0,161.3,20,1
2026-06-02 20:25:00,Snacks,29.0,27.0,224.1,20,1
2026-06-02 20:25:00,Electronics,29.0,20.0,285.1,20,1
2026-06-02 20:25:00,Checkout,56.0,67.0,156.1,20,1
2026-06-02 20:30:00,Entrance,69.0,61.0,36.3,20,1
2026-06-02 20:30:00,Dairy,44.0,40.0,141.6,20,1
2026-06-02 20:30:00,Bakery,40.0,37.0,277.6,20,1
2026-06-02 20:30:00,Produce,44.0,37.0,181.2,20,1
2026-06-02 20:30:00,Snacks,46.0,39.0,140.4,20,1
2026-06-02 20:30:00,Electronics,28.0,22.0,409.9,20,1
2026-06-02 20:30:00,Checkout,47.0,36.0,223.4,20,1
2026-06-02 20:35:00,Entrance,58.0,53.0,42.5,20,1
2026-06-02 20:35:00,Dairy,42.0,38.0,247.1,20,1
2026-06-02 20:35:00,Bakery,38.0,37.0,181.6,20,1
2026-06-02 20:35:00,Produce,47.0,32.0,206.2,20,1
2026-06-02 20:35:00,Snacks,35.0,35.0,71.4,20,1
2026-06-02 20:35:00,Electronics,23.0,21.0,390.8,20,1
2026-06-02 20:35:00,Checkout,53.0,54.0,241.3,20,1
2026-06-02 20:40:00,Entrance,61.0,62.0,49.5,20,1
2026-06-02 20:40:00,Dairy,40.0,46.0,313.2,20,1
2026-06-02 20:40:00,Bakery,33.0,31.0,194.8,20,1
2026-06-02 20:40:00,Produce,,33.0,301.8,20,1
2026-06-02 20:40:00,Snacks,28.0,26.0,205.6,20,1
2026-06-02 20:40:00,Electronics,21.0,17.0,392.2,20,1
2026-06-02 20:40:00,Checkout,62.0,71.0,182.6,20,1
2026-06-02 20:45:00,Entrance,60.0,60.0,56.4,20,1
2026-06-02 20:45:00,Dairy,41.0,42.0,223.4,20,1
2026-06-02 20:45:00,Bakery,28.0,24.0,211.2,20,1
2026-06-02 20:45:00,Produce,48.0,35.0,194.4,20,1
2026-06-02 20:45:00,Snacks,28.0,28.0,175.9,20,1
2026-06-02 20:45:00,Electronics,22.0,20.0,314.6,20,1
2026-06-02 20:45:00,Checkout,46.0,37.0,190.7,20,1
2026-06-02 20:50:00,Entrance,64.0,57.0,53.4,20,1
2026-06-02 20:50:00,Dairy,37.0,33.0,318.0,20,1
2026-06-02 20:50:00,Bakery,36.0,38.0,161.6,20,1
2026-06-02 20:50:00,Produce,25.0,26.0,263.7,20,1
2026-06-02 20:50:00,Snacks,34.0,30.0,198.5,20,1
2026-06-02 20:50:00,Electronics,20.0,20.0,348.7,20,1
2026-06-02 20:50:00,Checkout,38.0,35.0,158.1,20,1
2026-06-02 20:55:00,Entrance,74.0,77.0,41.1,20,1
2026-06-02 20:55:00,Dairy,44.0,35.0,103.9,20,1
2026-06-02 20:55:00,Bakery,34.0,37.0,166.9,20,1
2026-06-02 20:55:00,Produce,41.0,46.0,224.5,20,1
2026-06-02 20:55:00,Snacks,30.0,27.0,297.9,20,1
2026-06-02 20:55:00,Electronics,25.0,20.0,423.4,20,1
2026-06-02 20:55:00,Checkout,45.0,46.0,188.6,20,1
2026-06-02 21:00:00,Entrance,27.0,28.0,,21,1
2026-06-02 21:00:00,Dairy,18.0,19.0,119.4,21,1
2026-06-02 21:00:00,Bakery,21.0,20.0,273.5,21,1
2026-06-02 21:00:00,Produce,22.0,,168.4,21,1
2026-06-02 21:00:00,Snacks,20.0,24.0,187.2,21,1
2026-06-02 21:00:00,Electronics,16.0,14.0,348.1,21,1
2026-06-02 21:00:00,Checkout,26.0,27.0,98.8,21,1
2026-06-02 21:05:00,Entrance,28.0,27.0,29.6,21,1
2026-06-02 21:05:00,Dairy,22.0,19.0,237.9,21,1
2026-06-02 21:05:00,Bakery,9.0,10.0,82.3,21,1
2026-06-02 21:05:00,Produce,14.0,13.0,298.1,21,1
2026-06-02 21:05:00,Snacks,19.0,15.0,183.8,21,1
2026-06-02 21:05:00,Electronics,11.0,10.0,421.3,21,1
2026-06-02 21:05:00,Checkout,27.0,27.0,189.5,21,1
2026-06-02 21:10:00,Entrance,37.0,37.0,59.6,21,1
2026-06-02 21:10:00,Dairy,14.0,11.0,222.3,21,1
2026-06-02 21:10:00,Bakery,13.0,12.0,244.8,21,1
2026-06-02 21:10:00,Produce,22.0,28.0,198.8,21,1
2026-06-02 21:10:00,Snacks,14.0,10.0,336.2,21,1
2026-06-02 21:10:00,Electronics,11.0,8.0,232.2,21,1
2026-06-02 21:10:00,Checkout,29.0,31.0,95.5,21,1
2026-06-02 21:15:00,Entrance,35.0,37.0,32.7,21,1
2026-06-02 21:15:00,Dairy,21.0,25.0,221.1,21,1
2026-06-02 21:15:00,Bakery,20.0,19.0,212.5,21,1
2026-06-02 21:15:00,Produce,29.0,30.0,128.2,21,1
2026-06-02 21:15:00,Snacks,18.0,,245.8,21,1
2026-06-02 21:15:00,Electronics,12.0,11.0,305.1,21,1
2026-06-02 21:15:00,Checkout,26.0,19.0,202.7,21,1
2026-06-02 21:20:00,Entrance,35.0,33.0,44.3,21,1
2026-06-02 21:20:00,Dairy,27.0,14.0,179.6,21,1
2026-06-02 21:20:00,Bakery,10.0,9.0,232.2,21,1
2026-06-02 21:20:00,Produce,19.0,16.0,237.8,21,1
2026-06-02 21:20:00,Snacks,20.0,18.0,175.2,21,1
2026-06-02 21:20:00,Electronics,9.0,8.0,563.0,21,1
2026-06-02 21:20:00,Checkout,30.0,36.0,188.1,21,1
2026-06-02 21:25:00,Entrance,35.0,34.0,70.7,21,1
2026-06-02 21:25:00,Dairy,19.0,15.0,212.2,21,1
2026-06-02 21:25:00,Bakery,7.0,7.0,253.6,21,1
2026-06-02 21:25:00,Produce,16.0,21.0,225.1,21,1
2026-06-02 21:25:00,Snacks,17.0,13.0,287.2,21,1
2026-06-02 21:25:00,Electronics,14.0,17.0,432.1,21,1
2026-06-02 21:25:00,Checkout,24.0,23.0,163.2,21,1
2026-06-02 21:30:00,Entrance,28.0,28.0,34.3,21,1
2026-06-02 21:30:00,Dairy,14.0,14.0,170.7,21,1
2026-06-02 21:30:00,Bakery,17.0,15.0,224.4,21,1
2026-06-02 21:30:00,Produce,15.0,16.0,94.6,21,1
2026-06-02 21:30:00,Snacks,15.0,15.0,238.0,21,1
2026-06-02 21:30:00,Electronics,4.0,1.0,230.1,21,1
2026-06-02 21:30:00,Checkout,26.0,,108.1,21,1
2026-06-02 21:35:00,Entrance,27.0,29.0,43.3,21,1
2026-06-02 21:35:00,Dairy,16.0,15.0,221.3,21,1
2026-06-02 21:35:00,Bakery,,14.0,165.7,21,1
2026-06-02 21:35:00,Produce,15.0,13.0,223.7,21,1
2026-06-02 21:35:00,Snacks,20.0,17.0,155.5,21,1
2026-06-02 21:35:00,Electronics,9.0,7.0,231.2,21,1
2026-06-02 21:35:00,Checkout,25.0,22.0,247.2,21,1
2026-06-02 21:40:00,Entrance,25.0,31.0,51.9,21,1
2026-06-02 21:40:00,Dairy,17.0,20.0,207.0,21,1
2026-06-02 21:40:00,Bakery,16.0,19.0,292.2,21,1
2026-06-02 21:40:00,Produce,22.0,18.0,226.3,21,1
2026-06-02 21:40:00,Snacks,12.0,,185.6,21,1
2026-06-02 21:40:00,Electronics,9.0,11.0,310.8,21,1
2026-06-02 21:40:00,Checkout,27.0,21.0,133.9,21,1
2026-06-02 21:45:00,Entrance,23.0,17.0,34.4,21,1
2026-06-02 21:45:00,Dairy,21.0,23.0,268.5,21,1
2026-06-02 21:45:00,Bakery,12.0,9.0,262.4,21,1
2026-06-02 21:45:00,Produce,24.0,25.0,183.5,21,1
2026-06-02 21:45:00,Snacks,20.0,19.0,223.4,21,1
2026-06-02 21:45:00,Electronics,9.0,,465.0,21,1
2026-06-02 21:45:00,Checkout,20.0,16.0,116.9,21,1
2026-06-02 21:50:00,Entrance,32.0,35.0,29.7,21,1
2026-06-02 21:50:00,Dairy,16.0,,206.3,21,1
2026-06-02 21:50:00,Bakery,7.0,8.0,141.9,21,1
2026-06-02 21:50:00,Produce,,23.0,180.3,21,1
2026-06-02 21:50:00,Snacks,19.0,19.0,237.6,21,1
2026-06-02 21:50:00,Electronics,11.0,12.0,237.6,21,1
2026-06-02 21:50:00,Checkout,21.0,17.0,,21,1
2026-06-02 21:55:00,Entrance,28.0,20.0,29.5,21,1
2026-06-02 21:55:00,Dairy,26.0,20.0,187.5,21,1
2026-06-02 21:55:00,Bakery,23.0,19.0,181.0,21,1
2026-06-02 21:55:00,Produce,18.0,16.0,207.9,21,1
2026-06-02 21:55:00,Snacks,13.0,11.0,250.7,21,1
2026-06-02 21:55:00,Electronics,11.0,12.0,307.0,21,1
2026-06-02 21:55:00,Checkout,29.0,27.0,183.5,21,1
2026-06-02 22:00:00,Entrance,,6.0,22.3,22,1
2026-06-02 22:00:00,Dairy,7.0,6.0,141.7,22,1
2026-06-02 22:00:00,Bakery,5.0,4.0,134.2,22,1
2026-06-02 22:00:00,Produce,6.0,7.0,260.9,22,1
2026-06-02 22:00:00,Snacks,3.0,4.0,211.7,22,1
2026-06-02 22:00:00,Electronics,2.0,1.0,367.6,22,1
2026-06-02 22:00:00,Checkout,6.0,5.0,193.2,22,1
2026-06-02 22:05:00,Entrance,6.0,7.0,41.1,22,1
2026-06-02 22:05:00,Dairy,3.0,3.0,194.3,22,1
2026-06-02 22:05:00,Bakery,3.0,3.0,295.8,22,1
2026-06-02 22:05:00,Produce,1.0,0.0,223.8,22,1
2026-06-02 22:05:00,Snacks,4.0,2.0,212.1,22,1
2026-06-02 22:05:00,Electronics,4.0,,312.0,22,1
2026-06-02 22:05:00,Checkout,4.0,3.0,235.0,22,1
2026-06-02 22:10:00,Entrance,5.0,3.0,48.2,22,1
2026-06-02 22:10:00,Dairy,8.0,6.0,261.0,22,1
2026-06-02 22:10:00,Bakery,4.0,3.0,204.0,22,1
2026-06-02 22:10:00,Produce,2.0,2.0,191.9,22,1
2026-06-02 22:10:00,Snacks,4.0,3.0,196.4,22,1
2026-06-02 22:10:00,Electronics,3.0,1.0,297.0,22,1
2026-06-02 22:10:00,Checkout,5.0,5.0,185.3,22,1
2026-06-02 22:15:00,Entrance,5.0,2.0,51.5,22,1
2026-06-02 22:15:00,Dairy,,4.0,227.9,22,1
2026-06-02 22:15:00,Bakery,2.0,1.0,184.6,22,1
2026-06-02 22:15:00,Produce,8.0,7.0,213.1,22,1
2026-06-02 22:15:00,Snacks,6.0,5.0,131.6,22,1
2026-06-02 22:15:00,Electronics,0.0,,456.0,22,1
2026-06-02 22:15:00,Checkout,7.0,6.0,186.7,22,1
2026-06-02 22:20:00,Entrance,5.0,5.0,56.0,22,1
2026-06-02 22:20:00,Dairy,4.0,3.0,162.2,22,1
2026-06-02 22:20:00,Bakery,3.0,2.0,185.1,22,1
2026-06-02 22:20:00,Produce,4.0,3.0,247.9,22,1
2026-06-02 22:20:00,Snacks,6.0,6.0,178.6,22,1
2026-06-02 22:20:00,Electronics,2.0,0.0,,22,1
2026-06-02 22:20:00,Checkout,6.0,3.0,155.5,22,1
2026-06-02 22:25:00,Entrance,6.0,5.0,53.6,22,1
2026-06-02 22:25:00,Dairy,6.0,8.0,198.2,22,1
2026-06-02 22:25:00,Bakery,5.0,5.0,289.6,22,1
2026-06-02 22:25:00,Produce,7.0,6.0,117.7,22,1
2026-06-02 22:25:00,Snacks,1.0,0.0,93.5,22,1
2026-06-02 22:25:00,Electronics,0.0,0.0,407.0,22,1
2026-06-02 22:25:00,Checkout,5.0,5.0,68.3,22,1
2026-06-02 22:30:00,Entrance,5.0,4.0,48.6,22,1
2026-06-02 22:30:00,Dairy,4.0,3.0,203.0,22,1
2026-06-02 22:30:00,Bakery,10.0,10.0,171.1,22,1
2026-06-02 22:30:00,Produce,7.0,9.0,146.3,22,1
2026-06-02 22:30:00,Snacks,3.0,,169.5,22,1
2026-06-02 22:30:00,Electronics,4.0,5.0,491.3,22,1
2026-06-02 22:30:00,Checkout,3.0,1.0,176.5,22,1
2026-06-02 22:35:00,Entrance,1.0,1.0,41.3,22,1
2026-06-02 22:35:00,Dairy,4.0,2.0,207.5,22,1
2026-06-02 22:35:00,Bakery,1.0,3.0,123.5,22,1
2026-06-02 22:35:00,Produce,3.0,4.0,268.0,22,1
2026-06-02 22:35:00,Snacks,2.0,3.0,237.8,22,1
2026-06-02 22:35:00,Electronics,0.0,0.0,265.7,22,1
2026-06-02 22:35:00,Checkout,8.0,7.0,185.9,22,1
2026-06-02 22:40:00,Entrance,2.0,1.0,45.7,22,1
2026-06-02 22:40:00,Dairy,5.0,2.0,201.3,22,1
2026-06-02 22:40:00,Bakery,3.0,3.0,166.0,22,1
2026-06-02 22:40:00,Produce,1.0,0.0,184.6,22,1
2026-06-02 22:40:00,Snacks,3.0,2.0,177.2,22,1
2026-06-02 22:40:00,Electronics,3.0,4.0,391.0,22,1
2026-06-02 22:40:00,Checkout,9.0,10.0,113.3,22,1
2026-06-02 22:45:00,Entrance,7.0,6.0,62.8,22,1
2026-06-02 22:45:00,Dairy,4.0,4.0,256.4,22,1
2026-06-02 22:45:00,Bakery,3.0,1.0,234.7,22,1
2026-06-02 22:45:00,Produce,,6.0,153.4,22,1
2026-06-02 22:45:00,Snacks,2.0,0.0,197.7,22,1
2026-06-02 22:45:00,Electronics,1.0,2.0,453.0,22,1
2026-06-02 22:45:00,Checkout,9.0,8.0,185.2,22,1
2026-06-02 22:50:00,Entrance,9.0,12.0,15.0,22,1
2026-06-02 22:50:00,Dairy,5.0,4.0,202.3,22,1
2026-06-02 22:50:00,Bakery,1.0,1.0,176.8,22,1
2026-06-02 22:50:00,Produce,4.0,1.0,141.4,22,1
2026-06-02 22:50:00,Snacks,4.0,4.0,250.8,22,1
2026-06-02 22:50:00,Electronics,2.0,4.0,280.3,22,1
2026-06-02 22:50:00,Checkout,4.0,5.0,149.0,22,1
2026-06-02 22:55:00,Entrance,8.0,10.0,56.0,22,1
2026-06-02 22:55:00,Dairy,4.0,1.0,180.0,22,1
2026-06-02 22:55:00,Bakery,4.0,5.0,208.4,22,1
2026-06-02 22:55:00,Produce,4.0,4.0,271.1,22,1
2026-06-02 22:55:00,Snacks,3.0,2.0,147.3,22,1
2026-06-02 22:55:00,Electronics,1.0,0.0,329.9,22,1
2026-06-02 22:55:00,Checkout,6.0,4.0,87.0,22,1
2026-06-02 23:00:00,Entrance,5.0,6.0,52.4,23,1
2026-06-02 23:00:00,Dairy,6.0,5.0,150.8,23,1
2026-06-02 23:00:00,Bakery,2.0,2.0,166.3,23,1
2026-06-02 23:00:00,Produce,5.0,6.0,247.3,23,1
2026-06-02 23:00:00,Snacks,1.0,0.0,243.7,23,1
2026-06-02 23:00:00,Electronics,2.0,2.0,410.3,23,1
2026-06-02 23:00:00,Checkout,8.0,6.0,173.2,23,1
2026-06-02 23:05:00,Entrance,6.0,8.0,39.3,23,1
2026-06-02 23:05:00,Dairy,7.0,9.0,199.6,23,1
2026-06-02 23:05:00,Bakery,1.0,0.0,150.2,23,1
2026-06-02 23:05:00,Produce,1.0,0.0,223.5,23,1
2026-06-02 23:05:00,Snacks,3.0,4.0,187.0,23,1
2026-06-02 23:05:00,Electronics,3.0,2.0,392.6,23,1
2026-06-02 23:05:00,Checkout,4.0,5.0,161.3,23,1
2026-06-02 23:10:00,Entrance,8.0,10.0,70.8,23,1
2026-06-02 23:10:00,Dairy,5.0,4.0,192.6,23,1
2026-06-02 23:10:00,Bakery,1.0,1.0,215.3,23,1
2026-06-02 23:10:00,Produce,3.0,2.0,164.4,23,1
2026-06-02 23:10:00,Snacks,6.0,,194.6,23,1
2026-06-02 23:10:00,Electronics,3.0,3.0,190.8,23,1
2026-06-02 23:10:00,Checkout,7.0,6.0,179.2,23,1
2026-06-02 23:15:00,Entrance,7.0,7.0,37.5,23,1
2026-06-02 23:15:00,Dairy,2.0,2.0,276.7,23,1
2026-06-02 23:15:00,Bakery,2.0,,239.8,23,1
2026-06-02 23:15:00,Produce,5.0,3.0,223.5,23,1
2026-06-02 23:15:00,Snacks,2.0,1.0,91.3,23,1
2026-06-02 23:15:00,Electronics,4.0,5.0,414.4,23,1
2026-06-02 23:15:00,Checkout,4.0,4.0,198.8,23,1
2026-06-02 23:20:00,Entrance,,0.0,56.1,23,1
2026-06-02 23:20:00,Dairy,2.0,2.0,225.3,23,1
2026-06-02 23:20:00,Bakery,2.0,2.0,224.7,23,1
2026-06-02 23:20:00,Produce,3.0,3.0,278.0,23,1
2026-06-02 23:20:00,Snacks,5.0,4.0,106.0,23,1
2026-06-02 23:20:00,Electronics,3.0,2.0,424.5,23,1
2026-06-02 23:20:00,Checkout,7.0,6.0,185.1,23,1
2026-06-02 23:25:00,Entrance,8.0,8.0,35.0,23,1
2026-06-02 23:25:00,Dairy,4.0,2.0,251.2,23,1
2026-06-02 23:25:00,Bakery,1.0,0.0,181.0,23,1
2026-06-02 23:25:00,Produce,2.0,,166.0,23,1
2026-06-02 23:25:00,Snacks,2.0,0.0,178.5,23,1
2026-06-02 23:25:00,Electronics,3.0,3.0,242.2,23,1
2026-06-02 23:25:00,Checkout,10.0,10.0,230.2,23,1
2026-06-02 23:30:00,Entrance,9.0,7.0,60.3,23,1
2026-06-02 23:30:00,Dairy,9.0,8.0,241.6,23,1
2026-06-02 23:30:00,Bakery,2.0,1.0,216.9,23,1
2026-06-02 23:30:00,Produce,6.0,7.0,249.3,23,1
2026-06-02 23:30:00,Snacks,2.0,0.0,354.8,23,1
2026-06-02 23:30:00,Electronics,2.0,0.0,434.3,23,1
2026-06-02 23:30:00,Checkout,6.0,2.0,142.7,23,1
2026-06-02 23:35:00,Entrance,7.0,5.0,36.4,23,1
2026-06-02 23:35:00,Dairy,6.0,5.0,225.0,23,1
2026-06-02 23:35:00,Bakery,5.0,8.0,201.8,23,1
2026-06-02 23:35:00,Produce,6.0,3.0,291.3,23,1
2026-06-02 23:35:00,Snacks,3.0,1.0,245.8,23,1
2026-06-02 23:35:00,Electronics,,0.0,498.9,23,1
2026-06-02 23:35:00,Checkout,6.0,6.0,134.5,23,1
2026-06-02 23:40:00,Entrance,5.0,2.0,48.4,23,1
2026-06-02 23:40:00,Dairy,5.0,4.0,181.6,23,1
2026-06-02 23:40:00,Bakery,7.0,,178.6,23,1
2026-06-02 23:40:00,Produce,3.0,4.0,170.5,23,1
2026-06-02 23:40:00,Snacks,5.0,3.0,149.2,23,1
2026-06-02 23:40:00,Electronics,3.0,1.0,357.9,23,1
2026-06-02 23:40:00,Checkout,5.0,6.0,98.5,23,1
2026-06-02 23:45:00,Entrance,5.0,3.0,42.7,23,1
2026-06-02 23:45:00,Dairy,7.0,4.0,196.0,23,1
2026-06-02 23:45:00,Bakery,5.0,4.0,222.0,23,1
2026-06-02 23:45:00,Produce,4.0,5.0,238.3,23,1
2026-06-02 23:45:00,Snacks,5.0,3.0,194.3,23,1
2026-06-02 23:45:00,Electronics,1.0,0.0,483.8,23,1
2026-06-02 23:45:00,Checkout,11.0,12.0,164.4,23,1
2026-06-02 23:50:00,Entrance,6.0,6.0,35.0,23,1
2026-06-02 23:50:00,Dairy,6.0,6.0,205.7,23,1
2026-06-02 23:50:00,Bakery,4.0,3.0,,23,1
2026-06-02 23:50:00,Produce,3.0,3.0,205.3,23,1
2026-06-02 23:50:00,Snacks,2.0,1.0,282.3,23,1
2026-06-02 23:50:00,Electronics,0.0,2.0,299.8,23,1
2026-06-02 23:50:00,Checkout,7.0,5.0,162.0,23,1
2026-06-02 23:55:00,Entrance,7.0,8.0,49.4,23,1
2026-06-02 23:55:00,Dairy,1.0,2.0,288.8,23,1
2026-06-02 23:55:00,Bakery,3.0,2.0,168.1,23,1
2026-06-02 23:55:00,Produce,4.0,2.0,214.8,23,1
2026-06-02 23:55:00,Snacks,3.0,2.0,227.6,23,1
2026-06-02 23:55:00,Electronics,1.0,2.0,378.1,23,1
2026-06-02 23:55:00,Checkout,11.0,12.0,200.9,23,1
2026-06-03 00:00:00,Entrance,11.0,9.0,43.7,0,2
2026-06-03 00:00:00,Dairy,2.0,0.0,249.2,0,2
2026-06-03 00:00:00,Bakery,3.0,1.0,212.0,0,2
2026-06-03 00:00:00,Produce,1.0,2.0,244.1,0,2
2026-06-03 00:00:00,Snacks,2.0,5.0,238.0,0,2
2026-06-03 00:00:00,Electronics,1.0,1.0,434.3,0,2
2026-06-03 00:00:00,Checkout,5.0,6.0,130.7,0,2
2026-06-03 00:05:00,Entrance,12.0,13.0,49.3,0,2
2026-06-03 00:05:00,Dairy,4.0,3.0,214.5,0,2
2026-06-03 00:05:00,Bakery,1.0,0.0,186.8,0,2
2026-06-03 00:05:00,Produce,3.0,0.0,213.7,0,2
2026-06-03 00:05:00,Snacks,3.0,2.0,245.8,0,2
2026-06-03 00:05:00,Electronics,5.0,5.0,226.3,0,2
2026-06-03 00:05:00,Checkout,4.0,2.0,196.6,0,2
2026-06-03 00:10:00,Entrance,3.0,3.0,40.0,0,2
2026-06-03 00:10:00,Dairy,7.0,7.0,185.9,0,2
2026-06-03 00:10:00,Bakery,3.0,4.0,144.8,0,2
2026-06-03 00:10:00,Produce,3.0,2.0,179.3,0,2
2026-06-03 00:10:00,Snacks,1.0,2.0,174.2,0,2
2026-06-03 00:10:00,Electronics,2.0,1.0,411.4,0,2
2026-06-03 00:10:00,Checkout,5.0,2.0,200.8,0,2
2026-06-03 00:15:00,Entrance,4.0,4.0,58.7,0,2
2026-06-03 00:15:00,Dairy,3.0,2.0,240.2,0,2
2026-06-03 00:15:00,Bakery,4.0,2.0,,0,2
2026-06-03 00:15:00,Produce,2.0,4.0,177.1,0,2
2026-06-03 00:15:00,Snacks,5.0,4.0,201.2,0,2
2026-06-03 00:15:00,Electronics,3.0,3.0,366.4,0,2
2026-06-03 00:15:00,Checkout,7.0,8.0,146.3,0,2
2026-06-03 00:20:00,Entrance,11.0,7.0,33.3,0,2
2026-06-03 00:20:00,Dairy,5.0,3.0,191.2,0,2
2026-06-03 00:20:00,Bakery,6.0,8.0,162.3,0,2
2026-06-03 00:20:00,Produce,5.0,4.0,209.4,0,2
2026-06-03 00:20:00,Snacks,6.0,5.0,296.9,0,2
2026-06-03 00:20:00,Electronics,2.0,2.0,387.3,0,2
2026-06-03 00:20:00,Checkout,3.0,3.0,157.2,0,2
2026-06-03 00:25:00,Entrance,10.0,10.0,54.3,0,2
2026-06-03 00:25:00,Dairy,4.0,4.0,323.2,0,2
2026-06-03 00:25:00,Bakery,3.0,3.0,168.3,0,2
2026-06-03 00:25:00,Produce,6.0,4.0,134.0,0,2
2026-06-03 00:25:00,Snacks,5.0,5.0,254.2,0,2
2026-06-03 00:25:00,Electronics,2.0,0.0,387.1,0,2
2026-06-03 00:25:00,Checkout,3.0,4.0,176.3,0,2
2026-06-03 00:30:00,Entrance,2.0,3.0,36.5,0,2
2026-06-03 00:30:00,Dairy,2.0,2.0,239.9,0,2
2026-06-03 00:30:00,Bakery,7.0,7.0,215.9,0,2
2026-06-03 00:30:00,Produce,5.0,6.0,234.2,0,2
2026-06-03 00:30:00,Snacks,3.0,0.0,160.9,0,2
2026-06-03 00:30:00,Electronics,6.0,5.0,304.0,0,2
2026-06-03 00:30:00,Checkout,6.0,7.0,158.9,0,2
2026-06-03 00:35:00,Entrance,10.0,8.0,32.7,0,2
2026-06-03 00:35:00,Dairy,5.0,7.0,255.3,0,2
2026-06-03 00:35:00,Bakery,7.0,7.0,307.0,0,2
2026-06-03 00:35:00,Produce,5.0,2.0,114.3,0,2
2026-06-03 00:35:00,Snacks,8.0,9.0,123.9,0,2
2026-06-03 00:35:00,Electronics,4.0,5.0,324.0,0,2
2026-06-03 00:35:00,Checkout,6.0,5.0,148.6,0,2
2026-06-03 00:40:00,Entrance,9.0,9.0,50.6,0,2
2026-06-03 00:40:00,Dairy,2.0,1.0,177.1,0,2
2026-06-03 00:40:00,Bakery,1.0,2.0,236.0,0,2
2026-06-03 00:40:00,Produce,6.0,6.0,248.2,0,2
2026-06-03 00:40:00,Snacks,3.0,4.0,310.2,0,2
2026-06-03 00:40:00,Electronics,4.0,1.0,230.0,0,2
2026-06-03 00:40:00,Checkout,3.0,0.0,126.2,0,2
2026-06-03 00:45:00,Entrance,5.0,6.0,44.9,0,2
2026-06-03 00:45:00,Dairy,4.0,4.0,193.1,0,2
2026-06-03 00:45:00,Bakery,8.0,6.0,131.7,0,2
2026-06-03 00:45:00,Produce,3.0,2.0,289.5,0,2
2026-06-03 00:45:00,Snacks,1.0,0.0,292.2,0,2
2026-06-03 00:45:00,Electronics,3.0,3.0,368.3,0,2
2026-06-03 00:45:00,Checkout,5.0,6.0,170.2,0,2
2026-06-03 00:50:00,Entrance,5.0,6.0,,0,2
2026-06-03 00:50:00,Dairy,5.0,3.0,143.0,0,2
2026-06-03 00:50:00,Bakery,4.0,3.0,207.4,0,2
2026-06-03 00:50:00,Produce,4.0,5.0,193.5,0,2
2026-06-03 00:50:00,Snacks,1.0,1.0,149.2,0,2
2026-06-03 00:50:00,Electronics,5.0,6.0,420.9,0,2
2026-06-03 00:50:00,Checkout,3.0,4.0,160.4,0,2
2026-06-03 00:55:00,Entrance,5.0,4.0,64.1,0,2
2026-06-03 00:55:00,Dairy,3.0,0.0,298.6,0,2
2026-06-03 00:55:00,Bakery,1.0,0.0,182.8,0,2
2026-06-03 00:55:00,Produce,3.0,4.0,268.3,0,2
2026-06-03 00:55:00,Snacks,2.0,0.0,360.4,0,2
2026-06-03 00:55:00,Electronics,1.0,0.0,361.6,0,2
2026-06-03 00:55:00,Checkout,2.0,1.0,109.2,0,2
2026-06-03 01:00:00,Entrance,6.0,8.0,38.8,1,2
2026-06-03 01:00:00,Dairy,3.0,4.0,210.5,1,2
2026-06-03 01:00:00,Bakery,1.0,1.0,208.7,1,2
2026-06-03 01:00:00,Produce,8.0,9.0,153.2,1,2
2026-06-03 01:00:00,Snacks,5.0,3.0,163.5,1,2
2026-06-03 01:00:00,Electronics,4.0,3.0,494.8,1,2
2026-06-03 01:00:00,Checkout,4.0,3.0,133.7,1,2
2026-06-03 01:05:00,Entrance,,2.0,44.2,1,2
2026-06-03 01:05:00,Dairy,5.0,8.0,171.6,1,2
2026-06-03 01:05:00,Bakery,2.0,2.0,210.5,1,2
2026-06-03 01:05:00,Produce,6.0,5.0,155.9,1,2
2026-06-03 01:05:00,Snacks,4.0,2.0,225.9,1,2
2026-06-03 01:05:00,Electronics,3.0,2.0,403.4,1,2
2026-06-03 01:05:00,Checkout,,8.0,123.8,1,2
2026-06-03 01:10:00,Entrance,4.0,4.0,60.4,1,2
2026-06-03 01:10:00,Dairy,5.0,6.0,121.4,1,2
2026-06-03 01:10:00,Bakery,3.0,4.0,227.5,1,2
2026-06-03 01:10:00,Produce,3.0,3.0,322.0,1,2
2026-06-03 01:10:00,Snacks,7.0,8.0,230.0,1,2
2026-06-03 01:10:00,Electronics,4.0,3.0,,1,2
2026-06-03 01:10:00,Checkout,4.0,3.0,,1,2
2026-06-03 01:15:00,Entrance,9.0,10.0,40.6,1,2
2026-06-03 01:15:00,Dairy,3.0,2.0,272.2,1,2
2026-06-03 01:15:00,Bakery,3.0,3.0,189.0,1,2
2026-06-03 01:15:00,Produce,4.0,2.0,212.2,1,2
2026-06-03 01:15:00,Snacks,3.0,3.0,205.4,1,2
2026-06-03 01:15:00,Electronics,2.0,5.0,348.7,1,2
2026-06-03 01:15:00,Checkout,1.0,1.0,185.5,1,2
2026-06-03 01:20:00,Entrance,9.0,9.0,68.2,1,2
2026-06-03 01:20:00,Dairy,4.0,1.0,237.2,1,2
2026-06-03 01:20:00,Bakery,10.0,,223.9,1,2
2026-06-03 01:20:00,Produce,5.0,4.0,52.3,1,2
2026-06-03 01:20:00,Snacks,1.0,0.0,268.5,1,2
2026-06-03 01:20:00,Electronics,1.0,2.0,460.9,1,2
2026-06-03 01:20:00,Checkout,3.0,5.0,152.2,1,2
2026-06-03 01:25:00,Entrance,8.0,8.0,44.5,1,2
2026-06-03 01:25:00,Dairy,8.0,6.0,226.6,1,2
2026-06-03 01:25:00,Bakery,6.0,5.0,268.2,1,2
2026-06-03 01:25:00,Produce,,1.0,201.8,1,2
2026-06-03 01:25:00,Snacks,1.0,3.0,39.9,1,2
2026-06-03 01:25:00,Electronics,1.0,2.0,426.1,1,2
2026-06-03 01:25:00,Checkout,2.0,3.0,165.4,1,2
2026-06-03 01:30:00,Entrance,8.0,8.0,26.9,1,2
2026-06-03 01:30:00,Dairy,1.0,0.0,250.2,1,2
2026-06-03 01:30:00,Bakery,1.0,2.0,164.7,1,2
2026-06-03 01:30:00,Produce,9.0,11.0,192.0,1,2
2026-06-03 01:30:00,Snacks,5.0,4.0,175.9,1,2
2026-06-03 01:30:00,Electronics,0.0,0.0,324.7,1,2
2026-06-03 01:30:00,Checkout,6.0,7.0,,1,2
2026-06-03 01:35:00,Entrance,5.0,7.0,39.1,1,2
2026-06-03 01:35:00,Dairy,6.0,3.0,182.1,1,2
2026-06-03 01:35:00,Bakery,8.0,8.0,265.0,1,2
2026-06-03 01:35:00,Produce,,1.0,208.1,1,2
2026-06-03 01:35:00,Snacks,2.0,0.0,216.2,1,2
2026-06-03 01:35:00,Electronics,,1.0,342.9,1,2
2026-06-03 01:35:00,Checkout,6.0,9.0,148.6,1,2
2026-06-03 01:40:00,Entrance,2.0,3.0,41.1,1,2
2026-06-03 01:40:00,Dairy,5.0,2.0,225.9,1,2
2026-06-03 01:40:00,Bakery,2.0,0.0,160.2,1,2
2026-06-03 01:40:00,Produce,2.0,0.0,219.7,1,2
2026-06-03 01:40:00,Snacks,2.0,1.0,106.6,1,2
2026-06-03 01:40:00,Electronics,2.0,0.0,239.7,1,2
2026-06-03 01:40:00,Checkout,2.0,3.0,190.8,1,2
2026-06-03 01:45:00,Entrance,5.0,4.0,48.1,1,2
2026-06-03 01:45:00,Dairy,7.0,8.0,287.1,1,2
2026-06-03 01:45:00,Bakery,1.0,0.0,106.2,1,2
2026-06-03 01:45:00,Produce,6.0,5.0,174.0,1,2
2026-06-03 01:45:00,Snacks,1.0,2.0,264.8,1,2
2026-06-03 01:45:00,Electronics,2.0,1.0,249.3,1,2
2026-06-03 01:45:00,Checkout,9.0,7.0,95.6,1,2
2026-06-03 01:50:00,Entrance,5.0,6.0,49.0,1,2
2026-06-03 01:50:00,Dairy,4.0,4.0,,1,2
2026-06-03 01:50:00,Bakery,1.0,,146.0,1,2
2026-06-03 01:50:00,Produce,6.0,8.0,142.7,1,2
2026-06-03 01:50:00,Snacks,3.0,3.0,197.5,1,2
2026-06-03 01:50:00,Electronics,1.0,0.0,546.6,1,2
2026-06-03 01:50:00,Checkout,7.0,7.0,244.2,1,2
2026-06-03 01:55:00,Entrance,6.0,7.0,34.7,1,2
2026-06-03 01:55:00,Dairy,3.0,2.0,160.4,1,2
2026-06-03 01:55:00,Bakery,4.0,4.0,203.2,1,2
2026-06-03 01:55:00,Produce,4.0,5.0,208.6,1,2
2026-06-03 01:55:00,Snacks,7.0,9.0,200.3,1,2
2026-06-03 01:55:00,Electronics,1.0,1.0,345.8,1,2
2026-06-03 01:55:00,Checkout,3.0,2.0,121.2,1,2
2026-06-03 02:00:00,Entrance,5.0,4.0,34.3,2,2
2026-06-03 02:00:00,Dairy,1.0,,169.3,2,2
2026-06-03 02:00:00,Bakery,1.0,4.0,229.6,2,2
2026-06-03 02:00:00,Produce,4.0,2.0,362.4,2,2
2026-06-03 02:00:00,Snacks,9.0,8.0,224.8,2,2
2026-06-03 02:00:00,Electronics,1.0,3.0,453.8,2,2
2026-06-03 02:00:00,Checkout,4.0,5.0,161.9,2,2
2026-06-03 02:05:00,Entrance,8.0,8.0,42.5,2,2
2026-06-03 02:05:00,Dairy,3.0,1.0,178.3,2,2
2026-06-03 02:05:00,Bakery,2.0,1.0,210.9,2,2
2026-06-03 02:05:00,Produce,6.0,6.0,200.1,2,2
2026-06-03 02:05:00,Snacks,3.0,2.0,75.7,2,2
2026-06-03 02:05:00,Electronics,2.0,0.0,429.7,2,2
2026-06-03 02:05:00,Checkout,5.0,1.0,163.5,2,2
2026-06-03 02:10:00,Entrance,5.0,4.0,47.6,2,2
2026-06-03 02:10:00,Dairy,3.0,1.0,148.2,2,2
2026-06-03 02:10:00,Bakery,2.0,4.0,252.6,2,2
2026-06-03 02:10:00,Produce,4.0,4.0,127.8,2,2
2026-06-03 02:10:00,Snacks,5.0,5.0,218.5,2,2
2026-06-03 02:10:00,Electronics,1.0,1.0,348.7,2,2
2026-06-03 02:10:00,Checkout,10.0,10.0,236.1,2,2
2026-06-03 02:15:00,Entrance,3.0,1.0,61.0,2,2
2026-06-03 02:15:00,Dairy,,2.0,227.5,2,2
2026-06-03 02:15:00,Bakery,2.0,7.0,186.6,2,2
2026-06-03 02:15:00,Produce,4.0,3.0,242.6,2,2
2026-06-03 02:15:00,Snacks,2.0,2.0,249.0,2,2
2026-06-03 02:15:00,Electronics,1.0,1.0,536.5,2,2
2026-06-03 02:15:00,Checkout,10.0,10.0,116.7,2,2
2026-06-03 02:20:00,Entrance,8.0,8.0,56.9,2,2
2026-06-03 02:20:00,Dairy,6.0,7.0,319.2,2,2
2026-06-03 02:20:00,Bakery,1.0,0.0,303.9,2,2
2026-06-03 02:20:00,Produce,8.0,8.0,195.4,2,2
2026-06-03 02:20:00,Snacks,2.0,4.0,205.5,2,2
2026-06-03 02:20:00,Electronics,2.0,2.0,467.2,2,2
2026-06-03 02:20:00,Checkout,5.0,6.0,209.1,2,2
2026-06-03 02:25:00,Entrance,8.0,7.0,37.2,2,2
2026-06-03 02:25:00,Dairy,4.0,5.0,150.8,2,2
2026-06-03 02:25:00,Bakery,4.0,1.0,206.8,2,2
2026-06-03 02:25:00,Produce,3.0,0.0,185.7,2,2
2026-06-03 02:25:00,Snacks,1.0,2.0,304.7,2,2
2026-06-03 02:25:00,Electronics,2.0,1.0,267.3,2,2
2026-06-03 02:25:00,Checkout,3.0,3.0,153.4,2,2
2026-06-03 02:30:00,Entrance,12.0,13.0,41.7,2,2
2026-06-03 02:30:00,Dairy,5.0,1.0,135.8,2,2
2026-06-03 02:30:00,Bakery,2.0,1.0,184.3,2,2
2026-06-03 02:30:00,Produce,4.0,2.0,264.3,2,2
2026-06-03 02:30:00,Snacks,5.0,5.0,273.2,2,2
2026-06-03 02:30:00,Electronics,3.0,0.0,472.3,2,2
2026-06-03 02:30:00,Checkout,7.0,6.0,172.8,2,2
2026-06-03 02:35:00,Entrance,6.0,3.0,55.8,2,2
2026-06-03 02:35:00,Dairy,7.0,4.0,283.1,2,2
2026-06-03 02:35:00,Bakery,4.0,4.0,195.2,2,2
2026-06-03 02:35:00,Produce,5.0,4.0,223.2,2,2
2026-06-03 02:35:00,Snacks,3.0,0.0,285.9,2,2
2026-06-03 02:35:00,Electronics,3.0,2.0,422.4,2,2
2026-06-03 02:35:00,Checkout,4.0,4.0,154.8,2,2
2026-06-03 02:40:00,Entrance,7.0,8.0,,2,2
2026-06-03 02:40:00,Dairy,5.0,4.0,235.3,2,2
2026-06-03 02:40:00,Bakery,3.0,2.0,240.1,2,2
2026-06-03 02:40:00,Produce,3.0,0.0,152.0,2,2
2026-06-03 02:40:00,Snacks,5.0,5.0,195.5,2,2
2026-06-03 02:40:00,Electronics,4.0,2.0,352.2,2,2
2026-06-03 02:40:00,Checkout,6.0,6.0,240.9,2,2
2026-06-03 02:45:00,Entrance,9.0,9.0,40.2,2,2
2026-06-03 02:45:00,Dairy,4.0,,331.1,2,2
2026-06-03 02:45:00,Bakery,1.0,3.0,175.4,2,2
2026-06-03 02:45:00,Produce,9.0,6.0,226.7,2,2
2026-06-03 02:45:00,Snacks,4.0,,237.2,2,2
2026-06-03 02:45:00,Electronics,2.0,2.0,430.3,2,2
2026-06-03 02:45:00,Checkout,9.0,9.0,155.9,2,2
2026-06-03 02:50:00,Entrance,6.0,5.0,28.4,2,2
2026-06-03 02:50:00,Dairy,3.0,3.0,256.7,2,2
2026-06-03 02:50:00,Bakery,3.0,4.0,201.1,2,2
2026-06-03 02:50:00,Produce,3.0,2.0,193.8,2,2
2026-06-03 02:50:00,Snacks,3.0,3.0,208.4,2,2
2026-06-03 02:50:00,Electronics,1.0,2.0,475.0,2,2
2026-06-03 02:50:00,Checkout,8.0,7.0,136.7,2,2
2026-06-03 02:55:00,Entrance,7.0,7.0,,2,2
2026-06-03 02:55:00,Dairy,2.0,1.0,202.6,2,2
2026-06-03 02:55:00,Bakery,2.0,0.0,168.9,2,2
2026-06-03 02:55:00,Produce,9.0,7.0,,2,2
2026-06-03 02:55:00,Snacks,1.0,2.0,259.6,2,2
2026-06-03 02:55:00,Electronics,2.0,1.0,364.1,2,2
2026-06-03 02:55:00,Checkout,8.0,7.0,171.5,2,2
2026-06-03 03:00:00,Entrance,7.0,7.0,27.9,3,2
2026-06-03 03:00:00,Dairy,4.0,1.0,208.7,3,2
2026-06-03 03:00:00,Bakery,3.0,3.0,196.6,3,2
2026-06-03 03:00:00,Produce,1.0,1.0,,3,2
2026-06-03 03:00:00,Snacks,2.0,0.0,183.3,3,2
2026-06-03 03:00:00,Electronics,4.0,7.0,371.7,3,2
2026-06-03 03:00:00,Checkout,5.0,4.0,137.4,3,2
2026-06-03 03:05:00,Entrance,9.0,8.0,73.9,3,2
2026-06-03 03:05:00,Dairy,5.0,3.0,208.9,3,2
2026-06-03 03:05:00,Bakery,3.0,3.0,207.3,3,2
2026-06-03 03:05:00,Produce,0.0,0.0,195.2,3,2
2026-06-03 03:05:00,Snacks,7.0,6.0,145.5,3,2
2026-06-03 03:05:00,Electronics,1.0,0.0,484.7,3,2
2026-06-03 03:05:00,Checkout,6.0,4.0,218.3,3,2
2026-06-03 03:10:00,Entrance,12.0,13.0,33.8,3,2
2026-06-03 03:10:00,Dairy,8.0,9.0,217.1,3,2
2026-06-03 03:10:00,Bakery,3.0,3.0,264.8,3,2
2026-06-03 03:10:00,Produce,3.0,1.0,177.5,3,2
2026-06-03 03:10:00,Snacks,3.0,0.0,189.7,3,2
2026-06-03 03:10:00,Electronics,3.0,2.0,402.5,3,2
2026-06-03 03:10:00,Checkout,7.0,7.0,55.8,3,2
2026-06-03 03:15:00,Entrance,11.0,13.0,44.1,3,2
2026-06-03 03:15:00,Dairy,4.0,3.0,123.0,3,2
2026-06-03 03:15:00,Bakery,1.0,0.0,198.5,3,2
2026-06-03 03:15:00,Produce,3.0,3.0,230.6,3,2
2026-06-03 03:15:00,Snacks,3.0,2.0,149.7,3,2
2026-06-03 03:15:00,Electronics,2.0,0.0,517.6,3,2
2026-06-03 03:15:00,Checkout,5.0,7.0,170.0,3,2
2026-06-03 03:20:00,Entrance,7.0,7.0,63.9,3,2
2026-06-03 03:20:00,Dairy,4.0,4.0,214.7,3,2
2026-06-03 03:20:00,Bakery,2.0,1.0,180.3,3,2
2026-06-03 03:20:00,Produce,4.0,4.0,195.7,3,2
2026-06-03 03:20:00,Snacks,3.0,5.0,198.0,3,2
2026-06-03 03:20:00,Electronics,4.0,4.0,197.7,3,2
2026-06-03 03:20:00,Checkout,7.0,6.0,171.4,3,2
2026-06-03 03:25:00,Entrance,7.0,6.0,23.0,3,2
2026-06-03 03:25:00,Dairy,1.0,0.0,183.0,3,2
2026-06-03 03:25:00,Bakery,2.0,1.0,,3,2
2026-06-03 03:25:00,Produce,4.0,5.0,226.5,3,2
2026-06-03 03:25:00,Snacks,6.0,4.0,222.0,3,2
2026-06-03 03:25:00,Electronics,3.0,3.0,298.8,3,2
2026-06-03 03:25:00,Checkout,10.0,8.0,139.3,3,2
2026-06-03 03:30:00,Entrance,10.0,12.0,42.5,3,2
2026-06-03 03:30:00,Dairy,7.0,5.0,161.9,3,2
2026-06-03 03:30:00,Bakery,2.0,3.0,202.4,3,2
2026-06-03 03:30:00,Produce,5.0,4.0,224.3,3,2
2026-06-03 03:30:00,Snacks,5.0,7.0,189.9,3,2
2026-06-03 03:30:00,Electronics,6.0,7.0,338.6,3,2
2026-06-03 03:30:00,Checkout,3.0,4.0,178.2,3,2
2026-06-03 03:35:00,Entrance,6.0,7.0,58.5,3,2
2026-06-03 03:35:00,Dairy,5.0,5.0,221.4,3,2
2026-06-03 03:35:00,Bakery,3.0,0.0,281.7,3,2
2026-06-03 03:35:00,Produce,,0.0,298.8,3,2
2026-06-03 03:35:00,Snacks,4.0,5.0,,3,2
2026-06-03 03:35:00,Electronics,3.0,5.0,207.9,3,2
2026-06-03 03:35:00,Checkout,6.0,4.0,149.2,3,2
2026-06-03 03:40:00,Entrance,4.0,1.0,46.2,3,2
2026-06-03 03:40:00,Dairy,4.0,4.0,215.9,3,2
2026-06-03 03:40:00,Bakery,5.0,4.0,204.0,3,2
2026-06-03 03:40:00,Produce,0.0,0.0,299.4,3,2
2026-06-03 03:40:00,Snacks,9.0,7.0,165.9,3,2
2026-06-03 03:40:00,Electronics,2.0,1.0,435.1,3,2
2026-06-03 03:40:00,Checkout,4.0,5.0,212.5,3,2
2026-06-03 03:45:00,Entrance,7.0,4.0,24.7,3,2
2026-06-03 03:45:00,Dairy,7.0,8.0,125.5,3,2
2026-06-03 03:45:00,Bakery,2.0,1.0,258.3,3,2
2026-06-03 03:45:00,Produce,2.0,3.0,183.9,3,2
2026-06-03 03:45:00,Snacks,4.0,5.0,249.2,3,2
2026-06-03 03:45:00,Electronics,0.0,0.0,388.9,3,2
2026-06-03 03:45:00,Checkout,5.0,4.0,199.7,3,2
2026-06-03 03:50:00,Entrance,4.0,3.0,60.4,3,2
2026-06-03 03:50:00,Dairy,6.0,2.0,200.8,3,2
2026-06-03 03:50:00,Bakery,4.0,4.0,169.9,3,2
2026-06-03 03:50:00,Produce,4.0,4.0,132.1,3,2
2026-06-03 03:50:00,Snacks,4.0,5.0,213.7,3,2
2026-06-03 03:50:00,Electronics,0.0,0.0,316.9,3,2
2026-06-03 03:50:00,Checkout,11.0,13.0,151.6,3,2
2026-06-03 03:55:00,Entrance,9.0,6.0,40.0,3,2
2026-06-03 03:55:00,Dairy,3.0,3.0,263.7,3,2
2026-06-03 03:55:00,Bakery,5.0,1.0,211.2,3,2
2026-06-03 03:55:00,Produce,5.0,5.0,245.9,3,2
2026-06-03 03:55:00,Snacks,6.0,4.0,168.6,3,2
2026-06-03 03:55:00,Electronics,5.0,4.0,311.5,3,2
2026-06-03 03:55:00,Checkout,6.0,6.0,154.0,3,2
2026-06-03 04:00:00,Entrance,7.0,7.0,,4,2
2026-06-03 04:00:00,Dairy,5.0,6.0,134.6,4,2
2026-06-03 04:00:00,Bakery,3.0,3.0,212.6,4,2
2026-06-03 04:00:00,Produce,8.0,7.0,187.7,4,2
2026-06-03 04:00:00,Snacks,1.0,1.0,182.7,4,2
2026-06-03 04:00:00,Electronics,3.0,4.0,143.6,4,2
2026-06-03 04:00:00,Checkout,4.0,3.0,229.5,4,2
2026-06-03 04:05:00,Entrance,5.0,7.0,27.8,4,2
2026-06-03 04:05:00,Dairy,5.0,3.0,244.0,4,2
2026-06-03 04:05:00,Bakery,3.0,3.0,165.3,4,2
2026-06-03 04:05:00,Produce,3.0,2.0,130.1,4,2
2026-06-03 04:05:00,Snacks,0.0,4.0,198.4,4,2
2026-06-03 04:05:00,Electronics,2.0,0.0,336.6,4,2
2026-06-03 04:05:00,Checkout,1.0,0.0,162.9,4,2
2026-06-03 04:10:00,Entrance,4.0,7.0,15.0,4,2
2026-06-03 04:10:00,Dairy,,0.0,146.6,4,2
2026-06-03 04:10:00,Bakery,3.0,3.0,275.4,4,2
2026-06-03 04:10:00,Produce,3.0,5.0,223.9,4,2
2026-06-03 04:10:00,Snacks,3.0,3.0,281.1,4,2
2026-06-03 04:10:00,Electronics,1.0,,545.3,4,2
2026-06-03 04:10:00,Checkout,5.0,5.0,111.7,4,2
2026-06-03 04:15:00,Entrance,5.0,4.0,47.7,4,2
2026-06-03 04:15:00,Dairy,3.0,5.0,223.5,4,2
2026-06-03 04:15:00,Bakery,2.0,3.0,275.9,4,2
2026-06-03 04:15:00,Produce,5.0,3.0,230.3,4,2
2026-06-03 04:15:00,Snacks,3.0,3.0,247.6,4,2
2026-06-03 04:15:00,Electronics,3.0,3.0,389.6,4,2
2026-06-03 04:15:00,Checkout,7.0,9.0,196.4,4,2
2026-06-03 04:20:00,Entrance,10.0,11.0,40.8,4,2
2026-06-03 04:20:00,Dairy,,7.0,190.8,4,2
2026-06-03 04:20:00,Bakery,5.0,5.0,228.0,4,2
2026-06-03 04:20:00,Produce,5.0,5.0,144.6,4,2
2026-06-03 04:20:00,Snacks,3.0,3.0,131.8,4,2
2026-06-03 04:20:00,Electronics,2.0,3.0,437.6,4,2
2026-06-03 04:20:00,Checkout,5.0,4.0,160.5,4,2
2026-06-03 04:25:00,Entrance,8.0,8.0,28.4,4,2
2026-06-03 04:25:00,Dairy,4.0,1.0,264.7,4,2
2026-06-03 04:25:00,Bakery,1.0,0.0,310.1,4,2
2026-06-03 04:25:00,Produce,5.0,3.0,215.0,4,2
2026-06-03 04:25:00,Snacks,2.0,0.0,268.5,4,2
2026-06-03 04:25:00,Electronics,2.0,5.0,,4,2
2026-06-03 04:25:00,Checkout,4.0,4.0,90.0,4,2
2026-06-03 04:30:00,Entrance,4.0,,36.5,4,2
2026-06-03 04:30:00,Dairy,4.0,3.0,100.0,4,2
2026-06-03 04:30:00,Bakery,5.0,7.0,224.0,4,2
2026-06-03 04:30:00,Produce,7.0,5.0,232.5,4,2
2026-06-03 04:30:00,Snacks,3.0,2.0,185.3,4,2
2026-06-03 04:30:00,Electronics,2.0,2.0,298.6,4,2
2026-06-03 04:30:00,Checkout,2.0,3.0,180.0,4,2
2026-06-03 04:35:00,Entrance,7.0,4.0,47.9,4,2
2026-06-03 04:35:00,Dairy,3.0,2.0,233.9,4,2
2026-06-03 04:35:00,Bakery,3.0,3.0,326.9,4,2
2026-06-03 04:35:00,Produce,2.0,2.0,218.0,4,2
2026-06-03 04:35:00,Snacks,3.0,4.0,196.1,4,2
2026-06-03 04:35:00,Electronics,,2.0,264.8,4,2
2026-06-03 04:35:00,Checkout,7.0,5.0,,4,2
2026-06-03 04:40:00,Entrance,6.0,4.0,68.8,4,2
2026-06-03 04:40:00,Dairy,4.0,4.0,191.3,4,2
2026-06-03 04:40:00,Bakery,3.0,5.0,312.6,4,2
2026-06-03 04:40:00,Produce,5.0,3.0,,4,2
2026-06-03 04:40:00,Snacks,1.0,1.0,236.9,4,2
2026-06-03 04:40:00,Electronics,1.0,0.0,535.0,4,2
2026-06-03 04:40:00,Checkout,6.0,3.0,143.8,4,2
2026-06-03 04:45:00,Entrance,7.0,7.0,38.0,4,2
2026-06-03 04:45:00,Dairy,3.0,2.0,245.8,4,2
2026-06-03 04:45:00,Bakery,2.0,1.0,211.4,4,2
2026-06-03 04:45:00,Produce,4.0,3.0,209.3,4,2
2026-06-03 04:45:00,Snacks,,6.0,196.6,4,2
2026-06-03 04:45:00,Electronics,1.0,2.0,399.5,4,2
2026-06-03 04:45:00,Checkout,9.0,7.0,115.0,4,2
2026-06-03 04:50:00,Entrance,3.0,1.0,21.8,4,2
2026-06-03 04:50:00,Dairy,4.0,2.0,216.7,4,2
2026-06-03 04:50:00,Bakery,3.0,5.0,146.0,4,2
2026-06-03 04:50:00,Produce,1.0,0.0,225.4,4,2
2026-06-03 04:50:00,Snacks,1.0,2.0,287.4,4,2
2026-06-03 04:50:00,Electronics,4.0,2.0,518.8,4,2
2026-06-03 04:50:00,Checkout,6.0,5.0,183.0,4,2
2026-06-03 04:55:00,Entrance,7.0,7.0,45.0,4,2
2026-06-03 04:55:00,Dairy,3.0,2.0,173.1,4,2
2026-06-03 04:55:00,Bakery,1.0,0.0,272.8,4,2
2026-06-03 04:55:00,Produce,4.0,1.0,24.9,4,2
2026-06-03 04:55:00,Snacks,3.0,4.0,229.0,4,2
2026-06-03 04:55:00,Electronics,2.0,3.0,468.6,4,2
2026-06-03 04:55:00,Checkout,7.0,7.0,155.0,4,2
2026-06-03 05:00:00,Entrance,10.0,8.0,30.1,5,2
2026-06-03 05:00:00,Dairy,8.0,3.0,220.6,5,2
2026-06-03 05:00:00,Bakery,1.0,0.0,185.6,5,2
2026-06-03 05:00:00,Produce,5.0,5.0,160.0,5,2
2026-06-03 05:00:00,Snacks,8.0,10.0,331.1,5,2
2026-06-03 05:00:00,Electronics,2.0,6.0,268.8,5,2
2026-06-03 05:00:00,Checkout,2.0,3.0,164.5,5,2
2026-06-03 05:05:00,Entrance,5.0,5.0,60.8,5,2
2026-06-03 05:05:00,Dairy,6.0,7.0,273.2,5,2
2026-06-03 05:05:00,Bakery,1.0,0.0,150.4,5,2
2026-06-03 05:05:00,Produce,4.0,3.0,147.1,5,2
2026-06-03 05:05:00,Snacks,4.0,2.0,110.2,5,2
2026-06-03 05:05:00,Electronics,2.0,1.0,393.0,5,2
2026-06-03 05:05:00,Checkout,5.0,8.0,225.0,5,2
2026-06-03 05:10:00,Entrance,6.0,5.0,60.5,5,2
2026-06-03 05:10:00,Dairy,7.0,3.0,91.9,5,2
2026-06-03 05:10:00,Bakery,3.0,1.0,140.6,5,2
2026-06-03 05:10:00,Produce,4.0,2.0,173.4,5,2
2026-06-03 05:10:00,Snacks,1.0,1.0,249.2,5,2
2026-06-03 05:10:00,Electronics,2.0,2.0,488.5,5,2
2026-06-03 05:10:00,Checkout,4.0,1.0,179.1,5,2
2026-06-03 05:15:00,Entrance,3.0,6.0,47.4,5,2
2026-06-03 05:15:00,Dairy,1.0,0.0,218.2,5,2
2026-06-03 05:15:00,Bakery,6.0,6.0,159.9,5,2
2026-06-03 05:15:00,Produce,4.0,3.0,229.9,5,2
2026-06-03 05:15:00,Snacks,4.0,5.0,213.1,5,2
2026-06-03 05:15:00,Electronics,2.0,4.0,645.8,5,2
2026-06-03 05:15:00,Checkout,4.0,5.0,180.7,5,2
2026-06-03 05:20:00,Entrance,,4.0,28.6,5,2
2026-06-03 05:20:00,Dairy,2.0,0.0,147.4,5,2
2026-06-03 05:20:00,Bakery,3.0,2.0,198.9,5,2
2026-06-03 05:20:00,Produce,4.0,4.0,180.0,5,2
2026-06-03 05:20:00,Snacks,3.0,1.0,212.9,5,2
2026-06-03 05:20:00,Electronics,1.0,1.0,381.3,5,2
2026-06-03 05:20:00,Checkout,1.0,0.0,125.8,5,2
2026-06-03 05:25:00,Entrance,8.0,7.0,37.5,5,2
2026-06-03 05:25:00,Dairy,1.0,0.0,156.3,5,2
2026-06-03 05:25:00,Bakery,3.0,1.0,,5,2
2026-06-03 05:25:00,Produce,4.0,2.0,147.4,5,2
2026-06-03 05:25:00,Snacks,,1.0,,5,2
2026-06-03 05:25:00,Electronics,3.0,2.0,392.1,5,2
2026-06-03 05:25:00,Checkout,4.0,4.0,180.3,5,2
2026-06-03 05:30:00,Entrance,4.0,8.0,43.6,5,2
2026-06-03 05:30:00,Dairy,,10.0,194.8,5,2
2026-06-03 05:30:00,Bakery,5.0,2.0,173.8,5,2
2026-06-03 05:30:00,Produce,1.0,0.0,248.7,5,2
2026-06-03 05:30:00,Snacks,6.0,5.0,197.6,5,2
2026-06-03 05:30:00,Electronics,1.0,3.0,323.9,5,2
2026-06-03 05:30:00,Checkout,5.0,7.0,117.2,5,2
2026-06-03 05:35:00,Entrance,9.0,10.0,64.5,5,2
2026-06-03 05:35:00,Dairy,2.0,2.0,274.7,5,2
2026-06-03 05:35:00,Bakery,5.0,3.0,219.0,5,2
2026-06-03 05:35:00,Produce,5.0,4.0,226.3,5,2
2026-06-03 05:35:00,Snacks,5.0,6.0,211.7,5,2
2026-06-03 05:35:00,Electronics,2.0,0.0,386.9,5,2
2026-06-03 05:35:00,Checkout,6.0,6.0,162.7,5,2
2026-06-03 05:40:00,Entrance,7.0,7.0,49.3,5,2
2026-06-03 05:40:00,Dairy,3.0,3.0,224.0,5,2
2026-06-03 05:40:00,Bakery,5.0,2.0,206.7,5,2
2026-06-03 05:40:00,Produce,5.0,4.0,170.6,5,2
2026-06-03 05:40:00,Snacks,5.0,5.0,234.2,5,2
2026-06-03 05:40:00,Electronics,1.0,0.0,291.4,5,2
2026-06-03 05:40:00,Checkout,5.0,6.0,204.4,5,2
2026-06-03 05:45:00,Entrance,1.0,1.0,32.2,5,2
2026-06-03 05:45:00,Dairy,4.0,7.0,188.0,5,2
2026-06-03 05:45:00,Bakery,,2.0,243.6,5,2
2026-06-03 05:45:00,Produce,5.0,6.0,165.6,5,2
2026-06-03 05:45:00,Snacks,2.0,4.0,130.2,5,2
2026-06-03 05:45:00,Electronics,0.0,0.0,209.4,5,2
2026-06-03 05:45:00,Checkout,10.0,8.0,192.7,5,2
2026-06-03 05:50:00,Entrance,4.0,2.0,49.6,5,2
2026-06-03 05:50:00,Dairy,4.0,,210.6,5,2
2026-06-03 05:50:00,Bakery,1.0,0.0,188.7,5,2
2026-06-03 05:50:00,Produce,4.0,4.0,156.0,5,2
2026-06-03 05:50:00,Snacks,5.0,6.0,240.1,5,2
2026-06-03 05:50:00,Electronics,5.0,7.0,419.0,5,2
2026-06-03 05:50:00,Checkout,4.0,5.0,131.3,5,2
2026-06-03 05:55:00,Entrance,4.0,5.0,55.1,5,2
2026-06-03 05:55:00,Dairy,5.0,3.0,294.7,5,2
2026-06-03 05:55:00,Bakery,2.0,0.0,263.1,5,2
2026-06-03 05:55:00,Produce,4.0,4.0,168.4,5,2
2026-06-03 05:55:00,Snacks,4.0,6.0,203.7,5,2
2026-06-03 05:55:00,Electronics,4.0,2.0,307.8,5,2
2026-06-03 05:55:00,Checkout,4.0,3.0,208.9,5,2
2026-06-03 06:00:00,Entrance,9.0,5.0,35.7,6,2
2026-06-03 06:00:00,Dairy,5.0,5.0,211.8,6,2
2026-06-03 06:00:00,Bakery,4.0,2.0,169.3,6,2
2026-06-03 06:00:00,Produce,3.0,5.0,265.8,6,2
2026-06-03 06:00:00,Snacks,3.0,0.0,272.1,6,2
2026-06-03 06:00:00,Electronics,1.0,1.0,426.0,6,2
2026-06-03 06:00:00,Checkout,5.0,5.0,115.0,6,2
2026-06-03 06:05:00,Entrance,4.0,6.0,43.9,6,2
2026-06-03 06:05:00,Dairy,7.0,6.0,328.1,6,2
2026-06-03 06:05:00,Bakery,0.0,0.0,254.4,6,2
2026-06-03 06:05:00,Produce,3.0,1.0,148.1,6,2
2026-06-03 06:05:00,Snacks,4.0,3.0,219.4,6,2
2026-06-03 06:05:00,Electronics,2.0,3.0,417.6,6,2
2026-06-03 06:05:00,Checkout,5.0,9.0,,6,2
2026-06-03 06:10:00,Entrance,10.0,9.0,59.8,6,2
2026-06-03 06:10:00,Dairy,2.0,1.0,339.3,6,2
2026-06-03 06:10:00,Bakery,4.0,5.0,259.3,6,2
2026-06-03 06:10:00,Produce,5.0,7.0,125.8,6,2
2026-06-03 06:10:00,Snacks,1.0,0.0,183.1,6,2
2026-06-03 06:10:00,Electronics,3.0,0.0,265.4,6,2
2026-06-03 06:10:00,Checkout,4.0,2.0,176.3,6,2
2026-06-03 06:15:00,Entrance,9.0,11.0,40.7,6,2
2026-06-03 06:15:00,Dairy,4.0,0.0,227.6,6,2
2026-06-03 06:15:00,Bakery,4.0,2.0,261.4,6,2
2026-06-03 06:15:00,Produce,4.0,2.0,137.7,6,2
2026-06-03 06:15:00,Snacks,5.0,4.0,245.6,6,2
2026-06-03 06:15:00,Electronics,1.0,1.0,,6,2
2026-06-03 06:15:00,Checkout,4.0,0.0,125.0,6,2
2026-06-03 06:20:00,Entrance,5.0,3.0,54.6,6,2
2026-06-03 06:20:00,Dairy,5.0,,253.5,6,2
2026-06-03 06:20:00,Bakery,3.0,0.0,229.1,6,2
2026-06-03 06:20:00,Produce,6.0,3.0,260.8,6,2
2026-06-03 06:20:00,Snacks,3.0,4.0,253.6,6,2
2026-06-03 06:20:00,Electronics,0.0,1.0,372.3,6,2
2026-06-03 06:20:00,Checkout,6.0,6.0,,6,2
2026-06-03 06:25:00,Entrance,5.0,3.0,34.2,6,2
2026-06-03 06:25:00,Dairy,8.0,7.0,195.4,6,2
2026-06-03 06:25:00,Bakery,3.0,1.0,218.2,6,2
2026-06-03 06:25:00,Produce,6.0,6.0,176.7,6,2
2026-06-03 06:25:00,Snacks,7.0,7.0,240.1,6,2
2026-06-03 06:25:00,Electronics,3.0,5.0,660.5,6,2
2026-06-03 06:25:00,Checkout,12.0,,154.3,6,2
2026-06-03 06:30:00,Entrance,3.0,4.0,62.9,6,2
2026-06-03 06:30:00,Dairy,3.0,2.0,206.0,6,2
2026-06-03 06:30:00,Bakery,1.0,0.0,,6,2
2026-06-03 06:30:00,Produce,8.0,8.0,213.0,6,2
2026-06-03 06:30:00,Snacks,6.0,6.0,261.9,6,2
2026-06-03 06:30:00,Electronics,2.0,0.0,385.7,6,2
2026-06-03 06:30:00,Checkout,6.0,4.0,213.2,6,2
2026-06-03 06:35:00,Entrance,6.0,5.0,65.2,6,2
2026-06-03 06:35:00,Dairy,4.0,8.0,156.9,6,2
2026-06-03 06:35:00,Bakery,,2.0,250.3,6,2
2026-06-03 06:35:00,Produce,6.0,4.0,254.7,6,2
2026-06-03 06:35:00,Snacks,3.0,7.0,223.1,6,2
2026-06-03 06:35:00,Electronics,1.0,3.0,370.7,6,2
2026-06-03 06:35:00,Checkout,8.0,7.0,118.2,6,2
2026-06-03 06:40:00,Entrance,9.0,5.0,32.9,6,2
2026-06-03 06:40:00,Dairy,7.0,5.0,138.7,6,2
2026-06-03 06:40:00,Bakery,6.0,5.0,222.4,6,2
2026-06-03 06:40:00,Produce,5.0,3.0,262.5,6,2
2026-06-03 06:40:00,Snacks,3.0,4.0,217.4,6,2
2026-06-03 06:40:00,Electronics,5.0,5.0,428.1,6,2
2026-06-03 06:40:00,Checkout,3.0,6.0,202.4,6,2
2026-06-03 06:45:00,Entrance,10.0,12.0,25.9,6,2
2026-06-03 06:45:00,Dairy,4.0,1.0,191.7,6,2
2026-06-03 06:45:00,Bakery,4.0,3.0,225.3,6,2
2026-06-03 06:45:00,Produce,4.0,3.0,154.8,6,2
2026-06-03 06:45:00,Snacks,0.0,2.0,111.2,6,2
2026-06-03 06:45:00,Electronics,3.0,2.0,299.8,6,2
2026-06-03 06:45:00,Checkout,4.0,5.0,123.8,6,2
2026-06-03 06:50:00,Entrance,7.0,9.0,27.7,6,2
2026-06-03 06:50:00,Dairy,1.0,0.0,274.0,6,2
2026-06-03 06:50:00,Bakery,2.0,0.0,217.6,6,2
2026-06-03 06:50:00,Produce,2.0,0.0,235.8,6,2
2026-06-03 06:50:00,Snacks,,2.0,159.5,6,2
2026-06-03 06:50:00,Electronics,3.0,5.0,519.6,6,2
2026-06-03 06:50:00,Checkout,3.0,3.0,165.5,6,2
2026-06-03 06:55:00,Entrance,6.0,5.0,41.9,6,2
2026-06-03 06:55:00,Dairy,3.0,0.0,237.3,6,2
2026-06-03 06:55:00,Bakery,6.0,3.0,200.3,6,2
2026-06-03 06:55:00,Produce,4.0,2.0,239.7,6,2
2026-06-03 06:55:00,Snacks,4.0,5.0,264.3,6,2
2026-06-03 06:55:00,Electronics,1.0,0.0,357.2,6,2
2026-06-03 06:55:00,Checkout,3.0,3.0,144.4,6,2
2026-06-03 07:00:00,Entrance,6.0,4.0,50.1,7,2
2026-06-03 07:00:00,Dairy,5.0,6.0,202.0,7,2
2026-06-03 07:00:00,Bakery,0.0,1.0,195.6,7,2
2026-06-03 07:00:00,Produce,3.0,1.0,250.7,7,2
2026-06-03 07:00:00,Snacks,4.0,2.0,221.8,7,2
2026-06-03 07:00:00,Electronics,3.0,4.0,376.5,7,2
2026-06-03 07:00:00,Checkout,4.0,4.0,150.9,7,2
2026-06-03 07:05:00,Entrance,10.0,9.0,46.5,7,2
2026-06-03 07:05:00,Dairy,10.0,10.0,158.9,7,2
2026-06-03 07:05:00,Bakery,,0.0,200.1,7,2
2026-06-03 07:05:00,Produce,2.0,2.0,216.2,7,2
2026-06-03 07:05:00,Snacks,4.0,3.0,260.6,7,2
2026-06-03 07:05:00,Electronics,4.0,1.0,392.0,7,2
2026-06-03 07:05:00,Checkout,5.0,7.0,238.2,7,2
2026-06-03 07:10:00,Entrance,7.0,6.0,27.7,7,2
2026-06-03 07:10:00,Dairy,6.0,5.0,139.5,7,2
2026-06-03 07:10:00,Bakery,3.0,1.0,225.9,7,2
2026-06-03 07:10:00,Produce,0.0,0.0,213.5,7,2
2026-06-03 07:10:00,Snacks,2.0,1.0,213.7,7,2
2026-06-03 07:10:00,Electronics,3.0,5.0,367.7,7,2
2026-06-03 07:10:00,Checkout,8.0,7.0,135.5,7,2
2026-06-03 07:15:00,Entrance,2.0,0.0,39.4,7,2
2026-06-03 07:15:00,Dairy,5.0,,215.2,7,2
2026-06-03 07:15:00,Bakery,1.0,2.0,254.1,7,2
2026-06-03 07:15:00,Produce,5.0,3.0,160.4,7,2
2026-06-03 07:15:00,Snacks,3.0,0.0,189.6,7,2
2026-06-03 07:15:00,Electronics,1.0,0.0,215.3,7,2
2026-06-03 07:15:00,Checkout,6.0,2.0,145.8,7,2
2026-06-03 07:20:00,Entrance,3.0,2.0,37.5,7,2
2026-06-03 07:20:00,Dairy,2.0,3.0,214.3,7,2
2026-06-03 07:20:00,Bakery,6.0,4.0,194.9,7,2
2026-06-03 07:20:00,Produce,2.0,0.0,300.8,7,2
2026-06-03 07:20:00,Snacks,4.0,5.0,191.3,7,2
2026-06-03 07:20:00,Electronics,0.0,2.0,236.5,7,2
2026-06-03 07:20:00,Checkout,3.0,2.0,255.0,7,2
2026-06-03 07:25:00,Entrance,8.0,7.0,50.1,7,2
2026-06-03 07:25:00,Dairy,4.0,0.0,121.1,7,2
2026-06-03 07:25:00,Bakery,2.0,4.0,288.5,7,2
2026-06-03 07:25:00,Produce,2.0,0.0,203.9,7,2
2026-06-03 07:25:00,Snacks,3.0,3.0,113.6,7,2
2026-06-03 07:25:00,Electronics,0.0,1.0,423.3,7,2
2026-06-03 07:25:00,Checkout,4.0,2.0,139.2,7,2
2026-06-03 07:30:00,Entrance,7.0,7.0,56.4,7,2
2026-06-03 07:30:00,Dairy,4.0,1.0,246.3,7,2
2026-06-03 07:30:00,Bakery,3.0,1.0,260.3,7,2
2026-06-03 07:30:00,Produce,2.0,,148.8,7,2
2026-06-03 07:30:00,Snacks,3.0,1.0,109.2,7,2
2026-06-03 07:30:00,Electronics,3.0,2.0,484.6,7,2
2026-06-03 07:30:00,Checkout,3.0,2.0,158.3,7,2
2026-06-03 07:35:00,Entrance,4.0,7.0,33.7,7,2
2026-06-03 07:35:00,Dairy,6.0,6.0,228.9,7,2
2026-06-03 07:35:00,Bakery,6.0,,223.4,7,2
2026-06-03 07:35:00,Produce,1.0,0.0,201.5,7,2
2026-06-03 07:35:00,Snacks,5.0,,186.0,7,2
2026-06-03 07:35:00,Electronics,1.0,1.0,472.4,7,2
2026-06-03 07:35:00,Checkout,6.0,7.0,112.4,7,2
2026-06-03 07:40:00,Entrance,6.0,3.0,36.6,7,2
2026-06-03 07:40:00,Dairy,5.0,3.0,99.5,7,2
2026-06-03 07:40:00,Bakery,1.0,0.0,143.3,7,2
2026-06-03 07:40:00,Produce,7.0,10.0,203.8,7,2
2026-06-03 07:40:00,Snacks,8.0,6.0,231.2,7,2
2026-06-03 07:40:00,Electronics,3.0,1.0,544.3,7,2
2026-06-03 07:40:00,Checkout,5.0,6.0,154.9,7,2
2026-06-03 07:45:00,Entrance,6.0,7.0,51.7,7,2
2026-06-03 07:45:00,Dairy,2.0,0.0,173.1,7,2
2026-06-03 07:45:00,Bakery,3.0,4.0,242.7,7,2
2026-06-03 07:45:00,Produce,7.0,5.0,261.3,7,2
2026-06-03 07:45:00,Snacks,6.0,4.0,245.4,7,2
2026-06-03 07:45:00,Electronics,4.0,1.0,437.5,7,2
2026-06-03 07:45:00,Checkout,7.0,6.0,183.6,7,2
2026-06-03 07:50:00,Entrance,9.0,8.0,53.9,7,2
2026-06-03 07:50:00,Dairy,4.0,5.0,177.0,7,2
2026-06-03 07:50:00,Bakery,3.0,3.0,209.4,7,2
2026-06-03 07:50:00,Produce,6.0,5.0,199.1,7,2
2026-06-03 07:50:00,Snacks,5.0,5.0,164.2,7,2
2026-06-03 07:50:00,Electronics,,3.0,455.3,7,2
2026-06-03 07:50:00,Checkout,5.0,4.0,92.4,7,2
2026-06-03 07:55:00,Entrance,6.0,5.0,51.5,7,2
2026-06-03 07:55:00,Dairy,5.0,5.0,148.2,7,2
2026-06-03 07:55:00,Bakery,8.0,10.0,132.1,7,2
2026-06-03 07:55:00,Produce,6.0,7.0,219.7,7,2
2026-06-03 07:55:00,Snacks,0.0,0.0,252.0,7,2
2026-06-03 07:55:00,Electronics,3.0,4.0,328.1,7,2
2026-06-03 07:55:00,Checkout,6.0,7.0,190.6,7,2
2026-06-03 08:00:00,Entrance,5.0,4.0,58.9,8,2
2026-06-03 08:00:00,Dairy,2.0,3.0,209.6,8,2
2026-06-03 08:00:00,Bakery,1.0,0.0,242.3,8,2
2026-06-03 08:00:00,Produce,5.0,7.0,239.3,8,2
2026-06-03 08:00:00,Snacks,5.0,4.0,261.0,8,2
2026-06-03 08:00:00,Electronics,3.0,4.0,456.4,8,2
2026-06-03 08:00:00,Checkout,6.0,5.0,168.7,8,2
2026-06-03 08:05:00,Entrance,6.0,7.0,61.9,8,2
2026-06-03 08:05:00,Dairy,3.0,2.0,152.5,8,2
2026-06-03 08:05:00,Bakery,5.0,4.0,189.4,8,2
2026-06-03 08:05:00,Produce,3.0,1.0,195.7,8,2
2026-06-03 08:05:00,Snacks,4.0,4.0,184.1,8,2
2026-06-03 08:05:00,Electronics,2.0,0.0,177.1,8,2
2026-06-03 08:05:00,Checkout,7.0,,167.5,8,2
2026-06-03 08:10:00,Entrance,0.0,0.0,48.4,8,2
2026-06-03 08:10:00,Dairy,1.0,1.0,221.6,8,2
2026-06-03 08:10:00,Bakery,2.0,2.0,252.7,8,2
2026-06-03 08:10:00,Produce,2.0,4.0,143.5,8,2
2026-06-03 08:10:00,Snacks,0.0,1.0,181.7,8,2
2026-06-03 08:10:00,Electronics,5.0,4.0,310.5,8,2
2026-06-03 08:10:00,Checkout,4.0,3.0,225.6,8,2
2026-06-03 08:15:00,Entrance,5.0,3.0,26.4,8,2
2026-06-03 08:15:00,Dairy,3.0,4.0,202.0,8,2
2026-06-03 08:15:00,Bakery,3.0,1.0,157.6,8,2
2026-06-03 08:15:00,Produce,5.0,4.0,186.5,8,2
2026-06-03 08:15:00,Snacks,4.0,3.0,169.8,8,2
2026-06-03 08:15:00,Electronics,1.0,0.0,436.7,8,2
2026-06-03 08:15:00,Checkout,,6.0,131.4,8,2
2026-06-03 08:20:00,Entrance,5.0,5.0,47.9,8,2
2026-06-03 08:20:00,Dairy,2.0,2.0,129.8,8,2
2026-06-03 08:20:00,Bakery,2.0,3.0,300.6,8,2
2026-06-03 08:20:00,Produce,4.0,6.0,217.3,8,2
2026-06-03 08:20:00,Snacks,5.0,4.0,220.9,8,2
2026-06-03 08:20:00,Electronics,2.0,2.0,488.5,8,2
2026-06-03 08:20:00,Checkout,4.0,2.0,171.2,8,2
2026-06-03 08:25:00,Entrance,7.0,,74.8,8,2
2026-06-03 08:25:00,Dairy,3.0,3.0,281.8,8,2
2026-06-03 08:25:00,Bakery,5.0,3.0,128.1,8,2
2026-06-03 08:25:00,Produce,1.0,4.0,202.1,8,2
2026-06-03 08:25:00,Snacks,2.0,0.0,126.5,8,2
2026-06-03 08:25:00,Electronics,1.0,0.0,296.0,8,2
2026-06-03 08:25:00,Checkout,1.0,3.0,181.1,8,2
2026-06-03 08:30:00,Entrance,5.0,5.0,36.1,8,2
2026-06-03 08:30:00,Dairy,1.0,0.0,275.7,8,2
2026-06-03 08:30:00,Bakery,3.0,2.0,180.0,8,2
2026-06-03 08:30:00,Produce,2.0,0.0,236.4,8,2
2026-06-03 08:30:00,Snacks,6.0,6.0,255.9,8,2
2026-06-03 08:30:00,Electronics,2.0,0.0,420.4,8,2
2026-06-03 08:30:00,Checkout,8.0,5.0,147.7,8,2
2026-06-03 08:35:00,Entrance,12.0,11.0,,8,2
2026-06-03 08:35:00,Dairy,5.0,6.0,219.6,8,2
2026-06-03 08:35:00,Bakery,6.0,6.0,210.3,8,2
2026-06-03 08:35:00,Produce,2.0,1.0,131.6,8,2
2026-06-03 08:35:00,Snacks,1.0,0.0,215.0,8,2
2026-06-03 08:35:00,Electronics,4.0,2.0,431.5,8,2
2026-06-03 08:35:00,Checkout,1.0,0.0,86.1,8,2
2026-06-03 08:40:00,Entrance,5.0,2.0,48.5,8,2
2026-06-03 08:40:00,Dairy,8.0,8.0,214.5,8,2
2026-06-03 08:40:00,Bakery,2.0,2.0,190.1,8,2
2026-06-03 08:40:00,Produce,8.0,7.0,120.6,8,2
2026-06-03 08:40:00,Snacks,5.0,6.0,241.9,8,2
2026-06-03 08:40:00,Electronics,0.0,0.0,397.9,8,2
2026-06-03 08:40:00,Checkout,9.0,8.0,166.3,8,2
2026-06-03 08:45:00,Entrance,7.0,7.0,50.8,8,2
2026-06-03 08:45:00,Dairy,3.0,3.0,204.8,8,2
2026-06-03 08:45:00,Bakery,6.0,4.0,292.3,8,2
2026-06-03 08:45:00,Produce,7.0,8.0,218.1,8,2
2026-06-03 08:45:00,Snacks,1.0,1.0,159.0,8,2
2026-06-03 08:45:00,Electronics,1.0,2.0,362.2,8,2
2026-06-03 08:45:00,Checkout,3.0,1.0,129.9,8,2
2026-06-03 08:50:00,Entrance,7.0,4.0,64.2,8,2
2026-06-03 08:50:00,Dairy,4.0,5.0,271.7,8,2
2026-06-03 08:50:00,Bakery,4.0,3.0,162.5,8,2
2026-06-03 08:50:00,Produce,1.0,1.0,228.7,8,2
2026-06-03 08:50:00,Snacks,3.0,4.0,245.6,8,2
2026-06-03 08:50:00,Electronics,1.0,1.0,276.4,8,2
2026-06-03 08:50:00,Checkout,7.0,8.0,112.1,8,2
2026-06-03 08:55:00,Entrance,2.0,2.0,24.7,8,2
2026-06-03 08:55:00,Dairy,4.0,3.0,77.2,8,2
2026-06-03 08:55:00,Bakery,0.0,0.0,194.4,8,2
2026-06-03 08:55:00,Produce,7.0,7.0,215.9,8,2
2026-06-03 08:55:00,Snacks,4.0,4.0,,8,2
2026-06-03 08:55:00,Electronics,0.0,0.0,510.2,8,2
2026-06-03 08:55:00,Checkout,9.0,11.0,164.9,8,2
2026-06-03 09:00:00,Entrance,32.0,30.0,43.3,9,2
2026-06-03 09:00:00,Dairy,20.0,18.0,,9,2
2026-06-03 09:00:00,Bakery,14.0,16.0,217.6,9,2
2026-06-03 09:00:00,Produce,22.0,20.0,151.6,9,2
2026-06-03 09:00:00,Snacks,23.0,17.0,262.6,9,2
2026-06-03 09:00:00,Electronics,8.0,7.0,407.0,9,2
2026-06-03 09:00:00,Checkout,22.0,20.0,215.6,9,2
2026-06-03 09:05:00,Entrance,33.0,41.0,15.0,9,2
2026-06-03 09:05:00,Dairy,16.0,16.0,206.3,9,2
2026-06-03 09:05:00,Bakery,13.0,14.0,144.5,9,2
2026-06-03 09:05:00,Produce,17.0,17.0,249.0,9,2
2026-06-03 09:05:00,Snacks,14.0,18.0,206.8,9,2
2026-06-03 09:05:00,Electronics,16.0,15.0,142.6,9,2
2026-06-03 09:05:00,Checkout,21.0,20.0,94.4,9,2
2026-06-03 09:10:00,Entrance,28.0,26.0,46.2,9,2
2026-06-03 09:10:00,Dairy,21.0,27.0,246.6,9,2
2026-06-03 09:10:00,Bakery,23.0,24.0,329.2,9,2
2026-06-03 09:10:00,Produce,22.0,26.0,199.6,9,2
2026-06-03 09:10:00,Snacks,16.0,10.0,191.2,9,2
2026-06-03 09:10:00,Electronics,9.0,9.0,378.5,9,2
2026-06-03 09:10:00,Checkout,28.0,33.0,105.0,9,2
2026-06-03 09:15:00,Entrance,31.0,35.0,48.4,9,2
2026-06-03 09:15:00,Dairy,21.0,18.0,205.7,9,2
2026-06-03 09:15:00,Bakery,12.0,8.0,190.0,9,2
2026-06-03 09:15:00,Produce,15.0,14.0,277.9,9,2
2026-06-03 09:15:00,Snacks,9.0,8.0,193.4,9,2
2026-06-03 09:15:00,Electronics,14.0,15.0,469.7,9,2
2026-06-03 09:15:00,Checkout,31.0,35.0,182.9,9,2
2026-06-03 09:20:00,Entrance,30.0,24.0,33.1,9,2
2026-06-03 09:20:00,Dairy,23.0,22.0,226.0,9,2
2026-06-03 09:20:00,Bakery,20.0,18.0,101.9,9,2
2026-06-03 09:20:00,Produce,16.0,13.0,304.2,9,2
2026-06-03 09:20:00,Snacks,21.0,17.0,234.9,9,2
2026-06-03 09:20:00,Electronics,5.0,3.0,406.0,9,2
2026-06-03 09:20:00,Checkout,20.0,13.0,160.7,9,2
2026-06-03 09:25:00,Entrance,29.0,27.0,32.6,9,2
2026-06-03 09:25:00,Dairy,17.0,20.0,170.1,9,2
2026-06-03 09:25:00,Bakery,8.0,10.0,199.4,9,2
2026-06-03 09:25:00,Produce,17.0,19.0,195.9,9,2
2026-06-03 09:25:00,Snacks,12.0,11.0,181.1,9,2
2026-06-03 09:25:00,Electronics,7.0,7.0,491.5,9,2
2026-06-03 09:25:00,Checkout,31.0,33.0,196.7,9,2
2026-06-03 09:30:00,Entrance,38.0,43.0,36.0,9,2
2026-06-03 09:30:00,Dairy,27.0,24.0,201.9,9,2
2026-06-03 09:30:00,Bakery,14.0,16.0,177.4,9,2
2026-06-03 09:30:00,Produce,14.0,11.0,268.5,9,2
2026-06-03 09:30:00,Snacks,14.0,11.0,289.6,9,2
2026-06-03 09:30:00,Electronics,9.0,11.0,483.2,9,2
2026-06-03 09:30:00,Checkout,21.0,24.0,133.0,9,2
2026-06-03 09:35:00,Entrance,29.0,22.0,26.6,9,2
2026-06-03 09:35:00,Dairy,23.0,19.0,129.1,9,2
2026-06-03 09:35:00,Bakery,25.0,25.0,139.2,9,2
2026-06-03 09:35:00,Produce,16.0,17.0,236.2,9,2
2026-06-03 09:35:00,Snacks,13.0,13.0,287.4,9,2
2026-06-03 09:35:00,Electronics,11.0,11.0,380.3,9,2
2026-06-03 09:35:00,Checkout,25.0,28.0,156.3,9,2
2026-06-03 09:40:00,Entrance,25.0,21.0,45.2,9,2
2026-06-03 09:40:00,Dairy,26.0,26.0,234.8,9,2
2026-06-03 09:40:00,Bakery,12.0,12.0,162.7,9,2
2026-06-03 09:40:00,Produce,11.0,10.0,242.5,9,2
2026-06-03 09:40:00,Snacks,11.0,10.0,153.1,9,2
2026-06-03 09:40:00,Electronics,14.0,17.0,476.9,9,2
2026-06-03 09:40:00,Checkout,20.0,22.0,130.4,9,2
2026-06-03 09:45:00,Entrance,35.0,28.0,34.6,9,2
2026-06-03 09:45:00,Dairy,16.0,16.0,245.3,9,2
2026-06-03 09:45:00,Bakery,14.0,16.0,227.1,9,2
2026-06-03 09:45:00,Produce,18.0,15.0,164.7,9,2
2026-06-03 09:45:00,Snacks,15.0,16.0,197.4,9,2
2026-06-03 09:45:00,Electronics,18.0,18.0,422.2,9,2
2026-06-03 09:45:00,Checkout,19.0,20.0,116.1,9,2
2026-06-03 09:50:00,Entrance,36.0,35.0,28.1,9,2
2026-06-03 09:50:00,Dairy,26.0,30.0,243.1,9,2
2026-06-03 09:50:00,Bakery,16.0,13.0,169.1,9,2
2026-06-03 09:50:00,Produce,13.0,13.0,257.3,9,2
2026-06-03 09:50:00,Snacks,8.0,10.0,142.8,9,2
2026-06-03 09:50:00,Electronics,9.0,7.0,557.6,9,2
2026-06-03 09:50:00,Checkout,21.0,21.0,143.4,9,2
2026-06-03 09:55:00,Entrance,26.0,25.0,35.4,9,2
2026-06-03 09:55:00,Dairy,20.0,22.0,209.1,9,2
2026-06-03 09:55:00,Bakery,16.0,16.0,147.1,9,2
2026-06-03 09:55:00,Produce,13.0,12.0,312.3,9,2
2026-06-03 09:55:00,Snacks,20.0,20.0,,9,2
2026-06-03 09:55:00,Electronics,4.0,4.0,257.6,9,2
2026-06-03 09:55:00,Checkout,31.0,32.0,175.7,9,2
2026-06-03 10:00:00,Entrance,36.0,41.0,55.3,10,2
2026-06-03 10:00:00,Dairy,12.0,13.0,231.8,10,2
2026-06-03 10:00:00,Bakery,15.0,13.0,225.1,10,2
2026-06-03 10:00:00,Produce,25.0,23.0,195.5,10,2
2026-06-03 10:00:00,Snacks,11.0,9.0,231.1,10,2
2026-06-03 10:00:00,Electronics,10.0,8.0,334.0,10,2
2026-06-03 10:00:00,Checkout,22.0,,142.0,10,2
2026-06-03 10:05:00,Entrance,29.0,38.0,50.0,10,2
2026-06-03 10:05:00,Dairy,28.0,,206.1,10,2
2026-06-03 10:05:00,Bakery,18.0,19.0,157.1,10,2
2026-06-03 10:05:00,Produce,14.0,14.0,264.6,10,2
2026-06-03 10:05:00,Snacks,12.0,12.0,185.3,10,2
2026-06-03 10:05:00,Electronics,12.0,14.0,395.7,10,2
2026-06-03 10:05:00,Checkout,28.0,26.0,148.3,10,2
2026-06-03 10:10:00,Entrance,33.0,28.0,42.8,10,2
2026-06-03 10:10:00,Dairy,28.0,24.0,152.5,10,2
2026-06-03 10:10:00,Bakery,16.0,13.0,209.9,10,2
2026-06-03 10:10:00,Produce,14.0,17.0,170.5,10,2
2026-06-03 10:10:00,Snacks,13.0,15.0,161.5,10,2
2026-06-03 10:10:00,Electronics,9.0,8.0,273.6,10,2
2026-06-03 10:10:00,Checkout,,25.0,181.7,10,2
2026-06-03 10:15:00,Entrance,26.0,20.0,61.6,10,2
2026-06-03 10:15:00,Dairy,10.0,9.0,153.4,10,2
2026-06-03 10:15:00,Bakery,12.0,13.0,149.5,10,2
2026-06-03 10:15:00,Produce,22.0,18.0,210.4,10,2
2026-06-03 10:15:00,Snacks,12.0,11.0,139.8,10,2
2026-06-03 10:15:00,Electronics,15.0,16.0,469.1,10,2
2026-06-03 10:15:00,Checkout,17.0,15.0,186.9,10,2
2026-06-03 10:20:00,Entrance,,25.0,35.2,10,2
2026-06-03 10:20:00,Dairy,,19.0,212.4,10,2
2026-06-03 10:20:00,Bakery,14.0,11.0,199.0,10,2
2026-06-03 10:20:00,Produce,21.0,19.0,161.6,10,2
2026-06-03 10:20:00,Snacks,16.0,13.0,285.1,10,2
2026-06-03 10:20:00,Electronics,16.0,16.0,460.5,10,2
2026-06-03 10:20:00,Checkout,28.0,31.0,176.3,10,2
2026-06-03 10:25:00,Entrance,,47.0,48.0,10,2
2026-06-03 10:25:00,Dairy,19.0,17.0,,10,2
2026-06-03 10:25:00,Bakery,20.0,12.0,242.3,10,2
2026-06-03 10:25:00,Produce,23.0,25.0,228.8,10,2
2026-06-03 10:25:00,Snacks,18.0,15.0,257.3,10,2
2026-06-03 10:25:00,Electronics,10.0,11.0,512.7,10,2
2026-06-03 10:25:00,Checkout,22.0,26.0,124.6,10,2
2026-06-03 10:30:00,Entrance,,30.0,49.9,10,2
2026-06-03 10:30:00,Dairy,25.0,26.0,153.9,10,2
2026-06-03 10:30:00,Bakery,10.0,8.0,283.7,10,2
2026-06-03 10:30:00,Produce,17.0,14.0,193.5,10,2
2026-06-03 10:30:00,Snacks,17.0,15.0,181.3,10,2
2026-06-03 10:30:00,Electronics,13.0,13.0,360.6,10,2
2026-06-03 10:30:00,Checkout,24.0,22.0,209.8,10,2
2026-06-03 10:35:00,Entrance,35.0,36.0,31.1,10,2
2026-06-03 10:35:00,Dairy,19.0,20.0,200.9,10,2
2026-06-03 10:35:00,Bakery,19.0,19.0,122.2,10,2
2026-06-03 10:35:00,Produce,24.0,24.0,268.9,10,2
2026-06-03 10:35:00,Snacks,16.0,14.0,197.4,10,2
2026-06-03 10:35:00,Electronics,11.0,11.0,290.8,10,2
2026-06-03 10:35:00,Checkout,33.0,33.0,157.4,10,2
2026-06-03 10:40:00,Entrance,35.0,28.0,28.5,10,2
2026-06-03 10:40:00,Dairy,29.0,29.0,172.5,10,2
2026-06-03 10:40:00,Bakery,23.0,23.0,146.5,10,2
2026-06-03 10:40:00,Produce,13.0,14.0,113.2,10,2
2026-06-03 10:40:00,Snacks,16.0,15.0,211.1,10,2
2026-06-03 10:40:00,Electronics,10.0,11.0,501.0,10,2
2026-06-03 10:40:00,Checkout,31.0,34.0,,10,2
2026-06-03 10:45:00,Entrance,35.0,28.0,67.4,10,2
2026-06-03 10:45:00,Dairy,20.0,21.0,216.9,10,2
2026-06-03 10:45:00,Bakery,15.0,16.0,203.6,10,2
2026-06-03 10:45:00,Produce,16.0,13.0,218.7,10,2
2026-06-03 10:45:00,Snacks,16.0,17.0,236.6,10,2
2026-06-03 10:45:00,Electronics,8.0,8.0,395.2,10,2
2026-06-03 10:45:00,Checkout,19.0,16.0,141.5,10,2
2026-06-03 10:50:00,Entrance,30.0,33.0,44.1,10,2
2026-06-03 10:50:00,Dairy,23.0,25.0,168.2,10,2
2026-06-03 10:50:00,Bakery,14.0,13.0,280.5,10,2
2026-06-03 10:50:00,Produce,15.0,14.0,257.7,10,2
2026-06-03 10:50:00,Snacks,11.0,10.0,231.7,10,2
2026-06-03 10:50:00,Electronics,9.0,11.0,336.1,10,2
2026-06-03 10:50:00,Checkout,15.0,16.0,192.6,10,2
2026-06-03 10:55:00,Entrance,31.0,38.0,50.2,10,2
2026-06-03 10:55:00,Dairy,19.0,16.0,235.8,10,2
2026-06-03 10:55:00,Bakery,15.0,14.0,170.7,10,2
2026-06-03 10:55:00,Produce,21.0,21.0,256.8,10,2
2026-06-03 10:55:00,Snacks,21.0,21.0,194.6,10,2
2026-06-03 10:55:00,Electronics,8.0,10.0,489.2,10,2
2026-06-03 10:55:00,Checkout,19.0,14.0,169.3,10,2
2026-06-03 11:00:00,Entrance,,47.0,44.6,11,2
2026-06-03 11:00:00,Dairy,38.0,31.0,160.8,11,2
2026-06-03 11:00:00,Bakery,33.0,29.0,208.1,11,2
2026-06-03 11:00:00,Produce,33.0,28.0,226.9,11,2
2026-06-03 11:00:00,Snacks,29.0,31.0,143.6,11,2
2026-06-03 11:00:00,Electronics,22.0,20.0,357.6,11,2
2026-06-03 11:00:00,Checkout,48.0,43.0,236.6,11,2
2026-06-03 11:05:00,Entrance,66.0,73.0,54.4,11,2
2026-06-03 11:05:00,Dairy,26.0,29.0,244.6,11,2
2026-06-03 11:05:00,Bakery,30.0,23.0,151.7,11,2
2026-06-03 11:05:00,Produce,32.0,29.0,156.9,11,2
2026-06-03 11:05:00,Snacks,30.0,23.0,251.4,11,2
2026-06-03 11:05:00,Electronics,29.0,19.0,431.0,11,2
2026-06-03 11:05:00,Checkout,47.0,43.0,175.8,11,2
2026-06-03 11:10:00,Entrance,51.0,56.0,58.8,11,2
2026-06-03 11:10:00,Dairy,36.0,32.0,129.3,11,2
2026-06-03 11:10:00,Bakery,24.0,23.0,135.9,11,2
2026-06-03 11:10:00,Produce,33.0,30.0,241.3,11,2
2026-06-03 11:10:00,Snacks,39.0,44.0,194.2,11,2
2026-06-03 11:10:00,Electronics,10.0,8.0,,11,2
2026-06-03 11:10:00,Checkout,38.0,44.0,140.6,11,2
2026-06-03 11:15:00,Entrance,55.0,62.0,53.9,11,2
2026-06-03 11:15:00,Dairy,32.0,30.0,171.3,11,2
2026-06-03 11:15:00,Bakery,27.0,,247.1,11,2
2026-06-03 11:15:00,Produce,26.0,32.0,212.8,11,2
2026-06-03 11:15:00,Snacks,25.0,19.0,216.3,11,2
2026-06-03 11:15:00,Electronics,16.0,14.0,379.6,11,2
2026-06-03 11:15:00,Checkout,50.0,46.0,184.3,11,2
2026-06-03 11:20:00,Entrance,56.0,56.0,32.5,11,2
2026-06-03 11:20:00,Dairy,29.0,32.0,214.6,11,2
2026-06-03 11:20:00,Bakery,29.0,29.0,175.8,11,2
2026-06-03 11:20:00,Produce,21.0,17.0,190.6,11,2
2026-06-03 11:20:00,Snacks,29.0,25.0,210.8,11,2
2026-06-03 11:20:00,Electronics,23.0,28.0,401.4,11,2
2026-06-03 11:20:00,Checkout,43.0,50.0,81.9,11,2
2026-06-03 11:25:00,Entrance,58.0,59.0,34.7,11,2
2026-06-03 11:25:00,Dairy,38.0,46.0,141.9,11,2
2026-06-03 11:25:00,Bakery,29.0,28.0,224.2,11,2
2026-06-03 11:25:00,Produce,28.0,22.0,252.5,11,2
2026-06-03 11:25:00,Snacks,29.0,23.0,251.9,11,2
2026-06-03 11:25:00,Electronics,22.0,26.0,428.1,11,2
2026-06-03 11:25:00,Checkout,45.0,39.0,171.1,11,2
2026-06-03 11:30:00,Entrance,45.0,50.0,52.7,11,2
2026-06-03 11:30:00,Dairy,34.0,32.0,266.2,11,2
2026-06-03 11:30:00,Bakery,28.0,28.0,180.3,11,2
2026-06-03 11:30:00,Produce,35.0,27.0,282.2,11,2
2026-06-03 11:30:00,Snacks,29.0,28.0,279.8,11,2
2026-06-03 11:30:00,Electronics,18.0,20.0,285.3,11,2
2026-06-03 11:30:00,Checkout,50.0,51.0,128.0,11,2
2026-06-03 11:35:00,Entrance,60.0,55.0,64.1,11,2
2026-06-03 11:35:00,Dairy,30.0,31.0,235.1,11,2
2026-06-03 11:35:00,Bakery,20.0,,199.2,11,2
2026-06-03 11:35:00,Produce,38.0,37.0,204.1,11,2
2026-06-03 11:35:00,Snacks,28.0,25.0,205.5,11,2
2026-06-03 11:35:00,Electronics,12.0,12.0,250.8,11,2
2026-06-03 11:35:00,Checkout,39.0,37.0,128.0,11,2
2026-06-03 11:40:00,Entrance,54.0,54.0,18.3,11,2
2026-06-03 11:40:00,Dairy,36.0,26.0,194.5,11,2
2026-06-03 11:40:00,Bakery,27.0,31.0,232.5,11,2
2026-06-03 11:40:00,Produce,33.0,31.0,199.5,11,2
2026-06-03 11:40:00,Snacks,40.0,43.0,80.4,11,2
2026-06-03 11:40:00,Electronics,13.0,9.0,399.0,11,2
2026-06-03 11:40:00,Checkout,34.0,32.0,193.1,11,2
2026-06-03 11:45:00,Entrance,50.0,50.0,32.0,11,2
2026-06-03 11:45:00,Dairy,29.0,34.0,138.8,11,2
2026-06-03 11:45:00,Bakery,33.0,33.0,176.8,11,2
2026-06-03 11:45:00,Produce,25.0,22.0,265.4,11,2
2026-06-03 11:45:00,Snacks,32.0,35.0,151.1,11,2
2026-06-03 11:45:00,Electronics,15.0,16.0,243.5,11,2
2026-06-03 11:45:00,Checkout,47.0,49.0,156.9,11,2
2026-06-03 11:50:00,Entrance,56.0,43.0,30.0,11,2
2026-06-03 11:50:00,Dairy,38.0,25.0,210.3,11,2
2026-06-03 11:50:00,Bakery,20.0,20.0,193.3,11,2
2026-06-03 11:50:00,Produce,28.0,31.0,236.2,11,2
2026-06-03 11:50:00,Snacks,35.0,35.0,237.0,11,2
2026-06-03 11:50:00,Electronics,13.0,14.0,457.4,11,2
2026-06-03 11:50:00,Checkout,43.0,42.0,190.2,11,2
2026-06-03 11:55:00,Entrance,55.0,59.0,19.0,11,2
2026-06-03 11:55:00,Dairy,27.0,29.0,236.5,11,2
2026-06-03 11:55:00,Bakery,23.0,27.0,79.6,11,2
2026-06-03 11:55:00,Produce,26.0,32.0,160.2,11,2
2026-06-03 11:55:00,Snacks,42.0,31.0,226.2,11,2
2026-06-03 11:55:00,Electronics,18.0,21.0,352.8,11,2
2026-06-03 11:55:00,Checkout,33.0,32.0,140.6,11,2
2026-06-03 12:00:00,Entrance,34.0,35.0,44.6,12,2
2026-06-03 12:00:00,Dairy,29.0,28.0,104.1,12,2
2026-06-03 12:00:00,Bakery,26.0,23.0,238.8,12,2
2026-06-03 12:00:00,Produce,28.0,28.0,231.8,12,2
2026-06-03 12:00:00,Snacks,33.0,42.0,222.2,12,2
2026-06-03 12:00:00,Electronics,15.0,11.0,285.0,12,2
2026-06-03 12:00:00,Checkout,,29.0,,12,2
2026-06-03 12:05:00,Entrance,41.0,39.0,40.7,12,2
2026-06-03 12:05:00,Dairy,33.0,24.0,198.8,12,2
2026-06-03 12:05:00,Bakery,30.0,28.0,270.5,12,2
2026-06-03 12:05:00,Produce,34.0,33.0,160.8,12,2
2026-06-03 12:05:00,Snacks,22.0,23.0,227.4,12,2
2026-06-03 12:05:00,Electronics,21.0,18.0,245.6,12,2
2026-06-03 12:05:00,Checkout,39.0,48.0,162.4,12,2
2026-06-03 12:10:00,Entrance,49.0,52.0,71.8,12,2
2026-06-03 12:10:00,Dairy,36.0,35.0,244.1,12,2
2026-06-03 12:10:00,Bakery,23.0,20.0,96.9,12,2
2026-06-03 12:10:00,Produce,34.0,29.0,197.7,12,2
2026-06-03 12:10:00,Snacks,34.0,36.0,175.1,12,2
2026-06-03 12:10:00,Electronics,16.0,17.0,372.4,12,2
2026-06-03 12:10:00,Checkout,,43.0,234.9,12,2
2026-06-03 12:15:00,Entrance,58.0,55.0,48.9,12,2
2026-06-03 12:15:00,Dairy,41.0,52.0,203.0,12,2
2026-06-03 12:15:00,Bakery,28.0,25.0,266.9,12,2
2026-06-03 12:15:00,Produce,32.0,36.0,267.2,12,2
2026-06-03 12:15:00,Snacks,26.0,27.0,217.7,12,2
2026-06-03 12:15:00,Electronics,11.0,12.0,416.7,12,2
2026-06-03 12:15:00,Checkout,38.0,34.0,145.9,12,2
2026-06-03 12:20:00,Entrance,50.0,47.0,34.3,12,2
2026-06-03 12:20:00,Dairy,32.0,33.0,261.8,12,2
2026-06-03 12:20:00,Bakery,25.0,22.0,275.0,12,2
2026-06-03 12:20:00,Produce,21.0,28.0,204.3,12,2
2026-06-03 12:20:00,Snacks,24.0,25.0,195.2,12,2
2026-06-03 12:20:00,Electronics,20.0,17.0,433.5,12,2
2026-06-03 12:20:00,Checkout,37.0,30.0,177.4,12,2
2026-06-03 12:25:00,Entrance,53.0,52.0,52.5,12,2
2026-06-03 12:25:00,Dairy,32.0,37.0,280.8,12,2
2026-06-03 12:25:00,Bakery,22.0,,222.3,12,2
2026-06-03 12:25:00,Produce,21.0,21.0,216.0,12,2
2026-06-03 12:25:00,Snacks,30.0,25.0,180.7,12,2
2026-06-03 12:25:00,Electronics,14.0,14.0,463.3,12,2
2026-06-03 12:25:00,Checkout,46.0,41.0,163.5,12,2
2026-06-03 12:30:00,Entrance,46.0,47.0,,12,2
2026-06-03 12:30:00,Dairy,34.0,26.0,101.6,12,2
2026-06-03 12:30:00,Bakery,30.0,38.0,270.2,12,2
2026-06-03 12:30:00,Produce,26.0,30.0,214.6,12,2
2026-06-03 12:30:00,Snacks,31.0,34.0,161.3,12,2
2026-06-03 12:30:00,Electronics,22.0,18.0,407.4,12,2
2026-06-03 12:30:00,Checkout,43.0,32.0,149.7,12,2
2026-06-03 12:35:00,Entrance,52.0,44.0,40.1,12,2
2026-06-03 12:35:00,Dairy,36.0,25.0,193.8,12,2
2026-06-03 12:35:00,Bakery,20.0,21.0,197.4,12,2
2026-06-03 12:35:00,Produce,35.0,29.0,251.7,12,2
2026-06-03 12:35:00,Snacks,31.0,24.0,238.9,12,2
2026-06-03 12:35:00,Electronics,18.0,17.0,455.9,12,2
2026-06-03 12:35:00,Checkout,37.0,39.0,128.2,12,2
2026-06-03 12:40:00,Entrance,51.0,50.0,27.9,12,2
2026-06-03 12:40:00,Dairy,,38.0,246.1,12,2
2026-06-03 12:40:00,Bakery,26.0,31.0,233.9,12,2
2026-06-03 12:40:00,Produce,27.0,28.0,194.4,12,2
2026-06-03 12:40:00,Snacks,24.0,22.0,185.3,12,2
2026-06-03 12:40:00,Electronics,15.0,19.0,404.2,12,2
2026-06-03 12:40:00,Checkout,46.0,43.0,166.5,12,2
2026-06-03 12:45:00,Entrance,49.0,39.0,49.7,12,2
2026-06-03 12:45:00,Dairy,29.0,35.0,209.7,12,2
2026-06-03 12:45:00,Bakery,27.0,19.0,252.9,12,2
2026-06-03 12:45:00,Produce,38.0,36.0,135.1,12,2
2026-06-03 12:45:00,Snacks,36.0,34.0,253.4,12,2
2026-06-03 12:45:00,Electronics,,20.0,195.8,12,2
2026-06-03 12:45:00,Checkout,39.0,33.0,169.9,12,2
2026-06-03 12:50:00,Entrance,56.0,38.0,30.8,12,2
2026-06-03 12:50:00,Dairy,27.0,26.0,170.3,12,2
2026-06-03 12:50:00,Bakery,30.0,26.0,236.9,12,2
2026-06-03 12:50:00,Produce,34.0,32.0,252.0,12,2
2026-06-03 12:50:00,Snacks,27.0,25.0,211.8,12,2
2026-06-03 12:50:00,Electronics,16.0,14.0,387.2,12,2
2026-06-03 12:50:00,Checkout,53.0,63.0,113.8,12,2
2026-06-03 12:55:00,Entrance,54.0,60.0,62.8,12,2
2026-06-03 12:55:00,Dairy,32.0,28.0,167.5,12,2
2026-06-03 12:55:00,Bakery,43.0,46.0,228.3,12,2
2026-06-03 12:55:00,Produce,39.0,,256.7,12,2
2026-06-03 12:55:00,Snacks,38.0,37.0,201.4,12,2
2026-06-03 12:55:00,Electronics,19.0,19.0,526.2,12,2
2026-06-03 12:55:00,Checkout,41.0,34.0,156.4,12,2
2026-06-03 13:00:00,Entrance,52.0,52.0,29.4,13,2
2026-06-03 13:00:00,Dairy,34.0,33.0,151.3,13,2
2026-06-03 13:00:00,Bakery,26.0,28.0,154.7,13,2
2026-06-03 13:00:00,Produce,29.0,30.0,159.8,13,2
2026-06-03 13:00:00,Snacks,23.0,19.0,191.2,13,2
2026-06-03 13:00:00,Electronics,17.0,18.0,293.7,13,2
2026-06-03 13:00:00,Checkout,55.0,64.0,172.9,13,2
2026-06-03 13:05:00,Entrance,63.0,62.0,50.3,13,2
2026-06-03 13:05:00,Dairy,28.0,20.0,179.8,13,2
2026-06-03 13:05:00,Bakery,24.0,28.0,271.0,13,2
2026-06-03 13:05:00,Produce,38.0,37.0,212.3,13,2
2026-06-03 13:05:00,Snacks,23.0,11.0,122.3,13,2
2026-06-03 13:05:00,Electronics,18.0,17.0,247.8,13,2
2026-06-03 13:05:00,Checkout,40.0,33.0,178.3,13,2
2026-06-03 13:10:00,Entrance,60.0,61.0,52.3,13,2
2026-06-03 13:10:00,Dairy,29.0,29.0,142.5,13,2
2026-06-03 13:10:00,Bakery,30.0,28.0,240.8,13,2
2026-06-03 13:10:00,Produce,36.0,38.0,200.7,13,2
2026-06-03 13:10:00,Snacks,27.0,28.0,175.4,13,2
2026-06-03 13:10:00,Electronics,14.0,14.0,551.8,13,2
2026-06-03 13:10:00,Checkout,53.0,50.0,149.1,13,2
2026-06-03 13:15:00,Entrance,68.0,64.0,67.4,13,2
2026-06-03 13:15:00,Dairy,29.0,28.0,135.2,13,2
2026-06-03 13:15:00,Bakery,30.0,24.0,81.9,13,2
2026-06-03 13:15:00,Produce,26.0,32.0,308.1,13,2
2026-06-03 13:15:00,Snacks,22.0,16.0,180.4,13,2
2026-06-03 13:15:00,Electronics,22.0,20.0,240.3,13,2
2026-06-03 13:15:00,Checkout,40.0,33.0,168.5,13,2
2026-06-03 13:20:00,Entrance,38.0,42.0,48.8,13,2
2026-06-03 13:20:00,Dairy,25.0,22.0,160.9,13,2
2026-06-03 13:20:00,Bakery,28.0,32.0,210.3,13,2
2026-06-03 13:20:00,Produce,35.0,26.0,122.1,13,2
2026-06-03 13:20:00,Snacks,23.0,27.0,199.1,13,2
2026-06-03 13:20:00,Electronics,16.0,13.0,224.1,13,2
2026-06-03 13:20:00,Checkout,48.0,47.0,146.8,13,2
2026-06-03 13:25:00,Entrance,41.0,43.0,57.1,13,2
2026-06-03 13:25:00,Dairy,37.0,28.0,148.7,13,2
2026-06-03 13:25:00,Bakery,29.0,35.0,224.6,13,2
2026-06-03 13:25:00,Produce,17.0,14.0,136.9,13,2
2026-06-03 13:25:00,Snacks,39.0,35.0,167.8,13,2
2026-06-03 13:25:00,Electronics,15.0,14.0,578.2,13,2
2026-06-03 13:25:00,Checkout,43.0,54.0,162.5,13,2
2026-06-03 13:30:00,Entrance,53.0,47.0,64.4,13,2
2026-06-03 13:30:00,Dairy,38.0,30.0,255.7,13,2
2026-06-03 13:30:00,Bakery,20.0,19.0,264.3,13,2
2026-06-03 13:30:00,Produce,37.0,35.0,208.5,13,2
2026-06-03 13:30:00,Snacks,27.0,28.0,165.7,13,2
2026-06-03 13:30:00,Electronics,13.0,11.0,341.5,13,2
2026-06-03 13:30:00,Checkout,41.0,44.0,100.1,13,2
2026-06-03 13:35:00,Entrance,57.0,67.0,54.8,13,2
2026-06-03 13:35:00,Dairy,38.0,32.0,204.3,13,2
2026-06-03 13:35:00,Bakery,30.0,40.0,210.3,13,2
2026-06-03 13:35:00,Produce,38.0,36.0,180.2,13,2
2026-06-03 13:35:00,Snacks,35.0,36.0,226.7,13,2
2026-06-03 13:35:00,Electronics,15.0,,273.0,13,2
2026-06-03 13:35:00,Checkout,42.0,39.0,199.3,13,2
2026-06-03 13:40:00,Entrance,54.0,62.0,54.7,13,2
2026-06-03 13:40:00,Dairy,40.0,42.0,90.3,13,2
2026-06-03 13:40:00,Bakery,20.0,15.0,260.8,13,2
2026-06-03 13:40:00,Produce,38.0,41.0,147.5,13,2
2026-06-03 13:40:00,Snacks,23.0,17.0,201.2,13,2
2026-06-03 13:40:00,Electronics,15.0,16.0,321.7,13,2
2026-06-03 13:40:00,Checkout,45.0,37.0,134.8,13,2
2026-06-03 13:45:00,Entrance,64.0,72.0,59.9,13,2
2026-06-03 13:45:00,Dairy,25.0,24.0,272.8,13,2
2026-06-03 13:45:00,Bakery,27.0,28.0,194.3,13,2
2026-06-03 13:45:00,Produce,36.0,41.0,,13,2
2026-06-03 13:45:00,Snacks,38.0,44.0,235.9,13,2
2026-06-03 13:45:00,Electronics,18.0,17.0,339.5,13,2
2026-06-03 13:45:00,Checkout,42.0,38.0,189.7,13,2
2026-06-03 13:50:00,Entrance,71.0,73.0,48.5,13,2
2026-06-03 13:50:00,Dairy,33.0,30.0,235.5,13,2
2026-06-03 13:50:00,Bakery,28.0,25.0,208.4,13,2
2026-06-03 13:50:00,Produce,33.0,36.0,232.0,13,2
2026-06-03 13:50:00,Snacks,30.0,28.0,227.5,13,2
2026-06-03 13:50:00,Electronics,15.0,16.0,421.8,13,2
2026-06-03 13:50:00,Checkout,43.0,43.0,180.2,13,2
2026-06-03 13:55:00,Entrance,45.0,47.0,42.7,13,2
2026-06-03 13:55:00,Dairy,35.0,39.0,297.5,13,2
2026-06-03 13:55:00,Bakery,18.0,14.0,183.9,13,2
2026-06-03 13:55:00,Produce,26.0,25.0,196.7,13,2
2026-06-03 13:55:00,Snacks,33.0,35.0,203.3,13,2
2026-06-03 13:55:00,Electronics,12.0,9.0,201.7,13,2
2026-06-03 13:55:00,Checkout,38.0,46.0,160.6,13,2
2026-06-03 14:00:00,Entrance,50.0,60.0,53.3,14,2
2026-06-03 14:00:00,Dairy,19.0,18.0,229.6,14,2
2026-06-03 14:00:00,Bakery,16.0,14.0,202.2,14,2
2026-06-03 14:00:00,Produce,20.0,17.0,245.9,14,2
2026-06-03 14:00:00,Snacks,9.0,9.0,157.1,14,2
2026-06-03 14:00:00,Electronics,14.0,19.0,365.5,14,2
2026-06-03 14:00:00,Checkout,21.0,22.0,148.7,14,2
2026-06-03 14:05:00,Entrance,31.0,31.0,41.4,14,2
2026-06-03 14:05:00,Dairy,,14.0,214.4,14,2
2026-06-03 14:05:00,Bakery,18.0,15.0,273.5,14,2
2026-06-03 14:05:00,Produce,12.0,12.0,231.6,14,2
2026-06-03 14:05:00,Snacks,25.0,28.0,268.6,14,2
2026-06-03 14:05:00,Electronics,5.0,2.0,313.9,14,2
2026-06-03 14:05:00,Checkout,20.0,22.0,147.8,14,2
2026-06-03 14:10:00,Entrance,21.0,17.0,52.4,14,2
2026-06-03 14:10:00,Dairy,13.0,13.0,266.7,14,2
2026-06-03 14:10:00,Bakery,20.0,18.0,210.1,14,2
2026-06-03 14:10:00,Produce,20.0,19.0,245.2,14,2
2026-06-03 14:10:00,Snacks,18.0,21.0,197.8,14,2
2026-06-03 14:10:00,Electronics,7.0,7.0,355.0,14,2
2026-06-03 14:10:00,Checkout,29.0,32.0,197.2,14,2
2026-06-03 14:15:00,Entrance,36.0,45.0,51.0,14,2
2026-06-03 14:15:00,Dairy,24.0,26.0,240.9,14,2
2026-06-03 14:15:00,Bakery,15.0,11.0,184.3,14,2
2026-06-03 14:15:00,Produce,21.0,18.0,246.7,14,2
2026-06-03 14:15:00,Snacks,20.0,17.0,151.6,14,2
2026-06-03 14:15:00,Electronics,7.0,6.0,251.5,14,2
2026-06-03 14:15:00,Checkout,30.0,28.0,210.3,14,2
2026-06-03 14:20:00,Entrance,41.0,42.0,48.0,14,2
2026-06-03 14:20:00,Dairy,12.0,12.0,219.9,14,2
2026-06-03 14:20:00,Bakery,13.0,11.0,261.3,14,2
2026-06-03 14:20:00,Produce,24.0,25.0,236.1,14,2
2026-06-03 14:20:00,Snacks,22.0,25.0,181.1,14,2
2026-06-03 14:20:00,Electronics,11.0,13.0,429.6,14,2
2026-06-03 14:20:00,Checkout,27.0,24.0,197.0,14,2
2026-06-03 14:25:00,Entrance,34.0,32.0,31.4,14,2
2026-06-03 14:25:00,Dairy,21.0,23.0,108.0,14,2
2026-06-03 14:25:00,Bakery,22.0,24.0,201.8,14,2
2026-06-03 14:25:00,Produce,16.0,17.0,142.3,14,2
2026-06-03 14:25:00,Snacks,22.0,22.0,156.5,14,2
2026-06-03 14:25:00,Electronics,11.0,8.0,497.6,14,2
2026-06-03 14:25:00,Checkout,33.0,38.0,181.9,14,2
2026-06-03 14:30:00,Entrance,33.0,33.0,45.8,14,2
2026-06-03 14:30:00,Dairy,19.0,18.0,263.5,14,2
2026-06-03 14:30:00,Bakery,27.0,22.0,264.7,14,2
2026-06-03 14:30:00,Produce,17.0,15.0,259.3,14,2
2026-06-03 14:30:00,Snacks,19.0,17.0,257.4,14,2
2026-06-03 14:30:00,Electronics,9.0,7.0,443.4,14,2
2026-06-03 14:30:00,Checkout,26.0,32.0,115.4,14,2
2026-06-03 14:35:00,Entrance,22.0,22.0,65.6,14,2
2026-06-03 14:35:00,Dairy,18.0,17.0,251.5,14,2
2026-06-03 14:35:00,Bakery,18.0,16.0,260.7,14,2
2026-06-03 14:35:00,Produce,17.0,16.0,175.5,14,2
2026-06-03 14:35:00,Snacks,12.0,11.0,252.9,14,2
2026-06-03 14:35:00,Electronics,6.0,4.0,514.1,14,2
2026-06-03 14:35:00,Checkout,25.0,21.0,170.5,14,2
2026-06-03 14:40:00,Entrance,29.0,32.0,48.0,14,2
2026-06-03 14:40:00,Dairy,22.0,20.0,163.9,14,2
2026-06-03 14:40:00,Bakery,17.0,17.0,140.8,14,2
2026-06-03 14:40:00,Produce,13.0,11.0,303.5,14,2
2026-06-03 14:40:00,Snacks,13.0,13.0,131.7,14,2
2026-06-03 14:40:00,Electronics,10.0,10.0,360.9,14,2
2026-06-03 14:40:00,Checkout,33.0,38.0,228.4,14,2
2026-06-03 14:45:00,Entrance,32.0,33.0,52.0,14,2
2026-06-03 14:45:00,Dairy,18.0,20.0,249.1,14,2
2026-06-03 14:45:00,Bakery,16.0,,252.2,14,2
2026-06-03 14:45:00,Produce,21.0,21.0,233.7,14,2
2026-06-03 14:45:00,Snacks,14.0,13.0,219.1,14,2
2026-06-03 14:45:00,Electronics,13.0,10.0,418.6,14,2
2026-06-03 14:45:00,Checkout,28.0,23.0,145.7,14,2
2026-06-03 14:50:00,Entrance,30.0,30.0,52.3,14,2
2026-06-03 14:50:00,Dairy,17.0,20.0,163.4,14,2
2026-06-03 14:50:00,Bakery,15.0,16.0,,14,2
2026-06-03 14:50:00,Produce,29.0,27.0,172.7,14,2
2026-06-03 14:50:00,Snacks,12.0,13.0,240.4,14,2
2026-06-03 14:50:00,Electronics,10.0,8.0,251.5,14,2
2026-06-03 14:50:00,Checkout,23.0,28.0,160.0,14,2
2026-06-03 14:55:00,Entrance,41.0,37.0,28.4,14,2
2026-06-03 14:55:00,Dairy,19.0,18.0,251.0,14,2
2026-06-03 14:55:00,Bakery,15.0,12.0,207.3,14,2
2026-06-03 14:55:00,Produce,19.0,17.0,303.2,14,2
2026-06-03 14:55:00,Snacks,17.0,15.0,254.6,14,2
2026-06-03 14:55:00,Electronics,12.0,13.0,472.8,14,2
2026-06-03 14:55:00,Checkout,21.0,23.0,142.1,14,2
2026-06-03 15:00:00,Entrance,35.0,42.0,53.0,15,2
2026-06-03 15:00:00,Dairy,19.0,21.0,183.8,15,2
2026-06-03 15:00:00,Bakery,18.0,19.0,190.8,15,2
2026-06-03 15:00:00,Produce,,19.0,147.5,15,2
2026-06-03 15:00:00,Snacks,15.0,15.0,270.7,15,2
2026-06-03 15:00:00,Electronics,11.0,12.0,384.2,15,2
2026-06-03 15:00:00,Checkout,16.0,14.0,164.8,15,2
2026-06-03 15:05:00,Entrance,32.0,28.0,50.1,15,2
2026-06-03 15:05:00,Dairy,26.0,28.0,177.5,15,2
2026-06-03 15:05:00,Bakery,22.0,26.0,137.8,15,2
2026-06-03 15:05:00,Produce,25.0,24.0,203.3,15,2
2026-06-03 15:05:00,Snacks,11.0,11.0,181.6,15,2
2026-06-03 15:05:00,Electronics,9.0,11.0,248.2,15,2
2026-06-03 15:05:00,Checkout,30.0,31.0,128.1,15,2
2026-06-03 15:10:00,Entrance,22.0,24.0,50.6,15,2
2026-06-03 15:10:00,Dairy,17.0,18.0,257.1,15,2
2026-06-03 15:10:00,Bakery,22.0,14.0,254.8,15,2
2026-06-03 15:10:00,Produce,18.0,18.0,221.5,15,2
2026-06-03 15:10:00,Snacks,19.0,19.0,120.4,15,2
2026-06-03 15:10:00,Electronics,16.0,15.0,335.9,15,2
2026-06-03 15:10:00,Checkout,17.0,18.0,256.7,15,2
2026-06-03 15:15:00,Entrance,26.0,30.0,64.3,15,2
2026-06-03 15:15:00,Dairy,28.0,18.0,126.6,15,2
2026-06-03 15:15:00,Bakery,12.0,13.0,264.3,15,2
2026-06-03 15:15:00,Produce,16.0,15.0,277.7,15,2
2026-06-03 15:15:00,Snacks,14.0,12.0,205.6,15,2
2026-06-03 15:15:00,Electronics,8.0,6.0,390.6,15,2
2026-06-03 15:15:00,Checkout,19.0,17.0,116.0,15,2
2026-06-03 15:20:00,Entrance,33.0,42.0,36.7,15,2
2026-06-03 15:20:00,Dairy,25.0,26.0,148.2,15,2
2026-06-03 15:20:00,Bakery,15.0,17.0,125.5,15,2
2026-06-03 15:20:00,Produce,20.0,16.0,177.1,15,2
2026-06-03 15:20:00,Snacks,5.0,4.0,208.6,15,2
2026-06-03 15:20:00,Electronics,6.0,6.0,533.6,15,2
2026-06-03 15:20:00,Checkout,25.0,27.0,200.9,15,2
2026-06-03 15:25:00,Entrance,43.0,45.0,40.3,15,2
2026-06-03 15:25:00,Dairy,18.0,18.0,,15,2
2026-06-03 15:25:00,Bakery,18.0,19.0,243.4,15,2
2026-06-03 15:25:00,Produce,21.0,18.0,226.1,15,2
2026-06-03 15:25:00,Snacks,17.0,15.0,203.1,15,2
2026-06-03 15:25:00,Electronics,8.0,6.0,364.4,15,2
2026-06-03 15:25:00,Checkout,29.0,29.0,187.3,15,2
2026-06-03 15:30:00,Entrance,32.0,24.0,53.6,15,2
2026-06-03 15:30:00,Dairy,21.0,20.0,187.2,15,2
2026-06-03 15:30:00,Bakery,13.0,13.0,245.9,15,2
2026-06-03 15:30:00,Produce,18.0,17.0,187.4,15,2
2026-06-03 15:30:00,Snacks,16.0,14.0,159.4,15,2
2026-06-03 15:30:00,Electronics,9.0,9.0,351.2,15,2
2026-06-03 15:30:00,Checkout,27.0,23.0,187.7,15,2
2026-06-03 15:35:00,Entrance,28.0,29.0,35.0,15,2
2026-06-03 15:35:00,Dairy,16.0,18.0,189.1,15,2
2026-06-03 15:35:00,Bakery,19.0,21.0,202.6,15,2
2026-06-03 15:35:00,Produce,14.0,13.0,186.0,15,2
2026-06-03 15:35:00,Snacks,16.0,16.0,154.6,15,2
2026-06-03 15:35:00,Electronics,12.0,12.0,259.3,15,2
2026-06-03 15:35:00,Checkout,26.0,27.0,104.9,15,2
2026-06-03 15:40:00,Entrance,23.0,23.0,44.6,15,2
2026-06-03 15:40:00,Dairy,18.0,21.0,207.5,15,2
2026-06-03 15:40:00,Bakery,13.0,8.0,254.6,15,2
2026-06-03 15:40:00,Produce,24.0,29.0,187.6,15,2
2026-06-03 15:40:00,Snacks,13.0,14.0,208.1,15,2
2026-06-03 15:40:00,Electronics,11.0,8.0,382.0,15,2
2026-06-03 15:40:00,Checkout,15.0,11.0,157.7,15,2
2026-06-03 15:45:00,Entrance,,33.0,50.0,15,2
2026-06-03 15:45:00,Dairy,24.0,21.0,222.6,15,2
2026-06-03 15:45:00,Bakery,14.0,12.0,246.5,15,2
2026-06-03 15:45:00,Produce,8.0,9.0,248.3,15,2
2026-06-03 15:45:00,Snacks,20.0,14.0,217.3,15,2
2026-06-03 15:45:00,Electronics,7.0,5.0,320.6,15,2
2026-06-03 15:45:00,Checkout,22.0,21.0,204.4,15,2
2026-06-03 15:50:00,Entrance,37.0,31.0,59.2,15,2
2026-06-03 15:50:00,Dairy,24.0,26.0,135.7,15,2
2026-06-03 15:50:00,Bakery,13.0,12.0,205.8,15,2
2026-06-03 15:50:00,Produce,21.0,20.0,239.2,15,2
2026-06-03 15:50:00,Snacks,18.0,19.0,214.3,15,2
2026-06-03 15:50:00,Electronics,11.0,11.0,435.7,15,2
2026-06-03 15:50:00,Checkout,23.0,21.0,148.2,15,2
2026-06-03 15:55:00,Entrance,27.0,19.0,44.2,15,2
2026-06-03 15:55:00,Dairy,24.0,18.0,155.6,15,2
2026-06-03 15:55:00,Bakery,13.0,16.0,331.8,15,2
2026-06-03 15:55:00,Produce,25.0,23.0,233.9,15,2
2026-06-03 15:55:00,Snacks,23.0,27.0,169.3,15,2
2026-06-03 15:55:00,Electronics,8.0,6.0,537.1,15,2
2026-06-03 15:55:00,Checkout,35.0,23.0,149.3,15,2
2026-06-03 16:00:00,Entrance,27.0,27.0,45.1,16,2
2026-06-03 16:00:00,Dairy,18.0,14.0,249.8,16,2
2026-06-03 16:00:00,Bakery,21.0,17.0,145.9,16,2
2026-06-03 16:00:00,Produce,18.0,17.0,242.4,16,2
2026-06-03 16:00:00,Snacks,16.0,15.0,191.2,16,2
2026-06-03 16:00:00,Electronics,13.0,10.0,380.5,16,2
2026-06-03 16:00:00,Checkout,28.0,24.0,149.2,16,2
2026-06-03 16:05:00,Entrance,28.0,27.0,50.2,16,2
2026-06-03 16:05:00,Dairy,21.0,18.0,264.5,16,2
2026-06-03 16:05:00,Bakery,15.0,14.0,192.6,16,2
2026-06-03 16:05:00,Produce,16.0,19.0,160.0,16,2
2026-06-03 16:05:00,Snacks,21.0,20.0,239.9,16,2
2026-06-03 16:05:00,Electronics,6.0,5.0,339.8,16,2
2026-06-03 16:05:00,Checkout,23.0,23.0,202.3,16,2
2026-06-03 16:10:00,Entrance,29.0,28.0,41.9,16,2
2026-06-03 16:10:00,Dairy,23.0,20.0,284.2,16,2
2026-06-03 16:10:00,Bakery,16.0,12.0,175.3,16,2
2026-06-03 16:10:00,Produce,14.0,13.0,252.5,16,2
2026-06-03 16:10:00,Snacks,16.0,13.0,222.1,16,2
2026-06-03 16:10:00,Electronics,7.0,8.0,427.4,16,2
2026-06-03 16:10:00,Checkout,31.0,23.0,215.5,16,2
2026-06-03 16:15:00,Entrance,35.0,26.0,61.0,16,2
2026-06-03 16:15:00,Dairy,22.0,23.0,208.3,16,2
2026-06-03 16:15:00,Bakery,9.0,11.0,201.7,16,2
2026-06-03 16:15:00,Produce,21.0,22.0,177.5,16,2
2026-06-03 16:15:00,Snacks,12.0,14.0,283.0,16,2
2026-06-03 16:15:00,Electronics,3.0,4.0,355.4,16,2
2026-06-03 16:15:00,Checkout,19.0,20.0,,16,2
2026-06-03 16:20:00,Entrance,28.0,25.0,68.5,16,2
2026-06-03 16:20:00,Dairy,21.0,14.0,158.8,16,2
2026-06-03 16:20:00,Bakery,17.0,15.0,149.8,16,2
2026-06-03 16:20:00,Produce,19.0,19.0,279.6,16,2
2026-06-03 16:20:00,Snacks,14.0,12.0,219.3,16,2
2026-06-03 16:20:00,Electronics,4.0,2.0,484.2,16,2
2026-06-03 16:20:00,Checkout,26.0,21.0,153.9,16,2
2026-06-03 16:25:00,Entrance,37.0,40.0,59.5,16,2
2026-06-03 16:25:00,Dairy,29.0,28.0,236.9,16,2
2026-06-03 16:25:00,Bakery,13.0,11.0,127.8,16,2
2026-06-03 16:25:00,Produce,19.0,22.0,272.6,16,2
2026-06-03 16:25:00,Snacks,18.0,18.0,178.1,16,2
2026-06-03 16:25:00,Electronics,11.0,11.0,474.2,16,2
2026-06-03 16:25:00,Checkout,21.0,16.0,157.6,16,2
2026-06-03 16:30:00,Entrance,22.0,21.0,37.2,16,2
2026-06-03 16:30:00,Dairy,19.0,20.0,229.1,16,2
2026-06-03 16:30:00,Bakery,19.0,16.0,186.1,16,2
2026-06-03 16:30:00,Produce,27.0,28.0,176.8,16,2
2026-06-03 16:30:00,Snacks,14.0,14.0,112.7,16,2
2026-06-03 16:30:00,Electronics,11.0,10.0,528.6,16,2
2026-06-03 16:30:00,Checkout,30.0,32.0,79.4,16,2
2026-06-03 16:35:00,Entrance,27.0,30.0,60.8,16,2
2026-06-03 16:35:00,Dairy,20.0,21.0,89.4,16,2
2026-06-03 16:35:00,Bakery,10.0,6.0,168.7,16,2
2026-06-03 16:35:00,Produce,13.0,13.0,180.9,16,2
2026-06-03 16:35:00,Snacks,15.0,14.0,131.7,16,2
2026-06-03 16:35:00,Electronics,7.0,4.0,275.3,16,2
2026-06-03 16:35:00,Checkout,,16.0,129.3,16,2
2026-06-03 16:40:00,Entrance,30.0,31.0,23.9,16,2
2026-06-03 16:40:00,Dairy,19.0,23.0,256.3,16,2
2026-06-03 16:40:00,Bakery,30.0,30.0,219.1,16,2
2026-06-03 16:40:00,Produce,13.0,12.0,296.9,16,2
2026-06-03 16:40:00,Snacks,16.0,17.0,211.5,16,2
2026-06-03 16:40:00,Electronics,6.0,4.0,560.1,16,2
2026-06-03 16:40:00,Checkout,21.0,20.0,209.6,16,2
2026-06-03 16:45:00,Entrance,27.0,30.0,43.6,16,2
2026-06-03 16:45:00,Dairy,27.0,32.0,266.1,16,2
2026-06-03 16:45:00,Bakery,19.0,15.0,196.8,16,2
2026-06-03 16:45:00,Produce,28.0,24.0,252.3,16,2
2026-06-03 16:45:00,Snacks,19.0,22.0,255.2,16,2
2026-06-03 16:45:00,Electronics,8.0,11.0,301.3,16,2
2026-06-03 16:45:00,Checkout,21.0,20.0,164.0,16,2
2026-06-03 16:50:00,Entrance,30.0,21.0,43.7,16,2
2026-06-03 16:50:00,Dairy,26.0,23.0,247.4,16,2
2026-06-03 16:50:00,Bakery,14.0,,199.2,16,2
2026-06-03 16:50:00,Produce,14.0,14.0,,16,2
2026-06-03 16:50:00,Snacks,14.0,13.0,261.2,16,2
2026-06-03 16:50:00,Electronics,10.0,6.0,368.9,16,2
2026-06-03 16:50:00,Checkout,20.0,23.0,162.3,16,2
2026-06-03 16:55:00,Entrance,39.0,35.0,59.4,16,2
2026-06-03 16:55:00,Dairy,26.0,28.0,,16,2
2026-06-03 16:55:00,Bakery,18.0,19.0,234.1,16,2
2026-06-03 16:55:00,Produce,18.0,19.0,115.7,16,2
2026-06-03 16:55:00,Snacks,12.0,12.0,190.2,16,2
2026-06-03 16:55:00,Electronics,13.0,11.0,448.1,16,2
2026-06-03 16:55:00,Checkout,28.0,30.0,174.9,16,2
2026-06-03 17:00:00,Entrance,66.0,61.0,63.3,17,2
2026-06-03 17:00:00,Dairy,37.0,48.0,254.7,17,2
2026-06-03 17:00:00,Bakery,46.0,40.0,152.9,17,2
2026-06-03 17:00:00,Produce,46.0,37.0,215.8,17,2
2026-06-03 17:00:00,Snacks,39.0,38.0,154.6,17,2
2026-06-03 17:00:00,Electronics,15.0,13.0,415.3,17,2
2026-06-03 17:00:00,Checkout,57.0,44.0,172.2,17,2
2026-06-03 17:05:00,Entrance,66.0,56.0,66.5,17,2
2026-06-03 17:05:00,Dairy,43.0,43.0,257.2,17,2
2026-06-03 17:05:00,Bakery,33.0,29.0,225.1,17,2
2026-06-03 17:05:00,Produce,31.0,34.0,187.0,17,2
2026-06-03 17:05:00,Snacks,52.0,51.0,133.1,17,2
2026-06-03 17:05:00,Electronics,19.0,20.0,389.7,17,2
2026-06-03 17:05:00,Checkout,55.0,54.0,159.7,17,2
2026-06-03 17:10:00,Entrance,60.0,74.0,15.0,17,2
2026-06-03 17:10:00,Dairy,42.0,40.0,153.4,17,2
2026-06-03 17:10:00,Bakery,35.0,34.0,219.6,17,2
2026-06-03 17:10:00,Produce,39.0,35.0,279.8,17,2
2026-06-03 17:10:00,Snacks,34.0,23.0,129.4,17,2
2026-06-03 17:10:00,Electronics,27.0,35.0,422.1,17,2
2026-06-03 17:10:00,Checkout,66.0,73.0,123.9,17,2
2026-06-03 17:15:00,Entrance,59.0,45.0,53.8,17,2
2026-06-03 17:15:00,Dairy,44.0,56.0,175.8,17,2
2026-06-03 17:15:00,Bakery,44.0,38.0,130.8,17,2
2026-06-03 17:15:00,Produce,43.0,31.0,190.2,17,2
2026-06-03 17:15:00,Snacks,39.0,39.0,279.0,17,2
2026-06-03 17:15:00,Electronics,17.0,18.0,292.2,17,2
2026-06-03 17:15:00,Checkout,54.0,50.0,124.7,17,2
2026-06-03 17:20:00,Entrance,63.0,58.0,53.4,17,2
2026-06-03 17:20:00,Dairy,42.0,45.0,168.7,17,2
2026-06-03 17:20:00,Bakery,32.0,26.0,182.8,17,2
2026-06-03 17:20:00,Produce,33.0,32.0,238.8,17,2
2026-06-03 17:20:00,Snacks,42.0,,277.0,17,2
2026-06-03 17:20:00,Electronics,25.0,24.0,412.2,17,2
2026-06-03 17:20:00,Checkout,56.0,52.0,135.5,17,2
2026-06-03 17:25:00,Entrance,59.0,63.0,60.5,17,2
2026-06-03 17:25:00,Dairy,35.0,34.0,186.9,17,2
2026-06-03 17:25:00,Bakery,19.0,22.0,207.0,17,2
2026-06-03 17:25:00,Produce,46.0,35.0,220.2,17,2
2026-06-03 17:25:00,Snacks,35.0,39.0,205.0,17,2
2026-06-03 17:25:00,Electronics,26.0,21.0,357.5,17,2
2026-06-03 17:25:00,Checkout,60.0,64.0,110.0,17,2
2026-06-03 17:30:00,Entrance,58.0,69.0,18.8,17,2
2026-06-03 17:30:00,Dairy,28.0,22.0,258.4,17,2
2026-06-03 17:30:00,Bakery,30.0,32.0,301.1,17,2
2026-06-03 17:30:00,Produce,51.0,56.0,243.3,17,2
2026-06-03 17:30:00,Snacks,33.0,37.0,184.8,17,2
2026-06-03 17:30:00,Electronics,23.0,28.0,534.8,17,2
2026-06-03 17:30:00,Checkout,54.0,58.0,199.7,17,2
2026-06-03 17:35:00,Entrance,64.0,70.0,46.5,17,2
2026-06-03 17:35:00,Dairy,37.0,36.0,210.5,17,2
2026-06-03 17:35:00,Bakery,35.0,37.0,214.9,17,2
2026-06-03 17:35:00,Produce,41.0,45.0,273.6,17,2
2026-06-03 17:35:00,Snacks,27.0,31.0,243.5,17,2
2026-06-03 17:35:00,Electronics,26.0,27.0,339.4,17,2
2026-06-03 17:35:00,Checkout,54.0,48.0,170.7,17,2
2026-06-03 17:40:00,Entrance,70.0,63.0,64.6,17,2
2026-06-03 17:40:00,Dairy,34.0,32.0,235.2,17,2
2026-06-03 17:40:00,Bakery,31.0,25.0,219.0,17,2
2026-06-03 17:40:00,Produce,35.0,33.0,248.4,17,2
2026-06-03 17:40:00,Snacks,37.0,,177.0,17,2
2026-06-03 17:40:00,Electronics,16.0,17.0,389.2,17,2
2026-06-03 17:40:00,Checkout,61.0,83.0,214.2,17,2
2026-06-03 17:45:00,Entrance,69.0,79.0,40.3,17,2
2026-06-03 17:45:00,Dairy,47.0,45.0,221.4,17,2
2026-06-03 17:45:00,Bakery,42.0,33.0,246.6,17,2
2026-06-03 17:45:00,Produce,40.0,45.0,233.7,17,2
2026-06-03 17:45:00,Snacks,35.0,31.0,294.2,17,2
2026-06-03 17:45:00,Electronics,17.0,19.0,,17,2
2026-06-03 17:45:00,Checkout,53.0,,208.2,17,2
2026-06-03 17:50:00,Entrance,66.0,78.0,15.0,17,2
2026-06-03 17:50:00,Dairy,38.0,42.0,249.8,17,2
2026-06-03 17:50:00,Bakery,43.0,41.0,237.2,17,2
2026-06-03 17:50:00,Produce,50.0,51.0,195.4,17,2
2026-06-03 17:50:00,Snacks,36.0,45.0,230.7,17,2
2026-06-03 17:50:00,Electronics,16.0,15.0,425.3,17,2
2026-06-03 17:50:00,Checkout,60.0,60.0,141.3,17,2
2026-06-03 17:55:00,Entrance,56.0,58.0,59.3,17,2
2026-06-03 17:55:00,Dairy,,30.0,273.2,17,2
2026-06-03 17:55:00,Bakery,31.0,29.0,186.0,17,2
2026-06-03 17:55:00,Produce,38.0,33.0,210.7,17,2
2026-06-03 17:55:00,Snacks,45.0,62.0,155.5,17,2
2026-06-03 17:55:00,Electronics,20.0,22.0,417.4,17,2
2026-06-03 17:55:00,Checkout,64.0,54.0,153.4,17,2
2026-06-03 18:00:00,Entrance,62.0,53.0,35.0,18,2
2026-06-03 18:00:00,Dairy,38.0,32.0,205.9,18,2
2026-06-03 18:00:00,Bakery,26.0,22.0,136.2,18,2
2026-06-03 18:00:00,Produce,46.0,40.0,246.9,18,2
2026-06-03 18:00:00,Snacks,35.0,43.0,133.6,18,2
2026-06-03 18:00:00,Electronics,20.0,16.0,200.0,18,2
2026-06-03 18:00:00,Checkout,55.0,55.0,175.5,18,2
2026-06-03 18:05:00,Entrance,67.0,68.0,46.5,18,2
2026-06-03 18:05:00,Dairy,51.0,46.0,229.8,18,2
2026-06-03 18:05:00,Bakery,37.0,45.0,231.7,18,2
2026-06-03 18:05:00,Produce,39.0,39.0,275.2,18,2
2026-06-03 18:05:00,Snacks,37.0,40.0,224.7,18,2
2026-06-03 18:05:00,Electronics,29.0,27.0,452.1,18,2
2026-06-03 18:05:00,Checkout,52.0,48.0,126.2,18,2
2026-06-03 18:10:00,Entrance,54.0,61.0,51.1,18,2
2026-06-03 18:10:00,Dairy,32.0,23.0,172.4,18,2
2026-06-03 18:10:00,Bakery,36.0,41.0,,18,2
2026-06-03 18:10:00,Produce,35.0,30.0,197.4,18,2
2026-06-03 18:10:00,Snacks,49.0,,280.0,18,2
2026-06-03 18:10:00,Electronics,17.0,21.0,351.9,18,2
2026-06-03 18:10:00,Checkout,63.0,60.0,156.8,18,2
2026-06-03 18:15:00,Entrance,71.0,67.0,37.3,18,2
2026-06-03 18:15:00,Dairy,40.0,39.0,150.6,18,2
2026-06-03 18:15:00,Bakery,28.0,28.0,254.1,18,2
2026-06-03 18:15:00,Produce,51.0,49.0,240.3,18,2
2026-06-03 18:15:00,Snacks,46.0,45.0,202.0,18,2
2026-06-03 18:15:00,Electronics,16.0,16.0,435.3,18,2
2026-06-03 18:15:00,Checkout,53.0,44.0,117.9,18,2
2026-06-03 18:20:00,Entrance,69.0,75.0,33.0,18,2
2026-06-03 18:20:00,Dairy,45.0,35.0,266.2,18,2
2026-06-03 18:20:00,Bakery,38.0,34.0,256.7,18,2
2026-06-03 18:20:00,Produce,41.0,40.0,138.6,18,2
2026-06-03 18:20:00,Snacks,33.0,40.0,213.9,18,2
2026-06-03 18:20:00,Electronics,27.0,30.0,316.5,18,2
2026-06-03 18:20:00,Checkout,48.0,33.0,161.3,18,2
2026-06-03 18:25:00,Entrance,72.0,57.0,44.6,18,2
2026-06-03 18:25:00,Dairy,43.0,40.0,229.7,18,2
2026-06-03 18:25:00,Bakery,29.0,36.0,168.2,18,2
2026-06-03 18:25:00,Produce,37.0,36.0,223.4,18,2
2026-06-03 18:25:00,Snacks,,25.0,241.1,18,2
2026-06-03 18:25:00,Electronics,31.0,28.0,264.0,18,2
2026-06-03 18:25:00,Checkout,58.0,52.0,222.7,18,2
2026-06-03 18:30:00,Entrance,65.0,64.0,47.1,18,2
2026-06-03 18:30:00,Dairy,37.0,25.0,260.5,18,2
2026-06-03 18:30:00,Bakery,,40.0,217.6,18,2
2026-06-03 18:30:00,Produce,41.0,48.0,181.9,18,2
2026-06-03 18:30:00,Snacks,32.0,29.0,191.7,18,2
2026-06-03 18:30:00,Electronics,16.0,15.0,319.3,18,2
2026-06-03 18:30:00,Checkout,50.0,47.0,204.8,18,2
2026-06-03 18:35:00,Entrance,62.0,58.0,36.4,18,2
2026-06-03 18:35:00,Dairy,39.0,32.0,212.3,18,2
2026-06-03 18:35:00,Bakery,30.0,31.0,303.7,18,2
2026-06-03 18:35:00,Produce,33.0,23.0,196.3,18,2
2026-06-03 18:35:00,Snacks,32.0,24.0,116.9,18,2
2026-06-03 18:35:00,Electronics,,25.0,508.8,18,2
2026-06-03 18:35:00,Checkout,45.0,51.0,142.0,18,2
2026-06-03 18:40:00,Entrance,66.0,76.0,25.0,18,2
2026-06-03 18:40:00,Dairy,35.0,,,18,2
2026-06-03 18:40:00,Bakery,33.0,31.0,233.8,18,2
2026-06-03 18:40:00,Produce,40.0,40.0,275.7,18,2
2026-06-03 18:40:00,Snacks,23.0,24.0,255.1,18,2
2026-06-03 18:40:00,Electronics,,20.0,284.0,18,2
2026-06-03 18:40:00,Checkout,55.0,48.0,159.6,18,2
2026-06-03 18:45:00,Entrance,64.0,70.0,59.6,18,2
2026-06-03 18:45:00,Dairy,45.0,52.0,183.4,18,2
2026-06-03 18:45:00,Bakery,45.0,,153.2,18,2
2026-06-03 18:45:00,Produce,44.0,39.0,102.6,18,2
2026-06-03 18:45:00,Snacks,41.0,38.0,177.0,18,2
2026-06-03 18:45:00,Electronics,24.0,26.0,509.8,18,2
2026-06-03 18:45:00,Checkout,46.0,51.0,183.9,18,2
2026-06-03 18:50:00,Entrance,64.0,74.0,49.4,18,2
2026-06-03 18:50:00,Dairy,45.0,62.0,175.7,18,2
2026-06-03 18:50:00,Bakery,37.0,38.0,150.7,18,2
2026-06-03 18:50:00,Produce,24.0,23.0,265.5,18,2
2026-06-03 18:50:00,Snacks,34.0,33.0,205.3,18,2
2026-06-03 18:50:00,Electronics,14.0,10.0,318.1,18,2
2026-06-03 18:50:00,Checkout,50.0,62.0,203.5,18,2
2026-06-03 18:55:00,Entrance,64.0,76.0,58.2,18,2
2026-06-03 18:55:00,Dairy,51.0,52.0,281.3,18,2
2026-06-03 18:55:00,Bakery,45.0,37.0,261.3,18,2
2026-06-03 18:55:00,Produce,34.0,,164.7,18,2
2026-06-03 18:55:00,Snacks,35.0,38.0,166.6,18,2
2026-06-03 18:55:00,Electronics,21.0,17.0,454.9,18,2
2026-06-03 18:55:00,Checkout,50.0,42.0,205.6,18,2
2026-06-03 19:00:00,Entrance,74.0,71.0,51.2,19,2
2026-06-03 19:00:00,Dairy,36.0,36.0,298.8,19,2
2026-06-03 19:00:00,Bakery,38.0,,190.1,19,2
2026-06-03 19:00:00,Produce,41.0,44.0,145.7,19,2
2026-06-03 19:00:00,Snacks,42.0,33.0,212.0,19,2
2026-06-03 19:00:00,Electronics,22.0,22.0,405.1,19,2
2026-06-03 19:00:00,Checkout,67.0,48.0,174.2,19,2
2026-06-03 19:05:00,Entrance,62.0,72.0,32.3,19,2
2026-06-03 19:05:00,Dairy,33.0,35.0,188.6,19,2
2026-06-03 19:05:00,Bakery,27.0,28.0,240.1,19,2
2026-06-03 19:05:00,Produce,33.0,32.0,,19,2
2026-06-03 19:05:00,Snacks,47.0,52.0,185.1,19,2
2026-06-03 19:05:00,Electronics,24.0,19.0,542.8,19,2
2026-06-03 19:05:00,Checkout,45.0,57.0,168.7,19,2
2026-06-03 19:10:00,Entrance,69.0,59.0,54.4,19,2
2026-06-03 19:10:00,Dairy,42.0,42.0,195.8,19,2
2026-06-03 19:10:00,Bakery,38.0,40.0,232.1,19,2
2026-06-03 19:10:00,Produce,30.0,28.0,166.0,19,2
2026-06-03 19:10:00,Snacks,34.0,,283.3,19,2
2026-06-03 19:10:00,Electronics,29.0,35.0,438.7,19,2
2026-06-03 19:10:00,Checkout,52.0,46.0,122.0,19,2
2026-06-03 19:15:00,Entrance,49.0,54.0,59.7,19,2
2026-06-03 19:15:00,Dairy,44.0,48.0,211.1,19,2
2026-06-03 19:15:00,Bakery,37.0,38.0,146.2,19,2
2026-06-03 19:15:00,Produce,30.0,25.0,180.6,19,2
2026-06-03 19:15:00,Snacks,33.0,37.0,195.8,19,2
2026-06-03 19:15:00,Electronics,17.0,16.0,352.6,19,2
2026-06-03 19:15:00,Checkout,39.0,,140.4,19,2
2026-06-03 19:20:00,Entrance,60.0,61.0,57.8,19,2
2026-06-03 19:20:00,Dairy,50.0,37.0,126.0,19,2
2026-06-03 19:20:00,Bakery,35.0,36.0,111.9,19,2
2026-06-03 19:20:00,Produce,42.0,40.0,232.3,19,2
2026-06-03 19:20:00,Snacks,,27.0,271.3,19,2
2026-06-03 19:20:00,Electronics,21.0,21.0,313.0,19,2
2026-06-03 19:20:00,Checkout,47.0,55.0,117.3,19,2
2026-06-03 19:25:00,Entrance,58.0,,40.8,19,2
2026-06-03 19:25:00,Dairy,52.0,56.0,275.9,19,2
2026-06-03 19:25:00,Bakery,26.0,18.0,227.7,19,2
2026-06-03 19:25:00,Produce,30.0,37.0,154.2,19,2
2026-06-03 19:25:00,Snacks,36.0,40.0,,19,2
2026-06-03 19:25:00,Electronics,23.0,24.0,333.6,19,2
2026-06-03 19:25:00,Checkout,56.0,48.0,118.8,19,2
2026-06-03 19:30:00,Entrance,66.0,64.0,56.0,19,2
2026-06-03 19:30:00,Dairy,49.0,37.0,242.8,19,2
2026-06-03 19:30:00,Bakery,33.0,42.0,201.7,19,2
2026-06-03 19:30:00,Produce,37.0,25.0,234.5,19,2
2026-06-03 19:30:00,Snacks,34.0,32.0,247.6,19,2
2026-06-03 19:30:00,Electronics,24.0,27.0,435.7,19,2
2026-06-03 19:30:00,Checkout,49.0,56.0,170.7,19,2
2026-06-03 19:35:00,Entrance,55.0,64.0,40.4,19,2
2026-06-03 19:35:00,Dairy,43.0,46.0,223.7,19,2
2026-06-03 19:35:00,Bakery,34.0,37.0,227.8,19,2
2026-06-03 19:35:00,Produce,43.0,46.0,134.4,19,2
2026-06-03 19:35:00,Snacks,37.0,35.0,165.8,19,2
2026-06-03 19:35:00,Electronics,15.0,15.0,519.1,19,2
2026-06-03 19:35:00,Checkout,40.0,,148.6,19,2
2026-06-03 19:40:00,Entrance,65.0,65.0,61.6,19,2
2026-06-03 19:40:00,Dairy,40.0,34.0,258.0,19,2
2026-06-03 19:40:00,Bakery,30.0,31.0,170.5,19,2
2026-06-03 19:40:00,Produce,43.0,40.0,253.8,19,2
2026-06-03 19:40:00,Snacks,35.0,31.0,188.6,19,2
2026-06-03 19:40:00,Electronics,19.0,19.0,319.9,19,2
2026-06-03 19:40:00,Checkout,54.0,57.0,177.8,19,2
2026-06-03 19:45:00,Entrance,83.0,62.0,54.8,19,2
2026-06-03 19:45:00,Dairy,59.0,66.0,189.4,19,2
2026-06-03 19:45:00,Bakery,32.0,34.0,206.9,19,2
2026-06-03 19:45:00,Produce,34.0,38.0,207.0,19,2
2026-06-03 19:45:00,Snacks,38.0,48.0,259.4,19,2
2026-06-03 19:45:00,Electronics,16.0,16.0,346.3,19,2
2026-06-03 19:45:00,Checkout,36.0,37.0,186.0,19,2
2026-06-03 19:50:00,Entrance,66.0,59.0,41.2,19,2
2026-06-03 19:50:00,Dairy,40.0,42.0,142.4,19,2
2026-06-03 19:50:00,Bakery,38.0,42.0,207.6,19,2
2026-06-03 19:50:00,Produce,39.0,38.0,200.0,19,2
2026-06-03 19:50:00,Snacks,35.0,29.0,214.2,19,2
2026-06-03 19:50:00,Electronics,23.0,,508.8,19,2
2026-06-03 19:50:00,Checkout,46.0,48.0,189.8,19,2
2026-06-03 19:55:00,Entrance,57.0,75.0,44.8,19,2
2026-06-03 19:55:00,Dairy,42.0,40.0,239.3,19,2
2026-06-03 19:55:00,Bakery,31.0,32.0,228.6,19,2
2026-06-03 19:55:00,Produce,33.0,32.0,233.7,19,2
2026-06-03 19:55:00,Snacks,40.0,42.0,129.9,19,2
2026-06-03 19:55:00,Electronics,18.0,12.0,231.6,19,2
2026-06-03 19:55:00,Checkout,52.0,66.0,169.1,19,2
2026-06-03 20:00:00,Entrance,69.0,68.0,35.4,20,2
2026-06-03 20:00:00,Dairy,36.0,28.0,135.7,20,2
2026-06-03 20:00:00,Bakery,44.0,35.0,127.2,20,2
2026-06-03 20:00:00,Produce,48.0,38.0,206.7,20,2
2026-06-03 20:00:00,Snacks,33.0,27.0,185.7,20,2
2026-06-03 20:00:00,Electronics,17.0,21.0,413.4,20,2
2026-06-03 20:00:00,Checkout,53.0,,148.6,20,2
2026-06-03 20:05:00,Entrance,63.0,60.0,57.3,20,2
2026-06-03 20:05:00,Dairy,44.0,38.0,124.8,20,2
2026-06-03 20:05:00,Bakery,29.0,24.0,292.1,20,2
2026-06-03 20:05:00,Produce,38.0,37.0,223.4,20,2
2026-06-03 20:05:00,Snacks,45.0,50.0,234.7,20,2
2026-06-03 20:05:00,Electronics,25.0,28.0,413.6,20,2
2026-06-03 20:05:00,Checkout,55.0,54.0,112.2,20,2
2026-06-03 20:10:00,Entrance,66.0,50.0,22.5,20,2
2026-06-03 20:10:00,Dairy,55.0,58.0,276.6,20,2
2026-06-03 20:10:00,Bakery,23.0,26.0,233.5,20,2
2026-06-03 20:10:00,Produce,35.0,,212.6,20,2
2026-06-03 20:10:00,Snacks,39.0,45.0,188.7,20,2
2026-06-03 20:10:00,Electronics,21.0,26.0,365.2,20,2
2026-06-03 20:10:00,Checkout,53.0,47.0,115.8,20,2
2026-06-03 20:15:00,Entrance,65.0,90.0,51.3,20,2
2026-06-03 20:15:00,Dairy,43.0,40.0,177.3,20,2
2026-06-03 20:15:00,Bakery,41.0,42.0,231.5,20,2
2026-06-03 20:15:00,Produce,34.0,24.0,269.0,20,2
2026-06-03 20:15:00,Snacks,35.0,27.0,277.0,20,2
2026-06-03 20:15:00,Electronics,25.0,27.0,371.0,20,2
2026-06-03 20:15:00,Checkout,53.0,44.0,,20,2
2026-06-03 20:20:00,Entrance,57.0,62.0,52.0,20,2
2026-06-03 20:20:00,Dairy,42.0,48.0,307.4,20,2
2026-06-03 20:20:00,Bakery,33.0,37.0,258.7,20,2
2026-06-03 20:20:00,Produce,30.0,26.0,200.1,20,2
2026-06-03 20:20:00,Snacks,37.0,33.0,248.9,20,2
2026-06-03 20:20:00,Electronics,23.0,17.0,473.8,20,2
2026-06-03 20:20:00,Checkout,47.0,35.0,155.3,20,2
2026-06-03 20:25:00,Entrance,60.0,59.0,53.9,20,2
2026-06-03 20:25:00,Dairy,40.0,38.0,126.8,20,2
2026-06-03 20:25:00,Bakery,33.0,30.0,238.4,20,2
2026-06-03 20:25:00,Produce,50.0,44.0,237.8,20,2
2026-06-03 20:25:00,Snacks,28.0,17.0,237.6,20,2
2026-06-03 20:25:00,Electronics,22.0,18.0,463.7,20,2
2026-06-03 20:25:00,Checkout,63.0,67.0,94.7,20,2
2026-06-03 20:30:00,Entrance,68.0,66.0,31.1,20,2
2026-06-03 20:30:00,Dairy,36.0,33.0,267.6,20,2
2026-06-03 20:30:00,Bakery,22.0,22.0,240.3,20,2
2026-06-03 20:30:00,Produce,37.0,34.0,134.7,20,2
2026-06-03 20:30:00,Snacks,36.0,33.0,317.2,20,2
2026-06-03 20:30:00,Electronics,25.0,23.0,530.4,20,2
2026-06-03 20:30:00,Checkout,63.0,65.0,109.1,20,2
2026-06-03 20:35:00,Entrance,43.0,29.0,50.2,20,2
2026-06-03 20:35:00,Dairy,45.0,27.0,307.6,20,2
2026-06-03 20:35:00,Bakery,33.0,30.0,251.3,20,2
2026-06-03 20:35:00,Produce,47.0,60.0,256.1,20,2
2026-06-03 20:35:00,Snacks,41.0,53.0,306.6,20,2
2026-06-03 20:35:00,Electronics,21.0,21.0,433.2,20,2
2026-06-03 20:35:00,Checkout,52.0,40.0,123.7,20,2
2026-06-03 20:40:00,Entrance,54.0,50.0,58.3,20,2
2026-06-03 20:40:00,Dairy,49.0,41.0,211.4,20,2
2026-06-03 20:40:00,Bakery,36.0,38.0,144.3,20,2
2026-06-03 20:40:00,Produce,41.0,45.0,225.7,20,2
2026-06-03 20:40:00,Snacks,37.0,41.0,260.0,20,2
2026-06-03 20:40:00,Electronics,19.0,15.0,383.7,20,2
2026-06-03 20:40:00,Checkout,64.0,60.0,110.8,20,2
2026-06-03 20:45:00,Entrance,57.0,57.0,53.4,20,2
2026-06-03 20:45:00,Dairy,44.0,57.0,152.1,20,2
2026-06-03 20:45:00,Bakery,27.0,30.0,221.5,20,2
2026-06-03 20:45:00,Produce,46.0,43.0,280.8,20,2
2026-06-03 20:45:00,Snacks,41.0,42.0,357.4,20,2
2026-06-03 20:45:00,Electronics,23.0,23.0,515.5,20,2
2026-06-03 20:45:00,Checkout,44.0,43.0,118.0,20,2
2026-06-03 20:50:00,Entrance,62.0,63.0,43.0,20,2
2026-06-03 20:50:00,Dairy,35.0,35.0,151.0,20,2
2026-06-03 20:50:00,Bakery,29.0,29.0,163.0,20,2
2026-06-03 20:50:00,Produce,32.0,30.0,267.3,20,2
2026-06-03 20:50:00,Snacks,35.0,41.0,129.2,20,2
2026-06-03 20:50:00,Electronics,22.0,22.0,424.1,20,2
2026-06-03 20:50:00,Checkout,62.0,67.0,130.3,20,2
2026-06-03 20:55:00,Entrance,79.0,77.0,35.8,20,2
2026-06-03 20:55:00,Dairy,53.0,38.0,205.3,20,2
2026-06-03 20:55:00,Bakery,31.0,34.0,157.4,20,2
2026-06-03 20:55:00,Produce,33.0,28.0,259.5,20,2
2026-06-03 20:55:00,Snacks,27.0,23.0,203.4,20,2
2026-06-03 20:55:00,Electronics,25.0,27.0,435.0,20,2
2026-06-03 20:55:00,Checkout,61.0,61.0,171.3,20,2
2026-06-03 21:00:00,Entrance,37.0,36.0,48.2,21,2
2026-06-03 21:00:00,Dairy,25.0,18.0,226.4,21,2
2026-06-03 21:00:00,Bakery,12.0,13.0,143.3,21,2
2026-06-03 21:00:00,Produce,16.0,15.0,271.1,21,2
2026-06-03 21:00:00,Snacks,10.0,8.0,199.2,21,2
2026-06-03 21:00:00,Electronics,3.0,1.0,,21,2
2026-06-03 21:00:00,Checkout,28.0,22.0,199.8,21,2
2026-06-03 21:05:00,Entrance,33.0,33.0,39.3,21,2
2026-06-03 21:05:00,Dairy,17.0,16.0,232.8,21,2
2026-06-03 21:05:00,Bakery,9.0,11.0,214.2,21,2
2026-06-03 21:05:00,Produce,28.0,36.0,257.9,21,2
2026-06-03 21:05:00,Snacks,15.0,14.0,177.6,21,2
2026-06-03 21:05:00,Electronics,12.0,12.0,381.3,21,2
2026-06-03 21:05:00,Checkout,21.0,19.0,171.5,21,2
2026-06-03 21:10:00,Entrance,35.0,31.0,35.2,21,2
2026-06-03 21:10:00,Dairy,20.0,19.0,225.0,21,2
2026-06-03 21:10:00,Bakery,16.0,18.0,240.2,21,2
2026-06-03 21:10:00,Produce,18.0,19.0,201.0,21,2
2026-06-03 21:10:00,Snacks,12.0,14.0,204.8,21,2
2026-06-03 21:10:00,Electronics,10.0,10.0,416.5,21,2
2026-06-03 21:10:00,Checkout,34.0,32.0,184.0,21,2
2026-06-03 21:15:00,Entrance,41.0,32.0,52.5,21,2
2026-06-03 21:15:00,Dairy,15.0,13.0,158.3,21,2
2026-06-03 21:15:00,Bakery,10.0,10.0,172.9,21,2
2026-06-03 21:15:00,Produce,14.0,14.0,179.7,21,2
2026-06-03 21:15:00,Snacks,19.0,19.0,190.6,21,2
2026-06-03 21:15:00,Electronics,12.0,12.0,263.7,21,2
2026-06-03 21:15:00,Checkout,22.0,20.0,197.7,21,2
2026-06-03 21:20:00,Entrance,18.0,21.0,48.5,21,2
2026-06-03 21:20:00,Dairy,9.0,10.0,249.0,21,2
2026-06-03 21:20:00,Bakery,20.0,13.0,220.1,21,2
2026-06-03 21:20:00,Produce,24.0,25.0,251.9,21,2
2026-06-03 21:20:00,Snacks,24.0,20.0,222.5,21,2
2026-06-03 21:20:00,Electronics,10.0,9.0,313.4,21,2
2026-06-03 21:20:00,Checkout,40.0,36.0,143.5,21,2
2026-06-03 21:25:00,Entrance,19.0,21.0,15.0,21,2
2026-06-03 21:25:00,Dairy,16.0,18.0,137.2,21,2
2026-06-03 21:25:00,Bakery,9.0,8.0,262.5,21,2
2026-06-03 21:25:00,Produce,17.0,22.0,134.6,21,2
2026-06-03 21:25:00,Snacks,17.0,15.0,208.6,21,2
2026-06-03 21:25:00,Electronics,2.0,2.0,286.3,21,2
2026-06-03 21:25:00,Checkout,23.0,27.0,189.4,21,2
2026-06-03 21:30:00,Entrance,20.0,23.0,24.2,21,2
2026-06-03 21:30:00,Dairy,17.0,16.0,287.7,21,2
2026-06-03 21:30:00,Bakery,17.0,16.0,261.3,21,2
2026-06-03 21:30:00,Produce,20.0,24.0,213.4,21,2
2026-06-03 21:30:00,Snacks,15.0,15.0,268.7,21,2
2026-06-03 21:30:00,Electronics,11.0,8.0,416.4,21,2
2026-06-03 21:30:00,Checkout,22.0,27.0,117.4,21,2
2026-06-03 21:35:00,Entrance,27.0,30.0,28.4,21,2
2026-06-03 21:35:00,Dairy,18.0,13.0,99.2,21,2
2026-06-03 21:35:00,Bakery,20.0,14.0,210.5,21,2
2026-06-03 21:35:00,Produce,20.0,16.0,228.8,21,2
2026-06-03 21:35:00,Snacks,16.0,17.0,,21,2
2026-06-03 21:35:00,Electronics,13.0,10.0,217.5,21,2
2026-06-03 21:35:00,Checkout,21.0,24.0,142.8,21,2
2026-06-03 21:40:00,Entrance,23.0,19.0,62.2,21,2
2026-06-03 21:40:00,Dairy,20.0,23.0,203.0,21,2
2026-06-03 21:40:00,Bakery,14.0,14.0,241.3,21,2
2026-06-03 21:40:00,Produce,22.0,22.0,257.6,21,2
2026-06-03 21:40:00,Snacks,11.0,10.0,212.2,21,2
2026-06-03 21:40:00,Electronics,9.0,10.0,503.8,21,2
2026-06-03 21:40:00,Checkout,15.0,16.0,132.0,21,2
2026-06-03 21:45:00,Entrance,36.0,39.0,27.5,21,2
2026-06-03 21:45:00,Dairy,15.0,11.0,201.4,21,2
2026-06-03 21:45:00,Bakery,15.0,14.0,231.4,21,2
2026-06-03 21:45:00,Produce,15.0,17.0,205.7,21,2
2026-06-03 21:45:00,Snacks,12.0,8.0,93.5,21,2
2026-06-03 21:45:00,Electronics,8.0,8.0,336.7,21,2
2026-06-03 21:45:00,Checkout,32.0,30.0,154.6,21,2
2026-06-03 21:50:00,Entrance,26.0,34.0,50.3,21,2
2026-06-03 21:50:00,Dairy,16.0,17.0,255.7,21,2
2026-06-03 21:50:00,Bakery,19.0,15.0,143.6,21,2
2026-06-03 21:50:00,Produce,13.0,13.0,177.6,21,2
2026-06-03 21:50:00,Snacks,20.0,21.0,207.0,21,2
2026-06-03 21:50:00,Electronics,14.0,16.0,465.0,21,2
2026-06-03 21:50:00,Checkout,23.0,20.0,187.5,21,2
2026-06-03 21:55:00,Entrance,34.0,37.0,48.4,21,2
2026-06-03 21:55:00,Dairy,27.0,19.0,219.0,21,2
2026-06-03 21:55:00,Bakery,10.0,10.0,207.1,21,2
2026-06-03 21:55:00,Produce,22.0,17.0,215.5,21,2
2026-06-03 21:55:00,Snacks,19.0,21.0,253.0,21,2
2026-06-03 21:55:00,Electronics,8.0,8.0,260.8,21,2
2026-06-03 21:55:00,Checkout,22.0,19.0,203.8,21,2
2026-06-03 22:00:00,Entrance,8.0,6.0,45.7,22,2
2026-06-03 22:00:00,Dairy,8.0,5.0,236.8,22,2
2026-06-03 22:00:00,Bakery,5.0,2.0,,22,2
2026-06-03 22:00:00,Produce,1.0,1.0,281.1,22,2
2026-06-03 22:00:00,Snacks,5.0,,90.3,22,2
2026-06-03 22:00:00,Electronics,2.0,1.0,361.9,22,2
2026-06-03 22:00:00,Checkout,5.0,4.0,114.6,22,2
2026-06-03 22:05:00,Entrance,4.0,6.0,70.0,22,2
2026-06-03 22:05:00,Dairy,1.0,2.0,146.9,22,2
2026-06-03 22:05:00,Bakery,4.0,5.0,212.2,22,2
2026-06-03 22:05:00,Produce,4.0,5.0,185.7,22,2
2026-06-03 22:05:00,Snacks,8.0,10.0,181.1,22,2
2026-06-03 22:05:00,Electronics,3.0,4.0,470.5,22,2
2026-06-03 22:05:00,Checkout,3.0,4.0,187.7,22,2
2026-06-03 22:10:00,Entrance,7.0,6.0,59.8,22,2
2026-06-03 22:10:00,Dairy,4.0,5.0,136.1,22,2
2026-06-03 22:10:00,Bakery,6.0,5.0,184.5,22,2
2026-06-03 22:10:00,Produce,3.0,1.0,192.8,22,2
2026-06-03 22:10:00,Snacks,5.0,4.0,234.3,22,2
2026-06-03 22:10:00,Electronics,3.0,2.0,362.7,22,2
2026-06-03 22:10:00,Checkout,10.0,11.0,201.4,22,2
2026-06-03 22:15:00,Entrance,4.0,3.0,35.9,22,2
2026-06-03 22:15:00,Dairy,7.0,6.0,264.0,22,2
2026-06-03 22:15:00,Bakery,2.0,2.0,248.6,22,2
2026-06-03 22:15:00,Produce,2.0,2.0,277.5,22,2
2026-06-03 22:15:00,Snacks,2.0,0.0,123.0,22,2
2026-06-03 22:15:00,Electronics,4.0,6.0,412.4,22,2
2026-06-03 22:15:00,Checkout,8.0,7.0,193.7,22,2
2026-06-03 22:20:00,Entrance,11.0,8.0,31.7,22,2
2026-06-03 22:20:00,Dairy,4.0,2.0,236.2,22,2
2026-06-03 22:20:00,Bakery,3.0,2.0,193.2,22,2
2026-06-03 22:20:00,Produce,3.0,0.0,245.3,22,2
2026-06-03 22:20:00,Snacks,2.0,2.0,197.5,22,2
2026-06-03 22:20:00,Electronics,2.0,2.0,493.3,22,2
2026-06-03 22:20:00,Checkout,4.0,2.0,133.0,22,2
2026-06-03 22:25:00,Entrance,5.0,6.0,23.5,22,2
2026-06-03 22:25:00,Dairy,6.0,7.0,299.7,22,2
2026-06-03 22:25:00,Bakery,4.0,0.0,219.8,22,2
2026-06-03 22:25:00,Produce,4.0,5.0,210.1,22,2
2026-06-03 22:25:00,Snacks,4.0,6.0,206.9,22,2
2026-06-03 22:25:00,Electronics,3.0,3.0,218.1,22,2
2026-06-03 22:25:00,Checkout,3.0,2.0,280.5,22,2
2026-06-03 22:30:00,Entrance,9.0,8.0,59.7,22,2
2026-06-03 22:30:00,Dairy,5.0,5.0,118.2,22,2
2026-06-03 22:30:00,Bakery,3.0,2.0,150.2,22,2
2026-06-03 22:30:00,Produce,5.0,6.0,225.0,22,2
2026-06-03 22:30:00,Snacks,0.0,0.0,240.1,22,2
2026-06-03 22:30:00,Electronics,6.0,6.0,428.7,22,2
2026-06-03 22:30:00,Checkout,6.0,4.0,131.8,22,2
2026-06-03 22:35:00,Entrance,9.0,8.0,44.3,22,2
2026-06-03 22:35:00,Dairy,6.0,5.0,266.8,22,2
2026-06-03 22:35:00,Bakery,4.0,2.0,193.2,22,2
2026-06-03 22:35:00,Produce,3.0,2.0,189.7,22,2
2026-06-03 22:35:00,Snacks,1.0,0.0,141.9,22,2
2026-06-03 22:35:00,Electronics,3.0,2.0,491.4,22,2
2026-06-03 22:35:00,Checkout,4.0,2.0,130.4,22,2
2026-06-03 22:40:00,Entrance,7.0,7.0,62.1,22,2
2026-06-03 22:40:00,Dairy,10.0,11.0,137.0,22,2
2026-06-03 22:40:00,Bakery,13.0,9.0,166.3,22,2
2026-06-03 22:40:00,Produce,7.0,6.0,209.4,22,2
2026-06-03 22:40:00,Snacks,3.0,5.0,102.0,22,2
2026-06-03 22:40:00,Electronics,4.0,5.0,380.6,22,2
2026-06-03 22:40:00,Checkout,5.0,4.0,181.1,22,2
2026-06-03 22:45:00,Entrance,9.0,11.0,53.6,22,2
2026-06-03 22:45:00,Dairy,1.0,1.0,199.3,22,2
2026-06-03 22:45:00,Bakery,3.0,1.0,106.9,22,2
2026-06-03 22:45:00,Produce,5.0,5.0,264.3,22,2
2026-06-03 22:45:00,Snacks,1.0,0.0,174.3,22,2
2026-06-03 22:45:00,Electronics,1.0,2.0,397.8,22,2
2026-06-03 22:45:00,Checkout,3.0,3.0,109.1,22,2
2026-06-03 22:50:00,Entrance,0.0,0.0,31.8,22,2
2026-06-03 22:50:00,Dairy,7.0,6.0,219.3,22,2
2026-06-03 22:50:00,Bakery,4.0,4.0,236.8,22,2
2026-06-03 22:50:00,Produce,7.0,5.0,181.5,22,2
2026-06-03 22:50:00,Snacks,1.0,0.0,217.0,22,2
2026-06-03 22:50:00,Electronics,1.0,0.0,320.3,22,2
2026-06-03 22:50:00,Checkout,3.0,3.0,131.4,22,2
2026-06-03 22:55:00,Entrance,7.0,4.0,,22,2
2026-06-03 22:55:00,Dairy,3.0,1.0,125.0,22,2
2026-06-03 22:55:00,Bakery,1.0,0.0,182.6,22,2
2026-06-03 22:55:00,Produce,3.0,1.0,156.0,22,2
2026-06-03 22:55:00,Snacks,4.0,2.0,188.4,22,2
2026-06-03 22:55:00,Electronics,3.0,4.0,315.1,22,2
2026-06-03 22:55:00,Checkout,2.0,0.0,108.9,22,2
2026-06-03 23:00:00,Entrance,7.0,7.0,68.4,23,2
2026-06-03 23:00:00,Dairy,1.0,0.0,152.6,23,2
2026-06-03 23:00:00,Bakery,2.0,0.0,194.8,23,2
2026-06-03 23:00:00,Produce,4.0,3.0,171.1,23,2
2026-06-03 23:00:00,Snacks,2.0,0.0,199.1,23,2
2026-06-03 23:00:00,Electronics,1.0,1.0,274.7,23,2
2026-06-03 23:00:00,Checkout,5.0,6.0,166.4,23,2
2026-06-03 23:05:00,Entrance,6.0,8.0,32.5,23,2
2026-06-03 23:05:00,Dairy,7.0,4.0,267.5,23,2
2026-06-03 23:05:00,Bakery,,3.0,250.6,23,2
2026-06-03 23:05:00,Produce,4.0,5.0,248.5,23,2
2026-06-03 23:05:00,Snacks,4.0,5.0,133.8,23,2
2026-06-03 23:05:00,Electronics,3.0,2.0,247.1,23,2
2026-06-03 23:05:00,Checkout,5.0,3.0,180.8,23,2
2026-06-03 23:10:00,Entrance,8.0,7.0,44.0,23,2
2026-06-03 23:10:00,Dairy,4.0,3.0,117.4,23,2
2026-06-03 23:10:00,Bakery,1.0,3.0,248.4,23,2
2026-06-03 23:10:00,Produce,1.0,0.0,145.1,23,2
2026-06-03 23:10:00,Snacks,3.0,2.0,242.6,23,2
2026-06-03 23:10:00,Electronics,1.0,0.0,260.7,23,2
2026-06-03 23:10:00,Checkout,7.0,9.0,136.5,23,2
2026-06-03 23:15:00,Entrance,5.0,7.0,36.8,23,2
2026-06-03 23:15:00,Dairy,6.0,4.0,264.4,23,2
2026-06-03 23:15:00,Bakery,2.0,4.0,246.1,23,2
2026-06-03 23:15:00,Produce,2.0,2.0,219.5,23,2
2026-06-03 23:15:00,Snacks,2.0,3.0,168.8,23,2
2026-06-03 23:15:00,Electronics,2.0,0.0,313.3,23,2
2026-06-03 23:15:00,Checkout,7.0,9.0,,23,2
2026-06-03 23:20:00,Entrance,9.0,9.0,70.0,23,2
2026-06-03 23:20:00,Dairy,7.0,6.0,120.0,23,2
2026-06-03 23:20:00,Bakery,0.0,0.0,224.7,23,2
2026-06-03 23:20:00,Produce,3.0,2.0,224.8,23,2
2026-06-03 23:20:00,Snacks,2.0,0.0,157.2,23,2
2026-06-03 23:20:00,Electronics,4.0,4.0,231.5,23,2
2026-06-03 23:20:00,Checkout,12.0,15.0,141.0,23,2
2026-06-03 23:25:00,Entrance,7.0,5.0,45.9,23,2
2026-06-03 23:25:00,Dairy,4.0,3.0,217.2,23,2
2026-06-03 23:25:00,Bakery,2.0,1.0,231.1,23,2
2026-06-03 23:25:00,Produce,4.0,2.0,207.2,23,2
2026-06-03 23:25:00,Snacks,8.0,7.0,199.5,23,2
2026-06-03 23:25:00,Electronics,0.0,0.0,489.4,23,2
2026-06-03 23:25:00,Checkout,6.0,7.0,112.5,23,2
2026-06-03 23:30:00,Entrance,3.0,5.0,54.5,23,2
2026-06-03 23:30:00,Dairy,7.0,2.0,214.1,23,2
2026-06-03 23:30:00,Bakery,6.0,5.0,223.9,23,2
2026-06-03 23:30:00,Produce,4.0,4.0,213.9,23,2
2026-06-03 23:30:00,Snacks,7.0,4.0,117.6,23,2
2026-06-03 23:30:00,Electronics,2.0,0.0,555.6,23,2
2026-06-03 23:30:00,Checkout,7.0,5.0,162.3,23,2
2026-06-03 23:35:00,Entrance,6.0,5.0,41.6,23,2
2026-06-03 23:35:00,Dairy,4.0,0.0,268.3,23,2
2026-06-03 23:35:00,Bakery,5.0,3.0,249.9,23,2
2026-06-03 23:35:00,Produce,5.0,5.0,254.4,23,2
2026-06-03 23:35:00,Snacks,2.0,3.0,193.4,23,2
2026-06-03 23:35:00,Electronics,3.0,2.0,192.4,23,2
2026-06-03 23:35:00,Checkout,7.0,7.0,233.1,23,2
2026-06-03 23:40:00,Entrance,4.0,2.0,41.8,23,2
2026-06-03 23:40:00,Dairy,5.0,5.0,116.8,23,2
2026-06-03 23:40:00,Bakery,5.0,2.0,242.0,23,2
2026-06-03 23:40:00,Produce,5.0,5.0,238.5,23,2
2026-06-03 23:40:00,Snacks,2.0,0.0,165.6,23,2
2026-06-03 23:40:00,Electronics,2.0,2.0,288.0,23,2
2026-06-03 23:40:00,Checkout,9.0,9.0,169.6,23,2
2026-06-03 23:45:00,Entrance,8.0,4.0,26.7,23,2
2026-06-03 23:45:00,Dairy,5.0,4.0,164.9,23,2
2026-06-03 23:45:00,Bakery,4.0,2.0,161.8,23,2
2026-06-03 23:45:00,Produce,5.0,4.0,256.1,23,2
2026-06-03 23:45:00,Snacks,3.0,2.0,279.3,23,2
2026-06-03 23:45:00,Electronics,4.0,3.0,425.5,23,2
2026-06-03 23:45:00,Checkout,6.0,6.0,198.6,23,2
2026-06-03 23:50:00,Entrance,7.0,4.0,43.1,23,2
2026-06-03 23:50:00,Dairy,4.0,2.0,235.4,23,2
2026-06-03 23:50:00,Bakery,3.0,3.0,188.6,23,2
2026-06-03 23:50:00,Produce,2.0,1.0,175.2,23,2
2026-06-03 23:50:00,Snacks,1.0,3.0,153.2,23,2
2026-06-03 23:50:00,Electronics,3.0,4.0,490.1,23,2
2026-06-03 23:50:00,Checkout,4.0,5.0,165.0,23,2
2026-06-03 23:55:00,Entrance,13.0,13.0,60.0,23,2
2026-06-03 23:55:00,Dairy,6.0,7.0,293.2,23,2
2026-06-03 23:55:00,Bakery,6.0,8.0,128.1,23,2
2026-06-03 23:55:00,Produce,1.0,0.0,134.2,23,2
2026-06-03 23:55:00,Snacks,3.0,2.0,223.3,23,2
2026-06-03 23:55:00,Electronics,5.0,2.0,393.2,23,2
2026-06-03 23:55:00,Checkout,5.0,5.0,150.7,23,2
2026-06-04 00:00:00,Entrance,7.0,9.0,33.1,0,3
2026-06-04 00:00:00,Dairy,1.0,0.0,248.5,0,3
2026-06-04 00:00:00,Bakery,6.0,6.0,184.2,0,3
2026-06-04 00:00:00,Produce,4.0,3.0,243.1,0,3
2026-06-04 00:00:00,Snacks,4.0,5.0,265.6,0,3
2026-06-04 00:00:00,Electronics,3.0,1.0,415.5,0,3
2026-06-04 00:00:00,Checkout,10.0,,169.9,0,3
2026-06-04 00:05:00,Entrance,2.0,0.0,77.8,0,3
2026-06-04 00:05:00,Dairy,5.0,5.0,125.2,0,3
2026-06-04 00:05:00,Bakery,1.0,1.0,162.3,0,3
2026-06-04 00:05:00,Produce,2.0,3.0,246.1,0,3
2026-06-04 00:05:00,Snacks,1.0,1.0,247.9,0,3
2026-06-04 00:05:00,Electronics,2.0,0.0,246.6,0,3
2026-06-04 00:05:00,Checkout,4.0,3.0,105.6,0,3
2026-06-04 00:10:00,Entrance,3.0,2.0,28.2,0,3
2026-06-04 00:10:00,Dairy,4.0,3.0,224.1,0,3
2026-06-04 00:10:00,Bakery,2.0,4.0,200.9,0,3
2026-06-04 00:10:00,Produce,5.0,5.0,274.9,0,3
2026-06-04 00:10:00,Snacks,2.0,4.0,223.6,0,3
2026-06-04 00:10:00,Electronics,5.0,5.0,513.3,0,3
2026-06-04 00:10:00,Checkout,3.0,2.0,125.6,0,3
2026-06-04 00:15:00,Entrance,7.0,7.0,39.4,0,3
2026-06-04 00:15:00,Dairy,6.0,8.0,251.6,0,3
2026-06-04 00:15:00,Bakery,0.0,2.0,197.0,0,3
2026-06-04 00:15:00,Produce,5.0,5.0,221.1,0,3
2026-06-04 00:15:00,Snacks,3.0,4.0,247.0,0,3
2026-06-04 00:15:00,Electronics,2.0,1.0,580.1,0,3
2026-06-04 00:15:00,Checkout,1.0,3.0,,0,3
2026-06-04 00:20:00,Entrance,8.0,5.0,42.3,0,3
2026-06-04 00:20:00,Dairy,3.0,3.0,229.5,0,3
2026-06-04 00:20:00,Bakery,2.0,0.0,134.9,0,3
2026-06-04 00:20:00,Produce,9.0,9.0,191.4,0,3
2026-06-04 00:20:00,Snacks,4.0,2.0,147.2,0,3
2026-06-04 00:20:00,Electronics,2.0,4.0,266.8,0,3
2026-06-04 00:20:00,Checkout,5.0,5.0,145.3,0,3
2026-06-04 00:25:00,Entrance,10.0,9.0,49.6,0,3
2026-06-04 00:25:00,Dairy,4.0,1.0,260.3,0,3
2026-06-04 00:25:00,Bakery,6.0,5.0,232.0,0,3
2026-06-04 00:25:00,Produce,6.0,8.0,140.4,0,3
2026-06-04 00:25:00,Snacks,6.0,3.0,212.8,0,3
2026-06-04 00:25:00,Electronics,1.0,0.0,444.5,0,3
2026-06-04 00:25:00,Checkout,6.0,5.0,151.3,0,3
2026-06-04 00:30:00,Entrance,4.0,3.0,28.3,0,3
2026-06-04 00:30:00,Dairy,3.0,2.0,175.7,0,3
2026-06-04 00:30:00,Bakery,2.0,3.0,334.0,0,3
2026-06-04 00:30:00,Produce,2.0,1.0,253.7,0,3
2026-06-04 00:30:00,Snacks,5.0,7.0,203.0,0,3
2026-06-04 00:30:00,Electronics,0.0,1.0,300.0,0,3
2026-06-04 00:30:00,Checkout,8.0,6.0,153.4,0,3
2026-06-04 00:35:00,Entrance,7.0,8.0,24.3,0,3
2026-06-04 00:35:00,Dairy,4.0,4.0,196.0,0,3
2026-06-04 00:35:00,Bakery,3.0,3.0,160.0,0,3
2026-06-04 00:35:00,Produce,4.0,2.0,,0,3
2026-06-04 00:35:00,Snacks,7.0,8.0,225.2,0,3
2026-06-04 00:35:00,Electronics,3.0,2.0,312.0,0,3
2026-06-04 00:35:00,Checkout,8.0,8.0,117.4,0,3
2026-06-04 00:40:00,Entrance,6.0,3.0,53.5,0,3
2026-06-04 00:40:00,Dairy,3.0,0.0,196.0,0,3
2026-06-04 00:40:00,Bakery,4.0,4.0,162.9,0,3
2026-06-04 00:40:00,Produce,4.0,3.0,239.1,0,3
2026-06-04 00:40:00,Snacks,2.0,2.0,151.2,0,3
2026-06-04 00:40:00,Electronics,4.0,5.0,519.6,0,3
2026-06-04 00:40:00,Checkout,10.0,10.0,198.7,0,3
2026-06-04 00:45:00,Entrance,6.0,8.0,53.1,0,3
2026-06-04 00:45:00,Dairy,7.0,7.0,201.7,0,3
2026-06-04 00:45:00,Bakery,5.0,3.0,181.5,0,3
2026-06-04 00:45:00,Produce,5.0,5.0,181.3,0,3
2026-06-04 00:45:00,Snacks,0.0,0.0,259.9,0,3
2026-06-04 00:45:00,Electronics,2.0,1.0,272.2,0,3
2026-06-04 00:45:00,Checkout,9.0,9.0,189.6,0,3
2026-06-04 00:50:00,Entrance,3.0,2.0,28.4,0,3
2026-06-04 00:50:00,Dairy,1.0,0.0,185.0,0,3
2026-06-04 00:50:00,Bakery,2.0,1.0,200.6,0,3
2026-06-04 00:50:00,Produce,,1.0,234.5,0,3
2026-06-04 00:50:00,Snacks,1.0,3.0,208.0,0,3
2026-06-04 00:50:00,Electronics,3.0,4.0,321.6,0,3
2026-06-04 00:50:00,Checkout,7.0,9.0,135.9,0,3
2026-06-04 00:55:00,Entrance,5.0,4.0,51.1,0,3
2026-06-04 00:55:00,Dairy,2.0,3.0,164.6,0,3
2026-06-04 00:55:00,Bakery,5.0,4.0,,0,3
2026-06-04 00:55:00,Produce,3.0,2.0,,0,3
2026-06-04 00:55:00,Snacks,2.0,0.0,192.3,0,3
2026-06-04 00:55:00,Electronics,2.0,1.0,448.4,0,3
2026-06-04 00:55:00,Checkout,6.0,4.0,129.6,0,3
2026-06-04 01:00:00,Entrance,6.0,6.0,47.6,1,3
2026-06-04 01:00:00,Dairy,6.0,4.0,244.6,1,3
2026-06-04 01:00:00,Bakery,3.0,5.0,231.8,1,3
2026-06-04 01:00:00,Produce,3.0,5.0,191.3,1,3
2026-06-04 01:00:00,Snacks,2.0,3.0,191.4,1,3
2026-06-04 01:00:00,Electronics,2.0,1.0,388.9,1,3
2026-06-04 01:00:00,Checkout,7.0,3.0,171.2,1,3
2026-06-04 01:05:00,Entrance,5.0,6.0,35.5,1,3
2026-06-04 01:05:00,Dairy,5.0,2.0,143.1,1,3
2026-06-04 01:05:00,Bakery,3.0,3.0,241.8,1,3
2026-06-04 01:05:00,Produce,4.0,2.0,252.9,1,3
2026-06-04 01:05:00,Snacks,5.0,4.0,200.7,1,3
2026-06-04 01:05:00,Electronics,2.0,0.0,374.2,1,3
2026-06-04 01:05:00,Checkout,4.0,2.0,172.1,1,3
2026-06-04 01:10:00,Entrance,9.0,9.0,46.3,1,3
2026-06-04 01:10:00,Dairy,1.0,1.0,196.0,1,3
2026-06-04 01:10:00,Bakery,3.0,1.0,129.5,1,3
2026-06-04 01:10:00,Produce,5.0,4.0,205.2,1,3
2026-06-04 01:10:00,Snacks,5.0,5.0,99.6,1,3
2026-06-04 01:10:00,Electronics,2.0,5.0,382.8,1,3
2026-06-04 01:10:00,Checkout,6.0,7.0,213.4,1,3
2026-06-04 01:15:00,Entrance,7.0,6.0,36.4,1,3
2026-06-04 01:15:00,Dairy,6.0,6.0,116.6,1,3
2026-06-04 01:15:00,Bakery,4.0,2.0,170.4,1,3
2026-06-04 01:15:00,Produce,2.0,1.0,106.6,1,3
2026-06-04 01:15:00,Snacks,4.0,4.0,220.2,1,3
2026-06-04 01:15:00,Electronics,3.0,1.0,170.5,1,3
2026-06-04 01:15:00,Checkout,4.0,6.0,201.7,1,3
2026-06-04 01:20:00,Entrance,7.0,5.0,46.3,1,3
2026-06-04 01:20:00,Dairy,5.0,4.0,289.1,1,3
2026-06-04 01:20:00,Bakery,4.0,3.0,101.6,1,3
2026-06-04 01:20:00,Produce,3.0,5.0,269.9,1,3
2026-06-04 01:20:00,Snacks,8.0,7.0,238.2,1,3
2026-06-04 01:20:00,Electronics,0.0,0.0,288.3,1,3
2026-06-04 01:20:00,Checkout,7.0,5.0,125.4,1,3
2026-06-04 01:25:00,Entrance,7.0,6.0,25.8,1,3
2026-06-04 01:25:00,Dairy,5.0,5.0,207.0,1,3
2026-06-04 01:25:00,Bakery,3.0,1.0,222.5,1,3
2026-06-04 01:25:00,Produce,10.0,9.0,233.0,1,3
2026-06-04 01:25:00,Snacks,9.0,,248.4,1,3
2026-06-04 01:25:00,Electronics,1.0,0.0,412.1,1,3
2026-06-04 01:25:00,Checkout,5.0,5.0,207.9,1,3
2026-06-04 01:30:00,Entrance,6.0,5.0,49.0,1,3
2026-06-04 01:30:00,Dairy,3.0,0.0,180.9,1,3
2026-06-04 01:30:00,Bakery,6.0,8.0,211.4,1,3
2026-06-04 01:30:00,Produce,4.0,3.0,230.0,1,3
2026-06-04 01:30:00,Snacks,5.0,6.0,230.1,1,3
2026-06-04 01:30:00,Electronics,1.0,0.0,452.1,1,3
2026-06-04 01:30:00,Checkout,5.0,5.0,103.6,1,3
2026-06-04 01:35:00,Entrance,9.0,7.0,47.5,1,3
2026-06-04 01:35:00,Dairy,0.0,0.0,159.2,1,3
2026-06-04 01:35:00,Bakery,8.0,6.0,180.2,1,3
2026-06-04 01:35:00,Produce,3.0,,177.1,1,3
2026-06-04 01:35:00,Snacks,0.0,0.0,165.0,1,3
2026-06-04 01:35:00,Electronics,2.0,0.0,277.4,1,3
2026-06-04 01:35:00,Checkout,4.0,4.0,140.6,1,3
2026-06-04 01:40:00,Entrance,3.0,5.0,52.9,1,3
2026-06-04 01:40:00,Dairy,6.0,6.0,245.0,1,3
2026-06-04 01:40:00,Bakery,4.0,0.0,242.5,1,3
2026-06-04 01:40:00,Produce,1.0,0.0,182.5,1,3
2026-06-04 01:40:00,Snacks,2.0,0.0,251.4,1,3
2026-06-04 01:40:00,Electronics,1.0,0.0,370.4,1,3
2026-06-04 01:40:00,Checkout,6.0,5.0,40.3,1,3
2026-06-04 01:45:00,Entrance,4.0,4.0,51.4,1,3
2026-06-04 01:45:00,Dairy,5.0,3.0,162.0,1,3
2026-06-04 01:45:00,Bakery,5.0,8.0,201.7,1,3
2026-06-04 01:45:00,Produce,7.0,6.0,182.3,1,3
2026-06-04 01:45:00,Snacks,3.0,3.0,166.0,1,3
2026-06-04 01:45:00,Electronics,4.0,6.0,437.1,1,3
2026-06-04 01:45:00,Checkout,3.0,0.0,185.3,1,3
2026-06-04 01:50:00,Entrance,9.0,8.0,51.8,1,3
2026-06-04 01:50:00,Dairy,5.0,4.0,188.4,1,3
2026-06-04 01:50:00,Bakery,1.0,0.0,202.8,1,3
2026-06-04 01:50:00,Produce,3.0,3.0,184.1,1,3
2026-06-04 01:50:00,Snacks,8.0,9.0,147.9,1,3
2026-06-04 01:50:00,Electronics,3.0,3.0,160.8,1,3
2026-06-04 01:50:00,Checkout,5.0,5.0,63.7,1,3
2026-06-04 01:55:00,Entrance,15.0,15.0,31.0,1,3
2026-06-04 01:55:00,Dairy,3.0,3.0,145.4,1,3
2026-06-04 01:55:00,Bakery,1.0,0.0,206.6,1,3
2026-06-04 01:55:00,Produce,3.0,3.0,124.7,1,3
2026-06-04 01:55:00,Snacks,5.0,4.0,195.7,1,3
2026-06-04 01:55:00,Electronics,2.0,0.0,300.7,1,3
2026-06-04 01:55:00,Checkout,6.0,3.0,185.1,1,3
2026-06-04 02:00:00,Entrance,4.0,4.0,60.5,2,3
2026-06-04 02:00:00,Dairy,7.0,8.0,271.8,2,3
2026-06-04 02:00:00,Bakery,6.0,5.0,237.4,2,3
2026-06-04 02:00:00,Produce,3.0,4.0,248.9,2,3
2026-06-04 02:00:00,Snacks,4.0,3.0,205.7,2,3
2026-06-04 02:00:00,Electronics,1.0,1.0,242.9,2,3
2026-06-04 02:00:00,Checkout,9.0,11.0,110.6,2,3
2026-06-04 02:05:00,Entrance,6.0,5.0,28.7,2,3
2026-06-04 02:05:00,Dairy,3.0,3.0,191.7,2,3
2026-06-04 02:05:00,Bakery,5.0,3.0,280.9,2,3
2026-06-04 02:05:00,Produce,7.0,6.0,345.2,2,3
2026-06-04 02:05:00,Snacks,4.0,4.0,308.2,2,3
2026-06-04 02:05:00,Electronics,1.0,0.0,383.0,2,3
2026-06-04 02:05:00,Checkout,3.0,2.0,192.9,2,3
2026-06-04 02:10:00,Entrance,7.0,8.0,62.4,2,3
2026-06-04 02:10:00,Dairy,6.0,1.0,119.4,2,3
2026-06-04 02:10:00,Bakery,1.0,1.0,195.1,2,3
2026-06-04 02:10:00,Produce,2.0,1.0,177.3,2,3
2026-06-04 02:10:00,Snacks,3.0,3.0,188.5,2,3
2026-06-04 02:10:00,Electronics,3.0,2.0,258.1,2,3
2026-06-04 02:10:00,Checkout,6.0,5.0,57.9,2,3
2026-06-04 02:15:00,Entrance,7.0,6.0,47.8,2,3
2026-06-04 02:15:00,Dairy,8.0,7.0,177.8,2,3
2026-06-04 02:15:00,Bakery,1.0,2.0,172.4,2,3
2026-06-04 02:15:00,Produce,7.0,6.0,216.0,2,3
2026-06-04 02:15:00,Snacks,5.0,7.0,234.8,2,3
2026-06-04 02:15:00,Electronics,1.0,1.0,298.0,2,3
2026-06-04 02:15:00,Checkout,6.0,6.0,173.9,2,3
2026-06-04 02:20:00,Entrance,7.0,4.0,65.5,2,3
2026-06-04 02:20:00,Dairy,4.0,4.0,252.8,2,3
2026-06-04 02:20:00,Bakery,3.0,2.0,164.4,2,3
2026-06-04 02:20:00,Produce,4.0,1.0,255.6,2,3
2026-06-04 02:20:00,Snacks,4.0,5.0,295.0,2,3
2026-06-04 02:20:00,Electronics,1.0,1.0,538.1,2,3
2026-06-04 02:20:00,Checkout,4.0,3.0,95.5,2,3
2026-06-04 02:25:00,Entrance,11.0,10.0,42.8,2,3
2026-06-04 02:25:00,Dairy,1.0,3.0,52.2,2,3
2026-06-04 02:25:00,Bakery,3.0,0.0,252.5,2,3
2026-06-04 02:25:00,Produce,3.0,2.0,140.1,2,3
2026-06-04 02:25:00,Snacks,3.0,5.0,207.9,2,3
2026-06-04 02:25:00,Electronics,1.0,0.0,315.8,2,3
2026-06-04 02:25:00,Checkout,9.0,9.0,211.5,2,3
2026-06-04 02:30:00,Entrance,5.0,4.0,33.2,2,3
2026-06-04 02:30:00,Dairy,1.0,0.0,236.8,2,3
2026-06-04 02:30:00,Bakery,2.0,3.0,132.2,2,3
2026-06-04 02:30:00,Produce,2.0,0.0,237.6,2,3
2026-06-04 02:30:00,Snacks,7.0,6.0,153.5,2,3
2026-06-04 02:30:00,Electronics,3.0,5.0,320.5,2,3
2026-06-04 02:30:00,Checkout,5.0,3.0,101.0,2,3
2026-06-04 02:35:00,Entrance,8.0,8.0,71.7,2,3
2026-06-04 02:35:00,Dairy,6.0,8.0,193.8,2,3
2026-06-04 02:35:00,Bakery,6.0,5.0,212.7,2,3
2026-06-04 02:35:00,Produce,6.0,4.0,148.2,2,3
2026-06-04 02:35:00,Snacks,2.0,1.0,188.1,2,3
2026-06-04 02:35:00,Electronics,3.0,3.0,413.6,2,3
2026-06-04 02:35:00,Checkout,6.0,4.0,155.3,2,3
2026-06-04 02:40:00,Entrance,6.0,7.0,64.7,2,3
2026-06-04 02:40:00,Dairy,,5.0,209.9,2,3
2026-06-04 02:40:00,Bakery,4.0,,250.0,2,3
2026-06-04 02:40:00,Produce,2.0,0.0,202.7,2,3
2026-06-04 02:40:00,Snacks,3.0,1.0,238.0,2,3
2026-06-04 02:40:00,Electronics,2.0,3.0,579.7,2,3
2026-06-04 02:40:00,Checkout,9.0,8.0,156.9,2,3
2026-06-04 02:45:00,Entrance,10.0,10.0,31.7,2,3
2026-06-04 02:45:00,Dairy,2.0,2.0,128.3,2,3
2026-06-04 02:45:00,Bakery,2.0,5.0,258.1,2,3
2026-06-04 02:45:00,Produce,3.0,,174.5,2,3
2026-06-04 02:45:00,Snacks,4.0,3.0,278.8,2,3
2026-06-04 02:45:00,Electronics,1.0,0.0,443.2,2,3
2026-06-04 02:45:00,Checkout,4.0,4.0,142.7,2,3
2026-06-04 02:50:00,Entrance,5.0,5.0,47.0,2,3
2026-06-04 02:50:00,Dairy,4.0,1.0,150.9,2,3
2026-06-04 02:50:00,Bakery,4.0,3.0,208.0,2,3
2026-06-04 02:50:00,Produce,3.0,3.0,233.6,2,3
2026-06-04 02:50:00,Snacks,4.0,4.0,284.4,2,3
2026-06-04 02:50:00,Electronics,4.0,5.0,421.9,2,3
2026-06-04 02:50:00,Checkout,,5.0,151.5,2,3
2026-06-04 02:55:00,Entrance,4.0,2.0,31.6,2,3
2026-06-04 02:55:00,Dairy,4.0,1.0,246.7,2,3
2026-06-04 02:55:00,Bakery,4.0,5.0,259.7,2,3
2026-06-04 02:55:00,Produce,4.0,4.0,146.6,2,3
2026-06-04 02:55:00,Snacks,6.0,9.0,251.3,2,3
2026-06-04 02:55:00,Electronics,4.0,2.0,,2,3
2026-06-04 02:55:00,Checkout,8.0,8.0,153.6,2,3
2026-06-04 03:00:00,Entrance,7.0,5.0,33.9,3,3
2026-06-04 03:00:00,Dairy,4.0,1.0,260.9,3,3
2026-06-04 03:00:00,Bakery,1.0,1.0,180.1,3,3
2026-06-04 03:00:00,Produce,3.0,1.0,248.5,3,3
2026-06-04 03:00:00,Snacks,4.0,2.0,204.5,3,3
2026-06-04 03:00:00,Electronics,,2.0,434.6,3,3
2026-06-04 03:00:00,Checkout,5.0,4.0,159.4,3,3
2026-06-04 03:05:00,Entrance,7.0,7.0,59.0,3,3
2026-06-04 03:05:00,Dairy,3.0,1.0,133.2,3,3
2026-06-04 03:05:00,Bakery,3.0,1.0,206.7,3,3
2026-06-04 03:05:00,Produce,0.0,0.0,255.2,3,3
2026-06-04 03:05:00,Snacks,5.0,6.0,185.5,3,3
2026-06-04 03:05:00,Electronics,2.0,2.0,220.6,3,3
2026-06-04 03:05:00,Checkout,7.0,5.0,145.9,3,3
2026-06-04 03:10:00,Entrance,7.0,6.0,35.6,3,3
2026-06-04 03:10:00,Dairy,4.0,2.0,139.0,3,3
2026-06-04 03:10:00,Bakery,4.0,3.0,178.5,3,3
2026-06-04 03:10:00,Produce,2.0,0.0,325.0,3,3
2026-06-04 03:10:00,Snacks,8.0,6.0,189.7,3,3
2026-06-04 03:10:00,Electronics,2.0,3.0,324.5,3,3
2026-06-04 03:10:00,Checkout,7.0,6.0,177.6,3,3
2026-06-04 03:15:00,Entrance,8.0,7.0,55.9,3,3
2026-06-04 03:15:00,Dairy,4.0,3.0,328.5,3,3
2026-06-04 03:15:00,Bakery,1.0,0.0,201.9,3,3
2026-06-04 03:15:00,Produce,6.0,5.0,180.5,3,3
2026-06-04 03:15:00,Snacks,5.0,5.0,177.1,3,3
2026-06-04 03:15:00,Electronics,2.0,0.0,417.3,3,3
2026-06-04 03:15:00,Checkout,6.0,5.0,99.2,3,3
2026-06-04 03:20:00,Entrance,5.0,5.0,27.0,3,3
2026-06-04 03:20:00,Dairy,8.0,6.0,196.7,3,3
2026-06-04 03:20:00,Bakery,5.0,5.0,256.4,3,3
2026-06-04 03:20:00,Produce,2.0,1.0,221.6,3,3
2026-06-04 03:20:00,Snacks,3.0,4.0,177.6,3,3
2026-06-04 03:20:00,Electronics,,1.0,314.9,3,3
2026-06-04 03:20:00,Checkout,9.0,8.0,67.6,3,3
2026-06-04 03:25:00,Entrance,8.0,7.0,42.6,3,3
2026-06-04 03:25:00,Dairy,4.0,5.0,192.7,3,3
2026-06-04 03:25:00,Bakery,3.0,1.0,222.2,3,3
2026-06-04 03:25:00,Produce,3.0,2.0,258.2,3,3
2026-06-04 03:25:00,Snacks,4.0,4.0,256.2,3,3
2026-06-04 03:25:00,Electronics,4.0,3.0,409.5,3,3
2026-06-04 03:25:00,Checkout,2.0,0.0,77.7,3,3
2026-06-04 03:30:00,Entrance,4.0,6.0,34.6,3,3
2026-06-04 03:30:00,Dairy,3.0,4.0,216.3,3,3
2026-06-04 03:30:00,Bakery,5.0,4.0,226.1,3,3
2026-06-04 03:30:00,Produce,3.0,0.0,263.9,3,3
2026-06-04 03:30:00,Snacks,2.0,2.0,202.7,3,3
2026-06-04 03:30:00,Electronics,0.0,0.0,391.1,3,3
2026-06-04 03:30:00,Checkout,6.0,3.0,173.8,3,3
2026-06-04 03:35:00,Entrance,3.0,1.0,49.0,3,3
2026-06-04 03:35:00,Dairy,9.0,9.0,,3,3
2026-06-04 03:35:00,Bakery,3.0,3.0,154.7,3,3
2026-06-04 03:35:00,Produce,6.0,4.0,221.6,3,3
2026-06-04 03:35:00,Snacks,6.0,7.0,186.6,3,3
2026-06-04 03:35:00,Electronics,0.0,1.0,518.9,3,3
2026-06-04 03:35:00,Checkout,7.0,9.0,154.9,3,3
2026-06-04 03:40:00,Entrance,6.0,7.0,30.6,3,3
2026-06-04 03:40:00,Dairy,2.0,2.0,224.4,3,3
2026-06-04 03:40:00,Bakery,1.0,0.0,182.6,3,3
2026-06-04 03:40:00,Produce,2.0,4.0,167.9,3,3
2026-06-04 03:40:00,Snacks,5.0,4.0,266.9,3,3
2026-06-04 03:40:00,Electronics,1.0,0.0,341.4,3,3
2026-06-04 03:40:00,Checkout,8.0,9.0,250.9,3,3
2026-06-04 03:45:00,Entrance,5.0,4.0,29.6,3,3
2026-06-04 03:45:00,Dairy,3.0,3.0,218.8,3,3
2026-06-04 03:45:00,Bakery,4.0,4.0,177.0,3,3
2026-06-04 03:45:00,Produce,6.0,6.0,166.7,3,3
2026-06-04 03:45:00,Snacks,1.0,1.0,191.8,3,3
2026-06-04 03:45:00,Electronics,5.0,5.0,512.7,3,3
2026-06-04 03:45:00,Checkout,0.0,0.0,,3,3
2026-06-04 03:50:00,Entrance,9.0,9.0,47.6,3,3
2026-06-04 03:50:00,Dairy,3.0,1.0,193.9,3,3
2026-06-04 03:50:00,Bakery,1.0,0.0,258.8,3,3
2026-06-04 03:50:00,Produce,3.0,5.0,241.1,3,3
2026-06-04 03:50:00,Snacks,4.0,2.0,206.7,3,3
2026-06-04 03:50:00,Electronics,3.0,2.0,302.0,3,3
2026-06-04 03:50:00,Checkout,6.0,5.0,141.6,3,3
2026-06-04 03:55:00,Entrance,9.0,10.0,18.2,3,3
2026-06-04 03:55:00,Dairy,3.0,5.0,242.2,3,3
2026-06-04 03:55:00,Bakery,3.0,4.0,255.8,3,3
2026-06-04 03:55:00,Produce,3.0,1.0,319.4,3,3
2026-06-04 03:55:00,Snacks,5.0,4.0,217.1,3,3
2026-06-04 03:55:00,Electronics,4.0,3.0,426.7,3,3
2026-06-04 03:55:00,Checkout,5.0,4.0,144.6,3,3
2026-06-04 04:00:00,Entrance,10.0,9.0,31.9,4,3
2026-06-04 04:00:00,Dairy,4.0,2.0,202.8,4,3
2026-06-04 04:00:00,Bakery,2.0,0.0,214.1,4,3
2026-06-04 04:00:00,Produce,1.0,4.0,182.3,4,3
2026-06-04 04:00:00,Snacks,2.0,1.0,306.5,4,3
2026-06-04 04:00:00,Electronics,4.0,3.0,487.3,4,3
2026-06-04 04:00:00,Checkout,3.0,2.0,256.5,4,3
2026-06-04 04:05:00,Entrance,8.0,7.0,52.8,4,3
2026-06-04 04:05:00,Dairy,8.0,7.0,182.7,4,3
2026-06-04 04:05:00,Bakery,7.0,5.0,240.2,4,3
2026-06-04 04:05:00,Produce,7.0,8.0,215.2,4,3
2026-06-04 04:05:00,Snacks,2.0,3.0,240.8,4,3
2026-06-04 04:05:00,Electronics,3.0,3.0,429.8,4,3
2026-06-04 04:05:00,Checkout,2.0,1.0,167.0,4,3
2026-06-04 04:10:00,Entrance,7.0,5.0,66.6,4,3
2026-06-04 04:10:00,Dairy,4.0,4.0,266.4,4,3
2026-06-04 04:10:00,Bakery,,0.0,267.9,4,3
2026-06-04 04:10:00,Produce,4.0,4.0,216.2,4,3
2026-06-04 04:10:00,Snacks,6.0,6.0,291.0,4,3
2026-06-04 04:10:00,Electronics,2.0,0.0,333.3,4,3
2026-06-04 04:10:00,Checkout,4.0,4.0,157.5,4,3
2026-06-04 04:15:00,Entrance,2.0,3.0,46.2,4,3
2026-06-04 04:15:00,Dairy,4.0,4.0,235.9,4,3
2026-06-04 04:15:00,Bakery,1.0,0.0,205.2,4,3
2026-06-04 04:15:00,Produce,2.0,2.0,222.5,4,3
2026-06-04 04:15:00,Snacks,3.0,3.0,160.1,4,3
2026-06-04 04:15:00,Electronics,1.0,0.0,386.7,4,3
2026-06-04 04:15:00,Checkout,4.0,5.0,113.5,4,3
2026-06-04 04:20:00,Entrance,4.0,1.0,41.7,4,3
2026-06-04 04:20:00,Dairy,4.0,4.0,225.4,4,3
2026-06-04 04:20:00,Bakery,4.0,4.0,209.8,4,3
2026-06-04 04:20:00,Produce,3.0,1.0,270.6,4,3
2026-06-04 04:20:00,Snacks,3.0,2.0,183.2,4,3
2026-06-04 04:20:00,Electronics,4.0,4.0,504.9,4,3
2026-06-04 04:20:00,Checkout,6.0,6.0,134.0,4,3
2026-06-04 04:25:00,Entrance,3.0,5.0,55.8,4,3
2026-06-04 04:25:00,Dairy,6.0,6.0,295.2,4,3
2026-06-04 04:25:00,Bakery,6.0,7.0,206.2,4,3
2026-06-04 04:25:00,Produce,3.0,2.0,219.1,4,3
2026-06-04 04:25:00,Snacks,6.0,6.0,270.4,4,3
2026-06-04 04:25:00,Electronics,2.0,1.0,337.7,4,3
2026-06-04 04:25:00,Checkout,5.0,4.0,195.4,4,3
2026-06-04 04:30:00,Entrance,5.0,,49.8,4,3
2026-06-04 04:30:00,Dairy,3.0,4.0,107.8,4,3
2026-06-04 04:30:00,Bakery,3.0,4.0,259.9,4,3
2026-06-04 04:30:00,Produce,6.0,6.0,276.2,4,3
2026-06-04 04:30:00,Snacks,3.0,2.0,204.8,4,3
2026-06-04 04:30:00,Electronics,1.0,0.0,348.1,4,3
2026-06-04 04:30:00,Checkout,3.0,4.0,203.5,4,3
2026-06-04 04:35:00,Entrance,10.0,11.0,49.7,4,3
2026-06-04 04:35:00,Dairy,2.0,1.0,207.5,4,3
2026-06-04 04:35:00,Bakery,4.0,4.0,206.8,4,3
2026-06-04 04:35:00,Produce,4.0,3.0,199.0,4,3
2026-06-04 04:35:00,Snacks,1.0,0.0,204.3,4,3
2026-06-04 04:35:00,Electronics,1.0,0.0,473.9,4,3
2026-06-04 04:35:00,Checkout,5.0,2.0,218.4,4,3
2026-06-04 04:40:00,Entrance,9.0,7.0,59.2,4,3
2026-06-04 04:40:00,Dairy,0.0,0.0,131.5,4,3
2026-06-04 04:40:00,Bakery,4.0,2.0,155.9,4,3
2026-06-04 04:40:00,Produce,2.0,1.0,144.4,4,3
2026-06-04 04:40:00,Snacks,5.0,4.0,273.5,4,3
2026-06-04 04:40:00,Electronics,1.0,0.0,216.1,4,3
2026-06-04 04:40:00,Checkout,5.0,5.0,206.0,4,3
2026-06-04 04:45:00,Entrance,9.0,7.0,43.0,4,3
2026-06-04 04:45:00,Dairy,1.0,1.0,227.7,4,3
2026-06-04 04:45:00,Bakery,3.0,3.0,172.6,4,3
2026-06-04 04:45:00,Produce,3.0,2.0,210.7,4,3
2026-06-04 04:45:00,Snacks,6.0,6.0,250.1,4,3
2026-06-04 04:45:00,Electronics,5.0,3.0,352.1,4,3
2026-06-04 04:45:00,Checkout,,10.0,161.0,4,3
2026-06-04 04:50:00,Entrance,4.0,2.0,61.9,4,3
2026-06-04 04:50:00,Dairy,2.0,1.0,191.8,4,3
2026-06-04 04:50:00,Bakery,5.0,3.0,283.2,4,3
2026-06-04 04:50:00,Produce,4.0,5.0,210.5,4,3
2026-06-04 04:50:00,Snacks,4.0,5.0,126.3,4,3
2026-06-04 04:50:00,Electronics,2.0,1.0,342.3,4,3
2026-06-04 04:50:00,Checkout,4.0,1.0,123.9,4,3
2026-06-04 04:55:00,Entrance,9.0,7.0,30.2,4,3
2026-06-04 04:55:00,Dairy,2.0,0.0,213.4,4,3
2026-06-04 04:55:00,Bakery,2.0,1.0,189.5,4,3
2026-06-04 04:55:00,Produce,11.0,10.0,234.9,4,3
2026-06-04 04:55:00,Snacks,4.0,3.0,155.0,4,3
2026-06-04 04:55:00,Electronics,2.0,,431.5,4,3
2026-06-04 04:55:00,Checkout,5.0,5.0,185.7,4,3
2026-06-04 05:00:00,Entrance,14.0,15.0,58.7,5,3
2026-06-04 05:00:00,Dairy,7.0,5.0,196.3,5,3
2026-06-04 05:00:00,Bakery,1.0,0.0,323.2,5,3
2026-06-04 05:00:00,Produce,7.0,6.0,195.8,5,3
2026-06-04 05:00:00,Snacks,3.0,1.0,210.1,5,3
2026-06-04 05:00:00,Electronics,1.0,1.0,196.8,5,3
2026-06-04 05:00:00,Checkout,7.0,4.0,85.9,5,3
2026-06-04 05:05:00,Entrance,6.0,5.0,47.9,5,3
2026-06-04 05:05:00,Dairy,6.0,5.0,157.9,5,3
2026-06-04 05:05:00,Bakery,4.0,5.0,149.0,5,3
2026-06-04 05:05:00,Produce,4.0,2.0,196.3,5,3
2026-06-04 05:05:00,Snacks,3.0,2.0,305.6,5,3
2026-06-04 05:05:00,Electronics,1.0,0.0,475.7,5,3
2026-06-04 05:05:00,Checkout,7.0,6.0,104.2,5,3
2026-06-04 05:10:00,Entrance,8.0,7.0,34.4,5,3
2026-06-04 05:10:00,Dairy,2.0,1.0,270.5,5,3
2026-06-04 05:10:00,Bakery,,1.0,219.3,5,3
2026-06-04 05:10:00,Produce,5.0,4.0,298.5,5,3
2026-06-04 05:10:00,Snacks,1.0,0.0,147.5,5,3
2026-06-04 05:10:00,Electronics,1.0,0.0,409.5,5,3
2026-06-04 05:10:00,Checkout,5.0,6.0,176.5,5,3
2026-06-04 05:15:00,Entrance,13.0,12.0,59.8,5,3
2026-06-04 05:15:00,Dairy,1.0,1.0,196.8,5,3
2026-06-04 05:15:00,Bakery,2.0,1.0,272.8,5,3
2026-06-04 05:15:00,Produce,5.0,6.0,183.9,5,3
2026-06-04 05:15:00,Snacks,4.0,6.0,136.3,5,3
2026-06-04 05:15:00,Electronics,5.0,4.0,369.2,5,3
2026-06-04 05:15:00,Checkout,7.0,9.0,75.8,5,3
2026-06-04 05:20:00,Entrance,6.0,7.0,61.7,5,3
2026-06-04 05:20:00,Dairy,7.0,8.0,135.5,5,3
2026-06-04 05:20:00,Bakery,2.0,2.0,187.1,5,3
2026-06-04 05:20:00,Produce,6.0,6.0,245.7,5,3
2026-06-04 05:20:00,Snacks,5.0,3.0,148.2,5,3
2026-06-04 05:20:00,Electronics,3.0,2.0,,5,3
2026-06-04 05:20:00,Checkout,5.0,3.0,125.4,5,3
2026-06-04 05:25:00,Entrance,9.0,8.0,61.5,5,3
2026-06-04 05:25:00,Dairy,5.0,4.0,226.2,5,3
2026-06-04 05:25:00,Bakery,2.0,1.0,171.8,5,3
2026-06-04 05:25:00,Produce,4.0,5.0,296.7,5,3
2026-06-04 05:25:00,Snacks,6.0,5.0,269.8,5,3
2026-06-04 05:25:00,Electronics,3.0,3.0,387.4,5,3
2026-06-04 05:25:00,Checkout,2.0,0.0,224.6,5,3
2026-06-04 05:30:00,Entrance,2.0,0.0,43.4,5,3
2026-06-04 05:30:00,Dairy,4.0,4.0,227.7,5,3
2026-06-04 05:30:00,Bakery,3.0,0.0,179.4,5,3
2026-06-04 05:30:00,Produce,6.0,6.0,111.5,5,3
2026-06-04 05:30:00,Snacks,5.0,5.0,210.9,5,3
2026-06-04 05:30:00,Electronics,4.0,5.0,430.5,5,3
2026-06-04 05:30:00,Checkout,7.0,4.0,183.3,5,3
2026-06-04 05:35:00,Entrance,5.0,5.0,52.4,5,3
2026-06-04 05:35:00,Dairy,5.0,8.0,188.8,5,3
2026-06-04 05:35:00,Bakery,4.0,5.0,216.3,5,3
2026-06-04 05:35:00,Produce,3.0,2.0,301.6,5,3
2026-06-04 05:35:00,Snacks,7.0,6.0,205.1,5,3
2026-06-04 05:35:00,Electronics,2.0,2.0,317.8,5,3
2026-06-04 05:35:00,Checkout,9.0,9.0,200.5,5,3
2026-06-04 05:40:00,Entrance,3.0,1.0,63.6,5,3
2026-06-04 05:40:00,Dairy,3.0,3.0,261.5,5,3
2026-06-04 05:40:00,Bakery,3.0,6.0,152.1,5,3
2026-06-04 05:40:00,Produce,8.0,3.0,260.2,5,3
2026-06-04 05:40:00,Snacks,4.0,3.0,180.9,5,3
2026-06-04 05:40:00,Electronics,0.0,0.0,445.2,5,3
2026-06-04 05:40:00,Checkout,0.0,0.0,171.5,5,3
2026-06-04 05:45:00,Entrance,9.0,9.0,46.7,5,3
2026-06-04 05:45:00,Dairy,3.0,1.0,277.9,5,3
2026-06-04 05:45:00,Bakery,7.0,6.0,232.1,5,3
2026-06-04 05:45:00,Produce,5.0,5.0,175.3,5,3
2026-06-04 05:45:00,Snacks,5.0,5.0,170.4,5,3
2026-06-04 05:45:00,Electronics,1.0,0.0,477.1,5,3
2026-06-04 05:45:00,Checkout,3.0,3.0,186.6,5,3
2026-06-04 05:50:00,Entrance,7.0,6.0,47.5,5,3
2026-06-04 05:50:00,Dairy,4.0,3.0,225.7,5,3
2026-06-04 05:50:00,Bakery,6.0,4.0,274.4,5,3
2026-06-04 05:50:00,Produce,1.0,3.0,228.8,5,3
2026-06-04 05:50:00,Snacks,2.0,2.0,281.7,5,3
2026-06-04 05:50:00,Electronics,3.0,3.0,423.7,5,3
2026-06-04 05:50:00,Checkout,5.0,4.0,153.2,5,3
2026-06-04 05:55:00,Entrance,7.0,8.0,49.5,5,3
2026-06-04 05:55:00,Dairy,3.0,2.0,203.5,5,3
2026-06-04 05:55:00,Bakery,4.0,2.0,268.2,5,3
2026-06-04 05:55:00,Produce,6.0,6.0,298.0,5,3
2026-06-04 05:55:00,Snacks,3.0,3.0,153.0,5,3
2026-06-04 05:55:00,Electronics,1.0,1.0,434.8,5,3
2026-06-04 05:55:00,Checkout,7.0,5.0,195.6,5,3
2026-06-04 06:00:00,Entrance,,10.0,52.3,6,3
2026-06-04 06:00:00,Dairy,3.0,2.0,234.4,6,3
2026-06-04 06:00:00,Bakery,6.0,4.0,177.2,6,3
2026-06-04 06:00:00,Produce,4.0,3.0,270.5,6,3
2026-06-04 06:00:00,Snacks,3.0,3.0,221.0,6,3
2026-06-04 06:00:00,Electronics,3.0,4.0,421.5,6,3
2026-06-04 06:00:00,Checkout,3.0,4.0,177.6,6,3
2026-06-04 06:05:00,Entrance,11.0,12.0,43.2,6,3
2026-06-04 06:05:00,Dairy,8.0,8.0,269.8,6,3
2026-06-04 06:05:00,Bakery,3.0,4.0,180.6,6,3
2026-06-04 06:05:00,Produce,1.0,2.0,237.6,6,3
2026-06-04 06:05:00,Snacks,6.0,5.0,206.6,6,3
2026-06-04 06:05:00,Electronics,2.0,0.0,357.1,6,3
2026-06-04 06:05:00,Checkout,6.0,4.0,91.5,6,3
2026-06-04 06:10:00,Entrance,6.0,7.0,62.7,6,3
2026-06-04 06:10:00,Dairy,5.0,2.0,260.3,6,3
2026-06-04 06:10:00,Bakery,6.0,7.0,227.5,6,3
2026-06-04 06:10:00,Produce,7.0,7.0,193.5,6,3
2026-06-04 06:10:00,Snacks,3.0,3.0,102.0,6,3
2026-06-04 06:10:00,Electronics,4.0,4.0,407.4,6,3
2026-06-04 06:10:00,Checkout,7.0,7.0,91.5,6,3
2026-06-04 06:15:00,Entrance,6.0,5.0,42.3,6,3
2026-06-04 06:15:00,Dairy,6.0,7.0,152.6,6,3
2026-06-04 06:15:00,Bakery,4.0,5.0,204.6,6,3
2026-06-04 06:15:00,Produce,2.0,0.0,202.6,6,3
2026-06-04 06:15:00,Snacks,2.0,4.0,274.8,6,3
2026-06-04 06:15:00,Electronics,2.0,,427.6,6,3
2026-06-04 06:15:00,Checkout,8.0,7.0,185.5,6,3
2026-06-04 06:20:00,Entrance,10.0,9.0,43.1,6,3
2026-06-04 06:20:00,Dairy,3.0,1.0,224.1,6,3
2026-06-04 06:20:00,Bakery,6.0,6.0,155.4,6,3
2026-06-04 06:20:00,Produce,5.0,6.0,203.6,6,3
2026-06-04 06:20:00,Snacks,7.0,8.0,140.7,6,3
2026-06-04 06:20:00,Electronics,2.0,1.0,344.4,6,3
2026-06-04 06:20:00,Checkout,4.0,3.0,176.7,6,3
2026-06-04 06:25:00,Entrance,11.0,9.0,49.4,6,3
2026-06-04 06:25:00,Dairy,5.0,4.0,383.6,6,3
2026-06-04 06:25:00,Bakery,2.0,0.0,237.1,6,3
2026-06-04 06:25:00,Produce,3.0,5.0,125.0,6,3
2026-06-04 06:25:00,Snacks,2.0,3.0,269.4,6,3
2026-06-04 06:25:00,Electronics,2.0,1.0,210.6,6,3
2026-06-04 06:25:00,Checkout,5.0,5.0,124.1,6,3
2026-06-04 06:30:00,Entrance,6.0,4.0,43.6,6,3
2026-06-04 06:30:00,Dairy,3.0,2.0,164.3,6,3
2026-06-04 06:30:00,Bakery,5.0,5.0,252.5,6,3
2026-06-04 06:30:00,Produce,0.0,2.0,207.1,6,3
2026-06-04 06:30:00,Snacks,0.0,0.0,199.0,6,3
2026-06-04 06:30:00,Electronics,3.0,3.0,506.9,6,3
2026-06-04 06:30:00,Checkout,6.0,6.0,177.8,6,3
2026-06-04 06:35:00,Entrance,10.0,,56.0,6,3
2026-06-04 06:35:00,Dairy,5.0,6.0,187.6,6,3
2026-06-04 06:35:00,Bakery,2.0,4.0,,6,3
2026-06-04 06:35:00,Produce,4.0,5.0,220.7,6,3
2026-06-04 06:35:00,Snacks,4.0,6.0,112.9,6,3
2026-06-04 06:35:00,Electronics,1.0,0.0,454.8,6,3
2026-06-04 06:35:00,Checkout,4.0,5.0,128.2,6,3
2026-06-04 06:40:00,Entrance,8.0,,52.6,6,3
2026-06-04 06:40:00,Dairy,3.0,2.0,211.4,6,3
2026-06-04 06:40:00,Bakery,4.0,2.0,216.3,6,3
2026-06-04 06:40:00,Produce,3.0,3.0,312.4,6,3
2026-06-04 06:40:00,Snacks,2.0,4.0,208.7,6,3
2026-06-04 06:40:00,Electronics,2.0,1.0,353.2,6,3
2026-06-04 06:40:00,Checkout,3.0,1.0,197.0,6,3
2026-06-04 06:45:00,Entrance,6.0,6.0,57.8,6,3
2026-06-04 06:45:00,Dairy,3.0,3.0,244.3,6,3
2026-06-04 06:45:00,Bakery,3.0,2.0,193.7,6,3
2026-06-04 06:45:00,Produce,1.0,3.0,177.0,6,3
2026-06-04 06:45:00,Snacks,3.0,3.0,313.5,6,3
2026-06-04 06:45:00,Electronics,2.0,,394.8,6,3
2026-06-04 06:45:00,Checkout,5.0,2.0,186.3,6,3
2026-06-04 06:50:00,Entrance,9.0,8.0,37.0,6,3
2026-06-04 06:50:00,Dairy,8.0,7.0,205.9,6,3
2026-06-04 06:50:00,Bakery,3.0,2.0,243.8,6,3
2026-06-04 06:50:00,Produce,4.0,0.0,227.6,6,3
2026-06-04 06:50:00,Snacks,2.0,0.0,229.5,6,3
2026-06-04 06:50:00,Electronics,2.0,3.0,118.9,6,3
2026-06-04 06:50:00,Checkout,6.0,4.0,128.1,6,3
2026-06-04 06:55:00,Entrance,6.0,7.0,72.1,6,3
2026-06-04 06:55:00,Dairy,3.0,0.0,247.0,6,3
2026-06-04 06:55:00,Bakery,2.0,4.0,168.1,6,3
2026-06-04 06:55:00,Produce,2.0,3.0,159.6,6,3
2026-06-04 06:55:00,Snacks,4.0,2.0,309.0,6,3
2026-06-04 06:55:00,Electronics,3.0,3.0,321.4,6,3
2026-06-04 06:55:00,Checkout,5.0,5.0,188.9,6,3
2026-06-04 07:00:00,Entrance,7.0,7.0,36.6,7,3
2026-06-04 07:00:00,Dairy,2.0,1.0,,7,3
2026-06-04 07:00:00,Bakery,1.0,2.0,243.4,7,3
2026-06-04 07:00:00,Produce,1.0,0.0,184.0,7,3
2026-06-04 07:00:00,Snacks,2.0,1.0,264.6,7,3
2026-06-04 07:00:00,Electronics,1.0,0.0,199.0,7,3
2026-06-04 07:00:00,Checkout,6.0,8.0,147.9,7,3
2026-06-04 07:05:00,Entrance,4.0,4.0,50.7,7,3
2026-06-04 07:05:00,Dairy,3.0,3.0,227.4,7,3
2026-06-04 07:05:00,Bakery,1.0,2.0,129.0,7,3
2026-06-04 07:05:00,Produce,3.0,4.0,89.3,7,3
2026-06-04 07:05:00,Snacks,4.0,5.0,146.1,7,3
2026-06-04 07:05:00,Electronics,0.0,3.0,329.3,7,3
2026-06-04 07:05:00,Checkout,,5.0,229.3,7,3
2026-06-04 07:10:00,Entrance,9.0,9.0,34.2,7,3
2026-06-04 07:10:00,Dairy,2.0,0.0,189.8,7,3
2026-06-04 07:10:00,Bakery,4.0,4.0,243.5,7,3
2026-06-04 07:10:00,Produce,4.0,3.0,227.2,7,3
2026-06-04 07:10:00,Snacks,4.0,6.0,164.1,7,3
2026-06-04 07:10:00,Electronics,2.0,0.0,512.2,7,3
2026-06-04 07:10:00,Checkout,7.0,7.0,172.3,7,3
2026-06-04 07:15:00,Entrance,7.0,6.0,33.4,7,3
2026-06-04 07:15:00,Dairy,4.0,5.0,237.6,7,3
2026-06-04 07:15:00,Bakery,4.0,5.0,193.0,7,3
2026-06-04 07:15:00,Produce,6.0,4.0,137.0,7,3
2026-06-04 07:15:00,Snacks,3.0,1.0,217.6,7,3
2026-06-04 07:15:00,Electronics,0.0,1.0,435.6,7,3
2026-06-04 07:15:00,Checkout,3.0,1.0,113.0,7,3
2026-06-04 07:20:00,Entrance,2.0,1.0,42.8,7,3
2026-06-04 07:20:00,Dairy,10.0,7.0,271.9,7,3
2026-06-04 07:20:00,Bakery,6.0,4.0,187.2,7,3
2026-06-04 07:20:00,Produce,5.0,2.0,206.2,7,3
2026-06-04 07:20:00,Snacks,3.0,2.0,231.4,7,3
2026-06-04 07:20:00,Electronics,1.0,0.0,528.0,7,3
2026-06-04 07:20:00,Checkout,5.0,4.0,240.5,7,3
2026-06-04 07:25:00,Entrance,8.0,9.0,40.0,7,3
2026-06-04 07:25:00,Dairy,0.0,0.0,207.1,7,3
2026-06-04 07:25:00,Bakery,4.0,1.0,241.7,7,3
2026-06-04 07:25:00,Produce,5.0,4.0,314.0,7,3
2026-06-04 07:25:00,Snacks,2.0,2.0,203.6,7,3
2026-06-04 07:25:00,Electronics,4.0,2.0,254.9,7,3
2026-06-04 07:25:00,Checkout,6.0,6.0,131.1,7,3
2026-06-04 07:30:00,Entrance,8.0,10.0,46.3,7,3
2026-06-04 07:30:00,Dairy,3.0,3.0,238.6,7,3
2026-06-04 07:30:00,Bakery,4.0,4.0,275.1,7,3
2026-06-04 07:30:00,Produce,7.0,3.0,148.3,7,3
2026-06-04 07:30:00,Snacks,4.0,2.0,273.4,7,3
2026-06-04 07:30:00,Electronics,2.0,1.0,340.2,7,3
2026-06-04 07:30:00,Checkout,6.0,3.0,152.6,7,3
2026-06-04 07:35:00,Entrance,2.0,0.0,54.6,7,3
2026-06-04 07:35:00,Dairy,3.0,2.0,185.6,7,3
2026-06-04 07:35:00,Bakery,6.0,7.0,248.7,7,3
2026-06-04 07:35:00,Produce,4.0,6.0,167.2,7,3
2026-06-04 07:35:00,Snacks,5.0,3.0,284.3,7,3
2026-06-04 07:35:00,Electronics,3.0,3.0,469.7,7,3
2026-06-04 07:35:00,Checkout,5.0,4.0,185.1,7,3
2026-06-04 07:40:00,Entrance,5.0,4.0,37.7,7,3
2026-06-04 07:40:00,Dairy,0.0,0.0,260.7,7,3
2026-06-04 07:40:00,Bakery,2.0,0.0,148.7,7,3
2026-06-04 07:40:00,Produce,9.0,9.0,165.5,7,3
2026-06-04 07:40:00,Snacks,6.0,3.0,295.6,7,3
2026-06-04 07:40:00,Electronics,,0.0,493.7,7,3
2026-06-04 07:40:00,Checkout,4.0,6.0,216.5,7,3
2026-06-04 07:45:00,Entrance,6.0,5.0,23.1,7,3
2026-06-04 07:45:00,Dairy,4.0,2.0,125.5,7,3
2026-06-04 07:45:00,Bakery,5.0,4.0,186.1,7,3
2026-06-04 07:45:00,Produce,7.0,4.0,229.9,7,3
2026-06-04 07:45:00,Snacks,1.0,0.0,206.8,7,3
2026-06-04 07:45:00,Electronics,6.0,7.0,312.2,7,3
2026-06-04 07:45:00,Checkout,7.0,6.0,117.6,7,3
2026-06-04 07:50:00,Entrance,6.0,4.0,64.5,7,3
2026-06-04 07:50:00,Dairy,7.0,4.0,107.8,7,3
2026-06-04 07:50:00,Bakery,0.0,0.0,151.1,7,3
2026-06-04 07:50:00,Produce,6.0,4.0,235.6,7,3
2026-06-04 07:50:00,Snacks,2.0,0.0,223.5,7,3
2026-06-04 07:50:00,Electronics,2.0,0.0,388.2,7,3
2026-06-04 07:50:00,Checkout,4.0,7.0,186.1,7,3
2026-06-04 07:55:00,Entrance,8.0,8.0,,7,3
2026-06-04 07:55:00,Dairy,5.0,6.0,156.7,7,3
2026-06-04 07:55:00,Bakery,4.0,2.0,240.6,7,3
2026-06-04 07:55:00,Produce,6.0,4.0,259.5,7,3
2026-06-04 07:55:00,Snacks,1.0,2.0,201.7,7,3
2026-06-04 07:55:00,Electronics,0.0,0.0,313.2,7,3
2026-06-04 07:55:00,Checkout,10.0,11.0,140.0,7,3
2026-06-04 08:00:00,Entrance,9.0,9.0,63.7,8,3
2026-06-04 08:00:00,Dairy,4.0,3.0,127.3,8,3
2026-06-04 08:00:00,Bakery,8.0,7.0,283.8,8,3
2026-06-04 08:00:00,Produce,1.0,1.0,236.1,8,3
2026-06-04 08:00:00,Snacks,3.0,4.0,238.8,8,3
2026-06-04 08:00:00,Electronics,1.0,1.0,414.6,8,3
2026-06-04 08:00:00,Checkout,5.0,4.0,136.2,8,3
2026-06-04 08:05:00,Entrance,7.0,6.0,40.6,8,3
2026-06-04 08:05:00,Dairy,5.0,5.0,298.5,8,3
2026-06-04 08:05:00,Bakery,5.0,3.0,183.0,8,3
2026-06-04 08:05:00,Produce,0.0,2.0,255.3,8,3
2026-06-04 08:05:00,Snacks,3.0,2.0,154.4,8,3
2026-06-04 08:05:00,Electronics,5.0,5.0,399.1,8,3
2026-06-04 08:05:00,Checkout,6.0,8.0,138.8,8,3
2026-06-04 08:10:00,Entrance,8.0,10.0,,8,3
2026-06-04 08:10:00,Dairy,3.0,1.0,180.7,8,3
2026-06-04 08:10:00,Bakery,,0.0,223.6,8,3
2026-06-04 08:10:00,Produce,4.0,4.0,147.8,8,3
2026-06-04 08:10:00,Snacks,5.0,5.0,267.0,8,3
2026-06-04 08:10:00,Electronics,4.0,4.0,409.5,8,3
2026-06-04 08:10:00,Checkout,7.0,7.0,184.9,8,3
2026-06-04 08:15:00,Entrance,6.0,4.0,36.1,8,3
2026-06-04 08:15:00,Dairy,0.0,0.0,204.2,8,3
2026-06-04 08:15:00,Bakery,5.0,5.0,231.4,8,3
2026-06-04 08:15:00,Produce,7.0,7.0,,8,3
2026-06-04 08:15:00,Snacks,3.0,3.0,214.1,8,3
2026-06-04 08:15:00,Electronics,3.0,4.0,447.0,8,3
2026-06-04 08:15:00,Checkout,5.0,5.0,178.4,8,3
2026-06-04 08:20:00,Entrance,7.0,5.0,50.9,8,3
2026-06-04 08:20:00,Dairy,4.0,4.0,259.9,8,3
2026-06-04 08:20:00,Bakery,,0.0,266.2,8,3
2026-06-04 08:20:00,Produce,3.0,2.0,111.6,8,3
2026-06-04 08:20:00,Snacks,5.0,4.0,332.1,8,3
2026-06-04 08:20:00,Electronics,1.0,0.0,366.3,8,3
2026-06-04 08:20:00,Checkout,5.0,4.0,156.8,8,3
2026-06-04 08:25:00,Entrance,8.0,8.0,42.7,8,3
2026-06-04 08:25:00,Dairy,5.0,3.0,229.4,8,3
2026-06-04 08:25:00,Bakery,7.0,6.0,135.3,8,3
2026-06-04 08:25:00,Produce,6.0,4.0,249.6,8,3
2026-06-04 08:25:00,Snacks,2.0,0.0,199.0,8,3
2026-06-04 08:25:00,Electronics,1.0,2.0,343.5,8,3
2026-06-04 08:25:00,Checkout,3.0,4.0,207.7,8,3
2026-06-04 08:30:00,Entrance,6.0,6.0,47.3,8,3
2026-06-04 08:30:00,Dairy,3.0,1.0,,8,3
2026-06-04 08:30:00,Bakery,4.0,5.0,202.5,8,3
2026-06-04 08:30:00,Produce,5.0,9.0,181.0,8,3
2026-06-04 08:30:00,Snacks,8.0,6.0,95.4,8,3
2026-06-04 08:30:00,Electronics,4.0,3.0,362.2,8,3
2026-06-04 08:30:00,Checkout,4.0,5.0,168.6,8,3
2026-06-04 08:35:00,Entrance,7.0,7.0,15.0,8,3
2026-06-04 08:35:00,Dairy,5.0,3.0,187.9,8,3
2026-06-04 08:35:00,Bakery,6.0,4.0,121.7,8,3
2026-06-04 08:35:00,Produce,,1.0,208.2,8,3
2026-06-04 08:35:00,Snacks,3.0,3.0,174.7,8,3
2026-06-04 08:35:00,Electronics,1.0,3.0,473.3,8,3
2026-06-04 08:35:00,Checkout,4.0,7.0,179.6,8,3
2026-06-04 08:40:00,Entrance,4.0,2.0,38.6,8,3
2026-06-04 08:40:00,Dairy,5.0,2.0,145.6,8,3
2026-06-04 08:40:00,Bakery,2.0,3.0,245.0,8,3
2026-06-04 08:40:00,Produce,3.0,3.0,239.9,8,3
2026-06-04 08:40:00,Snacks,4.0,5.0,258.0,8,3
2026-06-04 08:40:00,Electronics,4.0,3.0,434.3,8,3
2026-06-04 08:40:00,Checkout,4.0,4.0,144.0,8,3
2026-06-04 08:45:00,Entrance,9.0,7.0,54.8,8,3
2026-06-04 08:45:00,Dairy,2.0,3.0,226.0,8,3
2026-06-04 08:45:00,Bakery,3.0,2.0,297.3,8,3
2026-06-04 08:45:00,Produce,5.0,6.0,187.9,8,3
2026-06-04 08:45:00,Snacks,4.0,4.0,159.4,8,3
2026-06-04 08:45:00,Electronics,3.0,2.0,274.8,8,3
2026-06-04 08:45:00,Checkout,6.0,6.0,95.6,8,3
2026-06-04 08:50:00,Entrance,3.0,2.0,36.3,8,3
2026-06-04 08:50:00,Dairy,6.0,9.0,167.3,8,3
2026-06-04 08:50:00,Bakery,4.0,2.0,237.3,8,3
2026-06-04 08:50:00,Produce,7.0,5.0,167.0,8,3
2026-06-04 08:50:00,Snacks,6.0,6.0,224.6,8,3
2026-06-04 08:50:00,Electronics,1.0,0.0,456.7,8,3
2026-06-04 08:50:00,Checkout,2.0,0.0,73.3,8,3
2026-06-04 08:55:00,Entrance,7.0,7.0,60.1,8,3
2026-06-04 08:55:00,Dairy,2.0,1.0,269.7,8,3
2026-06-04 08:55:00,Bakery,6.0,7.0,188.0,8,3
2026-06-04 08:55:00,Produce,2.0,1.0,209.6,8,3
2026-06-04 08:55:00,Snacks,4.0,1.0,268.6,8,3
2026-06-04 08:55:00,Electronics,0.0,0.0,279.4,8,3
2026-06-04 08:55:00,Checkout,6.0,6.0,78.4,8,3
2026-06-04 09:00:00,Entrance,39.0,43.0,41.1,9,3
2026-06-04 09:00:00,Dairy,14.0,9.0,253.5,9,3
2026-06-04 09:00:00,Bakery,20.0,24.0,234.8,9,3
2026-06-04 09:00:00,Produce,13.0,10.0,249.2,9,3
2026-06-04 09:00:00,Snacks,26.0,26.0,95.0,9,3
2026-06-04 09:00:00,Electronics,10.0,10.0,461.3,9,3
2026-06-04 09:00:00,Checkout,19.0,25.0,206.5,9,3
2026-06-04 09:05:00,Entrance,21.0,19.0,64.3,9,3
2026-06-04 09:05:00,Dairy,21.0,18.0,234.0,9,3
2026-06-04 09:05:00,Bakery,22.0,25.0,339.7,9,3
2026-06-04 09:05:00,Produce,19.0,21.0,,9,3
2026-06-04 09:05:00,Snacks,14.0,12.0,181.3,9,3
2026-06-04 09:05:00,Electronics,12.0,10.0,267.8,9,3
2026-06-04 09:05:00,Checkout,25.0,18.0,121.0,9,3
2026-06-04 09:10:00,Entrance,27.0,37.0,41.4,9,3
2026-06-04 09:10:00,Dairy,29.0,28.0,239.3,9,3
2026-06-04 09:10:00,Bakery,14.0,11.0,220.4,9,3
2026-06-04 09:10:00,Produce,17.0,21.0,201.6,9,3
2026-06-04 09:10:00,Snacks,25.0,21.0,202.4,9,3
2026-06-04 09:10:00,Electronics,6.0,7.0,494.3,9,3
2026-06-04 09:10:00,Checkout,24.0,23.0,240.4,9,3
2026-06-04 09:15:00,Entrance,26.0,24.0,39.7,9,3
2026-06-04 09:15:00,Dairy,18.0,21.0,249.1,9,3
2026-06-04 09:15:00,Bakery,14.0,15.0,162.8,9,3
2026-06-04 09:15:00,Produce,23.0,17.0,198.9,9,3
2026-06-04 09:15:00,Snacks,23.0,25.0,222.7,9,3
2026-06-04 09:15:00,Electronics,6.0,4.0,478.6,9,3
2026-06-04 09:15:00,Checkout,17.0,17.0,124.4,9,3
2026-06-04 09:20:00,Entrance,33.0,31.0,33.6,9,3
2026-06-04 09:20:00,Dairy,19.0,19.0,228.5,9,3
2026-06-04 09:20:00,Bakery,17.0,18.0,181.0,9,3
2026-06-04 09:20:00,Produce,15.0,16.0,175.8,9,3
2026-06-04 09:20:00,Snacks,17.0,16.0,211.4,9,3
2026-06-04 09:20:00,Electronics,12.0,11.0,305.7,9,3
2026-06-04 09:20:00,Checkout,29.0,28.0,158.5,9,3
2026-06-04 09:25:00,Entrance,29.0,28.0,53.4,9,3
2026-06-04 09:25:00,Dairy,21.0,15.0,162.3,9,3
2026-06-04 09:25:00,Bakery,17.0,18.0,175.5,9,3
2026-06-04 09:25:00,Produce,14.0,14.0,277.2,9,3
2026-06-04 09:25:00,Snacks,16.0,14.0,183.3,9,3
2026-06-04 09:25:00,Electronics,14.0,15.0,163.5,9,3
2026-06-04 09:25:00,Checkout,18.0,13.0,131.4,9,3
2026-06-04 09:30:00,Entrance,23.0,31.0,42.4,9,3
2026-06-04 09:30:00,Dairy,16.0,16.0,130.8,9,3
2026-06-04 09:30:00,Bakery,11.0,8.0,123.8,9,3
2026-06-04 09:30:00,Produce,20.0,18.0,157.1,9,3
2026-06-04 09:30:00,Snacks,18.0,24.0,161.3,9,3
2026-06-04 09:30:00,Electronics,9.0,10.0,380.2,9,3
2026-06-04 09:30:00,Checkout,22.0,27.0,59.1,9,3
2026-06-04 09:35:00,Entrance,26.0,25.0,47.7,9,3
2026-06-04 09:35:00,Dairy,19.0,16.0,238.8,9,3
2026-06-04 09:35:00,Bakery,17.0,18.0,255.3,9,3
2026-06-04 09:35:00,Produce,29.0,22.0,221.6,9,3
2026-06-04 09:35:00,Snacks,20.0,21.0,238.8,9,3
2026-06-04 09:35:00,Electronics,8.0,8.0,306.2,9,3
2026-06-04 09:35:00,Checkout,24.0,26.0,156.2,9,3
2026-06-04 09:40:00,Entrance,35.0,36.0,48.8,9,3
2026-06-04 09:40:00,Dairy,26.0,22.0,134.3,9,3
2026-06-04 09:40:00,Bakery,14.0,11.0,220.1,9,3
2026-06-04 09:40:00,Produce,20.0,21.0,240.2,9,3
2026-06-04 09:40:00,Snacks,12.0,14.0,203.8,9,3
2026-06-04 09:40:00,Electronics,8.0,8.0,447.8,9,3
2026-06-04 09:40:00,Checkout,20.0,20.0,227.0,9,3
2026-06-04 09:45:00,Entrance,31.0,39.0,41.8,9,3
2026-06-04 09:45:00,Dairy,22.0,19.0,183.5,9,3
2026-06-04 09:45:00,Bakery,18.0,16.0,152.8,9,3
2026-06-04 09:45:00,Produce,23.0,22.0,170.6,9,3
2026-06-04 09:45:00,Snacks,14.0,15.0,244.5,9,3
2026-06-04 09:45:00,Electronics,7.0,4.0,375.5,9,3
2026-06-04 09:45:00,Checkout,33.0,29.0,138.4,9,3
2026-06-04 09:50:00,Entrance,32.0,35.0,38.0,9,3
2026-06-04 09:50:00,Dairy,20.0,19.0,164.8,9,3
2026-06-04 09:50:00,Bakery,18.0,18.0,256.5,9,3
2026-06-04 09:50:00,Produce,20.0,19.0,250.2,9,3
2026-06-04 09:50:00,Snacks,14.0,13.0,248.4,9,3
2026-06-04 09:50:00,Electronics,13.0,12.0,431.5,9,3
2026-06-04 09:50:00,Checkout,27.0,25.0,142.9,9,3
2026-06-04 09:55:00,Entrance,25.0,20.0,59.5,9,3
2026-06-04 09:55:00,Dairy,12.0,11.0,230.3,9,3
2026-06-04 09:55:00,Bakery,14.0,12.0,258.7,9,3
2026-06-04 09:55:00,Produce,17.0,16.0,116.4,9,3
2026-06-04 09:55:00,Snacks,16.0,20.0,189.7,9,3
2026-06-04 09:55:00,Electronics,15.0,15.0,396.1,9,3
2026-06-04 09:55:00,Checkout,,29.0,154.6,9,3
2026-06-04 10:00:00,Entrance,39.0,34.0,34.9,10,3
2026-06-04 10:00:00,Dairy,17.0,17.0,249.6,10,3
2026-06-04 10:00:00,Bakery,18.0,20.0,256.5,10,3
2026-06-04 10:00:00,Produce,13.0,14.0,207.4,10,3
2026-06-04 10:00:00,Snacks,11.0,9.0,193.6,10,3
2026-06-04 10:00:00,Electronics,8.0,9.0,374.8,10,3
2026-06-04 10:00:00,Checkout,34.0,32.0,162.5,10,3
2026-06-04 10:05:00,Entrance,28.0,25.0,48.9,10,3
2026-06-04 10:05:00,Dairy,13.0,16.0,255.5,10,3
2026-06-04 10:05:00,Bakery,17.0,18.0,206.6,10,3
2026-06-04 10:05:00,Produce,16.0,15.0,230.6,10,3
2026-06-04 10:05:00,Snacks,22.0,25.0,260.6,10,3
2026-06-04 10:05:00,Electronics,8.0,7.0,385.0,10,3
2026-06-04 10:05:00,Checkout,36.0,34.0,134.1,10,3
2026-06-04 10:10:00,Entrance,40.0,43.0,31.9,10,3
2026-06-04 10:10:00,Dairy,24.0,23.0,226.0,10,3
2026-06-04 10:10:00,Bakery,,6.0,229.8,10,3
2026-06-04 10:10:00,Produce,22.0,18.0,241.6,10,3
2026-06-04 10:10:00,Snacks,14.0,13.0,213.2,10,3
2026-06-04 10:10:00,Electronics,11.0,12.0,254.5,10,3
2026-06-04 10:10:00,Checkout,33.0,40.0,157.5,10,3
2026-06-04 10:15:00,Entrance,19.0,19.0,41.9,10,3
2026-06-04 10:15:00,Dairy,19.0,19.0,244.4,10,3
2026-06-04 10:15:00,Bakery,16.0,13.0,196.3,10,3
2026-06-04 10:15:00,Produce,17.0,14.0,240.6,10,3
2026-06-04 10:15:00,Snacks,17.0,18.0,272.0,10,3
2026-06-04 10:15:00,Electronics,8.0,7.0,436.3,10,3
2026-06-04 10:15:00,Checkout,23.0,26.0,138.5,10,3
2026-06-04 10:20:00,Entrance,25.0,28.0,52.1,10,3
2026-06-04 10:20:00,Dairy,26.0,26.0,181.2,10,3
2026-06-04 10:20:00,Bakery,14.0,17.0,235.3,10,3
2026-06-04 10:20:00,Produce,26.0,25.0,261.6,10,3
2026-06-04 10:20:00,Snacks,16.0,17.0,236.1,10,3
2026-06-04 10:20:00,Electronics,10.0,10.0,282.9,10,3
2026-06-04 10:20:00,Checkout,13.0,14.0,115.6,10,3
2026-06-04 10:25:00,Entrance,21.0,15.0,15.6,10,3
2026-06-04 10:25:00,Dairy,20.0,20.0,230.0,10,3
2026-06-04 10:25:00,Bakery,13.0,12.0,149.8,10,3
2026-06-04 10:25:00,Produce,21.0,21.0,254.3,10,3
2026-06-04 10:25:00,Snacks,19.0,20.0,246.3,10,3
2026-06-04 10:25:00,Electronics,3.0,3.0,301.8,10,3
2026-06-04 10:25:00,Checkout,28.0,28.0,196.1,10,3
2026-06-04 10:30:00,Entrance,26.0,31.0,29.5,10,3
2026-06-04 10:30:00,Dairy,26.0,25.0,175.6,10,3
2026-06-04 10:30:00,Bakery,17.0,14.0,159.6,10,3
2026-06-04 10:30:00,Produce,16.0,16.0,261.8,10,3
2026-06-04 10:30:00,Snacks,,14.0,,10,3
2026-06-04 10:30:00,Electronics,11.0,9.0,309.0,10,3
2026-06-04 10:30:00,Checkout,27.0,24.0,119.6,10,3
2026-06-04 10:35:00,Entrance,25.0,30.0,53.5,10,3
2026-06-04 10:35:00,Dairy,19.0,,208.7,10,3
2026-06-04 10:35:00,Bakery,20.0,19.0,272.0,10,3
2026-06-04 10:35:00,Produce,10.0,10.0,163.6,10,3
2026-06-04 10:35:00,Snacks,16.0,18.0,221.5,10,3
2026-06-04 10:35:00,Electronics,13.0,12.0,372.5,10,3
2026-06-04 10:35:00,Checkout,27.0,32.0,158.9,10,3
2026-06-04 10:40:00,Entrance,26.0,22.0,55.0,10,3
2026-06-04 10:40:00,Dairy,21.0,20.0,180.8,10,3
2026-06-04 10:40:00,Bakery,21.0,23.0,197.8,10,3
2026-06-04 10:40:00,Produce,20.0,13.0,278.5,10,3
2026-06-04 10:40:00,Snacks,23.0,29.0,225.5,10,3
2026-06-04 10:40:00,Electronics,,13.0,361.9,10,3
2026-06-04 10:40:00,Checkout,25.0,25.0,193.6,10,3
2026-06-04 10:45:00,Entrance,32.0,25.0,56.4,10,3
2026-06-04 10:45:00,Dairy,14.0,13.0,234.8,10,3
2026-06-04 10:45:00,Bakery,24.0,21.0,252.2,10,3
2026-06-04 10:45:00,Produce,27.0,22.0,175.8,10,3
2026-06-04 10:45:00,Snacks,25.0,25.0,214.9,10,3
2026-06-04 10:45:00,Electronics,13.0,16.0,334.5,10,3
2026-06-04 10:45:00,Checkout,26.0,20.0,191.7,10,3
2026-06-04 10:50:00,Entrance,33.0,26.0,36.6,10,3
2026-06-04 10:50:00,Dairy,13.0,12.0,245.6,10,3
2026-06-04 10:50:00,Bakery,20.0,23.0,196.9,10,3
2026-06-04 10:50:00,Produce,17.0,19.0,209.2,10,3
2026-06-04 10:50:00,Snacks,23.0,21.0,204.0,10,3
2026-06-04 10:50:00,Electronics,9.0,10.0,371.7,10,3
2026-06-04 10:50:00,Checkout,32.0,31.0,152.9,10,3
2026-06-04 10:55:00,Entrance,23.0,25.0,,10,3
2026-06-04 10:55:00,Dairy,17.0,18.0,270.8,10,3
2026-06-04 10:55:00,Bakery,18.0,11.0,206.7,10,3
2026-06-04 10:55:00,Produce,19.0,,133.3,10,3
2026-06-04 10:55:00,Snacks,15.0,13.0,185.9,10,3
2026-06-04 10:55:00,Electronics,16.0,14.0,400.8,10,3
2026-06-04 10:55:00,Checkout,17.0,16.0,165.3,10,3
2026-06-04 11:00:00,Entrance,57.0,50.0,59.8,11,3
2026-06-04 11:00:00,Dairy,29.0,32.0,102.6,11,3
2026-06-04 11:00:00,Bakery,25.0,25.0,169.8,11,3
2026-06-04 11:00:00,Produce,32.0,32.0,166.3,11,3
2026-06-04 11:00:00,Snacks,21.0,19.0,194.1,11,3
2026-06-04 11:00:00,Electronics,18.0,20.0,314.5,11,3
2026-06-04 11:00:00,Checkout,31.0,33.0,228.7,11,3
2026-06-04 11:05:00,Entrance,35.0,39.0,44.2,11,3
2026-06-04 11:05:00,Dairy,33.0,31.0,226.9,11,3
2026-06-04 11:05:00,Bakery,21.0,22.0,104.9,11,3
2026-06-04 11:05:00,Produce,35.0,31.0,244.1,11,3
2026-06-04 11:05:00,Snacks,23.0,24.0,194.7,11,3
2026-06-04 11:05:00,Electronics,10.0,9.0,378.0,11,3
2026-06-04 11:05:00,Checkout,44.0,49.0,231.5,11,3
2026-06-04 11:10:00,Entrance,40.0,,34.0,11,3
2026-06-04 11:10:00,Dairy,36.0,44.0,254.7,11,3
2026-06-04 11:10:00,Bakery,21.0,23.0,309.4,11,3
2026-06-04 11:10:00,Produce,32.0,28.0,142.9,11,3
2026-06-04 11:10:00,Snacks,29.0,28.0,192.8,11,3
2026-06-04 11:10:00,Electronics,12.0,9.0,241.6,11,3
2026-06-04 11:10:00,Checkout,40.0,38.0,157.2,11,3
2026-06-04 11:15:00,Entrance,58.0,54.0,39.4,11,3
2026-06-04 11:15:00,Dairy,34.0,30.0,211.7,11,3
2026-06-04 11:15:00,Bakery,24.0,27.0,249.2,11,3
2026-06-04 11:15:00,Produce,36.0,37.0,190.0,11,3
2026-06-04 11:15:00,Snacks,33.0,23.0,202.7,11,3
2026-06-04 11:15:00,Electronics,12.0,14.0,289.7,11,3
2026-06-04 11:15:00,Checkout,40.0,49.0,198.7,11,3
2026-06-04 11:20:00,Entrance,51.0,43.0,42.9,11,3
2026-06-04 11:20:00,Dairy,28.0,34.0,217.9,11,3
2026-06-04 11:20:00,Bakery,26.0,26.0,219.2,11,3
2026-06-04 11:20:00,Produce,42.0,43.0,187.4,11,3
2026-06-04 11:20:00,Snacks,38.0,49.0,266.7,11,3
2026-06-04 11:20:00,Electronics,18.0,18.0,369.8,11,3
2026-06-04 11:20:00,Checkout,54.0,49.0,259.3,11,3
2026-06-04 11:25:00,Entrance,57.0,56.0,60.6,11,3
2026-06-04 11:25:00,Dairy,36.0,36.0,92.5,11,3
2026-06-04 11:25:00,Bakery,24.0,25.0,167.5,11,3
2026-06-04 11:25:00,Produce,37.0,47.0,235.8,11,3
2026-06-04 11:25:00,Snacks,23.0,18.0,236.6,11,3
2026-06-04 11:25:00,Electronics,24.0,21.0,317.0,11,3
2026-06-04 11:25:00,Checkout,48.0,44.0,169.5,11,3
2026-06-04 11:30:00,Entrance,49.0,54.0,55.4,11,3
2026-06-04 11:30:00,Dairy,26.0,29.0,157.9,11,3
2026-06-04 11:30:00,Bakery,30.0,35.0,240.1,11,3
2026-06-04 11:30:00,Produce,34.0,33.0,245.2,11,3
2026-06-04 11:30:00,Snacks,35.0,34.0,265.9,11,3
2026-06-04 11:30:00,Electronics,11.0,9.0,356.8,11,3
2026-06-04 11:30:00,Checkout,35.0,31.0,90.6,11,3
2026-06-04 11:35:00,Entrance,53.0,51.0,50.3,11,3
2026-06-04 11:35:00,Dairy,33.0,32.0,143.5,11,3
2026-06-04 11:35:00,Bakery,26.0,,111.6,11,3
2026-06-04 11:35:00,Produce,38.0,35.0,241.9,11,3
2026-06-04 11:35:00,Snacks,26.0,22.0,258.3,11,3
2026-06-04 11:35:00,Electronics,14.0,13.0,292.6,11,3
2026-06-04 11:35:00,Checkout,38.0,39.0,111.3,11,3
2026-06-04 11:40:00,Entrance,64.0,74.0,45.1,11,3
2026-06-04 11:40:00,Dairy,42.0,47.0,332.1,11,3
2026-06-04 11:40:00,Bakery,25.0,25.0,204.8,11,3
2026-06-04 11:40:00,Produce,32.0,29.0,131.0,11,3
2026-06-04 11:40:00,Snacks,25.0,27.0,219.7,11,3
2026-06-04 11:40:00,Electronics,18.0,14.0,347.1,11,3
2026-06-04 11:40:00,Checkout,49.0,,153.5,11,3
2026-06-04 11:45:00,Entrance,53.0,58.0,39.4,11,3
2026-06-04 11:45:00,Dairy,40.0,46.0,295.7,11,3
2026-06-04 11:45:00,Bakery,27.0,21.0,228.1,11,3
2026-06-04 11:45:00,Produce,23.0,27.0,265.4,11,3
2026-06-04 11:45:00,Snacks,32.0,37.0,144.0,11,3
2026-06-04 11:45:00,Electronics,24.0,22.0,358.6,11,3
2026-06-04 11:45:00,Checkout,41.0,31.0,144.9,11,3
2026-06-04 11:50:00,Entrance,59.0,56.0,33.3,11,3
2026-06-04 11:50:00,Dairy,23.0,22.0,155.4,11,3
2026-06-04 11:50:00,Bakery,28.0,32.0,295.8,11,3
2026-06-04 11:50:00,Produce,41.0,38.0,178.0,11,3
2026-06-04 11:50:00,Snacks,38.0,52.0,181.0,11,3
2026-06-04 11:50:00,Electronics,15.0,15.0,295.3,11,3
2026-06-04 11:50:00,Checkout,38.0,43.0,153.3,11,3
2026-06-04 11:55:00,Entrance,60.0,61.0,51.0,11,3
2026-06-04 11:55:00,Dairy,35.0,41.0,194.0,11,3
2026-06-04 11:55:00,Bakery,24.0,25.0,304.7,11,3
2026-06-04 11:55:00,Produce,34.0,29.0,181.8,11,3
2026-06-04 11:55:00,Snacks,30.0,22.0,119.7,11,3
2026-06-04 11:55:00,Electronics,16.0,14.0,493.5,11,3
2026-06-04 11:55:00,Checkout,52.0,58.0,139.8,11,3
2026-06-04 12:00:00,Entrance,41.0,42.0,45.0,12,3
2026-06-04 12:00:00,Dairy,27.0,24.0,284.3,12,3
2026-06-04 12:00:00,Bakery,23.0,24.0,165.9,12,3
2026-06-04 12:00:00,Produce,22.0,23.0,284.7,12,3
2026-06-04 12:00:00,Snacks,28.0,26.0,164.6,12,3
2026-06-04 12:00:00,Electronics,17.0,15.0,338.3,12,3
2026-06-04 12:00:00,Checkout,36.0,30.0,183.8,12,3
2026-06-04 12:05:00,Entrance,59.0,39.0,44.2,12,3
2026-06-04 12:05:00,Dairy,23.0,16.0,255.3,12,3
2026-06-04 12:05:00,Bakery,27.0,24.0,195.8,12,3
2026-06-04 12:05:00,Produce,42.0,47.0,199.2,12,3
2026-06-04 12:05:00,Snacks,25.0,28.0,271.6,12,3
2026-06-04 12:05:00,Electronics,19.0,,229.1,12,3
2026-06-04 12:05:00,Checkout,48.0,50.0,137.1,12,3
2026-06-04 12:10:00,Entrance,53.0,53.0,52.1,12,3
2026-06-04 12:10:00,Dairy,35.0,32.0,303.5,12,3
2026-06-04 12:10:00,Bakery,25.0,32.0,238.1,12,3
2026-06-04 12:10:00,Produce,28.0,25.0,238.6,12,3
2026-06-04 12:10:00,Snacks,27.0,26.0,237.6,12,3
2026-06-04 12:10:00,Electronics,20.0,25.0,652.2,12,3
2026-06-04 12:10:00,Checkout,36.0,28.0,215.1,12,3
2026-06-04 12:15:00,Entrance,43.0,33.0,37.1,12,3
2026-06-04 12:15:00,Dairy,30.0,37.0,127.0,12,3
2026-06-04 12:15:00,Bakery,27.0,23.0,225.1,12,3
2026-06-04 12:15:00,Produce,24.0,25.0,203.3,12,3
2026-06-04 12:15:00,Snacks,25.0,28.0,152.7,12,3
2026-06-04 12:15:00,Electronics,16.0,17.0,416.5,12,3
2026-06-04 12:15:00,Checkout,42.0,38.0,213.3,12,3
2026-06-04 12:20:00,Entrance,61.0,74.0,15.0,12,3
2026-06-04 12:20:00,Dairy,40.0,37.0,184.7,12,3
2026-06-04 12:20:00,Bakery,28.0,29.0,154.4,12,3
2026-06-04 12:20:00,Produce,27.0,18.0,209.7,12,3
2026-06-04 12:20:00,Snacks,31.0,27.0,236.5,12,3
2026-06-04 12:20:00,Electronics,12.0,10.0,462.5,12,3
2026-06-04 12:20:00,Checkout,53.0,38.0,100.5,12,3
2026-06-04 12:25:00,Entrance,52.0,48.0,32.2,12,3
2026-06-04 12:25:00,Dairy,43.0,45.0,237.6,12,3
2026-06-04 12:25:00,Bakery,34.0,35.0,204.5,12,3
2026-06-04 12:25:00,Produce,30.0,27.0,233.7,12,3
2026-06-04 12:25:00,Snacks,25.0,18.0,205.9,12,3
2026-06-04 12:25:00,Electronics,8.0,8.0,413.5,12,3
2026-06-04 12:25:00,Checkout,41.0,40.0,200.7,12,3
2026-06-04 12:30:00,Entrance,58.0,33.0,55.0,12,3
2026-06-04 12:30:00,Dairy,22.0,26.0,269.4,12,3
2026-06-04 12:30:00,Bakery,25.0,22.0,207.0,12,3
2026-06-04 12:30:00,Produce,35.0,27.0,271.9,12,3
2026-06-04 12:30:00,Snacks,37.0,42.0,186.0,12,3
2026-06-04 12:30:00,Electronics,22.0,21.0,465.6,12,3
2026-06-04 12:30:00,Checkout,40.0,41.0,115.5,12,3
2026-06-04 12:35:00,Entrance,47.0,58.0,40.7,12,3
2026-06-04 12:35:00,Dairy,32.0,27.0,214.6,12,3
2026-06-04 12:35:00,Bakery,27.0,27.0,293.1,12,3
2026-06-04 12:35:00,Produce,42.0,42.0,211.7,12,3
2026-06-04 12:35:00,Snacks,31.0,31.0,274.1,12,3
2026-06-04 12:35:00,Electronics,23.0,23.0,387.5,12,3
2026-06-04 12:35:00,Checkout,45.0,58.0,171.4,12,3
2026-06-04 12:40:00,Entrance,57.0,49.0,46.4,12,3
2026-06-04 12:40:00,Dairy,34.0,43.0,179.3,12,3
2026-06-04 12:40:00,Bakery,17.0,14.0,179.6,12,3
2026-06-04 12:40:00,Produce,30.0,24.0,270.4,12,3
2026-06-04 12:40:00,Snacks,29.0,33.0,135.2,12,3
2026-06-04 12:40:00,Electronics,10.0,9.0,183.5,12,3
2026-06-04 12:40:00,Checkout,35.0,32.0,108.5,12,3
2026-06-04 12:45:00,Entrance,43.0,37.0,54.2,12,3
2026-06-04 12:45:00,Dairy,34.0,33.0,214.4,12,3
2026-06-04 12:45:00,Bakery,29.0,23.0,241.7,12,3
2026-06-04 12:45:00,Produce,31.0,37.0,248.8,12,3
2026-06-04 12:45:00,Snacks,31.0,21.0,185.4,12,3
2026-06-04 12:45:00,Electronics,19.0,17.0,386.2,12,3
2026-06-04 12:45:00,Checkout,52.0,51.0,160.3,12,3
2026-06-04 12:50:00,Entrance,50.0,57.0,35.7,12,3
2026-06-04 12:50:00,Dairy,30.0,28.0,215.2,12,3
2026-06-04 12:50:00,Bakery,27.0,26.0,176.4,12,3
2026-06-04 12:50:00,Produce,26.0,28.0,175.1,12,3
2026-06-04 12:50:00,Snacks,22.0,21.0,222.3,12,3
2026-06-04 12:50:00,Electronics,,12.0,455.8,12,3
2026-06-04 12:50:00,Checkout,40.0,34.0,175.6,12,3
2026-06-04 12:55:00,Entrance,55.0,55.0,65.7,12,3
2026-06-04 12:55:00,Dairy,25.0,26.0,221.9,12,3
2026-06-04 12:55:00,Bakery,28.0,31.0,183.1,12,3
2026-06-04 12:55:00,Produce,21.0,22.0,333.3,12,3
2026-06-04 12:55:00,Snacks,34.0,27.0,276.8,12,3
2026-06-04 12:55:00,Electronics,13.0,12.0,468.8,12,3
2026-06-04 12:55:00,Checkout,55.0,63.0,150.5,12,3
2026-06-04 13:00:00,Entrance,54.0,60.0,39.4,13,3
2026-06-04 13:00:00,Dairy,24.0,24.0,266.7,13,3
2026-06-04 13:00:00,Bakery,25.0,19.0,,13,3
2026-06-04 13:00:00,Produce,38.0,39.0,215.2,13,3
2026-06-04 13:00:00,Snacks,26.0,29.0,181.2,13,3
2026-06-04 13:00:00,Electronics,12.0,10.0,381.1,13,3
2026-06-04 13:00:00,Checkout,43.0,38.0,172.7,13,3
2026-06-04 13:05:00,Entrance,41.0,36.0,65.3,13,3
2026-06-04 13:05:00,Dairy,31.0,34.0,238.3,13,3
2026-06-04 13:05:00,Bakery,23.0,21.0,306.5,13,3
2026-06-04 13:05:00,Produce,34.0,39.0,170.2,13,3
2026-06-04 13:05:00,Snacks,22.0,,227.7,13,3
2026-06-04 13:05:00,Electronics,10.0,9.0,338.9,13,3
2026-06-04 13:05:00,Checkout,53.0,,152.9,13,3
2026-06-04 13:10:00,Entrance,53.0,45.0,60.6,13,3
2026-06-04 13:10:00,Dairy,34.0,38.0,155.1,13,3
2026-06-04 13:10:00,Bakery,34.0,35.0,234.1,13,3
2026-06-04 13:10:00,Produce,34.0,32.0,102.1,13,3
2026-06-04 13:10:00,Snacks,31.0,32.0,211.8,13,3
2026-06-04 13:10:00,Electronics,23.0,20.0,534.0,13,3
2026-06-04 13:10:00,Checkout,38.0,34.0,239.2,13,3
2026-06-04 13:15:00,Entrance,45.0,50.0,63.6,13,3
2026-06-04 13:15:00,Dairy,32.0,35.0,138.3,13,3
2026-06-04 13:15:00,Bakery,23.0,26.0,198.9,13,3
2026-06-04 13:15:00,Produce,28.0,31.0,198.6,13,3
2026-06-04 13:15:00,Snacks,22.0,18.0,248.8,13,3
2026-06-04 13:15:00,Electronics,17.0,18.0,427.2,13,3
2026-06-04 13:15:00,Checkout,38.0,43.0,143.6,13,3
2026-06-04 13:20:00,Entrance,39.0,37.0,49.6,13,3
2026-06-04 13:20:00,Dairy,28.0,23.0,215.4,13,3
2026-06-04 13:20:00,Bakery,27.0,26.0,171.4,13,3
2026-06-04 13:20:00,Produce,32.0,22.0,221.2,13,3
2026-06-04 13:20:00,Snacks,27.0,32.0,157.9,13,3
2026-06-04 13:20:00,Electronics,18.0,13.0,395.5,13,3
2026-06-04 13:20:00,Checkout,53.0,43.0,124.3,13,3
2026-06-04 13:25:00,Entrance,51.0,41.0,24.3,13,3
2026-06-04 13:25:00,Dairy,39.0,33.0,173.2,13,3
2026-06-04 13:25:00,Bakery,28.0,27.0,191.2,13,3
2026-06-04 13:25:00,Produce,34.0,29.0,228.0,13,3
2026-06-04 13:25:00,Snacks,34.0,37.0,104.0,13,3
2026-06-04 13:25:00,Electronics,18.0,18.0,185.5,13,3
2026-06-04 13:25:00,Checkout,34.0,34.0,155.5,13,3
2026-06-04 13:30:00,Entrance,64.0,83.0,,13,3
2026-06-04 13:30:00,Dairy,38.0,38.0,256.3,13,3
2026-06-04 13:30:00,Bakery,31.0,,256.4,13,3
2026-06-04 13:30:00,Produce,28.0,22.0,198.2,13,3
2026-06-04 13:30:00,Snacks,31.0,32.0,120.4,13,3
2026-06-04 13:30:00,Electronics,17.0,18.0,313.5,13,3
2026-06-04 13:30:00,Checkout,38.0,27.0,164.0,13,3
2026-06-04 13:35:00,Entrance,48.0,35.0,26.6,13,3
2026-06-04 13:35:00,Dairy,33.0,36.0,150.3,13,3
2026-06-04 13:35:00,Bakery,27.0,30.0,235.1,13,3
2026-06-04 13:35:00,Produce,,22.0,281.6,13,3
2026-06-04 13:35:00,Snacks,36.0,39.0,232.7,13,3
2026-06-04 13:35:00,Electronics,14.0,8.0,276.3,13,3
2026-06-04 13:35:00,Checkout,50.0,52.0,110.5,13,3
2026-06-04 13:40:00,Entrance,50.0,41.0,45.1,13,3
2026-06-04 13:40:00,Dairy,33.0,28.0,176.9,13,3
2026-06-04 13:40:00,Bakery,26.0,25.0,270.3,13,3
2026-06-04 13:40:00,Produce,29.0,16.0,163.4,13,3
2026-06-04 13:40:00,Snacks,24.0,22.0,189.4,13,3
2026-06-04 13:40:00,Electronics,18.0,16.0,340.2,13,3
2026-06-04 13:40:00,Checkout,46.0,34.0,158.1,13,3
2026-06-04 13:45:00,Entrance,62.0,68.0,50.9,13,3
2026-06-04 13:45:00,Dairy,27.0,22.0,231.9,13,3
2026-06-04 13:45:00,Bakery,25.0,23.0,180.0,13,3
2026-06-04 13:45:00,Produce,24.0,21.0,154.0,13,3
2026-06-04 13:45:00,Snacks,27.0,34.0,203.3,13,3
2026-06-04 13:45:00,Electronics,15.0,14.0,441.8,13,3
2026-06-04 13:45:00,Checkout,51.0,55.0,203.8,13,3
2026-06-04 13:50:00,Entrance,55.0,40.0,55.6,13,3
2026-06-04 13:50:00,Dairy,35.0,32.0,183.4,13,3
2026-06-04 13:50:00,Bakery,26.0,27.0,265.6,13,3
2026-06-04 13:50:00,Produce,27.0,35.0,161.9,13,3
2026-06-04 13:50:00,Snacks,31.0,25.0,223.5,13,3
2026-06-04 13:50:00,Electronics,17.0,21.0,308.7,13,3
2026-06-04 13:50:00,Checkout,46.0,41.0,165.3,13,3
2026-06-04 13:55:00,Entrance,50.0,57.0,33.2,13,3
2026-06-04 13:55:00,Dairy,41.0,39.0,164.0,13,3
2026-06-04 13:55:00,Bakery,,27.0,185.6,13,3
2026-06-04 13:55:00,Produce,28.0,26.0,227.0,13,3
2026-06-04 13:55:00,Snacks,43.0,44.0,220.9,13,3
2026-06-04 13:55:00,Electronics,26.0,26.0,245.1,13,3
2026-06-04 13:55:00,Checkout,43.0,40.0,151.7,13,3
2026-06-04 14:00:00,Entrance,36.0,36.0,,14,3
2026-06-04 14:00:00,Dairy,23.0,21.0,215.7,14,3
2026-06-04 14:00:00,Bakery,20.0,18.0,192.5,14,3
2026-06-04 14:00:00,Produce,20.0,25.0,222.2,14,3
2026-06-04 14:00:00,Snacks,16.0,15.0,190.3,14,3
2026-06-04 14:00:00,Electronics,7.0,6.0,515.8,14,3
2026-06-04 14:00:00,Checkout,29.0,26.0,131.6,14,3
2026-06-04 14:05:00,Entrance,28.0,26.0,45.7,14,3
2026-06-04 14:05:00,Dairy,19.0,19.0,225.6,14,3
2026-06-04 14:05:00,Bakery,13.0,15.0,291.2,14,3
2026-06-04 14:05:00,Produce,15.0,13.0,163.0,14,3
2026-06-04 14:05:00,Snacks,15.0,18.0,261.8,14,3
2026-06-04 14:05:00,Electronics,10.0,11.0,267.0,14,3
2026-06-04 14:05:00,Checkout,29.0,33.0,167.9,14,3
2026-06-04 14:10:00,Entrance,35.0,37.0,41.9,14,3
2026-06-04 14:10:00,Dairy,16.0,21.0,256.1,14,3
2026-06-04 14:10:00,Bakery,16.0,19.0,175.4,14,3
2026-06-04 14:10:00,Produce,20.0,17.0,147.2,14,3
2026-06-04 14:10:00,Snacks,15.0,14.0,125.6,14,3
2026-06-04 14:10:00,Electronics,13.0,13.0,508.1,14,3
2026-06-04 14:10:00,Checkout,,21.0,224.1,14,3
2026-06-04 14:15:00,Entrance,32.0,29.0,34.0,14,3
2026-06-04 14:15:00,Dairy,13.0,12.0,192.4,14,3
2026-06-04 14:15:00,Bakery,19.0,18.0,217.0,14,3
2026-06-04 14:15:00,Produce,16.0,20.0,201.2,14,3
2026-06-04 14:15:00,Snacks,10.0,7.0,121.1,14,3
2026-06-04 14:15:00,Electronics,9.0,6.0,406.0,14,3
2026-06-04 14:15:00,Checkout,22.0,26.0,159.0,14,3
2026-06-04 14:20:00,Entrance,36.0,41.0,44.6,14,3
2026-06-04 14:20:00,Dairy,12.0,10.0,178.5,14,3
2026-06-04 14:20:00,Bakery,16.0,16.0,270.8,14,3
2026-06-04 14:20:00,Produce,18.0,14.0,234.4,14,3
2026-06-04 14:20:00,Snacks,19.0,16.0,191.0,14,3
2026-06-04 14:20:00,Electronics,3.0,4.0,534.8,14,3
2026-06-04 14:20:00,Checkout,39.0,38.0,86.9,14,3
2026-06-04 14:25:00,Entrance,28.0,27.0,27.0,14,3
2026-06-04 14:25:00,Dairy,22.0,18.0,160.9,14,3
2026-06-04 14:25:00,Bakery,17.0,19.0,204.1,14,3
2026-06-04 14:25:00,Produce,17.0,17.0,278.1,14,3
2026-06-04 14:25:00,Snacks,19.0,13.0,238.6,14,3
2026-06-04 14:25:00,Electronics,15.0,16.0,,14,3
2026-06-04 14:25:00,Checkout,19.0,13.0,105.7,14,3
2026-06-04 14:30:00,Entrance,,32.0,47.2,14,3
2026-06-04 14:30:00,Dairy,24.0,19.0,183.0,14,3
2026-06-04 14:30:00,Bakery,14.0,18.0,213.5,14,3
2026-06-04 14:30:00,Produce,19.0,17.0,208.9,14,3
2026-06-04 14:30:00,Snacks,,23.0,175.2,14,3
2026-06-04 14:30:00,Electronics,10.0,12.0,414.1,14,3
2026-06-04 14:30:00,Checkout,26.0,22.0,141.4,14,3
2026-06-04 14:35:00,Entrance,28.0,34.0,35.4,14,3
2026-06-04 14:35:00,Dairy,10.0,10.0,171.5,14,3
2026-06-04 14:35:00,Bakery,8.0,8.0,182.2,14,3
2026-06-04 14:35:00,Produce,11.0,12.0,236.5,14,3
2026-06-04 14:35:00,Snacks,30.0,26.0,258.1,14,3
2026-06-04 14:35:00,Electronics,13.0,13.0,382.7,14,3
2026-06-04 14:35:00,Checkout,22.0,21.0,157.2,14,3
2026-06-04 14:40:00,Entrance,41.0,42.0,27.9,14,3
2026-06-04 14:40:00,Dairy,16.0,13.0,150.6,14,3
2026-06-04 14:40:00,Bakery,12.0,13.0,193.1,14,3
2026-06-04 14:40:00,Produce,12.0,14.0,241.8,14,3
2026-06-04 14:40:00,Snacks,12.0,14.0,127.5,14,3
2026-06-04 14:40:00,Electronics,19.0,17.0,321.2,14,3
2026-06-04 14:40:00,Checkout,27.0,29.0,146.3,14,3
2026-06-04 14:45:00,Entrance,33.0,26.0,60.3,14,3
2026-06-04 14:45:00,Dairy,19.0,16.0,233.9,14,3
2026-06-04 14:45:00,Bakery,15.0,15.0,181.6,14,3
2026-06-04 14:45:00,Produce,15.0,14.0,205.1,14,3
2026-06-04 14:45:00,Snacks,24.0,24.0,252.2,14,3
2026-06-04 14:45:00,Electronics,8.0,7.0,405.0,14,3
2026-06-04 14:45:00,Checkout,34.0,36.0,176.4,14,3
2026-06-04 14:50:00,Entrance,29.0,30.0,50.5,14,3
2026-06-04 14:50:00,Dairy,19.0,22.0,209.3,14,3
2026-06-04 14:50:00,Bakery,20.0,21.0,163.2,14,3
2026-06-04 14:50:00,Produce,20.0,17.0,138.4,14,3
2026-06-04 14:50:00,Snacks,25.0,23.0,174.6,14,3
2026-06-04 14:50:00,Electronics,11.0,9.0,447.4,14,3
2026-06-04 14:50:00,Checkout,29.0,25.0,179.2,14,3
2026-06-04 14:55:00,Entrance,42.0,42.0,42.5,14,3
2026-06-04 14:55:00,Dairy,30.0,33.0,250.1,14,3
2026-06-04 14:55:00,Bakery,24.0,25.0,249.7,14,3
2026-06-04 14:55:00,Produce,24.0,26.0,184.3,14,3
2026-06-04 14:55:00,Snacks,11.0,13.0,165.2,14,3
2026-06-04 14:55:00,Electronics,9.0,8.0,296.5,14,3
2026-06-04 14:55:00,Checkout,26.0,21.0,188.9,14,3
2026-06-04 15:00:00,Entrance,33.0,36.0,48.6,15,3
2026-06-04 15:00:00,Dairy,14.0,14.0,245.3,15,3
2026-06-04 15:00:00,Bakery,18.0,17.0,142.3,15,3
2026-06-04 15:00:00,Produce,12.0,15.0,174.2,15,3
2026-06-04 15:00:00,Snacks,17.0,16.0,294.3,15,3
2026-06-04 15:00:00,Electronics,9.0,9.0,435.7,15,3
2026-06-04 15:00:00,Checkout,15.0,16.0,125.5,15,3
2026-06-04 15:05:00,Entrance,38.0,26.0,27.6,15,3
2026-06-04 15:05:00,Dairy,29.0,30.0,162.5,15,3
2026-06-04 15:05:00,Bakery,16.0,18.0,205.3,15,3
2026-06-04 15:05:00,Produce,15.0,19.0,246.6,15,3
2026-06-04 15:05:00,Snacks,21.0,20.0,218.5,15,3
2026-06-04 15:05:00,Electronics,12.0,12.0,527.4,15,3
2026-06-04 15:05:00,Checkout,12.0,10.0,148.4,15,3
2026-06-04 15:10:00,Entrance,33.0,33.0,30.6,15,3
2026-06-04 15:10:00,Dairy,18.0,19.0,221.8,15,3
2026-06-04 15:10:00,Bakery,14.0,15.0,162.9,15,3
2026-06-04 15:10:00,Produce,15.0,,221.5,15,3
2026-06-04 15:10:00,Snacks,,15.0,283.5,15,3
2026-06-04 15:10:00,Electronics,11.0,13.0,313.5,15,3
2026-06-04 15:10:00,Checkout,32.0,37.0,183.1,15,3
2026-06-04 15:15:00,Entrance,33.0,36.0,63.2,15,3
2026-06-04 15:15:00,Dairy,14.0,10.0,228.1,15,3
2026-06-04 15:15:00,Bakery,12.0,11.0,226.3,15,3
2026-06-04 15:15:00,Produce,22.0,26.0,224.5,15,3
2026-06-04 15:15:00,Snacks,20.0,19.0,210.7,15,3
2026-06-04 15:15:00,Electronics,11.0,11.0,295.3,15,3
2026-06-04 15:15:00,Checkout,23.0,24.0,89.9,15,3
2026-06-04 15:20:00,Entrance,25.0,26.0,61.2,15,3
2026-06-04 15:20:00,Dairy,22.0,21.0,187.1,15,3
2026-06-04 15:20:00,Bakery,17.0,13.0,182.3,15,3
2026-06-04 15:20:00,Produce,19.0,22.0,151.1,15,3
2026-06-04 15:20:00,Snacks,16.0,14.0,57.0,15,3
2026-06-04 15:20:00,Electronics,6.0,6.0,391.9,15,3
2026-06-04 15:20:00,Checkout,,34.0,221.3,15,3
2026-06-04 15:25:00,Entrance,28.0,28.0,32.6,15,3
2026-06-04 15:25:00,Dairy,10.0,10.0,191.1,15,3
2026-06-04 15:25:00,Bakery,16.0,12.0,167.8,15,3
2026-06-04 15:25:00,Produce,16.0,12.0,211.5,15,3
2026-06-04 15:25:00,Snacks,14.0,15.0,187.7,15,3
2026-06-04 15:25:00,Electronics,16.0,12.0,365.9,15,3
2026-06-04 15:25:00,Checkout,18.0,25.0,154.0,15,3
2026-06-04 15:30:00,Entrance,38.0,37.0,40.4,15,3
2026-06-04 15:30:00,Dairy,21.0,24.0,192.3,15,3
2026-06-04 15:30:00,Bakery,18.0,20.0,243.6,15,3
2026-06-04 15:30:00,Produce,18.0,11.0,224.3,15,3
2026-06-04 15:30:00,Snacks,14.0,13.0,180.9,15,3
2026-06-04 15:30:00,Electronics,12.0,12.0,549.3,15,3
2026-06-04 15:30:00,Checkout,26.0,27.0,100.9,15,3
2026-06-04 15:35:00,Entrance,27.0,30.0,38.2,15,3
2026-06-04 15:35:00,Dairy,15.0,12.0,219.4,15,3
2026-06-04 15:35:00,Bakery,16.0,13.0,199.9,15,3
2026-06-04 15:35:00,Produce,17.0,14.0,195.6,15,3
2026-06-04 15:35:00,Snacks,24.0,25.0,156.1,15,3
2026-06-04 15:35:00,Electronics,11.0,10.0,458.6,15,3
2026-06-04 15:35:00,Checkout,,23.0,193.0,15,3
2026-06-04 15:40:00,Entrance,32.0,36.0,37.1,15,3
2026-06-04 15:40:00,Dairy,19.0,18.0,269.0,15,3
2026-06-04 15:40:00,Bakery,14.0,17.0,158.4,15,3
2026-06-04 15:40:00,Produce,20.0,18.0,260.0,15,3
2026-06-04 15:40:00,Snacks,16.0,16.0,357.5,15,3
2026-06-04 15:40:00,Electronics,14.0,12.0,272.1,15,3
2026-06-04 15:40:00,Checkout,29.0,,133.2,15,3
2026-06-04 15:45:00,Entrance,31.0,24.0,59.3,15,3
2026-06-04 15:45:00,Dairy,11.0,9.0,289.0,15,3
2026-06-04 15:45:00,Bakery,14.0,14.0,259.5,15,3
2026-06-04 15:45:00,Produce,18.0,17.0,275.2,15,3
2026-06-04 15:45:00,Snacks,21.0,19.0,216.6,15,3
2026-06-04 15:45:00,Electronics,12.0,,268.3,15,3
2026-06-04 15:45:00,Checkout,22.0,22.0,260.1,15,3
2026-06-04 15:50:00,Entrance,25.0,23.0,27.4,15,3
2026-06-04 15:50:00,Dairy,18.0,12.0,190.6,15,3
2026-06-04 15:50:00,Bakery,13.0,9.0,188.2,15,3
2026-06-04 15:50:00,Produce,15.0,16.0,127.9,15,3
2026-06-04 15:50:00,Snacks,12.0,12.0,232.9,15,3
2026-06-04 15:50:00,Electronics,15.0,13.0,468.0,15,3
2026-06-04 15:50:00,Checkout,33.0,25.0,170.5,15,3
2026-06-04 15:55:00,Entrance,25.0,29.0,35.4,15,3
2026-06-04 15:55:00,Dairy,15.0,12.0,89.0,15,3
2026-06-04 15:55:00,Bakery,22.0,16.0,161.9,15,3
2026-06-04 15:55:00,Produce,22.0,22.0,180.1,15,3
2026-06-04 15:55:00,Snacks,21.0,16.0,178.0,15,3
2026-06-04 15:55:00,Electronics,14.0,14.0,430.4,15,3
2026-06-04 15:55:00,Checkout,28.0,33.0,201.3,15,3
2026-06-04 16:00:00,Entrance,34.0,28.0,37.1,16,3
2026-06-04 16:00:00,Dairy,21.0,24.0,220.4,16,3
2026-06-04 16:00:00,Bakery,12.0,12.0,222.1,16,3
2026-06-04 16:00:00,Produce,23.0,20.0,247.9,16,3
2026-06-04 16:00:00,Snacks,12.0,,223.9,16,3
2026-06-04 16:00:00,Electronics,10.0,8.0,347.7,16,3
2026-06-04 16:00:00,Checkout,,21.0,170.6,16,3
2026-06-04 16:05:00,Entrance,31.0,33.0,37.9,16,3
2026-06-04 16:05:00,Dairy,17.0,16.0,247.4,16,3
2026-06-04 16:05:00,Bakery,14.0,17.0,162.9,16,3
2026-06-04 16:05:00,Produce,21.0,20.0,199.3,16,3
2026-06-04 16:05:00,Snacks,8.0,8.0,208.7,16,3
2026-06-04 16:05:00,Electronics,12.0,13.0,436.0,16,3
2026-06-04 16:05:00,Checkout,26.0,26.0,135.7,16,3
2026-06-04 16:10:00,Entrance,25.0,25.0,57.6,16,3
2026-06-04 16:10:00,Dairy,15.0,12.0,134.4,16,3
2026-06-04 16:10:00,Bakery,12.0,13.0,192.7,16,3
2026-06-04 16:10:00,Produce,19.0,23.0,251.9,16,3
2026-06-04 16:10:00,Snacks,18.0,20.0,237.0,16,3
2026-06-04 16:10:00,Electronics,20.0,25.0,441.1,16,3
2026-06-04 16:10:00,Checkout,27.0,23.0,122.5,16,3
2026-06-04 16:15:00,Entrance,,19.0,43.4,16,3
2026-06-04 16:15:00,Dairy,24.0,24.0,261.1,16,3
2026-06-04 16:15:00,Bakery,,23.0,,16,3
2026-06-04 16:15:00,Produce,25.0,26.0,234.6,16,3
2026-06-04 16:15:00,Snacks,18.0,14.0,218.8,16,3
2026-06-04 16:15:00,Electronics,11.0,10.0,385.2,16,3
2026-06-04 16:15:00,Checkout,23.0,26.0,190.8,16,3
2026-06-04 16:20:00,Entrance,27.0,19.0,15.0,16,3
2026-06-04 16:20:00,Dairy,25.0,20.0,220.9,16,3
2026-06-04 16:20:00,Bakery,18.0,18.0,101.7,16,3
2026-06-04 16:20:00,Produce,19.0,18.0,216.2,16,3
2026-06-04 16:20:00,Snacks,,11.0,232.6,16,3
2026-06-04 16:20:00,Electronics,6.0,5.0,356.8,16,3
2026-06-04 16:20:00,Checkout,14.0,14.0,143.2,16,3
2026-06-04 16:25:00,Entrance,27.0,27.0,64.6,16,3
2026-06-04 16:25:00,Dairy,12.0,13.0,227.3,16,3
2026-06-04 16:25:00,Bakery,13.0,16.0,211.0,16,3
2026-06-04 16:25:00,Produce,21.0,21.0,160.0,16,3
2026-06-04 16:25:00,Snacks,10.0,9.0,173.9,16,3
2026-06-04 16:25:00,Electronics,8.0,9.0,322.0,16,3
2026-06-04 16:25:00,Checkout,36.0,33.0,178.0,16,3
2026-06-04 16:30:00,Entrance,33.0,42.0,61.4,16,3
2026-06-04 16:30:00,Dairy,,16.0,199.4,16,3
2026-06-04 16:30:00,Bakery,16.0,13.0,227.3,16,3
2026-06-04 16:30:00,Produce,11.0,8.0,236.9,16,3
2026-06-04 16:30:00,Snacks,20.0,21.0,184.3,16,3
2026-06-04 16:30:00,Electronics,9.0,7.0,419.8,16,3
2026-06-04 16:30:00,Checkout,35.0,32.0,176.6,16,3
2026-06-04 16:35:00,Entrance,25.0,22.0,63.7,16,3
2026-06-04 16:35:00,Dairy,26.0,31.0,180.8,16,3
2026-06-04 16:35:00,Bakery,11.0,11.0,159.3,16,3
2026-06-04 16:35:00,Produce,17.0,18.0,203.1,16,3
2026-06-04 16:35:00,Snacks,25.0,28.0,210.1,16,3
2026-06-04 16:35:00,Electronics,12.0,12.0,406.7,16,3
2026-06-04 16:35:00,Checkout,31.0,32.0,170.3,16,3
2026-06-04 16:40:00,Entrance,33.0,22.0,64.9,16,3
2026-06-04 16:40:00,Dairy,9.0,7.0,189.6,16,3
2026-06-04 16:40:00,Bakery,15.0,16.0,229.0,16,3
2026-06-04 16:40:00,Produce,22.0,16.0,259.7,16,3
2026-06-04 16:40:00,Snacks,16.0,18.0,220.2,16,3
2026-06-04 16:40:00,Electronics,,10.0,597.8,16,3
2026-06-04 16:40:00,Checkout,16.0,17.0,213.7,16,3
2026-06-04 16:45:00,Entrance,23.0,23.0,,16,3
2026-06-04 16:45:00,Dairy,17.0,17.0,125.0,16,3
2026-06-04 16:45:00,Bakery,17.0,15.0,202.6,16,3
2026-06-04 16:45:00,Produce,21.0,19.0,145.0,16,3
2026-06-04 16:45:00,Snacks,11.0,12.0,277.4,16,3
2026-06-04 16:45:00,Electronics,8.0,8.0,474.9,16,3
2026-06-04 16:45:00,Checkout,18.0,12.0,93.0,16,3
2026-06-04 16:50:00,Entrance,35.0,38.0,39.5,16,3
2026-06-04 16:50:00,Dairy,22.0,21.0,156.7,16,3
2026-06-04 16:50:00,Bakery,11.0,9.0,190.4,16,3
2026-06-04 16:50:00,Produce,20.0,18.0,203.6,16,3
2026-06-04 16:50:00,Snacks,17.0,12.0,318.1,16,3
2026-06-04 16:50:00,Electronics,9.0,10.0,430.3,16,3
2026-06-04 16:50:00,Checkout,15.0,14.0,,16,3
2026-06-04 16:55:00,Entrance,38.0,46.0,31.2,16,3
2026-06-04 16:55:00,Dairy,18.0,17.0,238.3,16,3
2026-06-04 16:55:00,Bakery,20.0,18.0,156.5,16,3
2026-06-04 16:55:00,Produce,16.0,16.0,215.8,16,3
2026-06-04 16:55:00,Snacks,11.0,12.0,213.4,16,3
2026-06-04 16:55:00,Electronics,9.0,7.0,336.3,16,3
2026-06-04 16:55:00,Checkout,25.0,24.0,186.8,16,3
2026-06-04 17:00:00,Entrance,54.0,45.0,60.6,17,3
2026-06-04 17:00:00,Dairy,35.0,45.0,260.8,17,3
2026-06-04 17:00:00,Bakery,25.0,16.0,145.4,17,3
2026-06-04 17:00:00,Produce,29.0,25.0,207.0,17,3
2026-06-04 17:00:00,Snacks,30.0,26.0,242.0,17,3
2026-06-04 17:00:00,Electronics,19.0,18.0,538.2,17,3
2026-06-04 17:00:00,Checkout,53.0,59.0,204.6,17,3
2026-06-04 17:05:00,Entrance,61.0,76.0,49.0,17,3
2026-06-04 17:05:00,Dairy,44.0,41.0,189.3,17,3
2026-06-04 17:05:00,Bakery,32.0,26.0,196.2,17,3
2026-06-04 17:05:00,Produce,40.0,32.0,168.6,17,3
2026-06-04 17:05:00,Snacks,35.0,31.0,95.3,17,3
2026-06-04 17:05:00,Electronics,24.0,24.0,335.2,17,3
2026-06-04 17:05:00,Checkout,58.0,72.0,212.7,17,3
2026-06-04 17:10:00,Entrance,69.0,65.0,27.3,17,3
2026-06-04 17:10:00,Dairy,45.0,48.0,177.0,17,3
2026-06-04 17:10:00,Bakery,28.0,20.0,182.0,17,3
2026-06-04 17:10:00,Produce,47.0,39.0,226.8,17,3
2026-06-04 17:10:00,Snacks,31.0,30.0,183.8,17,3
2026-06-04 17:10:00,Electronics,23.0,18.0,393.4,17,3
2026-06-04 17:10:00,Checkout,56.0,58.0,82.9,17,3
2026-06-04 17:15:00,Entrance,79.0,77.0,50.1,17,3
2026-06-04 17:15:00,Dairy,33.0,31.0,174.2,17,3
2026-06-04 17:15:00,Bakery,31.0,22.0,,17,3
2026-06-04 17:15:00,Produce,43.0,33.0,154.6,17,3
2026-06-04 17:15:00,Snacks,37.0,39.0,108.4,17,3
2026-06-04 17:15:00,Electronics,19.0,17.0,272.2,17,3
2026-06-04 17:15:00,Checkout,62.0,57.0,123.1,17,3
2026-06-04 17:20:00,Entrance,76.0,55.0,56.9,17,3
2026-06-04 17:20:00,Dairy,43.0,39.0,201.3,17,3
2026-06-04 17:20:00,Bakery,31.0,29.0,229.4,17,3
2026-06-04 17:20:00,Produce,41.0,42.0,285.3,17,3
2026-06-04 17:20:00,Snacks,44.0,48.0,240.7,17,3
2026-06-04 17:20:00,Electronics,9.0,8.0,276.7,17,3
2026-06-04 17:20:00,Checkout,60.0,49.0,168.1,17,3
2026-06-04 17:25:00,Entrance,68.0,90.0,35.6,17,3
2026-06-04 17:25:00,Dairy,53.0,51.0,254.7,17,3
2026-06-04 17:25:00,Bakery,28.0,24.0,301.8,17,3
2026-06-04 17:25:00,Produce,30.0,23.0,202.0,17,3
2026-06-04 17:25:00,Snacks,36.0,35.0,204.4,17,3
2026-06-04 17:25:00,Electronics,17.0,17.0,340.0,17,3
2026-06-04 17:25:00,Checkout,49.0,63.0,181.4,17,3
2026-06-04 17:30:00,Entrance,62.0,81.0,40.5,17,3
2026-06-04 17:30:00,Dairy,34.0,37.0,227.1,17,3
2026-06-04 17:30:00,Bakery,34.0,32.0,220.2,17,3
2026-06-04 17:30:00,Produce,38.0,45.0,201.9,17,3
2026-06-04 17:30:00,Snacks,42.0,47.0,234.5,17,3
2026-06-04 17:30:00,Electronics,15.0,13.0,410.1,17,3
2026-06-04 17:30:00,Checkout,47.0,31.0,154.6,17,3
2026-06-04 17:35:00,Entrance,65.0,79.0,41.0,17,3
2026-06-04 17:35:00,Dairy,40.0,48.0,126.8,17,3
2026-06-04 17:35:00,Bakery,31.0,28.0,175.4,17,3
2026-06-04 17:35:00,Produce,32.0,28.0,223.4,17,3
2026-06-04 17:35:00,Snacks,32.0,27.0,132.8,17,3
2026-06-04 17:35:00,Electronics,33.0,25.0,364.3,17,3
2026-06-04 17:35:00,Checkout,62.0,83.0,151.0,17,3
2026-06-04 17:40:00,Entrance,57.0,58.0,63.4,17,3
2026-06-04 17:40:00,Dairy,37.0,49.0,186.1,17,3
2026-06-04 17:40:00,Bakery,34.0,38.0,250.2,17,3
2026-06-04 17:40:00,Produce,51.0,61.0,191.0,17,3
2026-06-04 17:40:00,Snacks,46.0,39.0,246.7,17,3
2026-06-04 17:40:00,Electronics,25.0,28.0,456.9,17,3
2026-06-04 17:40:00,Checkout,54.0,62.0,155.6,17,3
2026-06-04 17:45:00,Entrance,59.0,68.0,36.1,17,3
2026-06-04 17:45:00,Dairy,50.0,36.0,168.0,17,3
2026-06-04 17:45:00,Bakery,39.0,54.0,201.5,17,3
2026-06-04 17:45:00,Produce,42.0,51.0,219.3,17,3
2026-06-04 17:45:00,Snacks,45.0,31.0,163.3,17,3
2026-06-04 17:45:00,Electronics,21.0,25.0,398.1,17,3
2026-06-04 17:45:00,Checkout,49.0,51.0,140.8,17,3
2026-06-04 17:50:00,Entrance,64.0,79.0,75.1,17,3
2026-06-04 17:50:00,Dairy,47.0,56.0,251.8,17,3
2026-06-04 17:50:00,Bakery,34.0,39.0,218.1,17,3
2026-06-04 17:50:00,Produce,31.0,42.0,179.0,17,3
2026-06-04 17:50:00,Snacks,37.0,26.0,252.2,17,3
2026-06-04 17:50:00,Electronics,20.0,20.0,375.6,17,3
2026-06-04 17:50:00,Checkout,45.0,47.0,178.8,17,3
2026-06-04 17:55:00,Entrance,76.0,75.0,40.0,17,3
2026-06-04 17:55:00,Dairy,51.0,48.0,164.1,17,3
2026-06-04 17:55:00,Bakery,21.0,21.0,248.9,17,3
2026-06-04 17:55:00,Produce,31.0,24.0,238.3,17,3
2026-06-04 17:55:00,Snacks,35.0,41.0,151.8,17,3
2026-06-04 17:55:00,Electronics,18.0,16.0,439.2,17,3
2026-06-04 17:55:00,Checkout,60.0,44.0,155.7,17,3
2026-06-04 18:00:00,Entrance,57.0,52.0,27.1,18,3
2026-06-04 18:00:00,Dairy,41.0,52.0,210.0,18,3
2026-06-04 18:00:00,Bakery,31.0,33.0,248.7,18,3
2026-06-04 18:00:00,Produce,39.0,44.0,312.7,18,3
2026-06-04 18:00:00,Snacks,22.0,19.0,310.3,18,3
2026-06-04 18:00:00,Electronics,23.0,20.0,370.9,18,3
2026-06-04 18:00:00,Checkout,63.0,62.0,205.5,18,3
2026-06-04 18:05:00,Entrance,56.0,42.0,65.4,18,3
2026-06-04 18:05:00,Dairy,38.0,38.0,298.0,18,3
2026-06-04 18:05:00,Bakery,24.0,23.0,235.3,18,3
2026-06-04 18:05:00,Produce,38.0,45.0,228.2,18,3
2026-06-04 18:05:00,Snacks,37.0,37.0,,18,3
2026-06-04 18:05:00,Electronics,29.0,33.0,333.2,18,3
2026-06-04 18:05:00,Checkout,60.0,60.0,199.3,18,3
2026-06-04 18:10:00,Entrance,82.0,83.0,55.8,18,3
2026-06-04 18:10:00,Dairy,42.0,27.0,231.3,18,3
2026-06-04 18:10:00,Bakery,48.0,44.0,161.3,18,3
2026-06-04 18:10:00,Produce,27.0,21.0,220.7,18,3
2026-06-04 18:10:00,Snacks,36.0,30.0,168.6,18,3
2026-06-04 18:10:00,Electronics,20.0,16.0,484.8,18,3
2026-06-04 18:10:00,Checkout,51.0,51.0,134.3,18,3
2026-06-04 18:15:00,Entrance,72.0,69.0,48.7,18,3
2026-06-04 18:15:00,Dairy,46.0,43.0,228.6,18,3
2026-06-04 18:15:00,Bakery,44.0,47.0,181.3,18,3
2026-06-04 18:15:00,Produce,32.0,39.0,221.0,18,3
2026-06-04 18:15:00,Snacks,33.0,33.0,114.2,18,3
2026-06-04 18:15:00,Electronics,15.0,14.0,458.8,18,3
2026-06-04 18:15:00,Checkout,,46.0,147.5,18,3
2026-06-04 18:20:00,Entrance,77.0,72.0,44.8,18,3
2026-06-04 18:20:00,Dairy,41.0,40.0,243.4,18,3
2026-06-04 18:20:00,Bakery,39.0,41.0,271.2,18,3
2026-06-04 18:20:00,Produce,39.0,43.0,227.5,18,3
2026-06-04 18:20:00,Snacks,40.0,40.0,220.1,18,3
2026-06-04 18:20:00,Electronics,25.0,22.0,356.9,18,3
2026-06-04 18:20:00,Checkout,60.0,60.0,163.2,18,3
2026-06-04 18:25:00,Entrance,66.0,59.0,41.0,18,3
2026-06-04 18:25:00,Dairy,43.0,48.0,201.3,18,3
2026-06-04 18:25:00,Bakery,25.0,24.0,162.7,18,3
2026-06-04 18:25:00,Produce,44.0,47.0,162.5,18,3
2026-06-04 18:25:00,Snacks,42.0,43.0,246.3,18,3
2026-06-04 18:25:00,Electronics,22.0,22.0,415.9,18,3
2026-06-04 18:25:00,Checkout,52.0,62.0,126.6,18,3
2026-06-04 18:30:00,Entrance,62.0,66.0,39.8,18,3
2026-06-04 18:30:00,Dairy,39.0,38.0,194.5,18,3
2026-06-04 18:30:00,Bakery,35.0,31.0,177.7,18,3
2026-06-04 18:30:00,Produce,42.0,43.0,249.2,18,3
2026-06-04 18:30:00,Snacks,33.0,32.0,250.9,18,3
2026-06-04 18:30:00,Electronics,26.0,27.0,408.4,18,3
2026-06-04 18:30:00,Checkout,55.0,51.0,152.0,18,3
2026-06-04 18:35:00,Entrance,72.0,83.0,34.5,18,3
2026-06-04 18:35:00,Dairy,35.0,28.0,216.4,18,3
2026-06-04 18:35:00,Bakery,33.0,38.0,274.7,18,3
2026-06-04 18:35:00,Produce,41.0,36.0,211.3,18,3
2026-06-04 18:35:00,Snacks,36.0,39.0,143.4,18,3
2026-06-04 18:35:00,Electronics,19.0,14.0,563.0,18,3
2026-06-04 18:35:00,Checkout,50.0,48.0,154.1,18,3
2026-06-04 18:40:00,Entrance,60.0,56.0,43.9,18,3
2026-06-04 18:40:00,Dairy,38.0,38.0,245.0,18,3
2026-06-04 18:40:00,Bakery,38.0,36.0,171.0,18,3
2026-06-04 18:40:00,Produce,44.0,44.0,193.5,18,3
2026-06-04 18:40:00,Snacks,34.0,32.0,188.8,18,3
2026-06-04 18:40:00,Electronics,26.0,24.0,338.4,18,3
2026-06-04 18:40:00,Checkout,60.0,48.0,152.8,18,3
2026-06-04 18:45:00,Entrance,56.0,57.0,30.5,18,3
2026-06-04 18:45:00,Dairy,48.0,42.0,173.5,18,3
2026-06-04 18:45:00,Bakery,43.0,53.0,225.3,18,3
2026-06-04 18:45:00,Produce,48.0,55.0,224.2,18,3
2026-06-04 18:45:00,Snacks,47.0,47.0,166.2,18,3
2026-06-04 18:45:00,Electronics,19.0,21.0,288.9,18,3
2026-06-04 18:45:00,Checkout,52.0,65.0,124.0,18,3
2026-06-04 18:50:00,Entrance,65.0,55.0,70.3,18,3
2026-06-04 18:50:00,Dairy,47.0,51.0,152.9,18,3
2026-06-04 18:50:00,Bakery,,32.0,285.1,18,3
2026-06-04 18:50:00,Produce,32.0,30.0,204.2,18,3
2026-06-04 18:50:00,Snacks,27.0,27.0,119.9,18,3
2026-06-04 18:50:00,Electronics,24.0,25.0,141.0,18,3
2026-06-04 18:50:00,Checkout,67.0,64.0,104.1,18,3
2026-06-04 18:55:00,Entrance,60.0,78.0,64.8,18,3
2026-06-04 18:55:00,Dairy,27.0,24.0,272.5,18,3
2026-06-04 18:55:00,Bakery,32.0,35.0,,18,3
2026-06-04 18:55:00,Produce,43.0,34.0,143.1,18,3
2026-06-04 18:55:00,Snacks,44.0,54.0,257.4,18,3
2026-06-04 18:55:00,Electronics,22.0,24.0,385.4,18,3
2026-06-04 18:55:00,Checkout,47.0,47.0,124.3,18,3
2026-06-04 19:00:00,Entrance,65.0,69.0,42.2,19,3
2026-06-04 19:00:00,Dairy,48.0,52.0,219.4,19,3
2026-06-04 19:00:00,Bakery,37.0,35.0,174.5,19,3
2026-06-04 19:00:00,Produce,43.0,47.0,183.8,19,3
2026-06-04 19:00:00,Snacks,38.0,40.0,237.4,19,3
2026-06-04 19:00:00,Electronics,26.0,18.0,551.8,19,3
2026-06-04 19:00:00,Checkout,51.0,47.0,231.4,19,3
2026-06-04 19:05:00,Entrance,81.0,72.0,52.3,19,3
2026-06-04 19:05:00,Dairy,47.0,52.0,222.8,19,3
2026-06-04 19:05:00,Bakery,35.0,34.0,203.0,19,3
2026-06-04 19:05:00,Produce,43.0,48.0,217.6,19,3
2026-06-04 19:05:00,Snacks,18.0,16.0,176.8,19,3
2026-06-04 19:05:00,Electronics,21.0,21.0,252.4,19,3
2026-06-04 19:05:00,Checkout,56.0,42.0,213.3,19,3
2026-06-04 19:10:00,Entrance,69.0,72.0,33.7,19,3
2026-06-04 19:10:00,Dairy,48.0,41.0,121.1,19,3
2026-06-04 19:10:00,Bakery,37.0,28.0,226.0,19,3
2026-06-04 19:10:00,Produce,39.0,35.0,208.6,19,3
2026-06-04 19:10:00,Snacks,37.0,32.0,132.6,19,3
2026-06-04 19:10:00,Electronics,19.0,19.0,434.8,19,3
2026-06-04 19:10:00,Checkout,54.0,54.0,232.9,19,3
2026-06-04 19:15:00,Entrance,60.0,72.0,46.7,19,3
2026-06-04 19:15:00,Dairy,31.0,36.0,135.6,19,3
2026-06-04 19:15:00,Bakery,31.0,29.0,137.4,19,3
2026-06-04 19:15:00,Produce,43.0,38.0,181.1,19,3
2026-06-04 19:15:00,Snacks,52.0,60.0,235.9,19,3
2026-06-04 19:15:00,Electronics,30.0,31.0,314.3,19,3
2026-06-04 19:15:00,Checkout,62.0,64.0,225.5,19,3
2026-06-04 19:20:00,Entrance,62.0,64.0,43.2,19,3
2026-06-04 19:20:00,Dairy,49.0,48.0,200.7,19,3
2026-06-04 19:20:00,Bakery,38.0,49.0,212.8,19,3
2026-06-04 19:20:00,Produce,45.0,41.0,324.3,19,3
2026-06-04 19:20:00,Snacks,,35.0,248.8,19,3
2026-06-04 19:20:00,Electronics,20.0,16.0,432.5,19,3
2026-06-04 19:20:00,Checkout,50.0,38.0,237.7,19,3
2026-06-04 19:25:00,Entrance,68.0,59.0,35.7,19,3
2026-06-04 19:25:00,Dairy,49.0,53.0,289.9,19,3
2026-06-04 19:25:00,Bakery,31.0,22.0,255.1,19,3
2026-06-04 19:25:00,Produce,45.0,51.0,136.3,19,3
2026-06-04 19:25:00,Snacks,35.0,39.0,223.4,19,3
2026-06-04 19:25:00,Electronics,23.0,17.0,,19,3
2026-06-04 19:25:00,Checkout,53.0,53.0,222.2,19,3
2026-06-04 19:30:00,Entrance,72.0,70.0,38.8,19,3
2026-06-04 19:30:00,Dairy,38.0,34.0,179.2,19,3
2026-06-04 19:30:00,Bakery,39.0,38.0,213.1,19,3
2026-06-04 19:30:00,Produce,35.0,43.0,198.8,19,3
2026-06-04 19:30:00,Snacks,38.0,32.0,273.9,19,3
2026-06-04 19:30:00,Electronics,22.0,20.0,409.8,19,3
2026-06-04 19:30:00,Checkout,44.0,49.0,198.9,19,3
2026-06-04 19:35:00,Entrance,79.0,78.0,48.1,19,3
2026-06-04 19:35:00,Dairy,39.0,35.0,119.7,19,3
2026-06-04 19:35:00,Bakery,32.0,26.0,163.6,19,3
2026-06-04 19:35:00,Produce,44.0,34.0,220.1,19,3
2026-06-04 19:35:00,Snacks,39.0,42.0,262.0,19,3
2026-06-04 19:35:00,Electronics,18.0,18.0,391.4,19,3
2026-06-04 19:35:00,Checkout,62.0,61.0,195.7,19,3
2026-06-04 19:40:00,Entrance,81.0,82.0,37.0,19,3
2026-06-04 19:40:00,Dairy,28.0,34.0,237.1,19,3
2026-06-04 19:40:00,Bakery,35.0,39.0,216.9,19,3
2026-06-04 19:40:00,Produce,50.0,51.0,143.3,19,3
2026-06-04 19:40:00,Snacks,43.0,28.0,253.6,19,3
2026-06-04 19:40:00,Electronics,19.0,20.0,344.7,19,3
2026-06-04 19:40:00,Checkout,52.0,50.0,130.1,19,3
2026-06-04 19:45:00,Entrance,73.0,62.0,37.0,19,3
2026-06-04 19:45:00,Dairy,39.0,39.0,145.0,19,3
2026-06-04 19:45:00,Bakery,39.0,48.0,164.3,19,3
2026-06-04 19:45:00,Produce,43.0,33.0,,19,3
2026-06-04 19:45:00,Snacks,34.0,31.0,168.9,19,3
2026-06-04 19:45:00,Electronics,23.0,21.0,518.5,19,3
2026-06-04 19:45:00,Checkout,59.0,69.0,209.6,19,3
2026-06-04 19:50:00,Entrance,57.0,49.0,52.6,19,3
2026-06-04 19:50:00,Dairy,42.0,53.0,197.5,19,3
2026-06-04 19:50:00,Bakery,30.0,30.0,196.8,19,3
2026-06-04 19:50:00,Produce,,31.0,165.1,19,3
2026-06-04 19:50:00,Snacks,25.0,20.0,143.7,19,3
2026-06-04 19:50:00,Electronics,,27.0,262.7,19,3
2026-06-04 19:50:00,Checkout,51.0,54.0,147.2,19,3
2026-06-04 19:55:00,Entrance,65.0,81.0,43.8,19,3
2026-06-04 19:55:00,Dairy,36.0,24.0,214.7,19,3
2026-06-04 19:55:00,Bakery,39.0,30.0,284.0,19,3
2026-06-04 19:55:00,Produce,30.0,34.0,234.1,19,3
2026-06-04 19:55:00,Snacks,30.0,30.0,256.4,19,3
2026-06-04 19:55:00,Electronics,20.0,23.0,314.5,19,3
2026-06-04 19:55:00,Checkout,64.0,65.0,173.1,19,3
2026-06-04 20:00:00,Entrance,70.0,72.0,47.0,20,3
2026-06-04 20:00:00,Dairy,43.0,39.0,237.7,20,3
2026-06-04 20:00:00,Bakery,30.0,23.0,135.3,20,3
2026-06-04 20:00:00,Produce,29.0,,168.3,20,3
2026-06-04 20:00:00,Snacks,43.0,39.0,144.9,20,3
2026-06-04 20:00:00,Electronics,22.0,20.0,461.0,20,3
2026-06-04 20:00:00,Checkout,45.0,50.0,134.7,20,3
2026-06-04 20:05:00,Entrance,68.0,63.0,47.6,20,3
2026-06-04 20:05:00,Dairy,53.0,57.0,172.8,20,3
2026-06-04 20:05:00,Bakery,35.0,34.0,122.2,20,3
2026-06-04 20:05:00,Produce,48.0,38.0,312.4,20,3
2026-06-04 20:05:00,Snacks,35.0,39.0,168.2,20,3
2026-06-04 20:05:00,Electronics,22.0,20.0,350.7,20,3
2026-06-04 20:05:00,Checkout,49.0,50.0,142.8,20,3
2026-06-04 20:10:00,Entrance,62.0,63.0,32.7,20,3
2026-06-04 20:10:00,Dairy,46.0,37.0,120.8,20,3
2026-06-04 20:10:00,Bakery,32.0,28.0,181.3,20,3
2026-06-04 20:10:00,Produce,,27.0,212.9,20,3
2026-06-04 20:10:00,Snacks,29.0,20.0,160.7,20,3
2026-06-04 20:10:00,Electronics,18.0,13.0,352.0,20,3
2026-06-04 20:10:00,Checkout,47.0,56.0,246.9,20,3
2026-06-04 20:15:00,Entrance,69.0,62.0,31.4,20,3
2026-06-04 20:15:00,Dairy,39.0,30.0,211.8,20,3
2026-06-04 20:15:00,Bakery,36.0,31.0,189.4,20,3
2026-06-04 20:15:00,Produce,36.0,40.0,181.4,20,3
2026-06-04 20:15:00,Snacks,38.0,35.0,,20,3
2026-06-04 20:15:00,Electronics,25.0,28.0,505.7,20,3
2026-06-04 20:15:00,Checkout,49.0,45.0,109.0,20,3
2026-06-04 20:20:00,Entrance,74.0,83.0,49.0,20,3
2026-06-04 20:20:00,Dairy,43.0,39.0,220.6,20,3
2026-06-04 20:20:00,Bakery,23.0,21.0,169.7,20,3
2026-06-04 20:20:00,Produce,51.0,61.0,227.3,20,3
2026-06-04 20:20:00,Snacks,41.0,43.0,170.6,20,3
2026-06-04 20:20:00,Electronics,24.0,24.0,430.1,20,3
2026-06-04 20:20:00,Checkout,49.0,42.0,,20,3
2026-06-04 20:25:00,Entrance,76.0,57.0,49.7,20,3
2026-06-04 20:25:00,Dairy,36.0,35.0,250.8,20,3
2026-06-04 20:25:00,Bakery,32.0,28.0,163.9,20,3
2026-06-04 20:25:00,Produce,40.0,24.0,,20,3
2026-06-04 20:25:00,Snacks,28.0,36.0,241.2,20,3
2026-06-04 20:25:00,Electronics,25.0,18.0,,20,3
2026-06-04 20:25:00,Checkout,51.0,45.0,220.5,20,3
2026-06-04 20:30:00,Entrance,70.0,72.0,41.6,20,3
2026-06-04 20:30:00,Dairy,49.0,42.0,251.6,20,3
2026-06-04 20:30:00,Bakery,27.0,27.0,152.0,20,3
2026-06-04 20:30:00,Produce,45.0,47.0,242.0,20,3
2026-06-04 20:30:00,Snacks,38.0,29.0,140.9,20,3
2026-06-04 20:30:00,Electronics,21.0,22.0,451.7,20,3
2026-06-04 20:30:00,Checkout,62.0,62.0,195.5,20,3
2026-06-04 20:35:00,Entrance,55.0,59.0,51.3,20,3
2026-06-04 20:35:00,Dairy,37.0,38.0,139.1,20,3
2026-06-04 20:35:00,Bakery,37.0,33.0,242.6,20,3
2026-06-04 20:35:00,Produce,35.0,37.0,253.7,20,3
2026-06-04 20:35:00,Snacks,34.0,28.0,86.3,20,3
2026-06-04 20:35:00,Electronics,26.0,29.0,483.7,20,3
2026-06-04 20:35:00,Checkout,73.0,72.0,137.4,20,3
2026-06-04 20:40:00,Entrance,63.0,68.0,,20,3
2026-06-04 20:40:00,Dairy,42.0,44.0,248.9,20,3
2026-06-04 20:40:00,Bakery,40.0,41.0,239.7,20,3
2026-06-04 20:40:00,Produce,34.0,35.0,228.4,20,3
2026-06-04 20:40:00,Snacks,34.0,32.0,198.6,20,3
2026-06-04 20:40:00,Electronics,21.0,20.0,264.5,20,3
2026-06-04 20:40:00,Checkout,49.0,41.0,141.6,20,3
2026-06-04 20:45:00,Entrance,67.0,67.0,50.2,20,3
2026-06-04 20:45:00,Dairy,30.0,27.0,163.0,20,3
2026-06-04 20:45:00,Bakery,32.0,29.0,133.6,20,3
2026-06-04 20:45:00,Produce,37.0,33.0,198.8,20,3
2026-06-04 20:45:00,Snacks,35.0,42.0,234.2,20,3
2026-06-04 20:45:00,Electronics,24.0,18.0,443.8,20,3
2026-06-04 20:45:00,Checkout,45.0,44.0,205.6,20,3
2026-06-04 20:50:00,Entrance,67.0,74.0,54.9,20,3
2026-06-04 20:50:00,Dairy,38.0,38.0,137.8,20,3
2026-06-04 20:50:00,Bakery,27.0,30.0,316.6,20,3
2026-06-04 20:50:00,Produce,40.0,36.0,159.0,20,3
2026-06-04 20:50:00,Snacks,27.0,33.0,224.4,20,3
2026-06-04 20:50:00,Electronics,19.0,19.0,298.0,20,3
2026-06-04 20:50:00,Checkout,60.0,56.0,186.1,20,3
2026-06-04 20:55:00,Entrance,65.0,53.0,32.2,20,3
2026-06-04 20:55:00,Dairy,61.0,71.0,181.7,20,3
2026-06-04 20:55:00,Bakery,,27.0,153.8,20,3
2026-06-04 20:55:00,Produce,41.0,45.0,187.7,20,3
2026-06-04 20:55:00,Snacks,33.0,40.0,211.1,20,3
2026-06-04 20:55:00,Electronics,13.0,15.0,385.3,20,3
2026-06-04 20:55:00,Checkout,73.0,79.0,148.2,20,3
2026-06-04 21:00:00,Entrance,47.0,58.0,36.7,21,3
2026-06-04 21:00:00,Dairy,25.0,30.0,228.4,21,3
2026-06-04 21:00:00,Bakery,11.0,9.0,185.2,21,3
2026-06-04 21:00:00,Produce,14.0,13.0,288.4,21,3
2026-06-04 21:00:00,Snacks,19.0,17.0,258.4,21,3
2026-06-04 21:00:00,Electronics,10.0,11.0,551.1,21,3
2026-06-04 21:00:00,Checkout,24.0,,167.3,21,3
2026-06-04 21:05:00,Entrance,28.0,33.0,45.5,21,3
2026-06-04 21:05:00,Dairy,18.0,23.0,233.5,21,3
2026-06-04 21:05:00,Bakery,11.0,9.0,211.0,21,3
2026-06-04 21:05:00,Produce,21.0,19.0,242.8,21,3
2026-06-04 21:05:00,Snacks,20.0,18.0,241.3,21,3
2026-06-04 21:05:00,Electronics,15.0,16.0,392.4,21,3
2026-06-04 21:05:00,Checkout,23.0,19.0,165.7,21,3
2026-06-04 21:10:00,Entrance,39.0,30.0,37.9,21,3
2026-06-04 21:10:00,Dairy,14.0,15.0,153.5,21,3
2026-06-04 21:10:00,Bakery,14.0,14.0,124.1,21,3
2026-06-04 21:10:00,Produce,25.0,30.0,153.0,21,3
2026-06-04 21:10:00,Snacks,20.0,20.0,208.8,21,3
2026-06-04 21:10:00,Electronics,11.0,10.0,415.2,21,3
2026-06-04 21:10:00,Checkout,,24.0,173.8,21,3
2026-06-04 21:15:00,Entrance,22.0,20.0,40.6,21,3
2026-06-04 21:15:00,Dairy,21.0,21.0,207.9,21,3
2026-06-04 21:15:00,Bakery,,16.0,161.1,21,3
2026-06-04 21:15:00,Produce,18.0,13.0,198.3,21,3
2026-06-04 21:15:00,Snacks,12.0,11.0,190.6,21,3
2026-06-04 21:15:00,Electronics,7.0,7.0,444.7,21,3
2026-06-04 21:15:00,Checkout,26.0,21.0,147.3,21,3
2026-06-04 21:20:00,Entrance,32.0,24.0,29.4,21,3
2026-06-04 21:20:00,Dairy,29.0,28.0,194.3,21,3
2026-06-04 21:20:00,Bakery,16.0,21.0,256.0,21,3
2026-06-04 21:20:00,Produce,22.0,19.0,236.9,21,3
2026-06-04 21:20:00,Snacks,17.0,19.0,163.6,21,3
2026-06-04 21:20:00,Electronics,9.0,7.0,530.7,21,3
2026-06-04 21:20:00,Checkout,23.0,28.0,117.8,21,3
2026-06-04 21:25:00,Entrance,32.0,28.0,54.7,21,3
2026-06-04 21:25:00,Dairy,18.0,18.0,243.5,21,3
2026-06-04 21:25:00,Bakery,11.0,12.0,210.0,21,3
2026-06-04 21:25:00,Produce,20.0,20.0,156.9,21,3
2026-06-04 21:25:00,Snacks,,17.0,181.6,21,3
2026-06-04 21:25:00,Electronics,10.0,10.0,424.8,21,3
2026-06-04 21:25:00,Checkout,22.0,28.0,125.0,21,3
2026-06-04 21:30:00,Entrance,36.0,39.0,,21,3
2026-06-04 21:30:00,Dairy,16.0,16.0,127.5,21,3
2026-06-04 21:30:00,Bakery,19.0,,261.0,21,3
2026-06-04 21:30:00,Produce,18.0,21.0,233.2,21,3
2026-06-04 21:30:00,Snacks,16.0,18.0,235.7,21,3
2026-06-04 21:30:00,Electronics,13.0,13.0,504.6,21,3
2026-06-04 21:30:00,Checkout,24.0,22.0,169.5,21,3
2026-06-04 21:35:00,Entrance,38.0,49.0,63.9,21,3
2026-06-04 21:35:00,Dairy,12.0,13.0,280.9,21,3
2026-06-04 21:35:00,Bakery,14.0,19.0,304.2,21,3
2026-06-04 21:35:00,Produce,22.0,24.0,209.2,21,3
2026-06-04 21:35:00,Snacks,15.0,14.0,271.9,21,3
2026-06-04 21:35:00,Electronics,18.0,19.0,131.0,21,3
2026-06-04 21:35:00,Checkout,24.0,,153.6,21,3
2026-06-04 21:40:00,Entrance,23.0,18.0,37.2,21,3
2026-06-04 21:40:00,Dairy,21.0,20.0,208.8,21,3
2026-06-04 21:40:00,Bakery,15.0,11.0,236.1,21,3
2026-06-04 21:40:00,Produce,19.0,20.0,249.3,21,3
2026-06-04 21:40:00,Snacks,20.0,19.0,203.0,21,3
2026-06-04 21:40:00,Electronics,9.0,10.0,300.9,21,3
2026-06-04 21:40:00,Checkout,22.0,22.0,142.2,21,3
2026-06-04 21:45:00,Entrance,44.0,40.0,40.2,21,3
2026-06-04 21:45:00,Dairy,15.0,16.0,195.0,21,3
2026-06-04 21:45:00,Bakery,14.0,11.0,220.1,21,3
2026-06-04 21:45:00,Produce,,14.0,202.2,21,3
2026-06-04 21:45:00,Snacks,15.0,16.0,180.4,21,3
2026-06-04 21:45:00,Electronics,8.0,8.0,308.0,21,3
2026-06-04 21:45:00,Checkout,20.0,22.0,195.4,21,3
2026-06-04 21:50:00,Entrance,33.0,37.0,47.5,21,3
2026-06-04 21:50:00,Dairy,17.0,16.0,177.1,21,3
2026-06-04 21:50:00,Bakery,16.0,15.0,239.2,21,3
2026-06-04 21:50:00,Produce,21.0,18.0,138.6,21,3
2026-06-04 21:50:00,Snacks,19.0,18.0,241.9,21,3
2026-06-04 21:50:00,Electronics,14.0,11.0,471.7,21,3
2026-06-04 21:50:00,Checkout,29.0,30.0,164.8,21,3
2026-06-04 21:55:00,Entrance,31.0,36.0,47.7,21,3
2026-06-04 21:55:00,Dairy,21.0,14.0,150.7,21,3
2026-06-04 21:55:00,Bakery,19.0,20.0,247.3,21,3
2026-06-04 21:55:00,Produce,18.0,19.0,211.3,21,3
2026-06-04 21:55:00,Snacks,18.0,19.0,163.3,21,3
2026-06-04 21:55:00,Electronics,12.0,12.0,368.5,21,3
2026-06-04 21:55:00,Checkout,37.0,41.0,137.6,21,3
2026-06-04 22:00:00,Entrance,5.0,8.0,59.9,22,3
2026-06-04 22:00:00,Dairy,2.0,0.0,233.7,22,3
2026-06-04 22:00:00,Bakery,3.0,1.0,300.3,22,3
2026-06-04 22:00:00,Produce,5.0,5.0,234.1,22,3
2026-06-04 22:00:00,Snacks,3.0,2.0,275.5,22,3
2026-06-04 22:00:00,Electronics,2.0,4.0,278.4,22,3
2026-06-04 22:00:00,Checkout,4.0,5.0,177.8,22,3
2026-06-04 22:05:00,Entrance,6.0,3.0,39.8,22,3
2026-06-04 22:05:00,Dairy,5.0,4.0,244.5,22,3
2026-06-04 22:05:00,Bakery,6.0,3.0,196.3,22,3
2026-06-04 22:05:00,Produce,3.0,4.0,295.9,22,3
2026-06-04 22:05:00,Snacks,3.0,2.0,204.6,22,3
2026-06-04 22:05:00,Electronics,3.0,3.0,357.8,22,3
2026-06-04 22:05:00,Checkout,4.0,3.0,236.0,22,3
2026-06-04 22:10:00,Entrance,11.0,,40.1,22,3
2026-06-04 22:10:00,Dairy,3.0,0.0,132.2,22,3
2026-06-04 22:10:00,Bakery,4.0,0.0,187.5,22,3
2026-06-04 22:10:00,Produce,5.0,3.0,117.8,22,3
2026-06-04 22:10:00,Snacks,4.0,4.0,256.7,22,3
2026-06-04 22:10:00,Electronics,2.0,0.0,370.9,22,3
2026-06-04 22:10:00,Checkout,5.0,4.0,168.5,22,3
2026-06-04 22:15:00,Entrance,8.0,6.0,28.4,22,3
2026-06-04 22:15:00,Dairy,4.0,,241.9,22,3
2026-06-04 22:15:00,Bakery,3.0,4.0,164.0,22,3
2026-06-04 22:15:00,Produce,8.0,9.0,262.2,22,3
2026-06-04 22:15:00,Snacks,7.0,8.0,231.9,22,3
2026-06-04 22:15:00,Electronics,1.0,1.0,297.3,22,3
2026-06-04 22:15:00,Checkout,5.0,4.0,91.8,22,3
2026-06-04 22:20:00,Entrance,8.0,7.0,36.9,22,3
2026-06-04 22:20:00,Dairy,3.0,4.0,199.4,22,3
2026-06-04 22:20:00,Bakery,2.0,3.0,226.3,22,3
2026-06-04 22:20:00,Produce,0.0,0.0,147.5,22,3
2026-06-04 22:20:00,Snacks,,5.0,223.6,22,3
2026-06-04 22:20:00,Electronics,1.0,0.0,454.7,22,3
2026-06-04 22:20:00,Checkout,9.0,9.0,245.0,22,3
2026-06-04 22:25:00,Entrance,8.0,7.0,27.3,22,3
2026-06-04 22:25:00,Dairy,6.0,4.0,212.4,22,3
2026-06-04 22:25:00,Bakery,1.0,0.0,197.0,22,3
2026-06-04 22:25:00,Produce,3.0,2.0,276.3,22,3
2026-06-04 22:25:00,Snacks,7.0,6.0,231.7,22,3
2026-06-04 22:25:00,Electronics,1.0,0.0,419.9,22,3
2026-06-04 22:25:00,Checkout,6.0,7.0,195.2,22,3
2026-06-04 22:30:00,Entrance,7.0,6.0,51.7,22,3
2026-06-04 22:30:00,Dairy,7.0,8.0,232.9,22,3
2026-06-04 22:30:00,Bakery,3.0,4.0,184.8,22,3
2026-06-04 22:30:00,Produce,4.0,2.0,320.9,22,3
2026-06-04 22:30:00,Snacks,4.0,3.0,245.0,22,3
2026-06-04 22:30:00,Electronics,2.0,0.0,300.1,22,3
2026-06-04 22:30:00,Checkout,9.0,8.0,145.3,22,3
2026-06-04 22:35:00,Entrance,4.0,3.0,23.6,22,3
2026-06-04 22:35:00,Dairy,2.0,2.0,150.5,22,3
2026-06-04 22:35:00,Bakery,4.0,2.0,302.4,22,3
2026-06-04 22:35:00,Produce,5.0,4.0,173.6,22,3
2026-06-04 22:35:00,Snacks,3.0,1.0,163.8,22,3
2026-06-04 22:35:00,Electronics,,7.0,378.2,22,3
2026-06-04 22:35:00,Checkout,4.0,3.0,39.7,22,3
2026-06-04 22:40:00,Entrance,6.0,6.0,54.6,22,3
2026-06-04 22:40:00,Dairy,6.0,2.0,190.2,22,3
2026-06-04 22:40:00,Bakery,2.0,2.0,162.2,22,3
2026-06-04 22:40:00,Produce,5.0,3.0,271.3,22,3
2026-06-04 22:40:00,Snacks,1.0,0.0,195.3,22,3
2026-06-04 22:40:00,Electronics,1.0,1.0,453.4,22,3
2026-06-04 22:40:00,Checkout,4.0,3.0,148.8,22,3
2026-06-04 22:45:00,Entrance,9.0,11.0,56.2,22,3
2026-06-04 22:45:00,Dairy,1.0,1.0,190.9,22,3
2026-06-04 22:45:00,Bakery,2.0,0.0,136.4,22,3
2026-06-04 22:45:00,Produce,2.0,2.0,172.4,22,3
2026-06-04 22:45:00,Snacks,4.0,4.0,128.2,22,3
2026-06-04 22:45:00,Electronics,5.0,4.0,258.6,22,3
2026-06-04 22:45:00,Checkout,3.0,4.0,229.9,22,3
2026-06-04 22:50:00,Entrance,4.0,4.0,57.4,22,3
2026-06-04 22:50:00,Dairy,9.0,10.0,224.1,22,3
2026-06-04 22:50:00,Bakery,2.0,2.0,302.6,22,3
2026-06-04 22:50:00,Produce,4.0,3.0,237.6,22,3
2026-06-04 22:50:00,Snacks,5.0,3.0,183.2,22,3
2026-06-04 22:50:00,Electronics,0.0,0.0,391.3,22,3
2026-06-04 22:50:00,Checkout,10.0,12.0,119.2,22,3
2026-06-04 22:55:00,Entrance,6.0,6.0,46.0,22,3
2026-06-04 22:55:00,Dairy,5.0,5.0,226.0,22,3
2026-06-04 22:55:00,Bakery,4.0,4.0,235.4,22,3
2026-06-04 22:55:00,Produce,3.0,2.0,168.6,22,3
2026-06-04 22:55:00,Snacks,2.0,2.0,278.9,22,3
2026-06-04 22:55:00,Electronics,3.0,3.0,433.7,22,3
2026-06-04 22:55:00,Checkout,9.0,9.0,116.5,22,3
2026-06-04 23:00:00,Entrance,9.0,8.0,46.3,23,3
2026-06-04 23:00:00,Dairy,5.0,5.0,198.7,23,3
2026-06-04 23:00:00,Bakery,1.0,3.0,279.2,23,3
2026-06-04 23:00:00,Produce,5.0,3.0,241.7,23,3
2026-06-04 23:00:00,Snacks,1.0,2.0,216.3,23,3
2026-06-04 23:00:00,Electronics,0.0,0.0,325.7,23,3
2026-06-04 23:00:00,Checkout,6.0,6.0,188.9,23,3
2026-06-04 23:05:00,Entrance,5.0,6.0,76.0,23,3
2026-06-04 23:05:00,Dairy,2.0,1.0,200.6,23,3
2026-06-04 23:05:00,Bakery,2.0,3.0,211.6,23,3
2026-06-04 23:05:00,Produce,4.0,3.0,268.4,23,3
2026-06-04 23:05:00,Snacks,4.0,4.0,216.7,23,3
2026-06-04 23:05:00,Electronics,4.0,2.0,600.5,23,3
2026-06-04 23:05:00,Checkout,3.0,4.0,143.7,23,3
2026-06-04 23:10:00,Entrance,9.0,8.0,54.1,23,3
2026-06-04 23:10:00,Dairy,5.0,4.0,248.5,23,3
2026-06-04 23:10:00,Bakery,4.0,3.0,266.1,23,3
2026-06-04 23:10:00,Produce,4.0,3.0,199.1,23,3
2026-06-04 23:10:00,Snacks,7.0,6.0,154.9,23,3
2026-06-04 23:10:00,Electronics,4.0,4.0,489.1,23,3
2026-06-04 23:10:00,Checkout,7.0,6.0,189.3,23,3
2026-06-04 23:15:00,Entrance,6.0,6.0,37.5,23,3
2026-06-04 23:15:00,Dairy,6.0,4.0,282.9,23,3
2026-06-04 23:15:00,Bakery,2.0,2.0,122.0,23,3
2026-06-04 23:15:00,Produce,3.0,3.0,205.6,23,3
2026-06-04 23:15:00,Snacks,5.0,4.0,237.6,23,3
2026-06-04 23:15:00,Electronics,3.0,2.0,516.9,23,3
2026-06-04 23:15:00,Checkout,10.0,8.0,268.6,23,3
2026-06-04 23:20:00,Entrance,6.0,4.0,51.6,23,3
2026-06-04 23:20:00,Dairy,7.0,7.0,148.6,23,3
2026-06-04 23:20:00,Bakery,1.0,0.0,147.1,23,3
2026-06-04 23:20:00,Produce,5.0,3.0,220.4,23,3
2026-06-04 23:20:00,Snacks,4.0,3.0,249.1,23,3
2026-06-04 23:20:00,Electronics,3.0,5.0,425.4,23,3
2026-06-04 23:20:00,Checkout,4.0,3.0,226.0,23,3
2026-06-04 23:25:00,Entrance,7.0,6.0,47.0,23,3
2026-06-04 23:25:00,Dairy,6.0,4.0,258.7,23,3
2026-06-04 23:25:00,Bakery,1.0,2.0,204.7,23,3
2026-06-04 23:25:00,Produce,6.0,6.0,203.1,23,3
2026-06-04 23:25:00,Snacks,7.0,9.0,231.5,23,3
2026-06-04 23:25:00,Electronics,2.0,1.0,323.8,23,3
2026-06-04 23:25:00,Checkout,,1.0,73.4,23,3
2026-06-04 23:30:00,Entrance,6.0,6.0,25.6,23,3
2026-06-04 23:30:00,Dairy,1.0,1.0,197.2,23,3
2026-06-04 23:30:00,Bakery,3.0,5.0,283.9,23,3
2026-06-04 23:30:00,Produce,5.0,4.0,260.3,23,3
2026-06-04 23:30:00,Snacks,3.0,0.0,211.7,23,3
2026-06-04 23:30:00,Electronics,1.0,0.0,371.0,23,3
2026-06-04 23:30:00,Checkout,5.0,8.0,156.0,23,3
2026-06-04 23:35:00,Entrance,10.0,11.0,33.3,23,3
2026-06-04 23:35:00,Dairy,6.0,4.0,153.8,23,3
2026-06-04 23:35:00,Bakery,2.0,2.0,195.0,23,3
2026-06-04 23:35:00,Produce,5.0,2.0,210.0,23,3
2026-06-04 23:35:00,Snacks,1.0,0.0,193.4,23,3
2026-06-04 23:35:00,Electronics,0.0,0.0,362.9,23,3
2026-06-04 23:35:00,Checkout,7.0,8.0,130.5,23,3
2026-06-04 23:40:00,Entrance,8.0,7.0,36.5,23,3
2026-06-04 23:40:00,Dairy,4.0,3.0,262.3,23,3
2026-06-04 23:40:00,Bakery,2.0,0.0,202.8,23,3
2026-06-04 23:40:00,Produce,4.0,2.0,193.3,23,3
2026-06-04 23:40:00,Snacks,1.0,0.0,218.0,23,3
2026-06-04 23:40:00,Electronics,1.0,4.0,264.4,23,3
2026-06-04 23:40:00,Checkout,3.0,7.0,135.5,23,3
2026-06-04 23:45:00,Entrance,4.0,4.0,31.0,23,3
2026-06-04 23:45:00,Dairy,2.0,1.0,226.7,23,3
2026-06-04 23:45:00,Bakery,3.0,4.0,189.8,23,3
2026-06-04 23:45:00,Produce,5.0,3.0,246.1,23,3
2026-06-04 23:45:00,Snacks,1.0,1.0,172.9,23,3
2026-06-04 23:45:00,Electronics,1.0,2.0,413.3,23,3
2026-06-04 23:45:00,Checkout,7.0,7.0,117.3,23,3
2026-06-04 23:50:00,Entrance,5.0,5.0,45.8,23,3
2026-06-04 23:50:00,Dairy,3.0,0.0,256.0,23,3
2026-06-04 23:50:00,Bakery,1.0,0.0,80.3,23,3
2026-06-04 23:50:00,Produce,4.0,4.0,236.9,23,3
2026-06-04 23:50:00,Snacks,4.0,7.0,236.9,23,3
2026-06-04 23:50:00,Electronics,5.0,6.0,390.3,23,3
2026-06-04 23:50:00,Checkout,5.0,5.0,135.6,23,3
2026-06-04 23:55:00,Entrance,10.0,7.0,48.8,23,3
2026-06-04 23:55:00,Dairy,2.0,2.0,159.4,23,3
2026-06-04 23:55:00,Bakery,4.0,2.0,246.2,23,3
2026-06-04 23:55:00,Produce,4.0,4.0,182.1,23,3
2026-06-04 23:55:00,Snacks,3.0,5.0,230.5,23,3
2026-06-04 23:55:00,Electronics,5.0,3.0,453.0,23,3
2026-06-04 23:55:00,Checkout,5.0,6.0,134.0,23,3
2026-06-05 00:00:00,Entrance,6.0,6.0,15.0,0,4
2026-06-05 00:00:00,Dairy,5.0,4.0,198.4,0,4
2026-06-05 00:00:00,Bakery,5.0,4.0,206.3,0,4
2026-06-05 00:00:00,Produce,3.0,4.0,235.1,0,4
2026-06-05 00:00:00,Snacks,3.0,0.0,227.5,0,4
2026-06-05 00:00:00,Electronics,2.0,1.0,242.2,0,4
2026-06-05 00:00:00,Checkout,9.0,9.0,182.9,0,4
2026-06-05 00:05:00,Entrance,12.0,14.0,42.0,0,4
2026-06-05 00:05:00,Dairy,2.0,0.0,117.6,0,4
2026-06-05 00:05:00,Bakery,3.0,4.0,145.5,0,4
2026-06-05 00:05:00,Produce,4.0,4.0,178.5,0,4
2026-06-05 00:05:00,Snacks,2.0,1.0,192.3,0,4
2026-06-05 00:05:00,Electronics,4.0,8.0,122.6,0,4
2026-06-05 00:05:00,Checkout,6.0,4.0,174.9,0,4
2026-06-05 00:10:00,Entrance,7.0,9.0,48.8,0,4
2026-06-05 00:10:00,Dairy,5.0,5.0,170.4,0,4
2026-06-05 00:10:00,Bakery,4.0,2.0,154.3,0,4
2026-06-05 00:10:00,Produce,5.0,6.0,218.8,0,4
2026-06-05 00:10:00,Snacks,0.0,0.0,157.5,0,4
2026-06-05 00:10:00,Electronics,3.0,0.0,413.4,0,4
2026-06-05 00:10:00,Checkout,7.0,8.0,134.9,0,4
2026-06-05 00:15:00,Entrance,9.0,7.0,44.6,0,4
2026-06-05 00:15:00,Dairy,2.0,1.0,270.1,0,4
2026-06-05 00:15:00,Bakery,2.0,3.0,160.6,0,4
2026-06-05 00:15:00,Produce,6.0,5.0,172.7,0,4
2026-06-05 00:15:00,Snacks,1.0,1.0,226.0,0,4
2026-06-05 00:15:00,Electronics,2.0,0.0,361.6,0,4
2026-06-05 00:15:00,Checkout,6.0,3.0,207.0,0,4
2026-06-05 00:20:00,Entrance,5.0,6.0,45.7,0,4
2026-06-05 00:20:00,Dairy,9.0,5.0,256.1,0,4
2026-06-05 00:20:00,Bakery,3.0,4.0,278.5,0,4
2026-06-05 00:20:00,Produce,4.0,6.0,208.5,0,4
2026-06-05 00:20:00,Snacks,5.0,2.0,162.2,0,4
2026-06-05 00:20:00,Electronics,3.0,0.0,391.0,0,4
2026-06-05 00:20:00,Checkout,5.0,3.0,166.6,0,4
2026-06-05 00:25:00,Entrance,10.0,8.0,39.2,0,4
2026-06-05 00:25:00,Dairy,8.0,9.0,174.9,0,4
2026-06-05 00:25:00,Bakery,2.0,3.0,241.7,0,4
2026-06-05 00:25:00,Produce,4.0,3.0,193.8,0,4
2026-06-05 00:25:00,Snacks,,7.0,63.2,0,4
2026-06-05 00:25:00,Electronics,3.0,2.0,314.8,0,4
2026-06-05 00:25:00,Checkout,4.0,1.0,87.9,0,4
2026-06-05 00:30:00,Entrance,4.0,3.0,40.3,0,4
2026-06-05 00:30:00,Dairy,4.0,2.0,189.6,0,4
2026-06-05 00:30:00,Bakery,6.0,5.0,232.7,0,4
2026-06-05 00:30:00,Produce,5.0,3.0,250.1,0,4
2026-06-05 00:30:00,Snacks,4.0,3.0,304.0,0,4
2026-06-05 00:30:00,Electronics,1.0,1.0,365.0,0,4
2026-06-05 00:30:00,Checkout,6.0,5.0,113.9,0,4
2026-06-05 00:35:00,Entrance,8.0,10.0,61.8,0,4
2026-06-05 00:35:00,Dairy,3.0,2.0,168.8,0,4
2026-06-05 00:35:00,Bakery,,2.0,141.1,0,4
2026-06-05 00:35:00,Produce,10.0,9.0,297.7,0,4
2026-06-05 00:35:00,Snacks,4.0,,175.0,0,4
2026-06-05 00:35:00,Electronics,4.0,4.0,335.8,0,4
2026-06-05 00:35:00,Checkout,1.0,1.0,173.0,0,4
2026-06-05 00:40:00,Entrance,5.0,6.0,56.0,0,4
2026-06-05 00:40:00,Dairy,0.0,0.0,218.2,0,4
2026-06-05 00:40:00,Bakery,7.0,6.0,131.9,0,4
2026-06-05 00:40:00,Produce,5.0,4.0,210.4,0,4
2026-06-05 00:40:00,Snacks,4.0,3.0,169.4,0,4
2026-06-05 00:40:00,Electronics,3.0,2.0,295.2,0,4
2026-06-05 00:40:00,Checkout,4.0,3.0,73.7,0,4
2026-06-05 00:45:00,Entrance,10.0,9.0,22.8,0,4
2026-06-05 00:45:00,Dairy,0.0,1.0,181.2,0,4
2026-06-05 00:45:00,Bakery,2.0,0.0,290.6,0,4
2026-06-05 00:45:00,Produce,6.0,6.0,163.9,0,4
2026-06-05 00:45:00,Snacks,3.0,2.0,151.5,0,4
2026-06-05 00:45:00,Electronics,3.0,1.0,487.0,0,4
2026-06-05 00:45:00,Checkout,6.0,5.0,141.6,0,4
2026-06-05 00:50:00,Entrance,8.0,8.0,40.3,0,4
2026-06-05 00:50:00,Dairy,0.0,0.0,160.4,0,4
2026-06-05 00:50:00,Bakery,4.0,4.0,174.1,0,4
2026-06-05 00:50:00,Produce,5.0,4.0,196.6,0,4
2026-06-05 00:50:00,Snacks,6.0,5.0,251.6,0,4
2026-06-05 00:50:00,Electronics,0.0,1.0,312.0,0,4
2026-06-05 00:50:00,Checkout,9.0,8.0,168.0,0,4
2026-06-05 00:55:00,Entrance,3.0,1.0,71.9,0,4
2026-06-05 00:55:00,Dairy,4.0,5.0,261.2,0,4
2026-06-05 00:55:00,Bakery,2.0,3.0,190.7,0,4
2026-06-05 00:55:00,Produce,6.0,4.0,163.4,0,4
2026-06-05 00:55:00,Snacks,3.0,2.0,161.9,0,4
2026-06-05 00:55:00,Electronics,2.0,0.0,424.4,0,4
2026-06-05 00:55:00,Checkout,9.0,9.0,162.2,0,4
2026-06-05 01:00:00,Entrance,5.0,4.0,24.1,1,4
2026-06-05 01:00:00,Dairy,2.0,3.0,186.1,1,4
2026-06-05 01:00:00,Bakery,6.0,6.0,290.2,1,4
2026-06-05 01:00:00,Produce,1.0,2.0,144.7,1,4
2026-06-05 01:00:00,Snacks,3.0,1.0,168.7,1,4
2026-06-05 01:00:00,Electronics,4.0,,324.6,1,4
2026-06-05 01:00:00,Checkout,3.0,3.0,156.4,1,4
2026-06-05 01:05:00,Entrance,6.0,7.0,60.8,1,4
2026-06-05 01:05:00,Dairy,3.0,4.0,261.0,1,4
2026-06-05 01:05:00,Bakery,2.0,0.0,293.3,1,4
2026-06-05 01:05:00,Produce,,5.0,131.6,1,4
2026-06-05 01:05:00,Snacks,2.0,0.0,201.2,1,4
2026-06-05 01:05:00,Electronics,4.0,8.0,346.7,1,4
2026-06-05 01:05:00,Checkout,5.0,5.0,105.1,1,4
2026-06-05 01:10:00,Entrance,4.0,2.0,44.7,1,4
2026-06-05 01:10:00,Dairy,3.0,0.0,185.8,1,4
2026-06-05 01:10:00,Bakery,2.0,2.0,167.0,1,4
2026-06-05 01:10:00,Produce,7.0,11.0,214.1,1,4
2026-06-05 01:10:00,Snacks,3.0,3.0,251.2,1,4
2026-06-05 01:10:00,Electronics,2.0,2.0,535.1,1,4
2026-06-05 01:10:00,Checkout,3.0,4.0,195.8,1,4
2026-06-05 01:15:00,Entrance,4.0,3.0,35.4,1,4
2026-06-05 01:15:00,Dairy,1.0,0.0,264.9,1,4
2026-06-05 01:15:00,Bakery,3.0,,218.9,1,4
2026-06-05 01:15:00,Produce,2.0,2.0,220.8,1,4
2026-06-05 01:15:00,Snacks,5.0,2.0,225.4,1,4
2026-06-05 01:15:00,Electronics,3.0,3.0,333.7,1,4
2026-06-05 01:15:00,Checkout,7.0,7.0,170.1,1,4
2026-06-05 01:20:00,Entrance,2.0,0.0,62.1,1,4
2026-06-05 01:20:00,Dairy,7.0,6.0,158.8,1,4
2026-06-05 01:20:00,Bakery,4.0,5.0,179.4,1,4
2026-06-05 01:20:00,Produce,4.0,4.0,224.4,1,4
2026-06-05 01:20:00,Snacks,2.0,1.0,226.4,1,4
2026-06-05 01:20:00,Electronics,1.0,0.0,232.9,1,4
2026-06-05 01:20:00,Checkout,8.0,7.0,210.1,1,4
2026-06-05 01:25:00,Entrance,7.0,8.0,,1,4
2026-06-05 01:25:00,Dairy,7.0,6.0,208.8,1,4
2026-06-05 01:25:00,Bakery,1.0,1.0,222.5,1,4
2026-06-05 01:25:00,Produce,4.0,5.0,329.1,1,4
2026-06-05 01:25:00,Snacks,3.0,5.0,266.7,1,4
2026-06-05 01:25:00,Electronics,4.0,5.0,394.1,1,4
2026-06-05 01:25:00,Checkout,3.0,2.0,162.9,1,4
2026-06-05 01:30:00,Entrance,4.0,3.0,46.3,1,4
2026-06-05 01:30:00,Dairy,3.0,4.0,138.5,1,4
2026-06-05 01:30:00,Bakery,1.0,3.0,237.3,1,4
2026-06-05 01:30:00,Produce,2.0,2.0,308.2,1,4
2026-06-05 01:30:00,Snacks,6.0,6.0,216.4,1,4
2026-06-05 01:30:00,Electronics,2.0,3.0,306.2,1,4
2026-06-05 01:30:00,Checkout,6.0,7.0,167.9,1,4
2026-06-05 01:35:00,Entrance,10.0,11.0,75.2,1,4
2026-06-05 01:35:00,Dairy,5.0,3.0,165.1,1,4
2026-06-05 01:35:00,Bakery,4.0,3.0,300.5,1,4
2026-06-05 01:35:00,Produce,4.0,6.0,163.0,1,4
2026-06-05 01:35:00,Snacks,2.0,0.0,228.9,1,4
2026-06-05 01:35:00,Electronics,4.0,2.0,368.3,1,4
2026-06-05 01:35:00,Checkout,8.0,8.0,206.4,1,4
2026-06-05 01:40:00,Entrance,10.0,9.0,55.0,1,4
2026-06-05 01:40:00,Dairy,6.0,4.0,241.0,1,4
2026-06-05 01:40:00,Bakery,5.0,4.0,277.8,1,4
2026-06-05 01:40:00,Produce,,4.0,225.3,1,4
2026-06-05 01:40:00,Snacks,4.0,3.0,233.7,1,4
2026-06-05 01:40:00,Electronics,2.0,1.0,403.3,1,4
2026-06-05 01:40:00,Checkout,5.0,6.0,167.3,1,4
2026-06-05 01:45:00,Entrance,11.0,12.0,58.2,1,4
2026-06-05 01:45:00,Dairy,6.0,5.0,210.5,1,4
2026-06-05 01:45:00,Bakery,3.0,1.0,204.5,1,4
2026-06-05 01:45:00,Produce,4.0,5.0,271.0,1,4
2026-06-05 01:45:00,Snacks,4.0,3.0,267.0,1,4
2026-06-05 01:45:00,Electronics,4.0,,297.6,1,4
2026-06-05 01:45:00,Checkout,1.0,1.0,91.7,1,4
2026-06-05 01:50:00,Entrance,6.0,3.0,47.0,1,4
2026-06-05 01:50:00,Dairy,3.0,2.0,210.2,1,4
2026-06-05 01:50:00,Bakery,4.0,3.0,199.6,1,4
2026-06-05 01:50:00,Produce,0.0,2.0,234.6,1,4
2026-06-05 01:50:00,Snacks,7.0,7.0,231.5,1,4
2026-06-05 01:50:00,Electronics,0.0,2.0,506.0,1,4
2026-06-05 01:50:00,Checkout,7.0,7.0,191.4,1,4
2026-06-05 01:55:00,Entrance,8.0,6.0,42.4,1,4
2026-06-05 01:55:00,Dairy,2.0,3.0,168.5,1,4
2026-06-05 01:55:00,Bakery,0.0,0.0,271.8,1,4
2026-06-05 01:55:00,Produce,3.0,2.0,171.5,1,4
2026-06-05 01:55:00,Snacks,7.0,5.0,268.3,1,4
2026-06-05 01:55:00,Electronics,3.0,1.0,378.6,1,4
2026-06-05 01:55:00,Checkout,10.0,8.0,121.1,1,4
2026-06-05 02:00:00,Entrance,8.0,7.0,39.3,2,4
2026-06-05 02:00:00,Dairy,3.0,3.0,253.3,2,4
2026-06-05 02:00:00,Bakery,2.0,3.0,240.8,2,4
2026-06-05 02:00:00,Produce,7.0,7.0,288.9,2,4
2026-06-05 02:00:00,Snacks,4.0,3.0,168.5,2,4
2026-06-05 02:00:00,Electronics,1.0,0.0,413.1,2,4
2026-06-05 02:00:00,Checkout,7.0,6.0,159.5,2,4
2026-06-05 02:05:00,Entrance,5.0,3.0,47.6,2,4
2026-06-05 02:05:00,Dairy,,2.0,249.1,2,4
2026-06-05 02:05:00,Bakery,4.0,3.0,171.6,2,4
2026-06-05 02:05:00,Produce,3.0,3.0,163.3,2,4
2026-06-05 02:05:00,Snacks,7.0,7.0,237.3,2,4
2026-06-05 02:05:00,Electronics,,5.0,438.2,2,4
2026-06-05 02:05:00,Checkout,5.0,5.0,185.1,2,4
2026-06-05 02:10:00,Entrance,6.0,5.0,37.7,2,4
2026-06-05 02:10:00,Dairy,5.0,4.0,97.8,2,4
2026-06-05 02:10:00,Bakery,4.0,5.0,157.4,2,4
2026-06-05 02:10:00,Produce,1.0,0.0,236.3,2,4
2026-06-05 02:10:00,Snacks,6.0,5.0,156.4,2,4
2026-06-05 02:10:00,Electronics,1.0,1.0,339.1,2,4
2026-06-05 02:10:00,Checkout,7.0,6.0,241.8,2,4
2026-06-05 02:15:00,Entrance,6.0,4.0,39.0,2,4
2026-06-05 02:15:00,Dairy,2.0,0.0,205.3,2,4
2026-06-05 02:15:00,Bakery,1.0,0.0,170.0,2,4
2026-06-05 02:15:00,Produce,3.0,2.0,188.4,2,4
2026-06-05 02:15:00,Snacks,2.0,3.0,134.5,2,4
2026-06-05 02:15:00,Electronics,2.0,1.0,349.9,2,4
2026-06-05 02:15:00,Checkout,6.0,3.0,142.4,2,4
2026-06-05 02:20:00,Entrance,6.0,8.0,53.1,2,4
2026-06-05 02:20:00,Dairy,5.0,5.0,199.1,2,4
2026-06-05 02:20:00,Bakery,3.0,5.0,174.7,2,4
2026-06-05 02:20:00,Produce,1.0,1.0,207.8,2,4
2026-06-05 02:20:00,Snacks,4.0,6.0,252.3,2,4
2026-06-05 02:20:00,Electronics,5.0,5.0,512.5,2,4
2026-06-05 02:20:00,Checkout,8.0,6.0,156.2,2,4
2026-06-05 02:25:00,Entrance,6.0,5.0,44.1,2,4
2026-06-05 02:25:00,Dairy,8.0,7.0,150.6,2,4
2026-06-05 02:25:00,Bakery,6.0,8.0,197.3,2,4
2026-06-05 02:25:00,Produce,2.0,1.0,147.3,2,4
2026-06-05 02:25:00,Snacks,4.0,2.0,262.9,2,4
2026-06-05 02:25:00,Electronics,2.0,0.0,245.6,2,4
2026-06-05 02:25:00,Checkout,4.0,2.0,162.6,2,4
2026-06-05 02:30:00,Entrance,8.0,9.0,55.3,2,4
2026-06-05 02:30:00,Dairy,4.0,3.0,208.7,2,4
2026-06-05 02:30:00,Bakery,4.0,5.0,141.6,2,4
2026-06-05 02:30:00,Produce,4.0,6.0,241.3,2,4
2026-06-05 02:30:00,Snacks,4.0,4.0,185.9,2,4
2026-06-05 02:30:00,Electronics,1.0,1.0,298.3,2,4
2026-06-05 02:30:00,Checkout,,6.0,195.0,2,4
2026-06-05 02:35:00,Entrance,2.0,0.0,49.2,2,4
2026-06-05 02:35:00,Dairy,,5.0,163.4,2,4
2026-06-05 02:35:00,Bakery,2.0,1.0,,2,4
2026-06-05 02:35:00,Produce,4.0,3.0,193.5,2,4
2026-06-05 02:35:00,Snacks,6.0,6.0,132.8,2,4
2026-06-05 02:35:00,Electronics,2.0,2.0,349.1,2,4
2026-06-05 02:35:00,Checkout,6.0,6.0,143.6,2,4
2026-06-05 02:40:00,Entrance,8.0,6.0,69.6,2,4
2026-06-05 02:40:00,Dairy,3.0,,249.8,2,4
2026-06-05 02:40:00,Bakery,4.0,3.0,157.1,2,4
2026-06-05 02:40:00,Produce,0.0,0.0,286.2,2,4
2026-06-05 02:40:00,Snacks,5.0,7.0,128.2,2,4
2026-06-05 02:40:00,Electronics,2.0,2.0,459.2,2,4
2026-06-05 02:40:00,Checkout,6.0,6.0,180.8,2,4
2026-06-05 02:45:00,Entrance,4.0,5.0,60.1,2,4
2026-06-05 02:45:00,Dairy,4.0,3.0,174.8,2,4
2026-06-05 02:45:00,Bakery,1.0,0.0,174.3,2,4
2026-06-05 02:45:00,Produce,7.0,7.0,237.1,2,4
2026-06-05 02:45:00,Snacks,3.0,1.0,191.2,2,4
2026-06-05 02:45:00,Electronics,2.0,2.0,305.2,2,4
2026-06-05 02:45:00,Checkout,2.0,3.0,157.3,2,4
2026-06-05 02:50:00,Entrance,8.0,8.0,17.9,2,4
2026-06-05 02:50:00,Dairy,4.0,5.0,210.5,2,4
2026-06-05 02:50:00,Bakery,6.0,4.0,208.5,2,4
2026-06-05 02:50:00,Produce,4.0,0.0,211.0,2,4
2026-06-05 02:50:00,Snacks,5.0,3.0,203.7,2,4
2026-06-05 02:50:00,Electronics,3.0,3.0,316.0,2,4
2026-06-05 02:50:00,Checkout,6.0,5.0,167.4,2,4
2026-06-05 02:55:00,Entrance,6.0,2.0,52.2,2,4
2026-06-05 02:55:00,Dairy,2.0,0.0,206.9,2,4
2026-06-05 02:55:00,Bakery,4.0,2.0,243.4,2,4
2026-06-05 02:55:00,Produce,4.0,3.0,241.6,2,4
2026-06-05 02:55:00,Snacks,3.0,0.0,239.8,2,4
2026-06-05 02:55:00,Electronics,1.0,0.0,397.3,2,4
2026-06-05 02:55:00,Checkout,5.0,5.0,103.3,2,4
2026-06-05 03:00:00,Entrance,4.0,5.0,65.6,3,4
2026-06-05 03:00:00,Dairy,8.0,8.0,215.7,3,4
2026-06-05 03:00:00,Bakery,2.0,0.0,189.9,3,4
2026-06-05 03:00:00,Produce,4.0,2.0,150.4,3,4
2026-06-05 03:00:00,Snacks,4.0,4.0,212.1,3,4
2026-06-05 03:00:00,Electronics,3.0,1.0,332.9,3,4
2026-06-05 03:00:00,Checkout,5.0,7.0,120.3,3,4
2026-06-05 03:05:00,Entrance,6.0,6.0,39.0,3,4
2026-06-05 03:05:00,Dairy,2.0,0.0,207.2,3,4
2026-06-05 03:05:00,Bakery,1.0,0.0,233.3,3,4
2026-06-05 03:05:00,Produce,8.0,4.0,196.2,3,4
2026-06-05 03:05:00,Snacks,3.0,1.0,234.4,3,4
2026-06-05 03:05:00,Electronics,3.0,1.0,377.4,3,4
2026-06-05 03:05:00,Checkout,5.0,,221.9,3,4
2026-06-05 03:10:00,Entrance,5.0,5.0,40.5,3,4
2026-06-05 03:10:00,Dairy,2.0,0.0,158.8,3,4
2026-06-05 03:10:00,Bakery,2.0,0.0,219.9,3,4
2026-06-05 03:10:00,Produce,5.0,6.0,138.5,3,4
2026-06-05 03:10:00,Snacks,3.0,2.0,150.4,3,4
2026-06-05 03:10:00,Electronics,2.0,0.0,362.5,3,4
2026-06-05 03:10:00,Checkout,4.0,5.0,167.0,3,4
2026-06-05 03:15:00,Entrance,8.0,7.0,42.5,3,4
2026-06-05 03:15:00,Dairy,4.0,5.0,209.3,3,4
2026-06-05 03:15:00,Bakery,6.0,3.0,274.9,3,4
2026-06-05 03:15:00,Produce,3.0,0.0,263.8,3,4
2026-06-05 03:15:00,Snacks,3.0,0.0,181.2,3,4
2026-06-05 03:15:00,Electronics,2.0,2.0,315.9,3,4
2026-06-05 03:15:00,Checkout,2.0,4.0,138.5,3,4
2026-06-05 03:20:00,Entrance,6.0,5.0,47.5,3,4
2026-06-05 03:20:00,Dairy,6.0,7.0,232.9,3,4
2026-06-05 03:20:00,Bakery,2.0,0.0,95.2,3,4
2026-06-05 03:20:00,Produce,5.0,4.0,224.1,3,4
2026-06-05 03:20:00,Snacks,2.0,2.0,238.5,3,4
2026-06-05 03:20:00,Electronics,4.0,3.0,435.3,3,4
2026-06-05 03:20:00,Checkout,1.0,1.0,123.5,3,4
2026-06-05 03:25:00,Entrance,8.0,5.0,28.3,3,4
2026-06-05 03:25:00,Dairy,6.0,4.0,264.4,3,4
2026-06-05 03:25:00,Bakery,4.0,3.0,229.4,3,4
2026-06-05 03:25:00,Produce,4.0,5.0,227.3,3,4
2026-06-05 03:25:00,Snacks,2.0,2.0,194.3,3,4
2026-06-05 03:25:00,Electronics,2.0,2.0,158.4,3,4
2026-06-05 03:25:00,Checkout,8.0,9.0,130.3,3,4
2026-06-05 03:30:00,Entrance,4.0,5.0,22.5,3,4
2026-06-05 03:30:00,Dairy,9.0,11.0,218.2,3,4
2026-06-05 03:30:00,Bakery,2.0,1.0,223.2,3,4
2026-06-05 03:30:00,Produce,3.0,3.0,215.8,3,4
2026-06-05 03:30:00,Snacks,5.0,4.0,225.5,3,4
2026-06-05 03:30:00,Electronics,1.0,0.0,399.8,3,4
2026-06-05 03:30:00,Checkout,10.0,10.0,149.4,3,4
2026-06-05 03:35:00,Entrance,6.0,4.0,53.6,3,4
2026-06-05 03:35:00,Dairy,2.0,,249.2,3,4
2026-06-05 03:35:00,Bakery,2.0,4.0,247.3,3,4
2026-06-05 03:35:00,Produce,8.0,9.0,233.1,3,4
2026-06-05 03:35:00,Snacks,1.0,0.0,299.5,3,4
2026-06-05 03:35:00,Electronics,3.0,2.0,402.7,3,4
2026-06-05 03:35:00,Checkout,6.0,4.0,143.2,3,4
2026-06-05 03:40:00,Entrance,6.0,8.0,34.4,3,4
2026-06-05 03:40:00,Dairy,3.0,3.0,239.7,3,4
2026-06-05 03:40:00,Bakery,4.0,5.0,238.6,3,4
2026-06-05 03:40:00,Produce,4.0,5.0,208.0,3,4
2026-06-05 03:40:00,Snacks,2.0,2.0,227.1,3,4
2026-06-05 03:40:00,Electronics,0.0,0.0,473.5,3,4
2026-06-05 03:40:00,Checkout,2.0,1.0,156.4,3,4
2026-06-05 03:45:00,Entrance,6.0,6.0,43.8,3,4
2026-06-05 03:45:00,Dairy,5.0,4.0,220.8,3,4
2026-06-05 03:45:00,Bakery,0.0,0.0,234.6,3,4
2026-06-05 03:45:00,Produce,2.0,2.0,155.5,3,4
2026-06-05 03:45:00,Snacks,3.0,4.0,252.4,3,4
2026-06-05 03:45:00,Electronics,2.0,3.0,440.4,3,4
2026-06-05 03:45:00,Checkout,3.0,3.0,185.2,3,4
2026-06-05 03:50:00,Entrance,9.0,9.0,41.4,3,4
2026-06-05 03:50:00,Dairy,6.0,9.0,260.3,3,4
2026-06-05 03:50:00,Bakery,4.0,2.0,173.5,3,4
2026-06-05 03:50:00,Produce,4.0,2.0,138.1,3,4
2026-06-05 03:50:00,Snacks,3.0,4.0,172.4,3,4
2026-06-05 03:50:00,Electronics,5.0,3.0,497.9,3,4
2026-06-05 03:50:00,Checkout,3.0,2.0,241.6,3,4
2026-06-05 03:55:00,Entrance,7.0,5.0,43.2,3,4
2026-06-05 03:55:00,Dairy,3.0,3.0,316.9,3,4
2026-06-05 03:55:00,Bakery,5.0,7.0,234.5,3,4
2026-06-05 03:55:00,Produce,3.0,1.0,92.0,3,4
2026-06-05 03:55:00,Snacks,3.0,0.0,216.1,3,4
2026-06-05 03:55:00,Electronics,3.0,3.0,422.7,3,4
2026-06-05 03:55:00,Checkout,4.0,7.0,73.3,3,4
2026-06-05 04:00:00,Entrance,,8.0,39.5,4,4
2026-06-05 04:00:00,Dairy,9.0,11.0,90.4,4,4
2026-06-05 04:00:00,Bakery,5.0,5.0,174.2,4,4
2026-06-05 04:00:00,Produce,5.0,6.0,181.9,4,4
2026-06-05 04:00:00,Snacks,5.0,5.0,219.6,4,4
2026-06-05 04:00:00,Electronics,1.0,0.0,374.5,4,4
2026-06-05 04:00:00,Checkout,5.0,4.0,116.7,4,4
2026-06-05 04:05:00,Entrance,6.0,1.0,43.4,4,4
2026-06-05 04:05:00,Dairy,2.0,0.0,166.8,4,4
2026-06-05 04:05:00,Bakery,5.0,3.0,254.2,4,4
2026-06-05 04:05:00,Produce,4.0,4.0,265.9,4,4
2026-06-05 04:05:00,Snacks,3.0,0.0,104.8,4,4
2026-06-05 04:05:00,Electronics,0.0,0.0,242.0,4,4
2026-06-05 04:05:00,Checkout,8.0,8.0,31.3,4,4
2026-06-05 04:10:00,Entrance,8.0,7.0,49.4,4,4
2026-06-05 04:10:00,Dairy,6.0,,262.5,4,4
2026-06-05 04:10:00,Bakery,2.0,0.0,195.7,4,4
2026-06-05 04:10:00,Produce,11.0,11.0,255.9,4,4
2026-06-05 04:10:00,Snacks,1.0,3.0,230.4,4,4
2026-06-05 04:10:00,Electronics,1.0,0.0,238.1,4,4
2026-06-05 04:10:00,Checkout,4.0,1.0,203.4,4,4
2026-06-05 04:15:00,Entrance,6.0,4.0,38.3,4,4
2026-06-05 04:15:00,Dairy,10.0,11.0,269.2,4,4
2026-06-05 04:15:00,Bakery,8.0,9.0,192.6,4,4
2026-06-05 04:15:00,Produce,1.0,2.0,222.0,4,4
2026-06-05 04:15:00,Snacks,3.0,4.0,220.7,4,4
2026-06-05 04:15:00,Electronics,1.0,0.0,336.5,4,4
2026-06-05 04:15:00,Checkout,2.0,3.0,212.7,4,4
2026-06-05 04:20:00,Entrance,11.0,14.0,48.8,4,4
2026-06-05 04:20:00,Dairy,6.0,5.0,152.5,4,4
2026-06-05 04:20:00,Bakery,5.0,3.0,,4,4
2026-06-05 04:20:00,Produce,2.0,3.0,201.6,4,4
2026-06-05 04:20:00,Snacks,2.0,3.0,99.6,4,4
2026-06-05 04:20:00,Electronics,1.0,1.0,470.9,4,4
2026-06-05 04:20:00,Checkout,3.0,3.0,140.7,4,4
2026-06-05 04:25:00,Entrance,3.0,4.0,52.7,4,4
2026-06-05 04:25:00,Dairy,6.0,4.0,285.8,4,4
2026-06-05 04:25:00,Bakery,4.0,1.0,204.6,4,4
2026-06-05 04:25:00,Produce,8.0,8.0,245.0,4,4
2026-06-05 04:25:00,Snacks,3.0,0.0,277.2,4,4
2026-06-05 04:25:00,Electronics,2.0,0.0,390.6,4,4
2026-06-05 04:25:00,Checkout,3.0,3.0,187.7,4,4
2026-06-05 04:30:00,Entrance,3.0,0.0,50.3,4,4
2026-06-05 04:30:00,Dairy,5.0,4.0,230.0,4,4
2026-06-05 04:30:00,Bakery,9.0,6.0,192.7,4,4
2026-06-05 04:30:00,Produce,6.0,6.0,201.8,4,4
2026-06-05 04:30:00,Snacks,8.0,8.0,205.3,4,4
2026-06-05 04:30:00,Electronics,1.0,2.0,510.7,4,4
2026-06-05 04:30:00,Checkout,3.0,3.0,179.9,4,4
2026-06-05 04:35:00,Entrance,9.0,10.0,33.1,4,4
2026-06-05 04:35:00,Dairy,5.0,5.0,203.2,4,4
2026-06-05 04:35:00,Bakery,2.0,2.0,257.3,4,4
2026-06-05 04:35:00,Produce,4.0,4.0,245.2,4,4
2026-06-05 04:35:00,Snacks,5.0,6.0,222.8,4,4
2026-06-05 04:35:00,Electronics,3.0,6.0,414.2,4,4
2026-06-05 04:35:00,Checkout,6.0,7.0,207.7,4,4
2026-06-05 04:40:00,Entrance,9.0,8.0,43.6,4,4
2026-06-05 04:40:00,Dairy,5.0,6.0,181.1,4,4
2026-06-05 04:40:00,Bakery,4.0,2.0,307.6,4,4
2026-06-05 04:40:00,Produce,4.0,5.0,159.3,4,4
2026-06-05 04:40:00,Snacks,1.0,0.0,218.1,4,4
2026-06-05 04:40:00,Electronics,3.0,4.0,380.1,4,4
2026-06-05 04:40:00,Checkout,,3.0,195.8,4,4
2026-06-05 04:45:00,Entrance,5.0,3.0,39.9,4,4
2026-06-05 04:45:00,Dairy,2.0,1.0,320.2,4,4
2026-06-05 04:45:00,Bakery,5.0,6.0,157.3,4,4
2026-06-05 04:45:00,Produce,3.0,6.0,222.0,4,4
2026-06-05 04:45:00,Snacks,3.0,0.0,250.0,4,4
2026-06-05 04:45:00,Electronics,2.0,3.0,346.1,4,4
2026-06-05 04:45:00,Checkout,4.0,4.0,170.5,4,4
2026-06-05 04:50:00,Entrance,6.0,8.0,49.9,4,4
2026-06-05 04:50:00,Dairy,6.0,4.0,151.7,4,4
2026-06-05 04:50:00,Bakery,6.0,4.0,321.0,4,4
2026-06-05 04:50:00,Produce,5.0,7.0,264.1,4,4
2026-06-05 04:50:00,Snacks,4.0,3.0,149.8,4,4
2026-06-05 04:50:00,Electronics,4.0,1.0,395.4,4,4
2026-06-05 04:50:00,Checkout,5.0,3.0,134.7,4,4
2026-06-05 04:55:00,Entrance,7.0,9.0,53.2,4,4
2026-06-05 04:55:00,Dairy,11.0,11.0,245.4,4,4
2026-06-05 04:55:00,Bakery,0.0,0.0,254.5,4,4
2026-06-05 04:55:00,Produce,2.0,2.0,255.3,4,4
2026-06-05 04:55:00,Snacks,7.0,7.0,181.1,4,4
2026-06-05 04:55:00,Electronics,1.0,0.0,176.6,4,4
2026-06-05 04:55:00,Checkout,5.0,5.0,131.6,4,4
2026-06-05 05:00:00,Entrance,9.0,7.0,44.9,5,4
2026-06-05 05:00:00,Dairy,2.0,0.0,187.4,5,4
2026-06-05 05:00:00,Bakery,1.0,3.0,253.8,5,4
2026-06-05 05:00:00,Produce,2.0,3.0,319.8,5,4
2026-06-05 05:00:00,Snacks,3.0,3.0,156.3,5,4
2026-06-05 05:00:00,Electronics,2.0,2.0,205.3,5,4
2026-06-05 05:00:00,Checkout,3.0,0.0,110.0,5,4
2026-06-05 05:05:00,Entrance,4.0,4.0,23.5,5,4
2026-06-05 05:05:00,Dairy,3.0,3.0,290.2,5,4
2026-06-05 05:05:00,Bakery,2.0,2.0,341.3,5,4
2026-06-05 05:05:00,Produce,5.0,6.0,198.4,5,4
2026-06-05 05:05:00,Snacks,2.0,1.0,248.5,5,4
2026-06-05 05:05:00,Electronics,2.0,0.0,316.7,5,4
2026-06-05 05:05:00,Checkout,1.0,1.0,231.0,5,4
2026-06-05 05:10:00,Entrance,8.0,9.0,49.7,5,4
2026-06-05 05:10:00,Dairy,5.0,6.0,235.6,5,4
2026-06-05 05:10:00,Bakery,4.0,3.0,293.1,5,4
2026-06-05 05:10:00,Produce,4.0,1.0,190.5,5,4
2026-06-05 05:10:00,Snacks,2.0,0.0,296.0,5,4
2026-06-05 05:10:00,Electronics,1.0,3.0,295.9,5,4
2026-06-05 05:10:00,Checkout,5.0,5.0,152.3,5,4
2026-06-05 05:15:00,Entrance,11.0,12.0,44.1,5,4
2026-06-05 05:15:00,Dairy,2.0,2.0,175.7,5,4
2026-06-05 05:15:00,Bakery,2.0,2.0,165.8,5,4
2026-06-05 05:15:00,Produce,4.0,4.0,152.9,5,4
2026-06-05 05:15:00,Snacks,6.0,7.0,243.0,5,4
2026-06-05 05:15:00,Electronics,3.0,3.0,474.8,5,4
2026-06-05 05:15:00,Checkout,6.0,4.0,221.7,5,4
2026-06-05 05:20:00,Entrance,5.0,5.0,28.6,5,4
2026-06-05 05:20:00,Dairy,4.0,3.0,215.6,5,4
2026-06-05 05:20:00,Bakery,1.0,1.0,178.2,5,4
2026-06-05 05:20:00,Produce,5.0,5.0,181.7,5,4
2026-06-05 05:20:00,Snacks,4.0,4.0,286.3,5,4
2026-06-05 05:20:00,Electronics,4.0,5.0,342.4,5,4
2026-06-05 05:20:00,Checkout,4.0,5.0,201.5,5,4
2026-06-05 05:25:00,Entrance,2.0,0.0,31.5,5,4
2026-06-05 05:25:00,Dairy,0.0,0.0,99.9,5,4
2026-06-05 05:25:00,Bakery,5.0,7.0,146.8,5,4
2026-06-05 05:25:00,Produce,5.0,3.0,111.7,5,4
2026-06-05 05:25:00,Snacks,6.0,5.0,297.5,5,4
2026-06-05 05:25:00,Electronics,2.0,0.0,423.6,5,4
2026-06-05 05:25:00,Checkout,7.0,5.0,97.3,5,4
2026-06-05 05:30:00,Entrance,2.0,3.0,65.6,5,4
2026-06-05 05:30:00,Dairy,5.0,4.0,161.8,5,4
2026-06-05 05:30:00,Bakery,3.0,4.0,291.2,5,4
2026-06-05 05:30:00,Produce,2.0,0.0,175.6,5,4
2026-06-05 05:30:00,Snacks,6.0,4.0,225.7,5,4
2026-06-05 05:30:00,Electronics,3.0,4.0,363.5,5,4
2026-06-05 05:30:00,Checkout,2.0,0.0,191.2,5,4
2026-06-05 05:35:00,Entrance,8.0,6.0,,5,4
2026-06-05 05:35:00,Dairy,2.0,2.0,226.9,5,4
2026-06-05 05:35:00,Bakery,0.0,0.0,192.2,5,4
2026-06-05 05:35:00,Produce,6.0,6.0,153.5,5,4
2026-06-05 05:35:00,Snacks,3.0,2.0,211.5,5,4
2026-06-05 05:35:00,Electronics,6.0,5.0,438.5,5,4
2026-06-05 05:35:00,Checkout,5.0,4.0,123.9,5,4
2026-06-05 05:40:00,Entrance,9.0,9.0,50.4,5,4
2026-06-05 05:40:00,Dairy,,5.0,161.8,5,4
2026-06-05 05:40:00,Bakery,0.0,1.0,220.1,5,4
2026-06-05 05:40:00,Produce,5.0,2.0,236.6,5,4
2026-06-05 05:40:00,Snacks,2.0,3.0,146.2,5,4
2026-06-05 05:40:00,Electronics,3.0,3.0,448.2,5,4
2026-06-05 05:40:00,Checkout,5.0,5.0,159.0,5,4
2026-06-05 05:45:00,Entrance,9.0,8.0,15.0,5,4
2026-06-05 05:45:00,Dairy,9.0,8.0,244.0,5,4
2026-06-05 05:45:00,Bakery,5.0,6.0,204.8,5,4
2026-06-05 05:45:00,Produce,4.0,3.0,221.4,5,4
2026-06-05 05:45:00,Snacks,1.0,0.0,,5,4
2026-06-05 05:45:00,Electronics,0.0,0.0,291.6,5,4
2026-06-05 05:45:00,Checkout,6.0,8.0,227.7,5,4
2026-06-05 05:50:00,Entrance,6.0,6.0,54.4,5,4
2026-06-05 05:50:00,Dairy,4.0,2.0,240.7,5,4
2026-06-05 05:50:00,Bakery,4.0,3.0,172.9,5,4
2026-06-05 05:50:00,Produce,2.0,0.0,170.8,5,4
2026-06-05 05:50:00,Snacks,8.0,6.0,198.9,5,4
2026-06-05 05:50:00,Electronics,2.0,3.0,388.2,5,4
2026-06-05 05:50:00,Checkout,3.0,5.0,159.2,5,4
2026-06-05 05:55:00,Entrance,7.0,6.0,47.4,5,4
2026-06-05 05:55:00,Dairy,2.0,3.0,163.4,5,4
2026-06-05 05:55:00,Bakery,,3.0,165.4,5,4
2026-06-05 05:55:00,Produce,3.0,5.0,197.9,5,4
2026-06-05 05:55:00,Snacks,5.0,4.0,211.0,5,4
2026-06-05 05:55:00,Electronics,4.0,8.0,487.9,5,4
2026-06-05 05:55:00,Checkout,5.0,5.0,184.7,5,4
2026-06-05 06:00:00,Entrance,7.0,8.0,68.4,6,4
2026-06-05 06:00:00,Dairy,2.0,0.0,182.8,6,4
2026-06-05 06:00:00,Bakery,2.0,2.0,103.2,6,4
2026-06-05 06:00:00,Produce,2.0,3.0,205.1,6,4
2026-06-05 06:00:00,Snacks,4.0,2.0,284.4,6,4
2026-06-05 06:00:00,Electronics,5.0,5.0,414.8,6,4
2026-06-05 06:00:00,Checkout,5.0,3.0,166.9,6,4
2026-06-05 06:05:00,Entrance,4.0,5.0,45.7,6,4
2026-06-05 06:05:00,Dairy,2.0,2.0,175.5,6,4
2026-06-05 06:05:00,Bakery,2.0,3.0,150.2,6,4
2026-06-05 06:05:00,Produce,2.0,2.0,208.5,6,4
2026-06-05 06:05:00,Snacks,1.0,3.0,205.9,6,4
2026-06-05 06:05:00,Electronics,0.0,0.0,370.4,6,4
2026-06-05 06:05:00,Checkout,6.0,5.0,159.1,6,4
2026-06-05 06:10:00,Entrance,6.0,7.0,49.5,6,4
2026-06-05 06:10:00,Dairy,3.0,2.0,204.8,6,4
2026-06-05 06:10:00,Bakery,6.0,5.0,196.8,6,4
2026-06-05 06:10:00,Produce,4.0,2.0,94.7,6,4
2026-06-05 06:10:00,Snacks,8.0,6.0,107.4,6,4
2026-06-05 06:10:00,Electronics,2.0,0.0,241.8,6,4
2026-06-05 06:10:00,Checkout,4.0,4.0,123.6,6,4
2026-06-05 06:15:00,Entrance,4.0,4.0,53.6,6,4
2026-06-05 06:15:00,Dairy,6.0,6.0,240.5,6,4
2026-06-05 06:15:00,Bakery,4.0,3.0,213.8,6,4
2026-06-05 06:15:00,Produce,8.0,9.0,219.9,6,4
2026-06-05 06:15:00,Snacks,5.0,4.0,127.2,6,4
2026-06-05 06:15:00,Electronics,2.0,0.0,352.6,6,4
2026-06-05 06:15:00,Checkout,7.0,9.0,127.9,6,4
2026-06-05 06:20:00,Entrance,9.0,8.0,41.3,6,4
2026-06-05 06:20:00,Dairy,4.0,3.0,169.1,6,4
2026-06-05 06:20:00,Bakery,4.0,2.0,243.4,6,4
2026-06-05 06:20:00,Produce,5.0,4.0,128.4,6,4
2026-06-05 06:20:00,Snacks,2.0,1.0,166.8,6,4
2026-06-05 06:20:00,Electronics,3.0,4.0,255.4,6,4
2026-06-05 06:20:00,Checkout,4.0,3.0,99.1,6,4
2026-06-05 06:25:00,Entrance,10.0,10.0,44.0,6,4
2026-06-05 06:25:00,Dairy,6.0,4.0,192.1,6,4
2026-06-05 06:25:00,Bakery,3.0,2.0,227.5,6,4
2026-06-05 06:25:00,Produce,2.0,1.0,278.4,6,4
2026-06-05 06:25:00,Snacks,2.0,2.0,139.0,6,4
2026-06-05 06:25:00,Electronics,1.0,0.0,439.1,6,4
2026-06-05 06:25:00,Checkout,4.0,5.0,106.3,6,4
2026-06-05 06:30:00,Entrance,3.0,3.0,37.1,6,4
2026-06-05 06:30:00,Dairy,4.0,6.0,224.1,6,4
2026-06-05 06:30:00,Bakery,4.0,6.0,301.1,6,4
2026-06-05 06:30:00,Produce,4.0,2.0,286.3,6,4
2026-06-05 06:30:00,Snacks,4.0,2.0,201.4,6,4
2026-06-05 06:30:00,Electronics,1.0,1.0,401.5,6,4
2026-06-05 06:30:00,Checkout,3.0,3.0,223.3,6,4
2026-06-05 06:35:00,Entrance,6.0,4.0,23.2,6,4
2026-06-05 06:35:00,Dairy,3.0,3.0,171.1,6,4
2026-06-05 06:35:00,Bakery,1.0,0.0,244.6,6,4
2026-06-05 06:35:00,Produce,3.0,4.0,207.6,6,4
2026-06-05 06:35:00,Snacks,4.0,4.0,241.9,6,4
2026-06-05 06:35:00,Electronics,2.0,0.0,195.0,6,4
2026-06-05 06:35:00,Checkout,3.0,0.0,165.4,6,4
2026-06-05 06:40:00,Entrance,9.0,11.0,48.5,6,4
2026-06-05 06:40:00,Dairy,5.0,4.0,213.0,6,4
2026-06-05 06:40:00,Bakery,4.0,3.0,269.6,6,4
2026-06-05 06:40:00,Produce,6.0,4.0,183.9,6,4
2026-06-05 06:40:00,Snacks,1.0,1.0,244.8,6,4
2026-06-05 06:40:00,Electronics,2.0,4.0,371.3,6,4
2026-06-05 06:40:00,Checkout,1.0,0.0,174.9,6,4
2026-06-05 06:45:00,Entrance,3.0,1.0,46.2,6,4
2026-06-05 06:45:00,Dairy,5.0,4.0,251.6,6,4
2026-06-05 06:45:00,Bakery,2.0,2.0,140.5,6,4
2026-06-05 06:45:00,Produce,7.0,8.0,213.1,6,4
2026-06-05 06:45:00,Snacks,7.0,6.0,211.3,6,4
2026-06-05 06:45:00,Electronics,5.0,6.0,404.9,6,4
2026-06-05 06:45:00,Checkout,2.0,0.0,241.6,6,4
2026-06-05 06:50:00,Entrance,8.0,8.0,45.8,6,4
2026-06-05 06:50:00,Dairy,6.0,8.0,300.4,6,4
2026-06-05 06:50:00,Bakery,5.0,3.0,201.5,6,4
2026-06-05 06:50:00,Produce,4.0,3.0,249.5,6,4
2026-06-05 06:50:00,Snacks,3.0,2.0,248.9,6,4
2026-06-05 06:50:00,Electronics,4.0,3.0,205.6,6,4
2026-06-05 06:50:00,Checkout,6.0,4.0,172.2,6,4
2026-06-05 06:55:00,Entrance,7.0,7.0,64.2,6,4
2026-06-05 06:55:00,Dairy,4.0,2.0,111.6,6,4
2026-06-05 06:55:00,Bakery,3.0,0.0,173.9,6,4
2026-06-05 06:55:00,Produce,2.0,1.0,211.0,6,4
2026-06-05 06:55:00,Snacks,4.0,5.0,169.1,6,4
2026-06-05 06:55:00,Electronics,2.0,0.0,443.6,6,4
2026-06-05 06:55:00,Checkout,4.0,4.0,170.8,6,4
2026-06-05 07:00:00,Entrance,7.0,5.0,44.3,7,4
2026-06-05 07:00:00,Dairy,2.0,2.0,257.9,7,4
2026-06-05 07:00:00,Bakery,6.0,6.0,290.6,7,4
2026-06-05 07:00:00,Produce,3.0,3.0,342.7,7,4
2026-06-05 07:00:00,Snacks,4.0,1.0,296.2,7,4
2026-06-05 07:00:00,Electronics,1.0,1.0,387.5,7,4
2026-06-05 07:00:00,Checkout,5.0,3.0,79.8,7,4
2026-06-05 07:05:00,Entrance,6.0,5.0,40.7,7,4
2026-06-05 07:05:00,Dairy,4.0,2.0,159.5,7,4
2026-06-05 07:05:00,Bakery,4.0,2.0,218.6,7,4
2026-06-05 07:05:00,Produce,3.0,1.0,293.3,7,4
2026-06-05 07:05:00,Snacks,3.0,1.0,221.6,7,4
2026-06-05 07:05:00,Electronics,3.0,3.0,485.8,7,4
2026-06-05 07:05:00,Checkout,10.0,10.0,79.2,7,4
2026-06-05 07:10:00,Entrance,5.0,5.0,51.8,7,4
2026-06-05 07:10:00,Dairy,7.0,8.0,206.7,7,4
2026-06-05 07:10:00,Bakery,,3.0,212.0,7,4
2026-06-05 07:10:00,Produce,0.0,0.0,107.4,7,4
2026-06-05 07:10:00,Snacks,2.0,1.0,230.1,7,4
2026-06-05 07:10:00,Electronics,5.0,4.0,525.7,7,4
2026-06-05 07:10:00,Checkout,3.0,2.0,213.7,7,4
2026-06-05 07:15:00,Entrance,4.0,4.0,49.7,7,4
2026-06-05 07:15:00,Dairy,3.0,4.0,218.2,7,4
2026-06-05 07:15:00,Bakery,2.0,2.0,274.1,7,4
2026-06-05 07:15:00,Produce,3.0,1.0,266.4,7,4
2026-06-05 07:15:00,Snacks,3.0,0.0,247.5,7,4
2026-06-05 07:15:00,Electronics,1.0,0.0,410.4,7,4
2026-06-05 07:15:00,Checkout,5.0,5.0,193.5,7,4
2026-06-05 07:20:00,Entrance,4.0,3.0,50.3,7,4
2026-06-05 07:20:00,Dairy,2.0,4.0,237.5,7,4
2026-06-05 07:20:00,Bakery,3.0,2.0,146.4,7,4
2026-06-05 07:20:00,Produce,1.0,0.0,300.3,7,4
2026-06-05 07:20:00,Snacks,2.0,3.0,219.2,7,4
2026-06-05 07:20:00,Electronics,4.0,2.0,314.0,7,4
2026-06-05 07:20:00,Checkout,3.0,3.0,137.6,7,4
2026-06-05 07:25:00,Entrance,4.0,5.0,52.4,7,4
2026-06-05 07:25:00,Dairy,3.0,2.0,230.6,7,4
2026-06-05 07:25:00,Bakery,4.0,2.0,242.9,7,4
2026-06-05 07:25:00,Produce,6.0,4.0,151.2,7,4
2026-06-05 07:25:00,Snacks,5.0,4.0,189.0,7,4
2026-06-05 07:25:00,Electronics,1.0,0.0,474.0,7,4
2026-06-05 07:25:00,Checkout,11.0,11.0,118.6,7,4
2026-06-05 07:30:00,Entrance,5.0,3.0,16.9,7,4
2026-06-05 07:30:00,Dairy,5.0,4.0,207.9,7,4
2026-06-05 07:30:00,Bakery,5.0,3.0,261.0,7,4
2026-06-05 07:30:00,Produce,1.0,2.0,249.0,7,4
2026-06-05 07:30:00,Snacks,4.0,,239.4,7,4
2026-06-05 07:30:00,Electronics,1.0,2.0,386.8,7,4
2026-06-05 07:30:00,Checkout,8.0,9.0,71.2,7,4
2026-06-05 07:35:00,Entrance,,4.0,41.1,7,4
2026-06-05 07:35:00,Dairy,2.0,1.0,258.3,7,4
2026-06-05 07:35:00,Bakery,2.0,2.0,272.2,7,4
2026-06-05 07:35:00,Produce,8.0,6.0,196.6,7,4
2026-06-05 07:35:00,Snacks,5.0,6.0,229.8,7,4
2026-06-05 07:35:00,Electronics,3.0,2.0,478.9,7,4
2026-06-05 07:35:00,Checkout,8.0,8.0,134.9,7,4
2026-06-05 07:40:00,Entrance,9.0,,24.0,7,4
2026-06-05 07:40:00,Dairy,5.0,4.0,262.4,7,4
2026-06-05 07:40:00,Bakery,2.0,2.0,228.9,7,4
2026-06-05 07:40:00,Produce,5.0,6.0,197.7,7,4
2026-06-05 07:40:00,Snacks,5.0,4.0,281.6,7,4
2026-06-05 07:40:00,Electronics,4.0,4.0,161.4,7,4
2026-06-05 07:40:00,Checkout,11.0,8.0,139.8,7,4
2026-06-05 07:45:00,Entrance,5.0,4.0,65.4,7,4
2026-06-05 07:45:00,Dairy,1.0,1.0,179.5,7,4
2026-06-05 07:45:00,Bakery,4.0,2.0,131.4,7,4
2026-06-05 07:45:00,Produce,7.0,7.0,246.5,7,4
2026-06-05 07:45:00,Snacks,4.0,6.0,300.6,7,4
2026-06-05 07:45:00,Electronics,5.0,3.0,419.3,7,4
2026-06-05 07:45:00,Checkout,3.0,0.0,150.6,7,4
2026-06-05 07:50:00,Entrance,7.0,8.0,72.9,7,4
2026-06-05 07:50:00,Dairy,9.0,8.0,172.9,7,4
2026-06-05 07:50:00,Bakery,4.0,2.0,,7,4
2026-06-05 07:50:00,Produce,4.0,4.0,214.5,7,4
2026-06-05 07:50:00,Snacks,6.0,6.0,184.4,7,4
2026-06-05 07:50:00,Electronics,1.0,2.0,315.0,7,4
2026-06-05 07:50:00,Checkout,5.0,3.0,130.8,7,4
2026-06-05 07:55:00,Entrance,6.0,5.0,44.5,7,4
2026-06-05 07:55:00,Dairy,4.0,3.0,184.1,7,4
2026-06-05 07:55:00,Bakery,6.0,6.0,275.5,7,4
2026-06-05 07:55:00,Produce,3.0,3.0,212.3,7,4
2026-06-05 07:55:00,Snacks,4.0,3.0,252.6,7,4
2026-06-05 07:55:00,Electronics,1.0,0.0,349.9,7,4
2026-06-05 07:55:00,Checkout,4.0,5.0,110.9,7,4
2026-06-05 08:00:00,Entrance,9.0,9.0,71.4,8,4
2026-06-05 08:00:00,Dairy,1.0,2.0,146.1,8,4
2026-06-05 08:00:00,Bakery,1.0,0.0,239.8,8,4
2026-06-05 08:00:00,Produce,1.0,4.0,152.6,8,4
2026-06-05 08:00:00,Snacks,2.0,2.0,307.2,8,4
2026-06-05 08:00:00,Electronics,1.0,1.0,316.0,8,4
2026-06-05 08:00:00,Checkout,8.0,6.0,210.3,8,4
2026-06-05 08:05:00,Entrance,7.0,4.0,53.3,8,4
2026-06-05 08:05:00,Dairy,0.0,2.0,154.2,8,4
2026-06-05 08:05:00,Bakery,3.0,4.0,192.7,8,4
2026-06-05 08:05:00,Produce,2.0,1.0,269.3,8,4
2026-06-05 08:05:00,Snacks,2.0,0.0,273.1,8,4
2026-06-05 08:05:00,Electronics,4.0,5.0,354.1,8,4
2026-06-05 08:05:00,Checkout,3.0,0.0,72.8,8,4
2026-06-05 08:10:00,Entrance,6.0,5.0,39.7,8,4
2026-06-05 08:10:00,Dairy,2.0,1.0,92.7,8,4
2026-06-05 08:10:00,Bakery,5.0,3.0,220.1,8,4
2026-06-05 08:10:00,Produce,7.0,4.0,257.9,8,4
2026-06-05 08:10:00,Snacks,4.0,3.0,285.6,8,4
2026-06-05 08:10:00,Electronics,3.0,3.0,341.5,8,4
2026-06-05 08:10:00,Checkout,3.0,1.0,157.2,8,4
2026-06-05 08:15:00,Entrance,8.0,5.0,30.5,8,4
2026-06-05 08:15:00,Dairy,6.0,3.0,275.6,8,4
2026-06-05 08:15:00,Bakery,5.0,6.0,267.2,8,4
2026-06-05 08:15:00,Produce,0.0,0.0,198.2,8,4
2026-06-05 08:15:00,Snacks,5.0,4.0,314.3,8,4
2026-06-05 08:15:00,Electronics,0.0,0.0,564.2,8,4
2026-06-05 08:15:00,Checkout,4.0,4.0,128.7,8,4
2026-06-05 08:20:00,Entrance,,8.0,49.4,8,4
2026-06-05 08:20:00,Dairy,2.0,1.0,251.5,8,4
2026-06-05 08:20:00,Bakery,6.0,8.0,265.8,8,4
2026-06-05 08:20:00,Produce,3.0,2.0,133.1,8,4
2026-06-05 08:20:00,Snacks,2.0,1.0,129.2,8,4
2026-06-05 08:20:00,Electronics,0.0,0.0,129.7,8,4
2026-06-05 08:20:00,Checkout,8.0,,228.2,8,4
2026-06-05 08:25:00,Entrance,7.0,7.0,39.5,8,4
2026-06-05 08:25:00,Dairy,4.0,2.0,113.3,8,4
2026-06-05 08:25:00,Bakery,0.0,0.0,258.8,8,4
2026-06-05 08:25:00,Produce,4.0,5.0,216.7,8,4
2026-06-05 08:25:00,Snacks,5.0,4.0,222.7,8,4
2026-06-05 08:25:00,Electronics,4.0,6.0,372.4,8,4
2026-06-05 08:25:00,Checkout,6.0,6.0,74.4,8,4
2026-06-05 08:30:00,Entrance,8.0,8.0,46.1,8,4
2026-06-05 08:30:00,Dairy,0.0,0.0,278.1,8,4
2026-06-05 08:30:00,Bakery,4.0,8.0,201.2,8,4
2026-06-05 08:30:00,Produce,6.0,5.0,243.0,8,4
2026-06-05 08:30:00,Snacks,4.0,4.0,248.0,8,4
2026-06-05 08:30:00,Electronics,2.0,1.0,438.2,8,4
2026-06-05 08:30:00,Checkout,7.0,6.0,183.2,8,4
2026-06-05 08:35:00,Entrance,6.0,7.0,58.7,8,4
2026-06-05 08:35:00,Dairy,4.0,4.0,189.6,8,4
2026-06-05 08:35:00,Bakery,4.0,0.0,340.0,8,4
2026-06-05 08:35:00,Produce,7.0,7.0,272.4,8,4
2026-06-05 08:35:00,Snacks,3.0,0.0,130.1,8,4
2026-06-05 08:35:00,Electronics,4.0,5.0,538.2,8,4
2026-06-05 08:35:00,Checkout,5.0,5.0,145.0,8,4
2026-06-05 08:40:00,Entrance,2.0,1.0,25.7,8,4
2026-06-05 08:40:00,Dairy,3.0,3.0,214.9,8,4
2026-06-05 08:40:00,Bakery,4.0,3.0,207.3,8,4
2026-06-05 08:40:00,Produce,4.0,5.0,166.4,8,4
2026-06-05 08:40:00,Snacks,2.0,0.0,154.8,8,4
2026-06-05 08:40:00,Electronics,1.0,0.0,205.2,8,4
2026-06-05 08:40:00,Checkout,2.0,4.0,242.0,8,4
2026-06-05 08:45:00,Entrance,7.0,6.0,48.5,8,4
2026-06-05 08:45:00,Dairy,2.0,3.0,207.5,8,4
2026-06-05 08:45:00,Bakery,2.0,0.0,199.5,8,4
2026-06-05 08:45:00,Produce,5.0,6.0,205.2,8,4
2026-06-05 08:45:00,Snacks,2.0,1.0,148.8,8,4
2026-06-05 08:45:00,Electronics,2.0,4.0,435.8,8,4
2026-06-05 08:45:00,Checkout,8.0,7.0,208.8,8,4
2026-06-05 08:50:00,Entrance,8.0,8.0,63.1,8,4
2026-06-05 08:50:00,Dairy,1.0,1.0,170.5,8,4
2026-06-05 08:50:00,Bakery,4.0,4.0,257.2,8,4
2026-06-05 08:50:00,Produce,3.0,1.0,177.4,8,4
2026-06-05 08:50:00,Snacks,4.0,3.0,183.3,8,4
2026-06-05 08:50:00,Electronics,2.0,2.0,411.2,8,4
2026-06-05 08:50:00,Checkout,5.0,4.0,158.5,8,4
2026-06-05 08:55:00,Entrance,5.0,4.0,33.2,8,4
2026-06-05 08:55:00,Dairy,5.0,5.0,220.1,8,4
2026-06-05 08:55:00,Bakery,4.0,1.0,172.2,8,4
2026-06-05 08:55:00,Produce,3.0,5.0,207.9,8,4
2026-06-05 08:55:00,Snacks,,6.0,180.7,8,4
2026-06-05 08:55:00,Electronics,1.0,0.0,354.0,8,4
2026-06-05 08:55:00,Checkout,5.0,6.0,148.8,8,4
2026-06-05 09:00:00,Entrance,36.0,35.0,67.0,9,4
2026-06-05 09:00:00,Dairy,16.0,15.0,271.0,9,4
2026-06-05 09:00:00,Bakery,14.0,11.0,226.3,9,4
2026-06-05 09:00:00,Produce,25.0,23.0,181.6,9,4
2026-06-05 09:00:00,Snacks,12.0,11.0,247.0,9,4
2026-06-05 09:00:00,Electronics,15.0,11.0,408.0,9,4
2026-06-05 09:00:00,Checkout,26.0,25.0,230.2,9,4
2026-06-05 09:05:00,Entrance,30.0,33.0,45.3,9,4
2026-06-05 09:05:00,Dairy,20.0,19.0,181.6,9,4
2026-06-05 09:05:00,Bakery,18.0,20.0,134.9,9,4
2026-06-05 09:05:00,Produce,18.0,15.0,282.3,9,4
2026-06-05 09:05:00,Snacks,,18.0,142.0,9,4
2026-06-05 09:05:00,Electronics,10.0,10.0,342.5,9,4
2026-06-05 09:05:00,Checkout,18.0,17.0,115.0,9,4
2026-06-05 09:10:00,Entrance,21.0,21.0,40.5,9,4
2026-06-05 09:10:00,Dairy,20.0,22.0,167.5,9,4
2026-06-05 09:10:00,Bakery,7.0,8.0,155.7,9,4
2026-06-05 09:10:00,Produce,23.0,21.0,292.4,9,4
2026-06-05 09:10:00,Snacks,19.0,24.0,307.4,9,4
2026-06-05 09:10:00,Electronics,16.0,19.0,427.9,9,4
2026-06-05 09:10:00,Checkout,29.0,18.0,121.9,9,4
2026-06-05 09:15:00,Entrance,35.0,31.0,44.7,9,4
2026-06-05 09:15:00,Dairy,21.0,17.0,246.8,9,4
2026-06-05 09:15:00,Bakery,10.0,10.0,229.5,9,4
2026-06-05 09:15:00,Produce,16.0,16.0,216.1,9,4
2026-06-05 09:15:00,Snacks,16.0,14.0,225.9,9,4
2026-06-05 09:15:00,Electronics,13.0,12.0,367.2,9,4
2026-06-05 09:15:00,Checkout,32.0,24.0,22.7,9,4
2026-06-05 09:20:00,Entrance,29.0,21.0,63.9,9,4
2026-06-05 09:20:00,Dairy,19.0,23.0,175.3,9,4
2026-06-05 09:20:00,Bakery,12.0,15.0,271.0,9,4
2026-06-05 09:20:00,Produce,21.0,23.0,221.8,9,4
2026-06-05 09:20:00,Snacks,10.0,8.0,129.9,9,4
2026-06-05 09:20:00,Electronics,8.0,6.0,561.4,9,4
2026-06-05 09:20:00,Checkout,34.0,42.0,242.6,9,4
2026-06-05 09:25:00,Entrance,29.0,30.0,49.0,9,4
2026-06-05 09:25:00,Dairy,19.0,18.0,254.7,9,4
2026-06-05 09:25:00,Bakery,10.0,,139.4,9,4
2026-06-05 09:25:00,Produce,18.0,17.0,149.8,9,4
2026-06-05 09:25:00,Snacks,17.0,17.0,266.5,9,4
2026-06-05 09:25:00,Electronics,14.0,11.0,595.8,9,4
2026-06-05 09:25:00,Checkout,25.0,21.0,149.5,9,4
2026-06-05 09:30:00,Entrance,26.0,26.0,56.2,9,4
2026-06-05 09:30:00,Dairy,24.0,23.0,275.5,9,4
2026-06-05 09:30:00,Bakery,21.0,19.0,221.6,9,4
2026-06-05 09:30:00,Produce,15.0,12.0,167.5,9,4
2026-06-05 09:30:00,Snacks,16.0,20.0,273.9,9,4
2026-06-05 09:30:00,Electronics,9.0,11.0,364.2,9,4
2026-06-05 09:30:00,Checkout,26.0,30.0,213.1,9,4
2026-06-05 09:35:00,Entrance,15.0,14.0,64.8,9,4
2026-06-05 09:35:00,Dairy,29.0,28.0,212.6,9,4
2026-06-05 09:35:00,Bakery,12.0,11.0,205.1,9,4
2026-06-05 09:35:00,Produce,16.0,14.0,210.0,9,4
2026-06-05 09:35:00,Snacks,17.0,16.0,174.4,9,4
2026-06-05 09:35:00,Electronics,7.0,6.0,507.9,9,4
2026-06-05 09:35:00,Checkout,21.0,19.0,169.6,9,4
2026-06-05 09:40:00,Entrance,37.0,30.0,37.4,9,4
2026-06-05 09:40:00,Dairy,23.0,28.0,236.1,9,4
2026-06-05 09:40:00,Bakery,17.0,19.0,236.3,9,4
2026-06-05 09:40:00,Produce,20.0,17.0,213.0,9,4
2026-06-05 09:40:00,Snacks,23.0,25.0,257.8,9,4
2026-06-05 09:40:00,Electronics,10.0,10.0,279.7,9,4
2026-06-05 09:40:00,Checkout,22.0,25.0,138.0,9,4
2026-06-05 09:45:00,Entrance,36.0,36.0,47.3,9,4
2026-06-05 09:45:00,Dairy,18.0,16.0,181.6,9,4
2026-06-05 09:45:00,Bakery,19.0,23.0,226.2,9,4
2026-06-05 09:45:00,Produce,13.0,8.0,153.0,9,4
2026-06-05 09:45:00,Snacks,15.0,15.0,211.0,9,4
2026-06-05 09:45:00,Electronics,11.0,12.0,412.3,9,4
2026-06-05 09:45:00,Checkout,23.0,25.0,199.3,9,4
2026-06-05 09:50:00,Entrance,30.0,35.0,35.8,9,4
2026-06-05 09:50:00,Dairy,17.0,15.0,253.3,9,4
2026-06-05 09:50:00,Bakery,14.0,13.0,258.3,9,4
2026-06-05 09:50:00,Produce,18.0,20.0,208.9,9,4
2026-06-05 09:50:00,Snacks,22.0,26.0,182.7,9,4
2026-06-05 09:50:00,Electronics,7.0,5.0,334.0,9,4
2026-06-05 09:50:00,Checkout,21.0,22.0,234.8,9,4
2026-06-05 09:55:00,Entrance,40.0,41.0,43.8,9,4
2026-06-05 09:55:00,Dairy,25.0,28.0,247.1,9,4
2026-06-05 09:55:00,Bakery,11.0,12.0,369.7,9,4
2026-06-05 09:55:00,Produce,24.0,18.0,171.3,9,4
2026-06-05 09:55:00,Snacks,22.0,20.0,134.2,9,4
2026-06-05 09:55:00,Electronics,14.0,14.0,337.2,9,4
2026-06-05 09:55:00,Checkout,24.0,25.0,145.1,9,4
2026-06-05 10:00:00,Entrance,,31.0,48.6,10,4
2026-06-05 10:00:00,Dairy,21.0,23.0,315.8,10,4
2026-06-05 10:00:00,Bakery,20.0,20.0,264.1,10,4
2026-06-05 10:00:00,Produce,14.0,12.0,205.9,10,4
2026-06-05 10:00:00,Snacks,16.0,14.0,140.9,10,4
2026-06-05 10:00:00,Electronics,16.0,,351.5,10,4
2026-06-05 10:00:00,Checkout,31.0,40.0,169.3,10,4
2026-06-05 10:05:00,Entrance,,22.0,50.9,10,4
2026-06-05 10:05:00,Dairy,25.0,18.0,198.5,10,4
2026-06-05 10:05:00,Bakery,20.0,22.0,199.1,10,4
2026-06-05 10:05:00,Produce,33.0,29.0,232.2,10,4
2026-06-05 10:05:00,Snacks,17.0,17.0,169.4,10,4
2026-06-05 10:05:00,Electronics,9.0,7.0,281.3,10,4
2026-06-05 10:05:00,Checkout,25.0,27.0,122.8,10,4
2026-06-05 10:10:00,Entrance,32.0,23.0,24.2,10,4
2026-06-05 10:10:00,Dairy,15.0,16.0,,10,4
2026-06-05 10:10:00,Bakery,9.0,7.0,101.0,10,4
2026-06-05 10:10:00,Produce,16.0,16.0,309.0,10,4
2026-06-05 10:10:00,Snacks,18.0,18.0,182.5,10,4
2026-06-05 10:10:00,Electronics,12.0,13.0,354.2,10,4
2026-06-05 10:10:00,Checkout,20.0,20.0,116.0,10,4
2026-06-05 10:15:00,Entrance,25.0,28.0,53.0,10,4
2026-06-05 10:15:00,Dairy,14.0,15.0,253.5,10,4
2026-06-05 10:15:00,Bakery,10.0,10.0,157.7,10,4
2026-06-05 10:15:00,Produce,24.0,19.0,210.5,10,4
2026-06-05 10:15:00,Snacks,14.0,14.0,181.2,10,4
2026-06-05 10:15:00,Electronics,10.0,10.0,477.3,10,4
2026-06-05 10:15:00,Checkout,26.0,29.0,,10,4
2026-06-05 10:20:00,Entrance,33.0,23.0,62.4,10,4
2026-06-05 10:20:00,Dairy,22.0,22.0,168.0,10,4
2026-06-05 10:20:00,Bakery,16.0,18.0,214.7,10,4
2026-06-05 10:20:00,Produce,18.0,14.0,236.9,10,4
2026-06-05 10:20:00,Snacks,11.0,10.0,223.6,10,4
2026-06-05 10:20:00,Electronics,9.0,9.0,482.1,10,4
2026-06-05 10:20:00,Checkout,24.0,30.0,188.6,10,4
2026-06-05 10:25:00,Entrance,24.0,27.0,56.5,10,4
2026-06-05 10:25:00,Dairy,15.0,,188.2,10,4
2026-06-05 10:25:00,Bakery,13.0,14.0,150.3,10,4
2026-06-05 10:25:00,Produce,18.0,19.0,172.3,10,4
2026-06-05 10:25:00,Snacks,15.0,10.0,,10,4
2026-06-05 10:25:00,Electronics,10.0,8.0,353.5,10,4
2026-06-05 10:25:00,Checkout,25.0,24.0,151.4,10,4
2026-06-05 10:30:00,Entrance,32.0,30.0,29.6,10,4
2026-06-05 10:30:00,Dairy,26.0,21.0,298.7,10,4
2026-06-05 10:30:00,Bakery,16.0,15.0,211.9,10,4
2026-06-05 10:30:00,Produce,12.0,10.0,121.8,10,4
2026-06-05 10:30:00,Snacks,12.0,9.0,227.5,10,4
2026-06-05 10:30:00,Electronics,8.0,7.0,633.3,10,4
2026-06-05 10:30:00,Checkout,32.0,32.0,161.1,10,4
2026-06-05 10:35:00,Entrance,28.0,30.0,49.5,10,4
2026-06-05 10:35:00,Dairy,21.0,18.0,296.0,10,4
2026-06-05 10:35:00,Bakery,19.0,19.0,201.1,10,4
2026-06-05 10:35:00,Produce,19.0,19.0,263.6,10,4
2026-06-05 10:35:00,Snacks,13.0,11.0,231.0,10,4
2026-06-05 10:35:00,Electronics,10.0,8.0,242.3,10,4
2026-06-05 10:35:00,Checkout,20.0,23.0,241.6,10,4
2026-06-05 10:40:00,Entrance,37.0,,54.4,10,4
2026-06-05 10:40:00,Dairy,22.0,24.0,119.0,10,4
2026-06-05 10:40:00,Bakery,15.0,14.0,117.8,10,4
2026-06-05 10:40:00,Produce,14.0,12.0,205.9,10,4
2026-06-05 10:40:00,Snacks,18.0,20.0,222.2,10,4
2026-06-05 10:40:00,Electronics,12.0,13.0,365.9,10,4
2026-06-05 10:40:00,Checkout,19.0,18.0,148.2,10,4
2026-06-05 10:45:00,Entrance,29.0,34.0,39.5,10,4
2026-06-05 10:45:00,Dairy,21.0,26.0,258.9,10,4
2026-06-05 10:45:00,Bakery,9.0,12.0,211.4,10,4
2026-06-05 10:45:00,Produce,19.0,18.0,244.9,10,4
2026-06-05 10:45:00,Snacks,16.0,15.0,241.5,10,4
2026-06-05 10:45:00,Electronics,6.0,4.0,225.5,10,4
2026-06-05 10:45:00,Checkout,24.0,31.0,157.9,10,4
2026-06-05 10:50:00,Entrance,30.0,28.0,32.8,10,4
2026-06-05 10:50:00,Dairy,31.0,30.0,94.3,10,4
2026-06-05 10:50:00,Bakery,14.0,15.0,225.9,10,4
2026-06-05 10:50:00,Produce,18.0,17.0,201.0,10,4
2026-06-05 10:50:00,Snacks,16.0,,232.1,10,4
2026-06-05 10:50:00,Electronics,4.0,1.0,183.4,10,4
2026-06-05 10:50:00,Checkout,25.0,30.0,89.2,10,4
2026-06-05 10:55:00,Entrance,30.0,34.0,51.8,10,4
2026-06-05 10:55:00,Dairy,16.0,16.0,192.5,10,4
2026-06-05 10:55:00,Bakery,15.0,15.0,245.1,10,4
2026-06-05 10:55:00,Produce,26.0,30.0,128.0,10,4
2026-06-05 10:55:00,Snacks,20.0,19.0,221.9,10,4
2026-06-05 10:55:00,Electronics,6.0,4.0,221.8,10,4
2026-06-05 10:55:00,Checkout,24.0,20.0,153.3,10,4
2026-06-05 11:00:00,Entrance,58.0,65.0,48.0,11,4
2026-06-05 11:00:00,Dairy,29.0,33.0,191.6,11,4
2026-06-05 11:00:00,Bakery,21.0,17.0,271.0,11,4
2026-06-05 11:00:00,Produce,30.0,29.0,194.2,11,4
2026-06-05 11:00:00,Snacks,28.0,24.0,244.2,11,4
2026-06-05 11:00:00,Electronics,13.0,13.0,346.7,11,4
2026-06-05 11:00:00,Checkout,37.0,38.0,180.1,11,4
2026-06-05 11:05:00,Entrance,55.0,66.0,52.0,11,4
2026-06-05 11:05:00,Dairy,44.0,34.0,267.4,11,4
2026-06-05 11:05:00,Bakery,30.0,40.0,194.5,11,4
2026-06-05 11:05:00,Produce,32.0,32.0,124.1,11,4
2026-06-05 11:05:00,Snacks,36.0,34.0,244.9,11,4
2026-06-05 11:05:00,Electronics,16.0,11.0,399.0,11,4
2026-06-05 11:05:00,Checkout,41.0,42.0,212.8,11,4
2026-06-05 11:10:00,Entrance,62.0,41.0,35.4,11,4
2026-06-05 11:10:00,Dairy,33.0,28.0,246.9,11,4
2026-06-05 11:10:00,Bakery,26.0,28.0,163.5,11,4
2026-06-05 11:10:00,Produce,33.0,30.0,93.4,11,4
2026-06-05 11:10:00,Snacks,27.0,29.0,249.7,11,4
2026-06-05 11:10:00,Electronics,,12.0,284.7,11,4
2026-06-05 11:10:00,Checkout,58.0,50.0,181.2,11,4
2026-06-05 11:15:00,Entrance,49.0,42.0,35.7,11,4
2026-06-05 11:15:00,Dairy,33.0,18.0,181.1,11,4
2026-06-05 11:15:00,Bakery,36.0,31.0,281.4,11,4
2026-06-05 11:15:00,Produce,44.0,44.0,244.3,11,4
2026-06-05 11:15:00,Snacks,21.0,27.0,289.7,11,4
2026-06-05 11:15:00,Electronics,16.0,16.0,385.0,11,4
2026-06-05 11:15:00,Checkout,44.0,37.0,126.8,11,4
2026-06-05 11:20:00,Entrance,56.0,46.0,42.6,11,4
2026-06-05 11:20:00,Dairy,39.0,48.0,227.0,11,4
2026-06-05 11:20:00,Bakery,28.0,25.0,106.3,11,4
2026-06-05 11:20:00,Produce,36.0,39.0,166.3,11,4
2026-06-05 11:20:00,Snacks,30.0,33.0,295.1,11,4
2026-06-05 11:20:00,Electronics,15.0,15.0,271.7,11,4
2026-06-05 11:20:00,Checkout,43.0,47.0,121.1,11,4
2026-06-05 11:25:00,Entrance,56.0,51.0,48.7,11,4
2026-06-05 11:25:00,Dairy,34.0,37.0,188.7,11,4
2026-06-05 11:25:00,Bakery,21.0,25.0,237.5,11,4
2026-06-05 11:25:00,Produce,29.0,32.0,258.0,11,4
2026-06-05 11:25:00,Snacks,20.0,14.0,170.4,11,4
2026-06-05 11:25:00,Electronics,19.0,17.0,372.8,11,4
2026-06-05 11:25:00,Checkout,40.0,37.0,166.5,11,4
2026-06-05 11:30:00,Entrance,54.0,61.0,37.1,11,4
2026-06-05 11:30:00,Dairy,30.0,35.0,255.0,11,4
2026-06-05 11:30:00,Bakery,34.0,30.0,161.9,11,4
2026-06-05 11:30:00,Produce,33.0,32.0,221.9,11,4
2026-06-05 11:30:00,Snacks,27.0,22.0,279.8,11,4
2026-06-05 11:30:00,Electronics,20.0,22.0,395.9,11,4
2026-06-05 11:30:00,Checkout,39.0,48.0,86.2,11,4
2026-06-05 11:35:00,Entrance,58.0,58.0,49.0,11,4
2026-06-05 11:35:00,Dairy,30.0,25.0,234.0,11,4
2026-06-05 11:35:00,Bakery,27.0,23.0,109.0,11,4
2026-06-05 11:35:00,Produce,36.0,30.0,225.0,11,4
2026-06-05 11:35:00,Snacks,25.0,30.0,254.2,11,4
2026-06-05 11:35:00,Electronics,17.0,16.0,477.3,11,4
2026-06-05 11:35:00,Checkout,40.0,50.0,146.7,11,4
2026-06-05 11:40:00,Entrance,31.0,41.0,58.1,11,4
2026-06-05 11:40:00,Dairy,36.0,35.0,254.3,11,4
2026-06-05 11:40:00,Bakery,30.0,29.0,124.0,11,4
2026-06-05 11:40:00,Produce,28.0,31.0,273.4,11,4
2026-06-05 11:40:00,Snacks,15.0,12.0,229.8,11,4
2026-06-05 11:40:00,Electronics,21.0,24.0,491.3,11,4
2026-06-05 11:40:00,Checkout,49.0,53.0,164.2,11,4
2026-06-05 11:45:00,Entrance,58.0,48.0,51.7,11,4
2026-06-05 11:45:00,Dairy,33.0,35.0,153.1,11,4
2026-06-05 11:45:00,Bakery,24.0,22.0,342.5,11,4
2026-06-05 11:45:00,Produce,46.0,44.0,218.1,11,4
2026-06-05 11:45:00,Snacks,30.0,27.0,161.0,11,4
2026-06-05 11:45:00,Electronics,11.0,10.0,420.6,11,4
2026-06-05 11:45:00,Checkout,45.0,51.0,147.5,11,4
2026-06-05 11:50:00,Entrance,44.0,27.0,68.4,11,4
2026-06-05 11:50:00,Dairy,27.0,31.0,192.5,11,4
2026-06-05 11:50:00,Bakery,26.0,22.0,199.1,11,4
2026-06-05 11:50:00,Produce,31.0,32.0,163.2,11,4
2026-06-05 11:50:00,Snacks,38.0,40.0,125.0,11,4
2026-06-05 11:50:00,Electronics,15.0,15.0,434.3,11,4
2026-06-05 11:50:00,Checkout,31.0,33.0,193.7,11,4
2026-06-05 11:55:00,Entrance,47.0,43.0,42.4,11,4
2026-06-05 11:55:00,Dairy,39.0,36.0,130.4,11,4
2026-06-05 11:55:00,Bakery,18.0,16.0,,11,4
2026-06-05 11:55:00,Produce,36.0,34.0,249.8,11,4
2026-06-05 11:55:00,Snacks,25.0,24.0,175.3,11,4
2026-06-05 11:55:00,Electronics,22.0,21.0,435.6,11,4
2026-06-05 11:55:00,Checkout,47.0,49.0,258.8,11,4
2026-06-05 12:00:00,Entrance,59.0,72.0,47.1,12,4
2026-06-05 12:00:00,Dairy,33.0,35.0,199.9,12,4
2026-06-05 12:00:00,Bakery,32.0,31.0,217.8,12,4
2026-06-05 12:00:00,Produce,29.0,31.0,196.4,12,4
2026-06-05 12:00:00,Snacks,35.0,35.0,176.2,12,4
2026-06-05 12:00:00,Electronics,14.0,15.0,382.4,12,4
2026-06-05 12:00:00,Checkout,49.0,58.0,250.1,12,4
2026-06-05 12:05:00,Entrance,57.0,57.0,37.2,12,4
2026-06-05 12:05:00,Dairy,31.0,32.0,162.2,12,4
2026-06-05 12:05:00,Bakery,22.0,20.0,198.9,12,4
2026-06-05 12:05:00,Produce,35.0,36.0,263.2,12,4
2026-06-05 12:05:00,Snacks,37.0,43.0,226.0,12,4
2026-06-05 12:05:00,Electronics,28.0,23.0,353.7,12,4
2026-06-05 12:05:00,Checkout,43.0,43.0,141.9,12,4
2026-06-05 12:10:00,Entrance,53.0,55.0,32.6,12,4
2026-06-05 12:10:00,Dairy,35.0,42.0,174.4,12,4
2026-06-05 12:10:00,Bakery,24.0,22.0,125.5,12,4
2026-06-05 12:10:00,Produce,30.0,27.0,210.4,12,4
2026-06-05 12:10:00,Snacks,23.0,29.0,230.4,12,4
2026-06-05 12:10:00,Electronics,6.0,2.0,310.6,12,4
2026-06-05 12:10:00,Checkout,49.0,38.0,107.8,12,4
2026-06-05 12:15:00,Entrance,53.0,51.0,57.8,12,4
2026-06-05 12:15:00,Dairy,41.0,40.0,275.6,12,4
2026-06-05 12:15:00,Bakery,28.0,31.0,182.2,12,4
2026-06-05 12:15:00,Produce,25.0,23.0,187.4,12,4
2026-06-05 12:15:00,Snacks,30.0,27.0,181.1,12,4
2026-06-05 12:15:00,Electronics,15.0,13.0,431.2,12,4
2026-06-05 12:15:00,Checkout,51.0,52.0,126.2,12,4
2026-06-05 12:20:00,Entrance,51.0,48.0,37.9,12,4
2026-06-05 12:20:00,Dairy,47.0,45.0,290.3,12,4
2026-06-05 12:20:00,Bakery,17.0,19.0,212.9,12,4
2026-06-05 12:20:00,Produce,26.0,27.0,153.5,12,4
2026-06-05 12:20:00,Snacks,33.0,30.0,,12,4
2026-06-05 12:20:00,Electronics,20.0,18.0,225.7,12,4
2026-06-05 12:20:00,Checkout,34.0,36.0,147.6,12,4
2026-06-05 12:25:00,Entrance,58.0,60.0,39.0,12,4
2026-06-05 12:25:00,Dairy,28.0,28.0,163.6,12,4
2026-06-05 12:25:00,Bakery,24.0,20.0,260.0,12,4
2026-06-05 12:25:00,Produce,44.0,45.0,167.4,12,4
2026-06-05 12:25:00,Snacks,25.0,15.0,236.1,12,4
2026-06-05 12:25:00,Electronics,18.0,25.0,272.3,12,4
2026-06-05 12:25:00,Checkout,40.0,38.0,155.5,12,4
2026-06-05 12:30:00,Entrance,48.0,55.0,55.1,12,4
2026-06-05 12:30:00,Dairy,31.0,36.0,,12,4
2026-06-05 12:30:00,Bakery,27.0,27.0,155.7,12,4
2026-06-05 12:30:00,Produce,33.0,32.0,250.4,12,4
2026-06-05 12:30:00,Snacks,26.0,17.0,274.7,12,4
2026-06-05 12:30:00,Electronics,25.0,28.0,444.3,12,4
2026-06-05 12:30:00,Checkout,45.0,48.0,,12,4
2026-06-05 12:35:00,Entrance,35.0,40.0,54.6,12,4
2026-06-05 12:35:00,Dairy,19.0,16.0,169.1,12,4
2026-06-05 12:35:00,Bakery,19.0,16.0,121.6,12,4
2026-06-05 12:35:00,Produce,27.0,20.0,251.1,12,4
2026-06-05 12:35:00,Snacks,23.0,24.0,299.6,12,4
2026-06-05 12:35:00,Electronics,19.0,19.0,257.7,12,4
2026-06-05 12:35:00,Checkout,45.0,42.0,147.5,12,4
2026-06-05 12:40:00,Entrance,46.0,49.0,49.3,12,4
2026-06-05 12:40:00,Dairy,31.0,38.0,251.7,12,4
2026-06-05 12:40:00,Bakery,26.0,17.0,197.8,12,4
2026-06-05 12:40:00,Produce,28.0,23.0,111.5,12,4
2026-06-05 12:40:00,Snacks,26.0,21.0,199.7,12,4
2026-06-05 12:40:00,Electronics,16.0,16.0,480.6,12,4
2026-06-05 12:40:00,Checkout,45.0,35.0,153.5,12,4
2026-06-05 12:45:00,Entrance,52.0,55.0,62.4,12,4
2026-06-05 12:45:00,Dairy,28.0,32.0,266.0,12,4
2026-06-05 12:45:00,Bakery,23.0,19.0,183.9,12,4
2026-06-05 12:45:00,Produce,27.0,30.0,131.1,12,4
2026-06-05 12:45:00,Snacks,25.0,21.0,184.9,12,4
2026-06-05 12:45:00,Electronics,11.0,12.0,431.3,12,4
2026-06-05 12:45:00,Checkout,50.0,58.0,105.8,12,4
2026-06-05 12:50:00,Entrance,47.0,58.0,63.8,12,4
2026-06-05 12:50:00,Dairy,35.0,46.0,148.1,12,4
2026-06-05 12:50:00,Bakery,38.0,30.0,64.7,12,4
2026-06-05 12:50:00,Produce,30.0,27.0,224.8,12,4
2026-06-05 12:50:00,Snacks,29.0,22.0,232.1,12,4
2026-06-05 12:50:00,Electronics,11.0,11.0,415.7,12,4
2026-06-05 12:50:00,Checkout,29.0,30.0,165.0,12,4
2026-06-05 12:55:00,Entrance,48.0,39.0,60.7,12,4
2026-06-05 12:55:00,Dairy,27.0,26.0,251.3,12,4
2026-06-05 12:55:00,Bakery,27.0,29.0,136.1,12,4
2026-06-05 12:55:00,Produce,26.0,29.0,273.0,12,4
2026-06-05 12:55:00,Snacks,32.0,38.0,225.8,12,4
2026-06-05 12:55:00,Electronics,16.0,17.0,421.0,12,4
2026-06-05 12:55:00,Checkout,38.0,36.0,90.3,12,4
2026-06-05 13:00:00,Entrance,52.0,57.0,54.4,13,4
2026-06-05 13:00:00,Dairy,38.0,43.0,215.1,13,4
2026-06-05 13:00:00,Bakery,26.0,,175.2,13,4
2026-06-05 13:00:00,Produce,32.0,36.0,165.9,13,4
2026-06-05 13:00:00,Snacks,29.0,,169.9,13,4
2026-06-05 13:00:00,Electronics,19.0,18.0,415.8,13,4
2026-06-05 13:00:00,Checkout,36.0,30.0,146.8,13,4
2026-06-05 13:05:00,Entrance,,51.0,53.7,13,4
2026-06-05 13:05:00,Dairy,30.0,29.0,244.6,13,4
2026-06-05 13:05:00,Bakery,40.0,33.0,266.8,13,4
2026-06-05 13:05:00,Produce,36.0,32.0,217.3,13,4
2026-06-05 13:05:00,Snacks,34.0,37.0,250.2,13,4
2026-06-05 13:05:00,Electronics,21.0,23.0,561.8,13,4
2026-06-05 13:05:00,Checkout,45.0,46.0,140.3,13,4
2026-06-05 13:10:00,Entrance,47.0,53.0,43.6,13,4
2026-06-05 13:10:00,Dairy,32.0,31.0,215.9,13,4
2026-06-05 13:10:00,Bakery,14.0,13.0,269.7,13,4
2026-06-05 13:10:00,Produce,40.0,32.0,357.6,13,4
2026-06-05 13:10:00,Snacks,38.0,37.0,223.5,13,4
2026-06-05 13:10:00,Electronics,23.0,18.0,580.8,13,4
2026-06-05 13:10:00,Checkout,,39.0,115.4,13,4
2026-06-05 13:15:00,Entrance,54.0,,62.1,13,4
2026-06-05 13:15:00,Dairy,35.0,29.0,261.9,13,4
2026-06-05 13:15:00,Bakery,38.0,41.0,231.1,13,4
2026-06-05 13:15:00,Produce,46.0,51.0,309.7,13,4
2026-06-05 13:15:00,Snacks,36.0,26.0,144.3,13,4
2026-06-05 13:15:00,Electronics,15.0,13.0,409.8,13,4
2026-06-05 13:15:00,Checkout,56.0,56.0,158.7,13,4
2026-06-05 13:20:00,Entrance,50.0,49.0,51.7,13,4
2026-06-05 13:20:00,Dairy,41.0,43.0,214.8,13,4
2026-06-05 13:20:00,Bakery,37.0,29.0,232.1,13,4
2026-06-05 13:20:00,Produce,26.0,22.0,147.5,13,4
2026-06-05 13:20:00,Snacks,22.0,25.0,108.9,13,4
2026-06-05 13:20:00,Electronics,19.0,22.0,239.8,13,4
2026-06-05 13:20:00,Checkout,48.0,43.0,200.3,13,4
2026-06-05 13:25:00,Entrance,53.0,49.0,52.5,13,4
2026-06-05 13:25:00,Dairy,36.0,30.0,275.5,13,4
2026-06-05 13:25:00,Bakery,26.0,25.0,154.7,13,4
2026-06-05 13:25:00,Produce,32.0,36.0,277.9,13,4
2026-06-05 13:25:00,Snacks,33.0,34.0,216.4,13,4
2026-06-05 13:25:00,Electronics,19.0,19.0,630.9,13,4
2026-06-05 13:25:00,Checkout,38.0,39.0,161.6,13,4
2026-06-05 13:30:00,Entrance,55.0,58.0,49.1,13,4
2026-06-05 13:30:00,Dairy,37.0,43.0,,13,4
2026-06-05 13:30:00,Bakery,29.0,28.0,112.9,13,4
2026-06-05 13:30:00,Produce,37.0,36.0,195.3,13,4
2026-06-05 13:30:00,Snacks,32.0,35.0,261.0,13,4
2026-06-05 13:30:00,Electronics,16.0,12.0,435.1,13,4
2026-06-05 13:30:00,Checkout,41.0,40.0,,13,4
2026-06-05 13:35:00,Entrance,50.0,40.0,34.7,13,4
2026-06-05 13:35:00,Dairy,31.0,23.0,192.4,13,4
2026-06-05 13:35:00,Bakery,27.0,30.0,143.5,13,4
2026-06-05 13:35:00,Produce,38.0,32.0,190.1,13,4
2026-06-05 13:35:00,Snacks,32.0,26.0,223.1,13,4
2026-06-05 13:35:00,Electronics,19.0,13.0,500.3,13,4
2026-06-05 13:35:00,Checkout,,47.0,,13,4
2026-06-05 13:40:00,Entrance,48.0,43.0,50.2,13,4
2026-06-05 13:40:00,Dairy,36.0,39.0,163.7,13,4
2026-06-05 13:40:00,Bakery,35.0,35.0,290.0,13,4
2026-06-05 13:40:00,Produce,31.0,32.0,225.9,13,4
2026-06-05 13:40:00,Snacks,23.0,23.0,295.2,13,4
2026-06-05 13:40:00,Electronics,23.0,22.0,538.7,13,4
2026-06-05 13:40:00,Checkout,,42.0,173.4,13,4
2026-06-05 13:45:00,Entrance,39.0,33.0,45.5,13,4
2026-06-05 13:45:00,Dairy,25.0,22.0,217.3,13,4
2026-06-05 13:45:00,Bakery,26.0,26.0,211.0,13,4
2026-06-05 13:45:00,Produce,33.0,30.0,174.2,13,4
2026-06-05 13:45:00,Snacks,27.0,24.0,145.3,13,4
2026-06-05 13:45:00,Electronics,14.0,14.0,322.7,13,4
2026-06-05 13:45:00,Checkout,38.0,36.0,84.9,13,4
2026-06-05 13:50:00,Entrance,55.0,60.0,24.9,13,4
2026-06-05 13:50:00,Dairy,28.0,26.0,263.3,13,4
2026-06-05 13:50:00,Bakery,32.0,30.0,224.2,13,4
2026-06-05 13:50:00,Produce,33.0,36.0,198.0,13,4
2026-06-05 13:50:00,Snacks,25.0,25.0,284.7,13,4
2026-06-05 13:50:00,Electronics,20.0,15.0,333.8,13,4
2026-06-05 13:50:00,Checkout,54.0,42.0,213.9,13,4
2026-06-05 13:55:00,Entrance,51.0,46.0,52.2,13,4
2026-06-05 13:55:00,Dairy,30.0,26.0,238.2,13,4
2026-06-05 13:55:00,Bakery,22.0,14.0,191.4,13,4
2026-06-05 13:55:00,Produce,26.0,26.0,290.6,13,4
2026-06-05 13:55:00,Snacks,,24.0,182.3,13,4
2026-06-05 13:55:00,Electronics,17.0,17.0,418.9,13,4
2026-06-05 13:55:00,Checkout,48.0,47.0,147.7,13,4
2026-06-05 14:00:00,Entrance,32.0,31.0,22.4,14,4
2026-06-05 14:00:00,Dairy,15.0,14.0,215.9,14,4
2026-06-05 14:00:00,Bakery,14.0,12.0,251.9,14,4
2026-06-05 14:00:00,Produce,17.0,21.0,143.3,14,4
2026-06-05 14:00:00,Snacks,20.0,13.0,150.9,14,4
2026-06-05 14:00:00,Electronics,15.0,14.0,336.6,14,4
2026-06-05 14:00:00,Checkout,29.0,25.0,145.7,14,4
2026-06-05 14:05:00,Entrance,30.0,35.0,44.7,14,4
2026-06-05 14:05:00,Dairy,29.0,26.0,161.4,14,4
2026-06-05 14:05:00,Bakery,22.0,21.0,154.7,14,4
2026-06-05 14:05:00,Produce,17.0,19.0,214.1,14,4
2026-06-05 14:05:00,Snacks,24.0,24.0,270.0,14,4
2026-06-05 14:05:00,Electronics,12.0,13.0,299.0,14,4
2026-06-05 14:05:00,Checkout,31.0,29.0,203.3,14,4
2026-06-05 14:10:00,Entrance,33.0,31.0,52.6,14,4
2026-06-05 14:10:00,Dairy,28.0,32.0,126.3,14,4
2026-06-05 14:10:00,Bakery,16.0,13.0,100.9,14,4
2026-06-05 14:10:00,Produce,20.0,21.0,176.0,14,4
2026-06-05 14:10:00,Snacks,15.0,14.0,202.7,14,4
2026-06-05 14:10:00,Electronics,16.0,12.0,304.0,14,4
2026-06-05 14:10:00,Checkout,25.0,25.0,,14,4
2026-06-05 14:15:00,Entrance,36.0,38.0,38.0,14,4
2026-06-05 14:15:00,Dairy,21.0,16.0,195.5,14,4
2026-06-05 14:15:00,Bakery,18.0,19.0,198.6,14,4
2026-06-05 14:15:00,Produce,15.0,14.0,177.3,14,4
2026-06-05 14:15:00,Snacks,19.0,22.0,185.6,14,4
2026-06-05 14:15:00,Electronics,10.0,10.0,297.0,14,4
2026-06-05 14:15:00,Checkout,22.0,,178.5,14,4
2026-06-05 14:20:00,Entrance,37.0,45.0,57.7,14,4
2026-06-05 14:20:00,Dairy,15.0,14.0,224.3,14,4
2026-06-05 14:20:00,Bakery,17.0,17.0,118.8,14,4
2026-06-05 14:20:00,Produce,14.0,19.0,160.0,14,4
2026-06-05 14:20:00,Snacks,15.0,14.0,273.0,14,4
2026-06-05 14:20:00,Electronics,12.0,,339.8,14,4
2026-06-05 14:20:00,Checkout,31.0,24.0,147.7,14,4
2026-06-05 14:25:00,Entrance,36.0,40.0,39.9,14,4
2026-06-05 14:25:00,Dairy,20.0,21.0,169.9,14,4
2026-06-05 14:25:00,Bakery,9.0,6.0,262.1,14,4
2026-06-05 14:25:00,Produce,20.0,20.0,204.7,14,4
2026-06-05 14:25:00,Snacks,13.0,9.0,220.2,14,4
2026-06-05 14:25:00,Electronics,9.0,7.0,352.0,14,4
2026-06-05 14:25:00,Checkout,29.0,33.0,161.3,14,4
2026-06-05 14:30:00,Entrance,29.0,32.0,15.6,14,4
2026-06-05 14:30:00,Dairy,20.0,24.0,178.5,14,4
2026-06-05 14:30:00,Bakery,12.0,9.0,208.2,14,4
2026-06-05 14:30:00,Produce,11.0,8.0,274.9,14,4
2026-06-05 14:30:00,Snacks,18.0,16.0,247.0,14,4
2026-06-05 14:30:00,Electronics,12.0,14.0,411.4,14,4
2026-06-05 14:30:00,Checkout,29.0,34.0,145.1,14,4
2026-06-05 14:35:00,Entrance,35.0,34.0,53.6,14,4
2026-06-05 14:35:00,Dairy,19.0,18.0,221.1,14,4
2026-06-05 14:35:00,Bakery,9.0,9.0,162.7,14,4
2026-06-05 14:35:00,Produce,28.0,29.0,229.2,14,4
2026-06-05 14:35:00,Snacks,11.0,7.0,,14,4
2026-06-05 14:35:00,Electronics,6.0,4.0,252.5,14,4
2026-06-05 14:35:00,Checkout,33.0,35.0,139.8,14,4
2026-06-05 14:40:00,Entrance,38.0,37.0,23.6,14,4
2026-06-05 14:40:00,Dairy,17.0,12.0,152.6,14,4
2026-06-05 14:40:00,Bakery,11.0,10.0,158.8,14,4
2026-06-05 14:40:00,Produce,21.0,19.0,232.8,14,4
2026-06-05 14:40:00,Snacks,10.0,11.0,116.5,14,4
2026-06-05 14:40:00,Electronics,8.0,4.0,426.0,14,4
2026-06-05 14:40:00,Checkout,22.0,19.0,167.6,14,4
2026-06-05 14:45:00,Entrance,32.0,26.0,41.1,14,4
2026-06-05 14:45:00,Dairy,21.0,22.0,201.5,14,4
2026-06-05 14:45:00,Bakery,,12.0,204.0,14,4
2026-06-05 14:45:00,Produce,27.0,24.0,182.4,14,4
2026-06-05 14:45:00,Snacks,20.0,20.0,173.8,14,4
2026-06-05 14:45:00,Electronics,5.0,6.0,309.3,14,4
2026-06-05 14:45:00,Checkout,25.0,22.0,148.5,14,4
2026-06-05 14:50:00,Entrance,,22.0,17.9,14,4
2026-06-05 14:50:00,Dairy,20.0,20.0,233.1,14,4
2026-06-05 14:50:00,Bakery,10.0,12.0,137.3,14,4
2026-06-05 14:50:00,Produce,20.0,14.0,174.8,14,4
2026-06-05 14:50:00,Snacks,17.0,17.0,223.3,14,4
2026-06-05 14:50:00,Electronics,6.0,4.0,309.1,14,4
2026-06-05 14:50:00,Checkout,15.0,16.0,136.0,14,4
2026-06-05 14:55:00,Entrance,34.0,39.0,44.3,14,4
2026-06-05 14:55:00,Dairy,23.0,22.0,198.3,14,4
2026-06-05 14:55:00,Bakery,18.0,21.0,118.6,14,4
2026-06-05 14:55:00,Produce,15.0,17.0,213.5,14,4
2026-06-05 14:55:00,Snacks,19.0,15.0,172.8,14,4
2026-06-05 14:55:00,Electronics,9.0,11.0,428.4,14,4
2026-06-05 14:55:00,Checkout,25.0,19.0,134.0,14,4
2026-06-05 15:00:00,Entrance,23.0,21.0,44.5,15,4
2026-06-05 15:00:00,Dairy,25.0,25.0,234.7,15,4
2026-06-05 15:00:00,Bakery,16.0,15.0,146.9,15,4
2026-06-05 15:00:00,Produce,21.0,22.0,218.5,15,4
2026-06-05 15:00:00,Snacks,16.0,14.0,244.3,15,4
2026-06-05 15:00:00,Electronics,6.0,4.0,288.9,15,4
2026-06-05 15:00:00,Checkout,24.0,30.0,146.3,15,4
2026-06-05 15:05:00,Entrance,29.0,25.0,35.2,15,4
2026-06-05 15:05:00,Dairy,12.0,13.0,243.8,15,4
2026-06-05 15:05:00,Bakery,13.0,14.0,199.1,15,4
2026-06-05 15:05:00,Produce,19.0,17.0,189.2,15,4
2026-06-05 15:05:00,Snacks,12.0,11.0,210.4,15,4
2026-06-05 15:05:00,Electronics,13.0,7.0,342.8,15,4
2026-06-05 15:05:00,Checkout,27.0,,97.2,15,4
2026-06-05 15:10:00,Entrance,33.0,36.0,58.0,15,4
2026-06-05 15:10:00,Dairy,14.0,15.0,200.7,15,4
2026-06-05 15:10:00,Bakery,13.0,17.0,191.3,15,4
2026-06-05 15:10:00,Produce,27.0,23.0,250.3,15,4
2026-06-05 15:10:00,Snacks,12.0,9.0,197.9,15,4
2026-06-05 15:10:00,Electronics,12.0,12.0,491.0,15,4
2026-06-05 15:10:00,Checkout,,33.0,198.2,15,4
2026-06-05 15:15:00,Entrance,32.0,27.0,15.0,15,4
2026-06-05 15:15:00,Dairy,22.0,22.0,221.7,15,4
2026-06-05 15:15:00,Bakery,20.0,22.0,287.6,15,4
2026-06-05 15:15:00,Produce,16.0,16.0,280.5,15,4
2026-06-05 15:15:00,Snacks,12.0,12.0,265.2,15,4
2026-06-05 15:15:00,Electronics,8.0,8.0,454.5,15,4
2026-06-05 15:15:00,Checkout,22.0,18.0,168.8,15,4
2026-06-05 15:20:00,Entrance,32.0,28.0,51.8,15,4
2026-06-05 15:20:00,Dairy,19.0,21.0,230.0,15,4
2026-06-05 15:20:00,Bakery,15.0,17.0,229.4,15,4
2026-06-05 15:20:00,Produce,23.0,20.0,105.0,15,4
2026-06-05 15:20:00,Snacks,10.0,11.0,259.4,15,4
2026-06-05 15:20:00,Electronics,7.0,7.0,329.6,15,4
2026-06-05 15:20:00,Checkout,23.0,26.0,187.7,15,4
2026-06-05 15:25:00,Entrance,23.0,24.0,32.8,15,4
2026-06-05 15:25:00,Dairy,20.0,22.0,200.1,15,4
2026-06-05 15:25:00,Bakery,11.0,14.0,252.8,15,4
2026-06-05 15:25:00,Produce,13.0,14.0,222.9,15,4
2026-06-05 15:25:00,Snacks,18.0,17.0,187.0,15,4
2026-06-05 15:25:00,Electronics,16.0,13.0,354.9,15,4
2026-06-05 15:25:00,Checkout,24.0,22.0,210.4,15,4
2026-06-05 15:30:00,Entrance,33.0,29.0,27.8,15,4
2026-06-05 15:30:00,Dairy,23.0,20.0,315.4,15,4
2026-06-05 15:30:00,Bakery,14.0,14.0,155.4,15,4
2026-06-05 15:30:00,Produce,13.0,10.0,227.3,15,4
2026-06-05 15:30:00,Snacks,19.0,18.0,235.8,15,4
2026-06-05 15:30:00,Electronics,10.0,9.0,413.3,15,4
2026-06-05 15:30:00,Checkout,23.0,18.0,207.8,15,4
2026-06-05 15:35:00,Entrance,26.0,25.0,29.2,15,4
2026-06-05 15:35:00,Dairy,23.0,20.0,222.5,15,4
2026-06-05 15:35:00,Bakery,20.0,18.0,241.9,15,4
2026-06-05 15:35:00,Produce,15.0,14.0,245.7,15,4
2026-06-05 15:35:00,Snacks,22.0,23.0,164.7,15,4
2026-06-05 15:35:00,Electronics,9.0,7.0,428.0,15,4
2026-06-05 15:35:00,Checkout,24.0,27.0,187.7,15,4
2026-06-05 15:40:00,Entrance,30.0,29.0,41.6,15,4
2026-06-05 15:40:00,Dairy,22.0,23.0,176.1,15,4
2026-06-05 15:40:00,Bakery,9.0,6.0,270.1,15,4
2026-06-05 15:40:00,Produce,21.0,17.0,195.0,15,4
2026-06-05 15:40:00,Snacks,15.0,15.0,209.6,15,4
2026-06-05 15:40:00,Electronics,12.0,15.0,401.4,15,4
2026-06-05 15:40:00,Checkout,21.0,19.0,149.9,15,4
2026-06-05 15:45:00,Entrance,25.0,31.0,47.9,15,4
2026-06-05 15:45:00,Dairy,22.0,24.0,157.6,15,4
2026-06-05 15:45:00,Bakery,16.0,18.0,151.6,15,4
2026-06-05 15:45:00,Produce,16.0,18.0,204.6,15,4
2026-06-05 15:45:00,Snacks,19.0,22.0,180.6,15,4
2026-06-05 15:45:00,Electronics,5.0,3.0,494.3,15,4
2026-06-05 15:45:00,Checkout,,20.0,184.2,15,4
2026-06-05 15:50:00,Entrance,44.0,34.0,53.9,15,4
2026-06-05 15:50:00,Dairy,20.0,16.0,196.0,15,4
2026-06-05 15:50:00,Bakery,24.0,20.0,,15,4
2026-06-05 15:50:00,Produce,15.0,15.0,193.4,15,4
2026-06-05 15:50:00,Snacks,19.0,21.0,212.2,15,4
2026-06-05 15:50:00,Electronics,14.0,16.0,373.7,15,4
2026-06-05 15:50:00,Checkout,23.0,27.0,131.7,15,4
2026-06-05 15:55:00,Entrance,34.0,31.0,51.3,15,4
2026-06-05 15:55:00,Dairy,22.0,20.0,206.5,15,4
2026-06-05 15:55:00,Bakery,13.0,13.0,156.5,15,4
2026-06-05 15:55:00,Produce,15.0,12.0,204.7,15,4
2026-06-05 15:55:00,Snacks,18.0,14.0,225.2,15,4
2026-06-05 15:55:00,Electronics,14.0,14.0,347.4,15,4
2026-06-05 15:55:00,Checkout,27.0,23.0,205.4,15,4
2026-06-05 16:00:00,Entrance,30.0,23.0,63.0,16,4
2026-06-05 16:00:00,Dairy,16.0,16.0,274.9,16,4
2026-06-05 16:00:00,Bakery,22.0,23.0,271.3,16,4
2026-06-05 16:00:00,Produce,11.0,8.0,156.9,16,4
2026-06-05 16:00:00,Snacks,15.0,16.0,168.2,16,4
2026-06-05 16:00:00,Electronics,6.0,7.0,363.4,16,4
2026-06-05 16:00:00,Checkout,28.0,22.0,163.6,16,4
2026-06-05 16:05:00,Entrance,27.0,26.0,40.3,16,4
2026-06-05 16:05:00,Dairy,18.0,20.0,136.8,16,4
2026-06-05 16:05:00,Bakery,12.0,10.0,170.0,16,4
2026-06-05 16:05:00,Produce,8.0,8.0,270.7,16,4
2026-06-05 16:05:00,Snacks,15.0,12.0,184.2,16,4
2026-06-05 16:05:00,Electronics,8.0,6.0,324.8,16,4
2026-06-05 16:05:00,Checkout,19.0,18.0,133.7,16,4
2026-06-05 16:10:00,Entrance,22.0,17.0,49.6,16,4
2026-06-05 16:10:00,Dairy,18.0,15.0,216.9,16,4
2026-06-05 16:10:00,Bakery,15.0,11.0,178.0,16,4
2026-06-05 16:10:00,Produce,27.0,27.0,143.2,16,4
2026-06-05 16:10:00,Snacks,22.0,23.0,184.6,16,4
2026-06-05 16:10:00,Electronics,12.0,15.0,,16,4
2026-06-05 16:10:00,Checkout,21.0,21.0,153.2,16,4
2026-06-05 16:15:00,Entrance,15.0,18.0,25.7,16,4
2026-06-05 16:15:00,Dairy,20.0,25.0,227.0,16,4
2026-06-05 16:15:00,Bakery,15.0,14.0,220.8,16,4
2026-06-05 16:15:00,Produce,20.0,16.0,190.6,16,4
2026-06-05 16:15:00,Snacks,16.0,14.0,204.3,16,4
2026-06-05 16:15:00,Electronics,5.0,5.0,274.5,16,4
2026-06-05 16:15:00,Checkout,31.0,32.0,178.1,16,4
2026-06-05 16:20:00,Entrance,24.0,23.0,42.1,16,4
2026-06-05 16:20:00,Dairy,11.0,8.0,249.3,16,4
2026-06-05 16:20:00,Bakery,7.0,10.0,206.1,16,4
2026-06-05 16:20:00,Produce,18.0,18.0,303.0,16,4
2026-06-05 16:20:00,Snacks,16.0,18.0,190.6,16,4
2026-06-05 16:20:00,Electronics,8.0,8.0,415.1,16,4
2026-06-05 16:20:00,Checkout,25.0,20.0,129.0,16,4
2026-06-05 16:25:00,Entrance,,30.0,34.7,16,4
2026-06-05 16:25:00,Dairy,23.0,23.0,221.5,16,4
2026-06-05 16:25:00,Bakery,20.0,17.0,108.0,16,4
2026-06-05 16:25:00,Produce,15.0,13.0,149.5,16,4
2026-06-05 16:25:00,Snacks,28.0,35.0,331.0,16,4
2026-06-05 16:25:00,Electronics,8.0,7.0,523.0,16,4
2026-06-05 16:25:00,Checkout,29.0,21.0,127.0,16,4
2026-06-05 16:30:00,Entrance,32.0,31.0,48.3,16,4
2026-06-05 16:30:00,Dairy,21.0,21.0,234.5,16,4
2026-06-05 16:30:00,Bakery,,11.0,89.6,16,4
2026-06-05 16:30:00,Produce,22.0,24.0,229.6,16,4
2026-06-05 16:30:00,Snacks,15.0,20.0,285.7,16,4
2026-06-05 16:30:00,Electronics,13.0,14.0,438.2,16,4
2026-06-05 16:30:00,Checkout,26.0,23.0,160.6,16,4
2026-06-05 16:35:00,Entrance,32.0,30.0,60.4,16,4
2026-06-05 16:35:00,Dairy,22.0,23.0,167.2,16,4
2026-06-05 16:35:00,Bakery,20.0,21.0,204.1,16,4
2026-06-05 16:35:00,Produce,14.0,14.0,151.0,16,4
2026-06-05 16:35:00,Snacks,13.0,12.0,231.0,16,4
2026-06-05 16:35:00,Electronics,7.0,8.0,422.9,16,4
2026-06-05 16:35:00,Checkout,33.0,31.0,129.3,16,4
2026-06-05 16:40:00,Entrance,24.0,19.0,,16,4
2026-06-05 16:40:00,Dairy,13.0,13.0,157.6,16,4
2026-06-05 16:40:00,Bakery,18.0,14.0,171.1,16,4
2026-06-05 16:40:00,Produce,15.0,11.0,155.1,16,4
2026-06-05 16:40:00,Snacks,22.0,24.0,196.9,16,4
2026-06-05 16:40:00,Electronics,11.0,11.0,416.3,16,4
2026-06-05 16:40:00,Checkout,20.0,25.0,199.0,16,4
2026-06-05 16:45:00,Entrance,29.0,40.0,54.7,16,4
2026-06-05 16:45:00,Dairy,17.0,16.0,157.4,16,4
2026-06-05 16:45:00,Bakery,21.0,17.0,253.7,16,4
2026-06-05 16:45:00,Produce,29.0,28.0,209.9,16,4
2026-06-05 16:45:00,Snacks,13.0,,218.8,16,4
2026-06-05 16:45:00,Electronics,9.0,8.0,516.0,16,4
2026-06-05 16:45:00,Checkout,31.0,29.0,172.7,16,4
2026-06-05 16:50:00,Entrance,38.0,43.0,54.3,16,4
2026-06-05 16:50:00,Dairy,20.0,18.0,136.5,16,4
2026-06-05 16:50:00,Bakery,12.0,11.0,,16,4
2026-06-05 16:50:00,Produce,16.0,13.0,162.6,16,4
2026-06-05 16:50:00,Snacks,13.0,12.0,141.9,16,4
2026-06-05 16:50:00,Electronics,11.0,11.0,285.8,16,4
2026-06-05 16:50:00,Checkout,33.0,29.0,153.9,16,4
2026-06-05 16:55:00,Entrance,42.0,32.0,44.3,16,4
2026-06-05 16:55:00,Dairy,17.0,19.0,115.9,16,4
2026-06-05 16:55:00,Bakery,14.0,10.0,207.2,16,4
2026-06-05 16:55:00,Produce,24.0,23.0,196.6,16,4
2026-06-05 16:55:00,Snacks,19.0,18.0,198.4,16,4
2026-06-05 16:55:00,Electronics,14.0,15.0,314.4,16,4
2026-06-05 16:55:00,Checkout,37.0,32.0,149.5,16,4
2026-06-05 17:00:00,Entrance,49.0,40.0,46.3,17,4
2026-06-05 17:00:00,Dairy,41.0,37.0,219.0,17,4
2026-06-05 17:00:00,Bakery,35.0,38.0,253.3,17,4
2026-06-05 17:00:00,Produce,,69.0,201.5,17,4
2026-06-05 17:00:00,Snacks,36.0,31.0,207.2,17,4
2026-06-05 17:00:00,Electronics,24.0,20.0,469.3,17,4
2026-06-05 17:00:00,Checkout,48.0,53.0,200.0,17,4
2026-06-05 17:05:00,Entrance,63.0,61.0,34.1,17,4
2026-06-05 17:05:00,Dairy,53.0,47.0,225.0,17,4
2026-06-05 17:05:00,Bakery,28.0,27.0,186.8,17,4
2026-06-05 17:05:00,Produce,37.0,44.0,187.1,17,4
2026-06-05 17:05:00,Snacks,34.0,40.0,244.3,17,4
2026-06-05 17:05:00,Electronics,23.0,21.0,543.1,17,4
2026-06-05 17:05:00,Checkout,60.0,57.0,221.9,17,4
2026-06-05 17:10:00,Entrance,59.0,40.0,25.8,17,4
2026-06-05 17:10:00,Dairy,49.0,47.0,175.0,17,4
2026-06-05 17:10:00,Bakery,33.0,27.0,242.0,17,4
2026-06-05 17:10:00,Produce,49.0,46.0,256.9,17,4
2026-06-05 17:10:00,Snacks,36.0,37.0,168.5,17,4
2026-06-05 17:10:00,Electronics,26.0,28.0,294.2,17,4
2026-06-05 17:10:00,Checkout,54.0,60.0,201.0,17,4
2026-06-05 17:15:00,Entrance,61.0,55.0,23.5,17,4
2026-06-05 17:15:00,Dairy,44.0,48.0,201.2,17,4
2026-06-05 17:15:00,Bakery,34.0,36.0,283.4,17,4
2026-06-05 17:15:00,Produce,43.0,50.0,131.5,17,4
2026-06-05 17:15:00,Snacks,32.0,29.0,235.9,17,4
2026-06-05 17:15:00,Electronics,24.0,29.0,226.7,17,4
2026-06-05 17:15:00,Checkout,53.0,43.0,240.7,17,4
2026-06-05 17:20:00,Entrance,58.0,58.0,33.1,17,4
2026-06-05 17:20:00,Dairy,40.0,38.0,187.9,17,4
2026-06-05 17:20:00,Bakery,44.0,,278.2,17,4
2026-06-05 17:20:00,Produce,46.0,42.0,188.8,17,4
2026-06-05 17:20:00,Snacks,37.0,33.0,229.8,17,4
2026-06-05 17:20:00,Electronics,23.0,24.0,416.7,17,4
2026-06-05 17:20:00,Checkout,62.0,53.0,,17,4
2026-06-05 17:25:00,Entrance,81.0,77.0,57.9,17,4
2026-06-05 17:25:00,Dairy,45.0,22.0,232.4,17,4
2026-06-05 17:25:00,Bakery,41.0,50.0,278.5,17,4
2026-06-05 17:25:00,Produce,36.0,27.0,262.7,17,4
2026-06-05 17:25:00,Snacks,35.0,33.0,224.4,17,4
2026-06-05 17:25:00,Electronics,14.0,13.0,334.3,17,4
2026-06-05 17:25:00,Checkout,54.0,49.0,189.7,17,4
2026-06-05 17:30:00,Entrance,60.0,53.0,61.3,17,4
2026-06-05 17:30:00,Dairy,42.0,41.0,136.7,17,4
2026-06-05 17:30:00,Bakery,30.0,25.0,254.0,17,4
2026-06-05 17:30:00,Produce,28.0,25.0,235.4,17,4
2026-06-05 17:30:00,Snacks,29.0,30.0,177.7,17,4
2026-06-05 17:30:00,Electronics,19.0,15.0,388.5,17,4
2026-06-05 17:30:00,Checkout,59.0,60.0,153.6,17,4
2026-06-05 17:35:00,Entrance,50.0,42.0,44.3,17,4
2026-06-05 17:35:00,Dairy,47.0,54.0,193.0,17,4
2026-06-05 17:35:00,Bakery,34.0,42.0,226.3,17,4
2026-06-05 17:35:00,Produce,44.0,37.0,216.4,17,4
2026-06-05 17:35:00,Snacks,28.0,26.0,239.2,17,4
2026-06-05 17:35:00,Electronics,26.0,29.0,323.6,17,4
2026-06-05 17:35:00,Checkout,52.0,46.0,146.9,17,4
2026-06-05 17:40:00,Entrance,58.0,71.0,52.0,17,4
2026-06-05 17:40:00,Dairy,40.0,43.0,223.1,17,4
2026-06-05 17:40:00,Bakery,34.0,33.0,294.0,17,4
2026-06-05 17:40:00,Produce,40.0,40.0,148.4,17,4
2026-06-05 17:40:00,Snacks,25.0,33.0,225.4,17,4
2026-06-05 17:40:00,Electronics,21.0,23.0,374.3,17,4
2026-06-05 17:40:00,Checkout,63.0,60.0,177.9,17,4
2026-06-05 17:45:00,Entrance,71.0,57.0,76.0,17,4
2026-06-05 17:45:00,Dairy,49.0,53.0,196.0,17,4
2026-06-05 17:45:00,Bakery,42.0,45.0,197.0,17,4
2026-06-05 17:45:00,Produce,31.0,27.0,178.5,17,4
2026-06-05 17:45:00,Snacks,41.0,36.0,239.4,17,4
2026-06-05 17:45:00,Electronics,26.0,30.0,284.8,17,4
2026-06-05 17:45:00,Checkout,51.0,61.0,180.2,17,4
2026-06-05 17:50:00,Entrance,70.0,66.0,36.4,17,4
2026-06-05 17:50:00,Dairy,31.0,30.0,324.4,17,4
2026-06-05 17:50:00,Bakery,34.0,38.0,200.6,17,4
2026-06-05 17:50:00,Produce,44.0,41.0,310.8,17,4
2026-06-05 17:50:00,Snacks,40.0,43.0,169.1,17,4
2026-06-05 17:50:00,Electronics,14.0,15.0,294.9,17,4
2026-06-05 17:50:00,Checkout,51.0,50.0,233.5,17,4
2026-06-05 17:55:00,Entrance,72.0,57.0,42.1,17,4
2026-06-05 17:55:00,Dairy,43.0,42.0,228.1,17,4
2026-06-05 17:55:00,Bakery,26.0,29.0,175.4,17,4
2026-06-05 17:55:00,Produce,45.0,38.0,155.2,17,4
2026-06-05 17:55:00,Snacks,32.0,29.0,223.7,17,4
2026-06-05 17:55:00,Electronics,14.0,16.0,288.0,17,4
2026-06-05 17:55:00,Checkout,53.0,56.0,184.4,17,4
2026-06-05 18:00:00,Entrance,87.0,69.0,37.5,18,4
2026-06-05 18:00:00,Dairy,49.0,55.0,66.2,18,4
2026-06-05 18:00:00,Bakery,32.0,30.0,352.5,18,4
2026-06-05 18:00:00,Produce,33.0,28.0,103.0,18,4
2026-06-05 18:00:00,Snacks,24.0,25.0,190.1,18,4
2026-06-05 18:00:00,Electronics,13.0,15.0,542.1,18,4
2026-06-05 18:00:00,Checkout,51.0,45.0,169.7,18,4
2026-06-05 18:05:00,Entrance,72.0,72.0,49.1,18,4
2026-06-05 18:05:00,Dairy,40.0,43.0,89.9,18,4
2026-06-05 18:05:00,Bakery,42.0,44.0,293.1,18,4
2026-06-05 18:05:00,Produce,41.0,32.0,193.5,18,4
2026-06-05 18:05:00,Snacks,41.0,50.0,206.8,18,4
2026-06-05 18:05:00,Electronics,15.0,13.0,388.9,18,4
2026-06-05 18:05:00,Checkout,61.0,57.0,175.0,18,4
2026-06-05 18:10:00,Entrance,62.0,71.0,55.5,18,4
2026-06-05 18:10:00,Dairy,40.0,50.0,258.7,18,4
2026-06-05 18:10:00,Bakery,30.0,30.0,184.3,18,4
2026-06-05 18:10:00,Produce,49.0,49.0,108.9,18,4
2026-06-05 18:10:00,Snacks,43.0,47.0,184.7,18,4
2026-06-05 18:10:00,Electronics,29.0,32.0,447.6,18,4
2026-06-05 18:10:00,Checkout,48.0,52.0,99.0,18,4
2026-06-05 18:15:00,Entrance,66.0,54.0,53.2,18,4
2026-06-05 18:15:00,Dairy,48.0,49.0,185.2,18,4
2026-06-05 18:15:00,Bakery,35.0,32.0,272.5,18,4
2026-06-05 18:15:00,Produce,47.0,49.0,138.7,18,4
2026-06-05 18:15:00,Snacks,36.0,45.0,269.1,18,4
2026-06-05 18:15:00,Electronics,19.0,19.0,224.8,18,4
2026-06-05 18:15:00,Checkout,51.0,56.0,218.4,18,4
2026-06-05 18:20:00,Entrance,69.0,72.0,23.7,18,4
2026-06-05 18:20:00,Dairy,39.0,47.0,185.6,18,4
2026-06-05 18:20:00,Bakery,33.0,41.0,242.8,18,4
2026-06-05 18:20:00,Produce,44.0,43.0,218.1,18,4
2026-06-05 18:20:00,Snacks,34.0,30.0,176.6,18,4
2026-06-05 18:20:00,Electronics,14.0,13.0,,18,4
2026-06-05 18:20:00,Checkout,54.0,53.0,204.4,18,4
2026-06-05 18:25:00,Entrance,68.0,72.0,31.2,18,4
2026-06-05 18:25:00,Dairy,39.0,38.0,188.3,18,4
2026-06-05 18:25:00,Bakery,31.0,31.0,226.0,18,4
2026-06-05 18:25:00,Produce,32.0,32.0,122.5,18,4
2026-06-05 18:25:00,Snacks,37.0,34.0,198.2,18,4
2026-06-05 18:25:00,Electronics,19.0,18.0,614.8,18,4
2026-06-05 18:25:00,Checkout,38.0,42.0,106.5,18,4
2026-06-05 18:30:00,Entrance,67.0,77.0,57.8,18,4
2026-06-05 18:30:00,Dairy,42.0,38.0,222.6,18,4
2026-06-05 18:30:00,Bakery,28.0,27.0,122.3,18,4
2026-06-05 18:30:00,Produce,44.0,40.0,223.5,18,4
2026-06-05 18:30:00,Snacks,30.0,36.0,210.3,18,4
2026-06-05 18:30:00,Electronics,19.0,20.0,408.1,18,4
2026-06-05 18:30:00,Checkout,59.0,40.0,169.8,18,4
2026-06-05 18:35:00,Entrance,62.0,55.0,37.4,18,4
2026-06-05 18:35:00,Dairy,52.0,52.0,192.0,18,4
2026-06-05 18:35:00,Bakery,32.0,25.0,152.5,18,4
2026-06-05 18:35:00,Produce,36.0,39.0,146.7,18,4
2026-06-05 18:35:00,Snacks,28.0,29.0,193.1,18,4
2026-06-05 18:35:00,Electronics,21.0,18.0,452.5,18,4
2026-06-05 18:35:00,Checkout,51.0,48.0,133.9,18,4
2026-06-05 18:40:00,Entrance,,42.0,48.1,18,4
2026-06-05 18:40:00,Dairy,44.0,41.0,260.7,18,4
2026-06-05 18:40:00,Bakery,25.0,24.0,151.1,18,4
2026-06-05 18:40:00,Produce,40.0,42.0,279.4,18,4
2026-06-05 18:40:00,Snacks,35.0,28.0,222.1,18,4
2026-06-05 18:40:00,Electronics,23.0,28.0,439.4,18,4
2026-06-05 18:40:00,Checkout,56.0,52.0,168.8,18,4
2026-06-05 18:45:00,Entrance,75.0,82.0,42.3,18,4
2026-06-05 18:45:00,Dairy,54.0,52.0,239.4,18,4
2026-06-05 18:45:00,Bakery,39.0,46.0,203.9,18,4
2026-06-05 18:45:00,Produce,35.0,28.0,187.6,18,4
2026-06-05 18:45:00,Snacks,35.0,34.0,288.7,18,4
2026-06-05 18:45:00,Electronics,24.0,24.0,212.2,18,4
2026-06-05 18:45:00,Checkout,51.0,45.0,144.7,18,4
2026-06-05 18:50:00,Entrance,78.0,81.0,36.0,18,4
2026-06-05 18:50:00,Dairy,38.0,,190.8,18,4
2026-06-05 18:50:00,Bakery,39.0,44.0,179.0,18,4
2026-06-05 18:50:00,Produce,41.0,38.0,99.7,18,4
2026-06-05 18:50:00,Snacks,35.0,33.0,200.9,18,4
2026-06-05 18:50:00,Electronics,30.0,28.0,189.8,18,4
2026-06-05 18:50:00,Checkout,66.0,69.0,225.5,18,4
2026-06-05 18:55:00,Entrance,70.0,50.0,42.9,18,4
2026-06-05 18:55:00,Dairy,39.0,37.0,158.7,18,4
2026-06-05 18:55:00,Bakery,21.0,22.0,186.7,18,4
2026-06-05 18:55:00,Produce,33.0,34.0,248.5,18,4
2026-06-05 18:55:00,Snacks,32.0,22.0,143.2,18,4
2026-06-05 18:55:00,Electronics,19.0,18.0,463.6,18,4
2026-06-05 18:55:00,Checkout,41.0,31.0,183.0,18,4
2026-06-05 19:00:00,Entrance,60.0,57.0,,19,4
2026-06-05 19:00:00,Dairy,41.0,43.0,244.2,19,4
2026-06-05 19:00:00,Bakery,38.0,34.0,223.9,19,4
2026-06-05 19:00:00,Produce,37.0,35.0,185.3,19,4
2026-06-05 19:00:00,Snacks,39.0,28.0,207.2,19,4
2026-06-05 19:00:00,Electronics,21.0,20.0,379.2,19,4
2026-06-05 19:00:00,Checkout,41.0,49.0,238.8,19,4
2026-06-05 19:05:00,Entrance,72.0,80.0,31.8,19,4
2026-06-05 19:05:00,Dairy,45.0,47.0,,19,4
2026-06-05 19:05:00,Bakery,35.0,28.0,225.3,19,4
2026-06-05 19:05:00,Produce,31.0,22.0,160.1,19,4
2026-06-05 19:05:00,Snacks,38.0,30.0,230.0,19,4
2026-06-05 19:05:00,Electronics,16.0,20.0,248.9,19,4
2026-06-05 19:05:00,Checkout,59.0,44.0,127.4,19,4
2026-06-05 19:10:00,Entrance,74.0,81.0,46.2,19,4
2026-06-05 19:10:00,Dairy,42.0,50.0,134.9,19,4
2026-06-05 19:10:00,Bakery,26.0,25.0,173.0,19,4
2026-06-05 19:10:00,Produce,35.0,34.0,154.0,19,4
2026-06-05 19:10:00,Snacks,40.0,43.0,149.9,19,4
2026-06-05 19:10:00,Electronics,36.0,33.0,366.3,19,4
2026-06-05 19:10:00,Checkout,44.0,40.0,161.9,19,4
2026-06-05 19:15:00,Entrance,66.0,69.0,51.3,19,4
2026-06-05 19:15:00,Dairy,50.0,57.0,221.7,19,4
2026-06-05 19:15:00,Bakery,,33.0,191.1,19,4
2026-06-05 19:15:00,Produce,37.0,34.0,230.7,19,4
2026-06-05 19:15:00,Snacks,33.0,31.0,156.2,19,4
2026-06-05 19:15:00,Electronics,19.0,16.0,284.7,19,4
2026-06-05 19:15:00,Checkout,61.0,76.0,191.1,19,4
2026-06-05 19:20:00,Entrance,71.0,76.0,24.0,19,4
2026-06-05 19:20:00,Dairy,37.0,30.0,290.8,19,4
2026-06-05 19:20:00,Bakery,23.0,26.0,206.8,19,4
2026-06-05 19:20:00,Produce,39.0,41.0,160.7,19,4
2026-06-05 19:20:00,Snacks,35.0,34.0,181.0,19,4
2026-06-05 19:20:00,Electronics,24.0,20.0,500.3,19,4
2026-06-05 19:20:00,Checkout,56.0,71.0,193.2,19,4
2026-06-05 19:25:00,Entrance,56.0,72.0,36.2,19,4
2026-06-05 19:25:00,Dairy,44.0,35.0,242.5,19,4
2026-06-05 19:25:00,Bakery,34.0,33.0,179.4,19,4
2026-06-05 19:25:00,Produce,35.0,36.0,,19,4
2026-06-05 19:25:00,Snacks,53.0,57.0,146.6,19,4
2026-06-05 19:25:00,Electronics,28.0,32.0,317.2,19,4
2026-06-05 19:25:00,Checkout,55.0,51.0,120.4,19,4
2026-06-05 19:30:00,Entrance,67.0,76.0,51.7,19,4
2026-06-05 19:30:00,Dairy,37.0,36.0,215.7,19,4
2026-06-05 19:30:00,Bakery,30.0,35.0,208.9,19,4
2026-06-05 19:30:00,Produce,31.0,33.0,254.4,19,4
2026-06-05 19:30:00,Snacks,38.0,36.0,260.5,19,4
2026-06-05 19:30:00,Electronics,18.0,21.0,389.4,19,4
2026-06-05 19:30:00,Checkout,57.0,56.0,233.6,19,4
2026-06-05 19:35:00,Entrance,42.0,36.0,27.0,19,4
2026-06-05 19:35:00,Dairy,36.0,38.0,360.4,19,4
2026-06-05 19:35:00,Bakery,32.0,40.0,222.7,19,4
2026-06-05 19:35:00,Produce,31.0,23.0,228.0,19,4
2026-06-05 19:35:00,Snacks,23.0,19.0,204.7,19,4
2026-06-05 19:35:00,Electronics,15.0,17.0,519.2,19,4
2026-06-05 19:35:00,Checkout,66.0,65.0,153.0,19,4
2026-06-05 19:40:00,Entrance,75.0,83.0,51.0,19,4
2026-06-05 19:40:00,Dairy,45.0,43.0,178.8,19,4
2026-06-05 19:40:00,Bakery,46.0,44.0,172.4,19,4
2026-06-05 19:40:00,Produce,34.0,23.0,,19,4
2026-06-05 19:40:00,Snacks,32.0,31.0,233.5,19,4
2026-06-05 19:40:00,Electronics,11.0,11.0,487.6,19,4
2026-06-05 19:40:00,Checkout,52.0,58.0,195.4,19,4
2026-06-05 19:45:00,Entrance,64.0,64.0,63.4,19,4
2026-06-05 19:45:00,Dairy,41.0,37.0,254.3,19,4
2026-06-05 19:45:00,Bakery,38.0,33.0,131.9,19,4
2026-06-05 19:45:00,Produce,48.0,48.0,229.7,19,4
2026-06-05 19:45:00,Snacks,37.0,39.0,384.0,19,4
2026-06-05 19:45:00,Electronics,19.0,20.0,501.8,19,4
2026-06-05 19:45:00,Checkout,44.0,35.0,196.1,19,4
2026-06-05 19:50:00,Entrance,81.0,80.0,48.3,19,4
2026-06-05 19:50:00,Dairy,59.0,81.0,305.0,19,4
2026-06-05 19:50:00,Bakery,30.0,28.0,167.2,19,4
2026-06-05 19:50:00,Produce,39.0,32.0,257.3,19,4
2026-06-05 19:50:00,Snacks,40.0,39.0,244.4,19,4
2026-06-05 19:50:00,Electronics,22.0,21.0,245.9,19,4
2026-06-05 19:50:00,Checkout,44.0,44.0,190.9,19,4
2026-06-05 19:55:00,Entrance,61.0,75.0,59.3,19,4
2026-06-05 19:55:00,Dairy,31.0,25.0,212.9,19,4
2026-06-05 19:55:00,Bakery,38.0,44.0,228.6,19,4
2026-06-05 19:55:00,Produce,38.0,43.0,234.1,19,4
2026-06-05 19:55:00,Snacks,42.0,,258.8,19,4
2026-06-05 19:55:00,Electronics,22.0,29.0,331.3,19,4
2026-06-05 19:55:00,Checkout,57.0,67.0,118.3,19,4
2026-06-05 20:00:00,Entrance,63.0,59.0,21.8,20,4
2026-06-05 20:00:00,Dairy,42.0,33.0,261.3,20,4
2026-06-05 20:00:00,Bakery,37.0,38.0,192.9,20,4
2026-06-05 20:00:00,Produce,40.0,36.0,173.2,20,4
2026-06-05 20:00:00,Snacks,32.0,34.0,177.9,20,4
2026-06-05 20:00:00,Electronics,27.0,29.0,388.6,20,4
2026-06-05 20:00:00,Checkout,60.0,82.0,167.3,20,4
2026-06-05 20:05:00,Entrance,,70.0,31.7,20,4
2026-06-05 20:05:00,Dairy,49.0,71.0,198.6,20,4
2026-06-05 20:05:00,Bakery,33.0,34.0,251.6,20,4
2026-06-05 20:05:00,Produce,49.0,48.0,181.5,20,4
2026-06-05 20:05:00,Snacks,25.0,23.0,186.2,20,4
2026-06-05 20:05:00,Electronics,20.0,26.0,463.1,20,4
2026-06-05 20:05:00,Checkout,55.0,53.0,99.8,20,4
2026-06-05 20:10:00,Entrance,50.0,45.0,60.7,20,4
2026-06-05 20:10:00,Dairy,40.0,38.0,265.6,20,4
2026-06-05 20:10:00,Bakery,36.0,30.0,200.5,20,4
2026-06-05 20:10:00,Produce,44.0,43.0,147.3,20,4
2026-06-05 20:10:00,Snacks,29.0,20.0,288.1,20,4
2026-06-05 20:10:00,Electronics,21.0,17.0,354.7,20,4
2026-06-05 20:10:00,Checkout,60.0,42.0,197.1,20,4
2026-06-05 20:15:00,Entrance,61.0,52.0,41.3,20,4
2026-06-05 20:15:00,Dairy,43.0,49.0,194.5,20,4
2026-06-05 20:15:00,Bakery,42.0,41.0,221.1,20,4
2026-06-05 20:15:00,Produce,28.0,27.0,156.2,20,4
2026-06-05 20:15:00,Snacks,32.0,29.0,272.7,20,4
2026-06-05 20:15:00,Electronics,19.0,23.0,468.1,20,4
2026-06-05 20:15:00,Checkout,57.0,72.0,204.1,20,4
2026-06-05 20:20:00,Entrance,58.0,61.0,47.7,20,4
2026-06-05 20:20:00,Dairy,40.0,43.0,245.3,20,4
2026-06-05 20:20:00,Bakery,36.0,28.0,253.7,20,4
2026-06-05 20:20:00,Produce,27.0,32.0,243.7,20,4
2026-06-05 20:20:00,Snacks,49.0,40.0,209.9,20,4
2026-06-05 20:20:00,Electronics,22.0,16.0,449.9,20,4
2026-06-05 20:20:00,Checkout,49.0,43.0,183.4,20,4
2026-06-05 20:25:00,Entrance,60.0,57.0,69.0,20,4
2026-06-05 20:25:00,Dairy,49.0,50.0,201.3,20,4
2026-06-05 20:25:00,Bakery,29.0,32.0,275.3,20,4
2026-06-05 20:25:00,Produce,32.0,31.0,273.4,20,4
2026-06-05 20:25:00,Snacks,45.0,36.0,206.1,20,4
2026-06-05 20:25:00,Electronics,14.0,16.0,366.2,20,4
2026-06-05 20:25:00,Checkout,62.0,53.0,209.6,20,4
2026-06-05 20:30:00,Entrance,58.0,51.0,43.7,20,4
2026-06-05 20:30:00,Dairy,45.0,45.0,133.3,20,4
2026-06-05 20:30:00,Bakery,25.0,27.0,153.3,20,4
2026-06-05 20:30:00,Produce,42.0,42.0,131.9,20,4
2026-06-05 20:30:00,Snacks,47.0,40.0,185.6,20,4
2026-06-05 20:30:00,Electronics,21.0,20.0,393.4,20,4
2026-06-05 20:30:00,Checkout,52.0,53.0,148.9,20,4
2026-06-05 20:35:00,Entrance,76.0,79.0,42.9,20,4
2026-06-05 20:35:00,Dairy,41.0,43.0,201.7,20,4
2026-06-05 20:35:00,Bakery,46.0,48.0,135.3,20,4
2026-06-05 20:35:00,Produce,44.0,60.0,189.5,20,4
2026-06-05 20:35:00,Snacks,35.0,,296.5,20,4
2026-06-05 20:35:00,Electronics,14.0,14.0,509.6,20,4
2026-06-05 20:35:00,Checkout,49.0,36.0,89.5,20,4
2026-06-05 20:40:00,Entrance,82.0,95.0,33.5,20,4
2026-06-05 20:40:00,Dairy,47.0,48.0,235.3,20,4
2026-06-05 20:40:00,Bakery,24.0,21.0,309.8,20,4
2026-06-05 20:40:00,Produce,17.0,18.0,215.5,20,4
2026-06-05 20:40:00,Snacks,25.0,30.0,210.6,20,4
2026-06-05 20:40:00,Electronics,21.0,22.0,424.7,20,4
2026-06-05 20:40:00,Checkout,60.0,64.0,165.0,20,4
2026-06-05 20:45:00,Entrance,79.0,80.0,60.5,20,4
2026-06-05 20:45:00,Dairy,39.0,34.0,226.4,20,4
2026-06-05 20:45:00,Bakery,27.0,27.0,240.2,20,4
2026-06-05 20:45:00,Produce,39.0,27.0,233.4,20,4
2026-06-05 20:45:00,Snacks,23.0,26.0,196.2,20,4
2026-06-05 20:45:00,Electronics,19.0,16.0,418.7,20,4
2026-06-05 20:45:00,Checkout,64.0,66.0,162.8,20,4
2026-06-05 20:50:00,Entrance,64.0,77.0,56.1,20,4
2026-06-05 20:50:00,Dairy,45.0,37.0,265.2,20,4
2026-06-05 20:50:00,Bakery,34.0,35.0,237.8,20,4
2026-06-05 20:50:00,Produce,38.0,39.0,189.5,20,4
2026-06-05 20:50:00,Snacks,34.0,34.0,234.9,20,4
2026-06-05 20:50:00,Electronics,22.0,27.0,161.6,20,4
2026-06-05 20:50:00,Checkout,56.0,48.0,170.5,20,4
2026-06-05 20:55:00,Entrance,68.0,69.0,32.8,20,4
2026-06-05 20:55:00,Dairy,43.0,47.0,242.5,20,4
2026-06-05 20:55:00,Bakery,28.0,22.0,190.4,20,4
2026-06-05 20:55:00,Produce,36.0,23.0,230.9,20,4
2026-06-05 20:55:00,Snacks,39.0,36.0,224.4,20,4
2026-06-05 20:55:00,Electronics,25.0,23.0,413.3,20,4
2026-06-05 20:55:00,Checkout,45.0,38.0,203.7,20,4
2026-06-05 21:00:00,Entrance,36.0,44.0,29.6,21,4
2026-06-05 21:00:00,Dairy,15.0,16.0,200.9,21,4
2026-06-05 21:00:00,Bakery,12.0,12.0,139.8,21,4
2026-06-05 21:00:00,Produce,23.0,34.0,197.8,21,4
2026-06-05 21:00:00,Snacks,10.0,8.0,133.0,21,4
2026-06-05 21:00:00,Electronics,12.0,14.0,350.7,21,4
2026-06-05 21:00:00,Checkout,31.0,33.0,155.6,21,4
2026-06-05 21:05:00,Entrance,39.0,49.0,45.5,21,4
2026-06-05 21:05:00,Dairy,17.0,17.0,181.9,21,4
2026-06-05 21:05:00,Bakery,14.0,15.0,222.6,21,4
2026-06-05 21:05:00,Produce,16.0,13.0,218.0,21,4
2026-06-05 21:05:00,Snacks,20.0,22.0,216.3,21,4
2026-06-05 21:05:00,Electronics,8.0,8.0,329.5,21,4
2026-06-05 21:05:00,Checkout,25.0,30.0,217.3,21,4
2026-06-05 21:10:00,Entrance,45.0,40.0,24.0,21,4
2026-06-05 21:10:00,Dairy,19.0,18.0,175.9,21,4
2026-06-05 21:10:00,Bakery,14.0,15.0,143.2,21,4
2026-06-05 21:10:00,Produce,15.0,10.0,159.8,21,4
2026-06-05 21:10:00,Snacks,15.0,18.0,151.9,21,4
2026-06-05 21:10:00,Electronics,9.0,7.0,508.0,21,4
2026-06-05 21:10:00,Checkout,29.0,26.0,238.4,21,4
2026-06-05 21:15:00,Entrance,38.0,39.0,79.7,21,4
2026-06-05 21:15:00,Dairy,26.0,32.0,267.2,21,4
2026-06-05 21:15:00,Bakery,14.0,11.0,191.2,21,4
2026-06-05 21:15:00,Produce,17.0,17.0,254.3,21,4
2026-06-05 21:15:00,Snacks,13.0,12.0,379.4,21,4
2026-06-05 21:15:00,Electronics,8.0,8.0,416.7,21,4
2026-06-05 21:15:00,Checkout,19.0,18.0,,21,4
2026-06-05 21:20:00,Entrance,28.0,,47.9,21,4
2026-06-05 21:20:00,Dairy,22.0,14.0,333.2,21,4
2026-06-05 21:20:00,Bakery,17.0,19.0,211.0,21,4
2026-06-05 21:20:00,Produce,20.0,15.0,163.3,21,4
2026-06-05 21:20:00,Snacks,11.0,,287.4,21,4
2026-06-05 21:20:00,Electronics,5.0,4.0,460.8,21,4
2026-06-05 21:20:00,Checkout,26.0,,97.2,21,4
2026-06-05 21:25:00,Entrance,25.0,19.0,42.9,21,4
2026-06-05 21:25:00,Dairy,22.0,16.0,212.9,21,4
2026-06-05 21:25:00,Bakery,18.0,14.0,151.8,21,4
2026-06-05 21:25:00,Produce,16.0,11.0,178.7,21,4
2026-06-05 21:25:00,Snacks,9.0,9.0,166.0,21,4
2026-06-05 21:25:00,Electronics,12.0,14.0,396.3,21,4
2026-06-05 21:25:00,Checkout,16.0,16.0,176.7,21,4
2026-06-05 21:30:00,Entrance,30.0,28.0,45.7,21,4
2026-06-05 21:30:00,Dairy,20.0,22.0,126.6,21,4
2026-06-05 21:30:00,Bakery,20.0,14.0,312.1,21,4
2026-06-05 21:30:00,Produce,14.0,9.0,208.8,21,4
2026-06-05 21:30:00,Snacks,11.0,12.0,214.1,21,4
2026-06-05 21:30:00,Electronics,8.0,6.0,333.6,21,4
2026-06-05 21:30:00,Checkout,21.0,20.0,203.1,21,4
2026-06-05 21:35:00,Entrance,33.0,37.0,50.7,21,4
2026-06-05 21:35:00,Dairy,23.0,24.0,220.8,21,4
2026-06-05 21:35:00,Bakery,14.0,16.0,193.0,21,4
2026-06-05 21:35:00,Produce,14.0,15.0,180.5,21,4
2026-06-05 21:35:00,Snacks,18.0,14.0,272.9,21,4
2026-06-05 21:35:00,Electronics,10.0,11.0,348.5,21,4
2026-06-05 21:35:00,Checkout,22.0,21.0,92.9,21,4
2026-06-05 21:40:00,Entrance,25.0,28.0,40.5,21,4
2026-06-05 21:40:00,Dairy,18.0,16.0,157.2,21,4
2026-06-05 21:40:00,Bakery,10.0,9.0,210.7,21,4
2026-06-05 21:40:00,Produce,7.0,9.0,203.0,21,4
2026-06-05 21:40:00,Snacks,19.0,20.0,212.2,21,4
2026-06-05 21:40:00,Electronics,14.0,11.0,367.1,21,4
2026-06-05 21:40:00,Checkout,25.0,24.0,179.5,21,4
2026-06-05 21:45:00,Entrance,30.0,32.0,64.2,21,4
2026-06-05 21:45:00,Dairy,20.0,19.0,202.8,21,4
2026-06-05 21:45:00,Bakery,12.0,9.0,229.4,21,4
2026-06-05 21:45:00,Produce,15.0,17.0,224.4,21,4
2026-06-05 21:45:00,Snacks,10.0,8.0,218.7,21,4
2026-06-05 21:45:00,Electronics,19.0,,292.8,21,4
2026-06-05 21:45:00,Checkout,31.0,31.0,256.1,21,4
2026-06-05 21:50:00,Entrance,30.0,31.0,33.4,21,4
2026-06-05 21:50:00,Dairy,23.0,22.0,203.4,21,4
2026-06-05 21:50:00,Bakery,11.0,12.0,225.5,21,4
2026-06-05 21:50:00,Produce,24.0,25.0,186.4,21,4
2026-06-05 21:50:00,Snacks,13.0,11.0,208.6,21,4
2026-06-05 21:50:00,Electronics,15.0,13.0,292.5,21,4
2026-06-05 21:50:00,Checkout,15.0,,73.6,21,4
2026-06-05 21:55:00,Entrance,34.0,30.0,36.0,21,4
2026-06-05 21:55:00,Dairy,15.0,12.0,145.0,21,4
2026-06-05 21:55:00,Bakery,16.0,15.0,170.1,21,4
2026-06-05 21:55:00,Produce,18.0,21.0,240.5,21,4
2026-06-05 21:55:00,Snacks,15.0,17.0,247.0,21,4
2026-06-05 21:55:00,Electronics,7.0,9.0,298.5,21,4
2026-06-05 21:55:00,Checkout,17.0,13.0,137.6,21,4
2026-06-05 22:00:00,Entrance,3.0,1.0,52.0,22,4
2026-06-05 22:00:00,Dairy,2.0,0.0,176.6,22,4
2026-06-05 22:00:00,Bakery,3.0,5.0,199.4,22,4
2026-06-05 22:00:00,Produce,5.0,4.0,186.4,22,4
2026-06-05 22:00:00,Snacks,3.0,2.0,218.2,22,4
2026-06-05 22:00:00,Electronics,1.0,0.0,536.8,22,4
2026-06-05 22:00:00,Checkout,2.0,2.0,128.8,22,4
2026-06-05 22:05:00,Entrance,7.0,7.0,29.2,22,4
2026-06-05 22:05:00,Dairy,7.0,7.0,,22,4
2026-06-05 22:05:00,Bakery,3.0,2.0,203.6,22,4
2026-06-05 22:05:00,Produce,4.0,2.0,315.2,22,4
2026-06-05 22:05:00,Snacks,5.0,4.0,277.0,22,4
2026-06-05 22:05:00,Electronics,1.0,2.0,351.9,22,4
2026-06-05 22:05:00,Checkout,12.0,8.0,118.2,22,4
2026-06-05 22:10:00,Entrance,5.0,4.0,65.1,22,4
2026-06-05 22:10:00,Dairy,1.0,0.0,249.7,22,4
2026-06-05 22:10:00,Bakery,2.0,1.0,237.5,22,4
2026-06-05 22:10:00,Produce,5.0,1.0,269.8,22,4
2026-06-05 22:10:00,Snacks,6.0,6.0,139.2,22,4
2026-06-05 22:10:00,Electronics,0.0,3.0,292.8,22,4
2026-06-05 22:10:00,Checkout,5.0,5.0,144.3,22,4
2026-06-05 22:15:00,Entrance,7.0,6.0,23.3,22,4
2026-06-05 22:15:00,Dairy,3.0,4.0,217.2,22,4
2026-06-05 22:15:00,Bakery,1.0,1.0,191.3,22,4
2026-06-05 22:15:00,Produce,4.0,3.0,243.1,22,4
2026-06-05 22:15:00,Snacks,4.0,2.0,193.3,22,4
2026-06-05 22:15:00,Electronics,2.0,3.0,344.2,22,4
2026-06-05 22:15:00,Checkout,6.0,5.0,83.9,22,4
2026-06-05 22:20:00,Entrance,10.0,9.0,59.4,22,4
2026-06-05 22:20:00,Dairy,2.0,1.0,232.6,22,4
2026-06-05 22:20:00,Bakery,6.0,3.0,199.6,22,4
2026-06-05 22:20:00,Produce,7.0,3.0,218.4,22,4
2026-06-05 22:20:00,Snacks,3.0,7.0,149.7,22,4
2026-06-05 22:20:00,Electronics,1.0,0.0,356.6,22,4
2026-06-05 22:20:00,Checkout,3.0,0.0,180.6,22,4
2026-06-05 22:25:00,Entrance,6.0,3.0,45.0,22,4
2026-06-05 22:25:00,Dairy,3.0,4.0,268.4,22,4
2026-06-05 22:25:00,Bakery,5.0,4.0,273.1,22,4
2026-06-05 22:25:00,Produce,3.0,1.0,238.8,22,4
2026-06-05 22:25:00,Snacks,6.0,7.0,265.7,22,4
2026-06-05 22:25:00,Electronics,0.0,0.0,390.2,22,4
2026-06-05 22:25:00,Checkout,3.0,4.0,169.3,22,4
2026-06-05 22:30:00,Entrance,7.0,10.0,56.2,22,4
2026-06-05 22:30:00,Dairy,3.0,,340.1,22,4
2026-06-05 22:30:00,Bakery,8.0,8.0,,22,4
2026-06-05 22:30:00,Produce,2.0,3.0,174.2,22,4
2026-06-05 22:30:00,Snacks,7.0,5.0,301.1,22,4
2026-06-05 22:30:00,Electronics,3.0,4.0,130.2,22,4
2026-06-05 22:30:00,Checkout,0.0,0.0,116.2,22,4
2026-06-05 22:35:00,Entrance,7.0,6.0,35.3,22,4
2026-06-05 22:35:00,Dairy,2.0,3.0,173.9,22,4
2026-06-05 22:35:00,Bakery,3.0,1.0,156.9,22,4
2026-06-05 22:35:00,Produce,4.0,5.0,202.1,22,4
2026-06-05 22:35:00,Snacks,4.0,5.0,259.3,22,4
2026-06-05 22:35:00,Electronics,2.0,2.0,301.0,22,4
2026-06-05 22:35:00,Checkout,6.0,4.0,172.0,22,4
2026-06-05 22:40:00,Entrance,3.0,4.0,65.7,22,4
2026-06-05 22:40:00,Dairy,6.0,5.0,190.2,22,4
2026-06-05 22:40:00,Bakery,2.0,0.0,158.3,22,4
2026-06-05 22:40:00,Produce,1.0,0.0,168.3,22,4
2026-06-05 22:40:00,Snacks,3.0,0.0,187.2,22,4
2026-06-05 22:40:00,Electronics,1.0,0.0,293.9,22,4
2026-06-05 22:40:00,Checkout,4.0,4.0,47.1,22,4
2026-06-05 22:45:00,Entrance,8.0,6.0,41.9,22,4
2026-06-05 22:45:00,Dairy,3.0,3.0,233.9,22,4
2026-06-05 22:45:00,Bakery,1.0,1.0,187.2,22,4
2026-06-05 22:45:00,Produce,4.0,4.0,244.0,22,4
2026-06-05 22:45:00,Snacks,1.0,1.0,317.6,22,4
2026-06-05 22:45:00,Electronics,2.0,0.0,358.2,22,4
2026-06-05 22:45:00,Checkout,5.0,2.0,124.2,22,4
2026-06-05 22:50:00,Entrance,4.0,3.0,47.2,22,4
2026-06-05 22:50:00,Dairy,8.0,7.0,216.0,22,4
2026-06-05 22:50:00,Bakery,2.0,4.0,304.8,22,4
2026-06-05 22:50:00,Produce,4.0,2.0,203.8,22,4
2026-06-05 22:50:00,Snacks,2.0,1.0,194.3,22,4
2026-06-05 22:50:00,Electronics,4.0,4.0,409.2,22,4
2026-06-05 22:50:00,Checkout,7.0,7.0,183.2,22,4
2026-06-05 22:55:00,Entrance,8.0,6.0,70.8,22,4
2026-06-05 22:55:00,Dairy,,3.0,202.7,22,4
2026-06-05 22:55:00,Bakery,2.0,2.0,255.8,22,4
2026-06-05 22:55:00,Produce,3.0,2.0,174.1,22,4
2026-06-05 22:55:00,Snacks,1.0,1.0,226.4,22,4
2026-06-05 22:55:00,Electronics,2.0,4.0,313.2,22,4
2026-06-05 22:55:00,Checkout,5.0,5.0,182.9,22,4
2026-06-05 23:00:00,Entrance,4.0,1.0,50.5,23,4
2026-06-05 23:00:00,Dairy,1.0,0.0,218.9,23,4
2026-06-05 23:00:00,Bakery,2.0,3.0,237.9,23,4
2026-06-05 23:00:00,Produce,1.0,0.0,209.3,23,4
2026-06-05 23:00:00,Snacks,4.0,2.0,139.5,23,4
2026-06-05 23:00:00,Electronics,3.0,0.0,520.7,23,4
2026-06-05 23:00:00,Checkout,11.0,8.0,130.6,23,4
2026-06-05 23:05:00,Entrance,10.0,12.0,25.0,23,4
2026-06-05 23:05:00,Dairy,4.0,6.0,180.2,23,4
2026-06-05 23:05:00,Bakery,,2.0,118.6,23,4
2026-06-05 23:05:00,Produce,2.0,5.0,171.4,23,4
2026-06-05 23:05:00,Snacks,1.0,0.0,227.8,23,4
2026-06-05 23:05:00,Electronics,2.0,,409.2,23,4
2026-06-05 23:05:00,Checkout,4.0,5.0,169.3,23,4
2026-06-05 23:10:00,Entrance,6.0,7.0,36.8,23,4
2026-06-05 23:10:00,Dairy,6.0,5.0,199.1,23,4
2026-06-05 23:10:00,Bakery,4.0,3.0,200.8,23,4
2026-06-05 23:10:00,Produce,3.0,2.0,244.2,23,4
2026-06-05 23:10:00,Snacks,3.0,1.0,222.1,23,4
2026-06-05 23:10:00,Electronics,1.0,1.0,269.9,23,4
2026-06-05 23:10:00,Checkout,2.0,1.0,158.7,23,4
2026-06-05 23:15:00,Entrance,11.0,12.0,,23,4
2026-06-05 23:15:00,Dairy,2.0,1.0,183.1,23,4
2026-06-05 23:15:00,Bakery,3.0,4.0,251.1,23,4
2026-06-05 23:15:00,Produce,4.0,3.0,208.7,23,4
2026-06-05 23:15:00,Snacks,8.0,4.0,207.9,23,4
2026-06-05 23:15:00,Electronics,5.0,4.0,277.8,23,4
2026-06-05 23:15:00,Checkout,7.0,9.0,115.8,23,4
2026-06-05 23:20:00,Entrance,9.0,9.0,52.9,23,4
2026-06-05 23:20:00,Dairy,2.0,1.0,173.6,23,4
2026-06-05 23:20:00,Bakery,5.0,6.0,292.3,23,4
2026-06-05 23:20:00,Produce,3.0,1.0,199.5,23,4
2026-06-05 23:20:00,Snacks,4.0,5.0,141.1,23,4
2026-06-05 23:20:00,Electronics,4.0,6.0,330.0,23,4
2026-06-05 23:20:00,Checkout,7.0,5.0,173.2,23,4
2026-06-05 23:25:00,Entrance,5.0,4.0,59.9,23,4
2026-06-05 23:25:00,Dairy,4.0,5.0,259.1,23,4
2026-06-05 23:25:00,Bakery,3.0,1.0,234.9,23,4
2026-06-05 23:25:00,Produce,6.0,9.0,239.1,23,4
2026-06-05 23:25:00,Snacks,4.0,3.0,249.6,23,4
2026-06-05 23:25:00,Electronics,1.0,0.0,390.4,23,4
2026-06-05 23:25:00,Checkout,2.0,2.0,56.2,23,4
2026-06-05 23:30:00,Entrance,4.0,2.0,33.9,23,4
2026-06-05 23:30:00,Dairy,5.0,8.0,204.9,23,4
2026-06-05 23:30:00,Bakery,5.0,3.0,237.3,23,4
2026-06-05 23:30:00,Produce,3.0,1.0,195.8,23,4
2026-06-05 23:30:00,Snacks,2.0,4.0,303.8,23,4
2026-06-05 23:30:00,Electronics,2.0,0.0,379.9,23,4
2026-06-05 23:30:00,Checkout,6.0,7.0,84.7,23,4
2026-06-05 23:35:00,Entrance,1.0,2.0,49.2,23,4
2026-06-05 23:35:00,Dairy,5.0,6.0,173.0,23,4
2026-06-05 23:35:00,Bakery,3.0,3.0,252.4,23,4
2026-06-05 23:35:00,Produce,6.0,7.0,199.1,23,4
2026-06-05 23:35:00,Snacks,3.0,3.0,234.9,23,4
2026-06-05 23:35:00,Electronics,1.0,0.0,,23,4
2026-06-05 23:35:00,Checkout,7.0,6.0,179.9,23,4
2026-06-05 23:40:00,Entrance,6.0,7.0,38.7,23,4
2026-06-05 23:40:00,Dairy,3.0,1.0,219.5,23,4
2026-06-05 23:40:00,Bakery,4.0,2.0,211.3,23,4
2026-06-05 23:40:00,Produce,3.0,0.0,267.1,23,4
2026-06-05 23:40:00,Snacks,1.0,3.0,158.2,23,4
2026-06-05 23:40:00,Electronics,3.0,4.0,368.0,23,4
2026-06-05 23:40:00,Checkout,5.0,6.0,123.0,23,4
2026-06-05 23:45:00,Entrance,8.0,5.0,76.0,23,4
2026-06-05 23:45:00,Dairy,3.0,0.0,104.3,23,4
2026-06-05 23:45:00,Bakery,3.0,5.0,210.4,23,4
2026-06-05 23:45:00,Produce,4.0,0.0,236.3,23,4
2026-06-05 23:45:00,Snacks,5.0,4.0,158.0,23,4
2026-06-05 23:45:00,Electronics,1.0,0.0,419.6,23,4
2026-06-05 23:45:00,Checkout,5.0,5.0,212.8,23,4
2026-06-05 23:50:00,Entrance,1.0,0.0,22.8,23,4
2026-06-05 23:50:00,Dairy,7.0,,191.8,23,4
2026-06-05 23:50:00,Bakery,9.0,11.0,170.5,23,4
2026-06-05 23:50:00,Produce,2.0,3.0,236.1,23,4
2026-06-05 23:50:00,Snacks,4.0,1.0,248.6,23,4
2026-06-05 23:50:00,Electronics,4.0,0.0,378.9,23,4
2026-06-05 23:50:00,Checkout,8.0,9.0,147.6,23,4
2026-06-05 23:55:00,Entrance,9.0,,45.4,23,4
2026-06-05 23:55:00,Dairy,6.0,7.0,333.3,23,4
2026-06-05 23:55:00,Bakery,3.0,3.0,,23,4
2026-06-05 23:55:00,Produce,,0.0,215.2,23,4
2026-06-05 23:55:00,Snacks,4.0,2.0,281.4,23,4
2026-06-05 23:55:00,Electronics,0.0,0.0,393.8,23,4
2026-06-05 23:55:00,Checkout,9.0,9.0,145.0,23,4
2026-06-06 00:00:00,Entrance,8.0,8.0,62.5,0,5
2026-06-06 00:00:00,Dairy,3.0,3.0,170.2,0,5
2026-06-06 00:00:00,Bakery,0.0,0.0,180.5,0,5
2026-06-06 00:00:00,Produce,4.0,2.0,235.3,0,5
2026-06-06 00:00:00,Snacks,2.0,2.0,263.1,0,5
2026-06-06 00:00:00,Electronics,2.0,0.0,467.6,0,5
2026-06-06 00:00:00,Checkout,11.0,11.0,189.7,0,5
2026-06-06 00:05:00,Entrance,7.0,8.0,20.9,0,5
2026-06-06 00:05:00,Dairy,2.0,5.0,163.8,0,5
2026-06-06 00:05:00,Bakery,6.0,6.0,209.8,0,5
2026-06-06 00:05:00,Produce,8.0,8.0,195.4,0,5
2026-06-06 00:05:00,Snacks,6.0,6.0,117.5,0,5
2026-06-06 00:05:00,Electronics,2.0,2.0,447.6,0,5
2026-06-06 00:05:00,Checkout,6.0,6.0,191.3,0,5
2026-06-06 00:10:00,Entrance,9.0,8.0,37.1,0,5
2026-06-06 00:10:00,Dairy,9.0,11.0,179.6,0,5
2026-06-06 00:10:00,Bakery,3.0,5.0,151.9,0,5
2026-06-06 00:10:00,Produce,6.0,3.0,94.3,0,5
2026-06-06 00:10:00,Snacks,4.0,4.0,220.1,0,5
2026-06-06 00:10:00,Electronics,,5.0,516.2,0,5
2026-06-06 00:10:00,Checkout,9.0,13.0,169.7,0,5
2026-06-06 00:15:00,Entrance,7.0,6.0,61.5,0,5
2026-06-06 00:15:00,Dairy,14.0,16.0,190.0,0,5
2026-06-06 00:15:00,Bakery,5.0,5.0,230.3,0,5
2026-06-06 00:15:00,Produce,4.0,4.0,191.6,0,5
2026-06-06 00:15:00,Snacks,4.0,2.0,217.2,0,5
2026-06-06 00:15:00,Electronics,5.0,4.0,,0,5
2026-06-06 00:15:00,Checkout,9.0,10.0,152.5,0,5
2026-06-06 00:20:00,Entrance,12.0,11.0,50.2,0,5
2026-06-06 00:20:00,Dairy,3.0,2.0,336.3,0,5
2026-06-06 00:20:00,Bakery,4.0,1.0,213.9,0,5
2026-06-06 00:20:00,Produce,6.0,6.0,271.1,0,5
2026-06-06 00:20:00,Snacks,4.0,4.0,278.7,0,5
2026-06-06 00:20:00,Electronics,0.0,0.0,300.2,0,5
2026-06-06 00:20:00,Checkout,6.0,5.0,133.8,0,5
2026-06-06 00:25:00,Entrance,13.0,14.0,36.7,0,5
2026-06-06 00:25:00,Dairy,9.0,13.0,229.3,0,5
2026-06-06 00:25:00,Bakery,3.0,4.0,179.8,0,5
2026-06-06 00:25:00,Produce,3.0,6.0,231.9,0,5
2026-06-06 00:25:00,Snacks,5.0,7.0,183.9,0,5
2026-06-06 00:25:00,Electronics,3.0,3.0,373.8,0,5
2026-06-06 00:25:00,Checkout,7.0,,149.2,0,5
2026-06-06 00:30:00,Entrance,8.0,10.0,53.3,0,5
2026-06-06 00:30:00,Dairy,7.0,5.0,235.9,0,5
2026-06-06 00:30:00,Bakery,3.0,2.0,223.1,0,5
2026-06-06 00:30:00,Produce,5.0,6.0,218.2,0,5
2026-06-06 00:30:00,Snacks,2.0,1.0,224.7,0,5
2026-06-06 00:30:00,Electronics,1.0,0.0,395.4,0,5
2026-06-06 00:30:00,Checkout,9.0,6.0,222.9,0,5
2026-06-06 00:35:00,Entrance,9.0,7.0,41.7,0,5
2026-06-06 00:35:00,Dairy,5.0,5.0,216.5,0,5
2026-06-06 00:35:00,Bakery,4.0,6.0,178.8,0,5
2026-06-06 00:35:00,Produce,5.0,3.0,216.2,0,5
2026-06-06 00:35:00,Snacks,2.0,2.0,192.1,0,5
2026-06-06 00:35:00,Electronics,2.0,4.0,268.9,0,5
2026-06-06 00:35:00,Checkout,6.0,,164.5,0,5
2026-06-06 00:40:00,Entrance,12.0,12.0,27.7,0,5
2026-06-06 00:40:00,Dairy,8.0,5.0,239.6,0,5
2026-06-06 00:40:00,Bakery,5.0,6.0,249.4,0,5
2026-06-06 00:40:00,Produce,6.0,4.0,267.3,0,5
2026-06-06 00:40:00,Snacks,6.0,2.0,224.1,0,5
2026-06-06 00:40:00,Electronics,0.0,0.0,235.3,0,5
2026-06-06 00:40:00,Checkout,11.0,12.0,69.0,0,5
2026-06-06 00:45:00,Entrance,8.0,8.0,38.7,0,5
2026-06-06 00:45:00,Dairy,5.0,5.0,245.3,0,5
2026-06-06 00:45:00,Bakery,4.0,4.0,247.6,0,5
2026-06-06 00:45:00,Produce,6.0,5.0,223.4,0,5
2026-06-06 00:45:00,Snacks,3.0,2.0,254.0,0,5
2026-06-06 00:45:00,Electronics,4.0,3.0,431.4,0,5
2026-06-06 00:45:00,Checkout,5.0,4.0,107.3,0,5
2026-06-06 00:50:00,Entrance,6.0,5.0,44.2,0,5
2026-06-06 00:50:00,Dairy,5.0,,265.3,0,5
2026-06-06 00:50:00,Bakery,3.0,5.0,128.3,0,5
2026-06-06 00:50:00,Produce,8.0,5.0,206.2,0,5
2026-06-06 00:50:00,Snacks,1.0,0.0,,0,5
2026-06-06 00:50:00,Electronics,5.0,4.0,345.9,0,5
2026-06-06 00:50:00,Checkout,8.0,9.0,,0,5
2026-06-06 00:55:00,Entrance,11.0,11.0,43.4,0,5
2026-06-06 00:55:00,Dairy,4.0,4.0,269.5,0,5
2026-06-06 00:55:00,Bakery,2.0,1.0,296.4,0,5
2026-06-06 00:55:00,Produce,4.0,4.0,124.5,0,5
2026-06-06 00:55:00,Snacks,6.0,7.0,117.8,0,5
2026-06-06 00:55:00,Electronics,3.0,3.0,332.0,0,5
2026-06-06 00:55:00,Checkout,5.0,4.0,179.4,0,5
2026-06-06 01:00:00,Entrance,11.0,11.0,57.6,1,5
2026-06-06 01:00:00,Dairy,5.0,3.0,242.2,1,5
2026-06-06 01:00:00,Bakery,,4.0,232.0,1,5
2026-06-06 01:00:00,Produce,10.0,9.0,218.6,1,5
2026-06-06 01:00:00,Snacks,6.0,6.0,152.6,1,5
2026-06-06 01:00:00,Electronics,3.0,3.0,492.3,1,5
2026-06-06 01:00:00,Checkout,5.0,4.0,173.8,1,5
2026-06-06 01:05:00,Entrance,6.0,5.0,51.0,1,5
2026-06-06 01:05:00,Dairy,5.0,6.0,170.7,1,5
2026-06-06 01:05:00,Bakery,5.0,5.0,242.9,1,5
2026-06-06 01:05:00,Produce,7.0,7.0,219.8,1,5
2026-06-06 01:05:00,Snacks,6.0,5.0,226.9,1,5
2026-06-06 01:05:00,Electronics,5.0,4.0,234.3,1,5
2026-06-06 01:05:00,Checkout,6.0,7.0,169.3,1,5
2026-06-06 01:10:00,Entrance,6.0,6.0,41.0,1,5
2026-06-06 01:10:00,Dairy,8.0,10.0,242.1,1,5
2026-06-06 01:10:00,Bakery,4.0,2.0,154.4,1,5
2026-06-06 01:10:00,Produce,6.0,6.0,218.6,1,5
2026-06-06 01:10:00,Snacks,8.0,8.0,248.3,1,5
2026-06-06 01:10:00,Electronics,3.0,,457.2,1,5
2026-06-06 01:10:00,Checkout,6.0,6.0,204.9,1,5
2026-06-06 01:15:00,Entrance,7.0,3.0,39.5,1,5
2026-06-06 01:15:00,Dairy,4.0,4.0,237.9,1,5
2026-06-06 01:15:00,Bakery,2.0,4.0,202.8,1,5
2026-06-06 01:15:00,Produce,3.0,2.0,236.7,1,5
2026-06-06 01:15:00,Snacks,7.0,6.0,134.2,1,5
2026-06-06 01:15:00,Electronics,3.0,3.0,514.6,1,5
2026-06-06 01:15:00,Checkout,12.0,14.0,121.4,1,5
2026-06-06 01:20:00,Entrance,7.0,6.0,38.4,1,5
2026-06-06 01:20:00,Dairy,8.0,8.0,157.7,1,5
2026-06-06 01:20:00,Bakery,4.0,5.0,170.2,1,5
2026-06-06 01:20:00,Produce,2.0,1.0,175.5,1,5
2026-06-06 01:20:00,Snacks,7.0,6.0,213.0,1,5
2026-06-06 01:20:00,Electronics,7.0,7.0,426.0,1,5
2026-06-06 01:20:00,Checkout,6.0,4.0,183.6,1,5
2026-06-06 01:25:00,Entrance,8.0,6.0,25.8,1,5
2026-06-06 01:25:00,Dairy,5.0,4.0,202.9,1,5
2026-06-06 01:25:00,Bakery,4.0,4.0,150.6,1,5
2026-06-06 01:25:00,Produce,3.0,3.0,96.2,1,5
2026-06-06 01:25:00,Snacks,3.0,3.0,217.6,1,5
2026-06-06 01:25:00,Electronics,3.0,0.0,448.1,1,5
2026-06-06 01:25:00,Checkout,7.0,5.0,155.1,1,5
2026-06-06 01:30:00,Entrance,4.0,2.0,,1,5
2026-06-06 01:30:00,Dairy,5.0,4.0,260.5,1,5
2026-06-06 01:30:00,Bakery,3.0,5.0,214.0,1,5
2026-06-06 01:30:00,Produce,3.0,3.0,158.2,1,5
2026-06-06 01:30:00,Snacks,5.0,6.0,230.0,1,5
2026-06-06 01:30:00,Electronics,2.0,2.0,396.7,1,5
2026-06-06 01:30:00,Checkout,10.0,10.0,117.8,1,5
2026-06-06 01:35:00,Entrance,6.0,6.0,44.7,1,5
2026-06-06 01:35:00,Dairy,8.0,8.0,308.5,1,5
2026-06-06 01:35:00,Bakery,10.0,9.0,211.5,1,5
2026-06-06 01:35:00,Produce,5.0,5.0,209.2,1,5
2026-06-06 01:35:00,Snacks,1.0,0.0,154.7,1,5
2026-06-06 01:35:00,Electronics,6.0,4.0,453.7,1,5
2026-06-06 01:35:00,Checkout,,9.0,,1,5
2026-06-06 01:40:00,Entrance,4.0,4.0,57.7,1,5
2026-06-06 01:40:00,Dairy,5.0,4.0,228.5,1,5
2026-06-06 01:40:00,Bakery,2.0,5.0,174.1,1,5
2026-06-06 01:40:00,Produce,8.0,9.0,161.6,1,5
2026-06-06 01:40:00,Snacks,9.0,8.0,232.3,1,5
2026-06-06 01:40:00,Electronics,3.0,1.0,323.4,1,5
2026-06-06 01:40:00,Checkout,7.0,4.0,116.0,1,5
2026-06-06 01:45:00,Entrance,11.0,9.0,33.3,1,5
2026-06-06 01:45:00,Dairy,4.0,2.0,201.9,1,5
2026-06-06 01:45:00,Bakery,5.0,6.0,,1,5
2026-06-06 01:45:00,Produce,6.0,7.0,260.2,1,5
2026-06-06 01:45:00,Snacks,6.0,2.0,226.8,1,5
2026-06-06 01:45:00,Electronics,0.0,2.0,527.5,1,5
2026-06-06 01:45:00,Checkout,7.0,5.0,277.2,1,5
2026-06-06 01:50:00,Entrance,16.0,17.0,28.7,1,5
2026-06-06 01:50:00,Dairy,3.0,1.0,181.6,1,5
2026-06-06 01:50:00,Bakery,9.0,7.0,201.7,1,5
2026-06-06 01:50:00,Produce,4.0,4.0,241.9,1,5
2026-06-06 01:50:00,Snacks,5.0,7.0,127.4,1,5
2026-06-06 01:50:00,Electronics,2.0,0.0,374.0,1,5
2026-06-06 01:50:00,Checkout,10.0,11.0,131.0,1,5
2026-06-06 01:55:00,Entrance,8.0,7.0,62.4,1,5
2026-06-06 01:55:00,Dairy,5.0,4.0,230.5,1,5
2026-06-06 01:55:00,Bakery,5.0,6.0,157.6,1,5
2026-06-06 01:55:00,Produce,1.0,1.0,139.6,1,5
2026-06-06 01:55:00,Snacks,3.0,4.0,203.9,1,5
2026-06-06 01:55:00,Electronics,2.0,5.0,497.7,1,5
2026-06-06 01:55:00,Checkout,7.0,7.0,206.7,1,5
2026-06-06 02:00:00,Entrance,9.0,10.0,32.4,2,5
2026-06-06 02:00:00,Dairy,8.0,9.0,198.8,2,5
2026-06-06 02:00:00,Bakery,4.0,3.0,219.5,2,5
2026-06-06 02:00:00,Produce,3.0,3.0,234.6,2,5
2026-06-06 02:00:00,Snacks,4.0,6.0,283.1,2,5
2026-06-06 02:00:00,Electronics,4.0,3.0,383.9,2,5
2026-06-06 02:00:00,Checkout,4.0,1.0,159.3,2,5
2026-06-06 02:05:00,Entrance,9.0,9.0,44.6,2,5
2026-06-06 02:05:00,Dairy,1.0,0.0,210.4,2,5
2026-06-06 02:05:00,Bakery,1.0,0.0,276.3,2,5
2026-06-06 02:05:00,Produce,6.0,6.0,166.3,2,5
2026-06-06 02:05:00,Snacks,6.0,7.0,103.3,2,5
2026-06-06 02:05:00,Electronics,2.0,1.0,358.3,2,5
2026-06-06 02:05:00,Checkout,5.0,5.0,129.9,2,5
2026-06-06 02:10:00,Entrance,9.0,8.0,58.4,2,5
2026-06-06 02:10:00,Dairy,3.0,0.0,207.1,2,5
2026-06-06 02:10:00,Bakery,2.0,3.0,202.6,2,5
2026-06-06 02:10:00,Produce,6.0,,155.2,2,5
2026-06-06 02:10:00,Snacks,7.0,6.0,151.4,2,5
2026-06-06 02:10:00,Electronics,0.0,2.0,267.4,2,5
2026-06-06 02:10:00,Checkout,,15.0,148.0,2,5
2026-06-06 02:15:00,Entrance,9.0,9.0,59.6,2,5
2026-06-06 02:15:00,Dairy,8.0,10.0,299.0,2,5
2026-06-06 02:15:00,Bakery,3.0,1.0,257.5,2,5
2026-06-06 02:15:00,Produce,4.0,2.0,161.4,2,5
2026-06-06 02:15:00,Snacks,5.0,4.0,183.1,2,5
2026-06-06 02:15:00,Electronics,3.0,3.0,268.1,2,5
2026-06-06 02:15:00,Checkout,6.0,3.0,215.6,2,5
2026-06-06 02:20:00,Entrance,10.0,11.0,66.2,2,5
2026-06-06 02:20:00,Dairy,3.0,3.0,189.3,2,5
2026-06-06 02:20:00,Bakery,3.0,3.0,316.3,2,5
2026-06-06 02:20:00,Produce,5.0,4.0,204.0,2,5
2026-06-06 02:20:00,Snacks,3.0,1.0,304.7,2,5
2026-06-06 02:20:00,Electronics,2.0,3.0,419.9,2,5
2026-06-06 02:20:00,Checkout,6.0,4.0,,2,5
2026-06-06 02:25:00,Entrance,6.0,6.0,24.7,2,5
2026-06-06 02:25:00,Dairy,1.0,2.0,248.2,2,5
2026-06-06 02:25:00,Bakery,2.0,1.0,239.4,2,5
2026-06-06 02:25:00,Produce,5.0,4.0,151.8,2,5
2026-06-06 02:25:00,Snacks,0.0,0.0,235.8,2,5
2026-06-06 02:25:00,Electronics,4.0,6.0,436.4,2,5
2026-06-06 02:25:00,Checkout,5.0,5.0,147.9,2,5
2026-06-06 02:30:00,Entrance,6.0,7.0,57.6,2,5
2026-06-06 02:30:00,Dairy,2.0,2.0,207.8,2,5
2026-06-06 02:30:00,Bakery,6.0,4.0,217.8,2,5
2026-06-06 02:30:00,Produce,7.0,9.0,164.9,2,5
2026-06-06 02:30:00,Snacks,6.0,6.0,223.3,2,5
2026-06-06 02:30:00,Electronics,2.0,3.0,387.6,2,5
2026-06-06 02:30:00,Checkout,9.0,8.0,233.8,2,5
2026-06-06 02:35:00,Entrance,9.0,6.0,41.0,2,5
2026-06-06 02:35:00,Dairy,7.0,7.0,174.1,2,5
2026-06-06 02:35:00,Bakery,8.0,9.0,228.7,2,5
2026-06-06 02:35:00,Produce,4.0,5.0,173.6,2,5
2026-06-06 02:35:00,Snacks,6.0,9.0,185.1,2,5
2026-06-06 02:35:00,Electronics,3.0,2.0,311.1,2,5
2026-06-06 02:35:00,Checkout,7.0,6.0,186.5,2,5
2026-06-06 02:40:00,Entrance,8.0,11.0,54.0,2,5
2026-06-06 02:40:00,Dairy,6.0,6.0,274.9,2,5
2026-06-06 02:40:00,Bakery,3.0,4.0,254.2,2,5
2026-06-06 02:40:00,Produce,6.0,8.0,163.1,2,5
2026-06-06 02:40:00,Snacks,5.0,3.0,148.7,2,5
2026-06-06 02:40:00,Electronics,3.0,0.0,362.8,2,5
2026-06-06 02:40:00,Checkout,6.0,6.0,143.4,2,5
2026-06-06 02:45:00,Entrance,8.0,8.0,,2,5
2026-06-06 02:45:00,Dairy,8.0,9.0,252.5,2,5
2026-06-06 02:45:00,Bakery,4.0,5.0,213.1,2,5
2026-06-06 02:45:00,Produce,10.0,8.0,280.9,2,5
2026-06-06 02:45:00,Snacks,1.0,4.0,179.8,2,5
2026-06-06 02:45:00,Electronics,4.0,5.0,232.9,2,5
2026-06-06 02:45:00,Checkout,11.0,10.0,172.0,2,5
2026-06-06 02:50:00,Entrance,7.0,5.0,50.4,2,5
2026-06-06 02:50:00,Dairy,4.0,4.0,142.5,2,5
2026-06-06 02:50:00,Bakery,3.0,4.0,239.1,2,5
2026-06-06 02:50:00,Produce,2.0,3.0,175.2,2,5
2026-06-06 02:50:00,Snacks,2.0,4.0,356.8,2,5
2026-06-06 02:50:00,Electronics,3.0,3.0,484.2,2,5
2026-06-06 02:50:00,Checkout,11.0,11.0,156.0,2,5
2026-06-06 02:55:00,Entrance,6.0,10.0,41.9,2,5
2026-06-06 02:55:00,Dairy,4.0,3.0,100.8,2,5
2026-06-06 02:55:00,Bakery,7.0,6.0,188.5,2,5
2026-06-06 02:55:00,Produce,1.0,2.0,187.9,2,5
2026-06-06 02:55:00,Snacks,11.0,10.0,178.2,2,5
2026-06-06 02:55:00,Electronics,3.0,3.0,397.6,2,5
2026-06-06 02:55:00,Checkout,6.0,6.0,199.6,2,5
2026-06-06 03:00:00,Entrance,6.0,2.0,37.2,3,5
2026-06-06 03:00:00,Dairy,6.0,8.0,179.8,3,5
2026-06-06 03:00:00,Bakery,3.0,2.0,231.0,3,5
2026-06-06 03:00:00,Produce,1.0,1.0,197.3,3,5
2026-06-06 03:00:00,Snacks,5.0,6.0,208.2,3,5
2026-06-06 03:00:00,Electronics,5.0,4.0,327.0,3,5
2026-06-06 03:00:00,Checkout,5.0,7.0,170.4,3,5
2026-06-06 03:05:00,Entrance,11.0,11.0,,3,5
2026-06-06 03:05:00,Dairy,8.0,6.0,216.5,3,5
2026-06-06 03:05:00,Bakery,4.0,7.0,210.9,3,5
2026-06-06 03:05:00,Produce,4.0,1.0,229.7,3,5
2026-06-06 03:05:00,Snacks,6.0,6.0,200.0,3,5
2026-06-06 03:05:00,Electronics,4.0,2.0,362.8,3,5
2026-06-06 03:05:00,Checkout,12.0,8.0,131.5,3,5
2026-06-06 03:10:00,Entrance,9.0,5.0,36.7,3,5
2026-06-06 03:10:00,Dairy,1.0,1.0,187.8,3,5
2026-06-06 03:10:00,Bakery,1.0,1.0,261.6,3,5
2026-06-06 03:10:00,Produce,5.0,5.0,148.9,3,5
2026-06-06 03:10:00,Snacks,5.0,4.0,159.8,3,5
2026-06-06 03:10:00,Electronics,5.0,4.0,427.7,3,5
2026-06-06 03:10:00,Checkout,2.0,3.0,145.8,3,5
2026-06-06 03:15:00,Entrance,10.0,12.0,15.0,3,5
2026-06-06 03:15:00,Dairy,3.0,4.0,,3,5
2026-06-06 03:15:00,Bakery,3.0,2.0,253.0,3,5
2026-06-06 03:15:00,Produce,3.0,2.0,275.6,3,5
2026-06-06 03:15:00,Snacks,3.0,3.0,187.3,3,5
2026-06-06 03:15:00,Electronics,3.0,0.0,439.7,3,5
2026-06-06 03:15:00,Checkout,10.0,9.0,225.8,3,5
2026-06-06 03:20:00,Entrance,6.0,3.0,62.6,3,5
2026-06-06 03:20:00,Dairy,3.0,1.0,227.9,3,5
2026-06-06 03:20:00,Bakery,4.0,2.0,167.8,3,5
2026-06-06 03:20:00,Produce,6.0,4.0,96.6,3,5
2026-06-06 03:20:00,Snacks,5.0,4.0,205.6,3,5
2026-06-06 03:20:00,Electronics,7.0,6.0,505.1,3,5
2026-06-06 03:20:00,Checkout,6.0,7.0,152.0,3,5
2026-06-06 03:25:00,Entrance,7.0,5.0,39.8,3,5
2026-06-06 03:25:00,Dairy,7.0,6.0,301.5,3,5
2026-06-06 03:25:00,Bakery,5.0,9.0,226.9,3,5
2026-06-06 03:25:00,Produce,5.0,4.0,218.5,3,5
2026-06-06 03:25:00,Snacks,2.0,1.0,293.3,3,5
2026-06-06 03:25:00,Electronics,1.0,0.0,376.9,3,5
2026-06-06 03:25:00,Checkout,8.0,9.0,,3,5
2026-06-06 03:30:00,Entrance,13.0,11.0,39.7,3,5
2026-06-06 03:30:00,Dairy,6.0,7.0,172.8,3,5
2026-06-06 03:30:00,Bakery,4.0,4.0,150.5,3,5
2026-06-06 03:30:00,Produce,4.0,3.0,270.1,3,5
2026-06-06 03:30:00,Snacks,6.0,7.0,228.7,3,5
2026-06-06 03:30:00,Electronics,1.0,0.0,404.6,3,5
2026-06-06 03:30:00,Checkout,10.0,7.0,141.4,3,5
2026-06-06 03:35:00,Entrance,10.0,9.0,58.4,3,5
2026-06-06 03:35:00,Dairy,4.0,2.0,178.1,3,5
2026-06-06 03:35:00,Bakery,4.0,1.0,232.1,3,5
2026-06-06 03:35:00,Produce,9.0,11.0,137.5,3,5
2026-06-06 03:35:00,Snacks,4.0,2.0,134.7,3,5
2026-06-06 03:35:00,Electronics,4.0,1.0,462.8,3,5
2026-06-06 03:35:00,Checkout,6.0,4.0,140.5,3,5
2026-06-06 03:40:00,Entrance,7.0,7.0,46.3,3,5
2026-06-06 03:40:00,Dairy,7.0,6.0,325.2,3,5
2026-06-06 03:40:00,Bakery,4.0,5.0,186.0,3,5
2026-06-06 03:40:00,Produce,5.0,5.0,175.3,3,5
2026-06-06 03:40:00,Snacks,9.0,7.0,202.6,3,5
2026-06-06 03:40:00,Electronics,3.0,0.0,418.0,3,5
2026-06-06 03:40:00,Checkout,4.0,6.0,217.2,3,5
2026-06-06 03:45:00,Entrance,7.0,10.0,,3,5
2026-06-06 03:45:00,Dairy,7.0,6.0,124.6,3,5
2026-06-06 03:45:00,Bakery,4.0,4.0,272.6,3,5
2026-06-06 03:45:00,Produce,9.0,8.0,148.0,3,5
2026-06-06 03:45:00,Snacks,4.0,3.0,217.5,3,5
2026-06-06 03:45:00,Electronics,2.0,0.0,,3,5
2026-06-06 03:45:00,Checkout,7.0,7.0,138.0,3,5
2026-06-06 03:50:00,Entrance,8.0,6.0,44.0,3,5
2026-06-06 03:50:00,Dairy,2.0,2.0,277.9,3,5
2026-06-06 03:50:00,Bakery,4.0,4.0,237.2,3,5
2026-06-06 03:50:00,Produce,3.0,3.0,196.0,3,5
2026-06-06 03:50:00,Snacks,4.0,2.0,203.7,3,5
2026-06-06 03:50:00,Electronics,0.0,0.0,489.8,3,5
2026-06-06 03:50:00,Checkout,6.0,6.0,212.6,3,5
2026-06-06 03:55:00,Entrance,7.0,5.0,36.5,3,5
2026-06-06 03:55:00,Dairy,2.0,1.0,163.3,3,5
2026-06-06 03:55:00,Bakery,2.0,3.0,227.4,3,5
2026-06-06 03:55:00,Produce,2.0,3.0,223.3,3,5
2026-06-06 03:55:00,Snacks,5.0,5.0,217.3,3,5
2026-06-06 03:55:00,Electronics,1.0,0.0,299.1,3,5
2026-06-06 03:55:00,Checkout,8.0,10.0,211.6,3,5
2026-06-06 04:00:00,Entrance,7.0,7.0,42.0,4,5
2026-06-06 04:00:00,Dairy,4.0,4.0,164.5,4,5
2026-06-06 04:00:00,Bakery,2.0,1.0,194.0,4,5
2026-06-06 04:00:00,Produce,4.0,5.0,201.9,4,5
2026-06-06 04:00:00,Snacks,6.0,7.0,179.7,4,5
2026-06-06 04:00:00,Electronics,1.0,1.0,535.7,4,5
2026-06-06 04:00:00,Checkout,3.0,,190.7,4,5
2026-06-06 04:05:00,Entrance,5.0,7.0,42.4,4,5
2026-06-06 04:05:00,Dairy,5.0,6.0,257.4,4,5
2026-06-06 04:05:00,Bakery,5.0,5.0,250.0,4,5
2026-06-06 04:05:00,Produce,6.0,5.0,285.4,4,5
2026-06-06 04:05:00,Snacks,4.0,3.0,221.9,4,5
2026-06-06 04:05:00,Electronics,4.0,3.0,324.0,4,5
2026-06-06 04:05:00,Checkout,12.0,13.0,225.8,4,5
2026-06-06 04:10:00,Entrance,12.0,12.0,48.2,4,5
2026-06-06 04:10:00,Dairy,11.0,9.0,249.8,4,5
2026-06-06 04:10:00,Bakery,2.0,,221.7,4,5
2026-06-06 04:10:00,Produce,8.0,7.0,228.8,4,5
2026-06-06 04:10:00,Snacks,5.0,4.0,259.1,4,5
2026-06-06 04:10:00,Electronics,5.0,4.0,207.5,4,5
2026-06-06 04:10:00,Checkout,8.0,10.0,160.7,4,5
2026-06-06 04:15:00,Entrance,6.0,5.0,48.2,4,5
2026-06-06 04:15:00,Dairy,5.0,3.0,241.9,4,5
2026-06-06 04:15:00,Bakery,4.0,4.0,235.9,4,5
2026-06-06 04:15:00,Produce,3.0,3.0,190.2,4,5
2026-06-06 04:15:00,Snacks,4.0,3.0,152.3,4,5
2026-06-06 04:15:00,Electronics,3.0,0.0,386.5,4,5
2026-06-06 04:15:00,Checkout,11.0,11.0,155.2,4,5
2026-06-06 04:20:00,Entrance,14.0,13.0,57.2,4,5
2026-06-06 04:20:00,Dairy,1.0,2.0,304.1,4,5
2026-06-06 04:20:00,Bakery,4.0,1.0,311.1,4,5
2026-06-06 04:20:00,Produce,6.0,4.0,229.6,4,5
2026-06-06 04:20:00,Snacks,1.0,4.0,221.4,4,5
2026-06-06 04:20:00,Electronics,3.0,2.0,145.3,4,5
2026-06-06 04:20:00,Checkout,6.0,5.0,182.3,4,5
2026-06-06 04:25:00,Entrance,9.0,7.0,37.4,4,5
2026-06-06 04:25:00,Dairy,6.0,6.0,168.8,4,5
2026-06-06 04:25:00,Bakery,7.0,7.0,167.3,4,5
2026-06-06 04:25:00,Produce,6.0,4.0,,4,5
2026-06-06 04:25:00,Snacks,6.0,6.0,159.0,4,5
2026-06-06 04:25:00,Electronics,2.0,2.0,267.2,4,5
2026-06-06 04:25:00,Checkout,5.0,7.0,122.8,4,5
2026-06-06 04:30:00,Entrance,12.0,10.0,49.5,4,5
2026-06-06 04:30:00,Dairy,1.0,4.0,225.4,4,5
2026-06-06 04:30:00,Bakery,7.0,6.0,219.8,4,5
2026-06-06 04:30:00,Produce,4.0,6.0,81.7,4,5
2026-06-06 04:30:00,Snacks,3.0,2.0,192.2,4,5
2026-06-06 04:30:00,Electronics,4.0,6.0,438.1,4,5
2026-06-06 04:30:00,Checkout,9.0,8.0,177.3,4,5
2026-06-06 04:35:00,Entrance,11.0,11.0,33.3,4,5
2026-06-06 04:35:00,Dairy,3.0,2.0,192.3,4,5
2026-06-06 04:35:00,Bakery,5.0,4.0,226.8,4,5
2026-06-06 04:35:00,Produce,7.0,6.0,318.0,4,5
2026-06-06 04:35:00,Snacks,6.0,9.0,263.6,4,5
2026-06-06 04:35:00,Electronics,,1.0,253.7,4,5
2026-06-06 04:35:00,Checkout,6.0,7.0,214.2,4,5
2026-06-06 04:40:00,Entrance,9.0,9.0,63.9,4,5
2026-06-06 04:40:00,Dairy,2.0,2.0,210.6,4,5
2026-06-06 04:40:00,Bakery,1.0,0.0,229.5,4,5
2026-06-06 04:40:00,Produce,5.0,7.0,164.7,4,5
2026-06-06 04:40:00,Snacks,8.0,,203.1,4,5
2026-06-06 04:40:00,Electronics,0.0,0.0,262.5,4,5
2026-06-06 04:40:00,Checkout,10.0,7.0,87.5,4,5
2026-06-06 04:45:00,Entrance,8.0,7.0,50.1,4,5
2026-06-06 04:45:00,Dairy,5.0,6.0,167.4,4,5
2026-06-06 04:45:00,Bakery,3.0,,277.2,4,5
2026-06-06 04:45:00,Produce,4.0,5.0,269.4,4,5
2026-06-06 04:45:00,Snacks,3.0,5.0,150.5,4,5
2026-06-06 04:45:00,Electronics,1.0,0.0,479.1,4,5
2026-06-06 04:45:00,Checkout,8.0,8.0,128.4,4,5
2026-06-06 04:50:00,Entrance,7.0,8.0,46.8,4,5
2026-06-06 04:50:00,Dairy,3.0,4.0,246.5,4,5
2026-06-06 04:50:00,Bakery,5.0,3.0,271.0,4,5
2026-06-06 04:50:00,Produce,4.0,5.0,269.7,4,5
2026-06-06 04:50:00,Snacks,7.0,5.0,244.1,4,5
2026-06-06 04:50:00,Electronics,2.0,1.0,301.8,4,5
2026-06-06 04:50:00,Checkout,5.0,5.0,146.7,4,5
2026-06-06 04:55:00,Entrance,13.0,,42.0,4,5
2026-06-06 04:55:00,Dairy,7.0,10.0,123.6,4,5
2026-06-06 04:55:00,Bakery,1.0,1.0,217.2,4,5
2026-06-06 04:55:00,Produce,6.0,6.0,209.9,4,5
2026-06-06 04:55:00,Snacks,8.0,6.0,216.4,4,5
2026-06-06 04:55:00,Electronics,5.0,4.0,233.9,4,5
2026-06-06 04:55:00,Checkout,14.0,11.0,206.2,4,5
2026-06-06 05:00:00,Entrance,7.0,5.0,25.2,5,5
2026-06-06 05:00:00,Dairy,6.0,5.0,228.2,5,5
2026-06-06 05:00:00,Bakery,0.0,0.0,217.9,5,5
2026-06-06 05:00:00,Produce,6.0,6.0,185.8,5,5
2026-06-06 05:00:00,Snacks,3.0,3.0,133.8,5,5
2026-06-06 05:00:00,Electronics,4.0,3.0,301.5,5,5
2026-06-06 05:00:00,Checkout,6.0,6.0,121.2,5,5
2026-06-06 05:05:00,Entrance,11.0,12.0,60.5,5,5
2026-06-06 05:05:00,Dairy,6.0,7.0,185.5,5,5
2026-06-06 05:05:00,Bakery,3.0,4.0,187.2,5,5
2026-06-06 05:05:00,Produce,6.0,3.0,158.5,5,5
2026-06-06 05:05:00,Snacks,4.0,4.0,269.1,5,5
2026-06-06 05:05:00,Electronics,1.0,1.0,345.4,5,5
2026-06-06 05:05:00,Checkout,8.0,8.0,182.1,5,5
2026-06-06 05:10:00,Entrance,7.0,6.0,44.4,5,5
2026-06-06 05:10:00,Dairy,8.0,8.0,267.4,5,5
2026-06-06 05:10:00,Bakery,3.0,5.0,164.4,5,5
2026-06-06 05:10:00,Produce,1.0,1.0,109.9,5,5
2026-06-06 05:10:00,Snacks,6.0,6.0,294.1,5,5
2026-06-06 05:10:00,Electronics,3.0,2.0,308.2,5,5
2026-06-06 05:10:00,Checkout,6.0,6.0,181.7,5,5
2026-06-06 05:15:00,Entrance,7.0,4.0,21.3,5,5
2026-06-06 05:15:00,Dairy,3.0,0.0,151.5,5,5
2026-06-06 05:15:00,Bakery,7.0,7.0,181.7,5,5
2026-06-06 05:15:00,Produce,4.0,5.0,285.1,5,5
2026-06-06 05:15:00,Snacks,4.0,4.0,214.2,5,5
2026-06-06 05:15:00,Electronics,3.0,2.0,363.2,5,5
2026-06-06 05:15:00,Checkout,8.0,7.0,120.5,5,5
2026-06-06 05:20:00,Entrance,7.0,9.0,37.3,5,5
2026-06-06 05:20:00,Dairy,7.0,6.0,207.8,5,5
2026-06-06 05:20:00,Bakery,6.0,,234.8,5,5
2026-06-06 05:20:00,Produce,5.0,2.0,275.2,5,5
2026-06-06 05:20:00,Snacks,2.0,3.0,272.2,5,5
2026-06-06 05:20:00,Electronics,2.0,3.0,534.2,5,5
2026-06-06 05:20:00,Checkout,7.0,6.0,142.7,5,5
2026-06-06 05:25:00,Entrance,11.0,10.0,38.6,5,5
2026-06-06 05:25:00,Dairy,3.0,3.0,148.0,5,5
2026-06-06 05:25:00,Bakery,1.0,1.0,218.2,5,5
2026-06-06 05:25:00,Produce,6.0,5.0,181.3,5,5
2026-06-06 05:25:00,Snacks,,4.0,290.1,5,5
2026-06-06 05:25:00,Electronics,3.0,4.0,510.4,5,5
2026-06-06 05:25:00,Checkout,12.0,11.0,142.1,5,5
2026-06-06 05:30:00,Entrance,11.0,10.0,39.5,5,5
2026-06-06 05:30:00,Dairy,3.0,1.0,248.2,5,5
2026-06-06 05:30:00,Bakery,,0.0,107.1,5,5
2026-06-06 05:30:00,Produce,2.0,1.0,249.8,5,5
2026-06-06 05:30:00,Snacks,4.0,4.0,254.8,5,5
2026-06-06 05:30:00,Electronics,3.0,3.0,315.8,5,5
2026-06-06 05:30:00,Checkout,5.0,4.0,161.7,5,5
2026-06-06 05:35:00,Entrance,7.0,5.0,37.2,5,5
2026-06-06 05:35:00,Dairy,3.0,2.0,209.9,5,5
2026-06-06 05:35:00,Bakery,4.0,2.0,310.7,5,5
2026-06-06 05:35:00,Produce,8.0,8.0,104.0,5,5
2026-06-06 05:35:00,Snacks,1.0,0.0,215.3,5,5
2026-06-06 05:35:00,Electronics,0.0,1.0,452.2,5,5
2026-06-06 05:35:00,Checkout,6.0,4.0,166.4,5,5
2026-06-06 05:40:00,Entrance,7.0,6.0,50.2,5,5
2026-06-06 05:40:00,Dairy,6.0,6.0,280.8,5,5
2026-06-06 05:40:00,Bakery,6.0,8.0,239.2,5,5
2026-06-06 05:40:00,Produce,5.0,2.0,170.9,5,5
2026-06-06 05:40:00,Snacks,4.0,4.0,252.3,5,5
2026-06-06 05:40:00,Electronics,1.0,0.0,440.7,5,5
2026-06-06 05:40:00,Checkout,5.0,5.0,175.3,5,5
2026-06-06 05:45:00,Entrance,7.0,7.0,27.5,5,5
2026-06-06 05:45:00,Dairy,9.0,9.0,140.1,5,5
2026-06-06 05:45:00,Bakery,4.0,4.0,298.3,5,5
2026-06-06 05:45:00,Produce,4.0,6.0,155.2,5,5
2026-06-06 05:45:00,Snacks,6.0,5.0,284.0,5,5
2026-06-06 05:45:00,Electronics,4.0,5.0,484.2,5,5
2026-06-06 05:45:00,Checkout,13.0,12.0,142.3,5,5
2026-06-06 05:50:00,Entrance,10.0,11.0,62.8,5,5
2026-06-06 05:50:00,Dairy,4.0,4.0,244.7,5,5
2026-06-06 05:50:00,Bakery,4.0,4.0,121.1,5,5
2026-06-06 05:50:00,Produce,1.0,0.0,233.9,5,5
2026-06-06 05:50:00,Snacks,4.0,4.0,276.6,5,5
2026-06-06 05:50:00,Electronics,5.0,5.0,290.9,5,5
2026-06-06 05:50:00,Checkout,8.0,4.0,209.3,5,5
2026-06-06 05:55:00,Entrance,6.0,6.0,25.3,5,5
2026-06-06 05:55:00,Dairy,3.0,1.0,259.5,5,5
2026-06-06 05:55:00,Bakery,7.0,6.0,354.1,5,5
2026-06-06 05:55:00,Produce,3.0,0.0,275.5,5,5
2026-06-06 05:55:00,Snacks,8.0,9.0,152.1,5,5
2026-06-06 05:55:00,Electronics,1.0,0.0,310.1,5,5
2026-06-06 05:55:00,Checkout,6.0,3.0,151.0,5,5
2026-06-06 06:00:00,Entrance,5.0,6.0,58.1,6,5
2026-06-06 06:00:00,Dairy,6.0,5.0,346.4,6,5
2026-06-06 06:00:00,Bakery,6.0,,207.5,6,5
2026-06-06 06:00:00,Produce,6.0,6.0,259.3,6,5
2026-06-06 06:00:00,Snacks,3.0,3.0,234.8,6,5
2026-06-06 06:00:00,Electronics,1.0,2.0,296.9,6,5
2026-06-06 06:00:00,Checkout,6.0,6.0,98.8,6,5
2026-06-06 06:05:00,Entrance,6.0,5.0,62.7,6,5
2026-06-06 06:05:00,Dairy,6.0,7.0,,6,5
2026-06-06 06:05:00,Bakery,3.0,0.0,213.6,6,5
2026-06-06 06:05:00,Produce,4.0,3.0,195.5,6,5
2026-06-06 06:05:00,Snacks,3.0,5.0,138.7,6,5
2026-06-06 06:05:00,Electronics,5.0,4.0,328.5,6,5
2026-06-06 06:05:00,Checkout,5.0,3.0,173.5,6,5
2026-06-06 06:10:00,Entrance,12.0,11.0,56.4,6,5
2026-06-06 06:10:00,Dairy,5.0,4.0,187.2,6,5
2026-06-06 06:10:00,Bakery,6.0,4.0,91.4,6,5
2026-06-06 06:10:00,Produce,4.0,4.0,259.3,6,5
2026-06-06 06:10:00,Snacks,5.0,4.0,199.5,6,5
2026-06-06 06:10:00,Electronics,2.0,4.0,329.8,6,5
2026-06-06 06:10:00,Checkout,12.0,10.0,177.1,6,5
2026-06-06 06:15:00,Entrance,7.0,7.0,54.9,6,5
2026-06-06 06:15:00,Dairy,4.0,2.0,213.1,6,5
2026-06-06 06:15:00,Bakery,4.0,0.0,189.8,6,5
2026-06-06 06:15:00,Produce,6.0,4.0,259.3,6,5
2026-06-06 06:15:00,Snacks,8.0,8.0,143.2,6,5
2026-06-06 06:15:00,Electronics,5.0,4.0,357.5,6,5
2026-06-06 06:15:00,Checkout,9.0,8.0,131.3,6,5
2026-06-06 06:20:00,Entrance,8.0,7.0,47.2,6,5
2026-06-06 06:20:00,Dairy,1.0,0.0,180.7,6,5
2026-06-06 06:20:00,Bakery,1.0,0.0,206.8,6,5
2026-06-06 06:20:00,Produce,6.0,6.0,222.7,6,5
2026-06-06 06:20:00,Snacks,3.0,3.0,241.3,6,5
2026-06-06 06:20:00,Electronics,2.0,3.0,372.3,6,5
2026-06-06 06:20:00,Checkout,5.0,4.0,113.1,6,5
2026-06-06 06:25:00,Entrance,6.0,6.0,45.5,6,5
2026-06-06 06:25:00,Dairy,6.0,5.0,198.3,6,5
2026-06-06 06:25:00,Bakery,4.0,3.0,226.9,6,5
2026-06-06 06:25:00,Produce,2.0,0.0,183.1,6,5
2026-06-06 06:25:00,Snacks,6.0,7.0,189.6,6,5
2026-06-06 06:25:00,Electronics,5.0,8.0,590.1,6,5
2026-06-06 06:25:00,Checkout,9.0,9.0,229.0,6,5
2026-06-06 06:30:00,Entrance,9.0,12.0,47.4,6,5
2026-06-06 06:30:00,Dairy,8.0,9.0,316.6,6,5
2026-06-06 06:30:00,Bakery,6.0,3.0,153.9,6,5
2026-06-06 06:30:00,Produce,2.0,1.0,253.9,6,5
2026-06-06 06:30:00,Snacks,6.0,5.0,127.6,6,5
2026-06-06 06:30:00,Electronics,5.0,5.0,380.0,6,5
2026-06-06 06:30:00,Checkout,12.0,17.0,208.2,6,5
2026-06-06 06:35:00,Entrance,11.0,11.0,44.0,6,5
2026-06-06 06:35:00,Dairy,8.0,6.0,230.8,6,5
2026-06-06 06:35:00,Bakery,0.0,1.0,198.8,6,5
2026-06-06 06:35:00,Produce,3.0,2.0,190.4,6,5
2026-06-06 06:35:00,Snacks,5.0,6.0,196.8,6,5
2026-06-06 06:35:00,Electronics,1.0,1.0,402.0,6,5
2026-06-06 06:35:00,Checkout,13.0,13.0,185.5,6,5
2026-06-06 06:40:00,Entrance,12.0,14.0,50.2,6,5
2026-06-06 06:40:00,Dairy,6.0,1.0,274.0,6,5
2026-06-06 06:40:00,Bakery,9.0,11.0,193.1,6,5
2026-06-06 06:40:00,Produce,4.0,0.0,232.5,6,5
2026-06-06 06:40:00,Snacks,5.0,4.0,330.7,6,5
2026-06-06 06:40:00,Electronics,9.0,9.0,423.0,6,5
2026-06-06 06:40:00,Checkout,7.0,5.0,168.8,6,5
2026-06-06 06:45:00,Entrance,7.0,5.0,43.1,6,5
2026-06-06 06:45:00,Dairy,6.0,6.0,219.6,6,5
2026-06-06 06:45:00,Bakery,5.0,7.0,228.1,6,5
2026-06-06 06:45:00,Produce,9.0,9.0,139.3,6,5
2026-06-06 06:45:00,Snacks,1.0,1.0,184.4,6,5
2026-06-06 06:45:00,Electronics,,3.0,506.2,6,5
2026-06-06 06:45:00,Checkout,8.0,10.0,102.5,6,5
2026-06-06 06:50:00,Entrance,12.0,10.0,58.5,6,5
2026-06-06 06:50:00,Dairy,4.0,4.0,188.8,6,5
2026-06-06 06:50:00,Bakery,4.0,3.0,226.4,6,5
2026-06-06 06:50:00,Produce,1.0,1.0,204.6,6,5
2026-06-06 06:50:00,Snacks,4.0,2.0,247.8,6,5
2026-06-06 06:50:00,Electronics,4.0,2.0,456.4,6,5
2026-06-06 06:50:00,Checkout,5.0,4.0,215.7,6,5
2026-06-06 06:55:00,Entrance,7.0,9.0,20.4,6,5
2026-06-06 06:55:00,Dairy,6.0,7.0,,6,5
2026-06-06 06:55:00,Bakery,5.0,5.0,180.4,6,5
2026-06-06 06:55:00,Produce,1.0,2.0,186.4,6,5
2026-06-06 06:55:00,Snacks,7.0,5.0,129.2,6,5
2026-06-06 06:55:00,Electronics,0.0,0.0,237.7,6,5
2026-06-06 06:55:00,Checkout,5.0,5.0,152.8,6,5
2026-06-06 07:00:00,Entrance,10.0,8.0,,7,5
2026-06-06 07:00:00,Dairy,4.0,1.0,141.6,7,5
2026-06-06 07:00:00,Bakery,3.0,1.0,206.5,7,5
2026-06-06 07:00:00,Produce,6.0,5.0,229.9,7,5
