timestamp,counter_id,queue_length,active_counters,hour,day_of_week,is_weekend,is_festival,avg_service_time,wait_time_min
2026-06-01 08:00:00,Counter_1,1.0,2.0,8,0,0,0,1.51,1.77
2026-06-01 08:00:00,Counter_2,1.0,1.0,8,0,0,0,1.05,0.81
2026-06-01 08:00:00,Counter_3,2.0,2.0,8,0,0,0,1.62,3.37
2026-06-01 08:00:00,Counter_4,2.0,2.0,8,0,0,0,1.18,2.49
2026-06-01 08:00:00,Counter_5,3.0,1.0,8,0,0,0,1.17,3.69
2026-06-01 08:05:00,Counter_1,1.0,2.0,8,0,0,0,1.37,1.41
2026-06-01 08:05:00,Counter_2,0.0,,8,0,0,0,1.15,0.0
2026-06-01 08:05:00,Counter_3,1.0,1.0,8,0,0,0,0.87,1.35
2026-06-01 08:05:00,Counter_4,3.0,1.0,8,0,0,0,1.28,3.66
2026-06-01 08:05:00,Counter_5,3.0,1.0,8,0,0,0,1.17,3.65
2026-06-01 08:10:00,Counter_1,1.0,2.0,8,0,0,0,1.06,1.06
2026-06-01 08:10:00,Counter_2,0.0,1.0,8,0,0,0,1.56,0.08
2026-06-01 08:10:00,Counter_3,4.0,2.0,8,0,0,0,1.85,7.47
2026-06-01 08:10:00,Counter_4,3.0,2.0,8,0,0,0,1.02,2.84
2026-06-01 08:10:00,Counter_5,1.0,2.0,8,0,0,0,1.3,1.03
2026-06-01 08:15:00,Counter_1,2.0,2.0,8,0,0,0,1.15,2.04
2026-06-01 08:15:00,Counter_2,0.0,2.0,8,0,0,0,1.82,0.08
2026-06-01 08:15:00,Counter_3,4.0,2.0,8,0,0,0,1.37,5.53
2026-06-01 08:15:00,Counter_4,1.0,2.0,8,0,0,0,1.48,1.34
2026-06-01 08:15:00,Counter_5,2.0,1.0,8,0,0,0,1.55,2.81
2026-06-01 08:20:00,Counter_1,4.0,1.0,8,0,0,0,1.28,5.3
2026-06-01 08:20:00,Counter_2,4.0,1.0,8,0,0,0,1.2,4.49
2026-06-01 08:20:00,Counter_3,2.0,2.0,8,0,0,0,1.63,3.36
2026-06-01 08:20:00,Counter_4,6.0,1.0,8,0,0,0,1.44,8.49
2026-06-01 08:20:00,Counter_5,6.0,1.0,8,0,0,0,1.04,6.48
2026-06-01 08:25:00,Counter_1,0.0,2.0,8,0,0,0,1.07,0.2
2026-06-01 08:25:00,Counter_2,3.0,2.0,8,0,0,0,1.15,3.1
2026-06-01 08:25:00,Counter_3,2.0,2.0,8,0,0,0,1.54,3.07
2026-06-01 08:25:00,Counter_4,3.0,2.0,8,0,0,0,1.62,4.69
2026-06-01 08:25:00,Counter_5,6.0,,8,0,0,0,1.79,10.9
2026-06-01 08:30:00,Counter_1,1.0,2.0,8,0,0,0,1.07,1.14
2026-06-01 08:30:00,Counter_2,0.0,2.0,8,0,0,0,1.29,0.06
2026-06-01 08:30:00,Counter_3,1.0,2.0,8,0,0,0,1.15,0.95
2026-06-01 08:30:00,Counter_4,1.0,2.0,8,0,0,0,1.2,0.98
2026-06-01 08:30:00,Counter_5,3.0,1.0,8,0,0,0,1.48,4.32
2026-06-01 08:35:00,Counter_1,4.0,1.0,8,0,0,0,1.24,5.23
2026-06-01 08:35:00,Counter_2,0.0,2.0,8,0,0,0,1.58,0.06
2026-06-01 08:35:00,Counter_3,8.0,1.0,8,0,0,0,1.12,9.15
2026-06-01 08:35:00,Counter_4,6.0,1.0,8,0,0,0,1.44,8.34
2026-06-01 08:35:00,Counter_5,0.0,2.0,8,0,0,0,1.14,0.15
2026-06-01 08:40:00,Counter_1,1.0,1.0,8,0,0,0,0.79,0.6
2026-06-01 08:40:00,Counter_2,3.0,2.0,8,0,0,0,0.99,3.1
2026-06-01 08:40:00,Counter_3,4.0,1.0,8,0,0,0,1.28,5.06
2026-06-01 08:40:00,Counter_4,0.0,1.0,8,0,0,0,1.73,0.17
2026-06-01 08:40:00,Counter_5,2.0,2.0,8,0,0,0,1.14,2.53
2026-06-01 08:45:00,Counter_1,5.0,1.0,8,0,0,0,1.21,5.86
2026-06-01 08:45:00,Counter_2,2.0,2.0,8,0,0,0,1.37,2.91
2026-06-01 08:45:00,Counter_3,2.0,2.0,8,0,0,0,1.1,2.48
2026-06-01 08:45:00,Counter_4,0.0,2.0,8,0,0,0,1.13,0.0
2026-06-01 08:45:00,Counter_5,3.0,1.0,8,0,0,0,1.27,3.49
2026-06-01 08:50:00,Counter_1,0.0,2.0,8,0,0,0,1.14,0.05
2026-06-01 08:50:00,Counter_2,3.0,1.0,8,0,0,0,0.8,2.31
2026-06-01 08:50:00,Counter_3,1.0,2.0,8,0,0,0,1.09,1.01
2026-06-01 08:50:00,Counter_4,3.0,1.0,8,0,0,0,1.4,4.37
2026-06-01 08:50:00,Counter_5,6.0,1.0,8,0,0,0,1.41,8.27
2026-06-01 08:55:00,Counter_1,2.0,2.0,8,0,0,0,1.58,3.24
2026-06-01 08:55:00,Counter_2,0.0,2.0,8,0,0,0,1.56,0.02
2026-06-01 08:55:00,Counter_3,3.0,2.0,8,0,0,0,1.02,3.13
2026-06-01 08:55:00,Counter_4,0.0,2.0,8,0,0,0,1.06,0.02
2026-06-01 08:55:00,Counter_5,2.0,1.0,8,0,0,0,1.07,2.21
2026-06-01 09:00:00,Counter_1,8.0,1.0,9,0,0,0,1.21,9.61
2026-06-01 09:00:00,Counter_2,6.0,2.0,9,0,0,0,1.09,6.1
2026-06-01 09:00:00,Counter_3,16.0,1.0,9,0,0,0,1.21,19.46
2026-06-01 09:00:00,Counter_4,6.0,1.0,9,0,0,0,1.03,6.41
2026-06-01 09:00:00,Counter_5,3.0,2.0,9,0,0,0,1.45,4.18
2026-06-01 09:05:00,Counter_1,8.0,1.0,9,0,0,0,1.01,8.24
2026-06-01 09:05:00,Counter_2,5.0,2.0,9,0,0,0,1.0,4.88
2026-06-01 09:05:00,Counter_3,4.0,2.0,9,0,0,0,1.38,5.25
2026-06-01 09:05:00,Counter_4,6.0,2.0,9,0,0,0,1.43,8.46
2026-06-01 09:05:00,Counter_5,4.0,1.0,9,0,0,0,1.19,4.72
2026-06-01 09:10:00,Counter_1,6.0,1.0,9,0,0,0,1.47,8.56
2026-06-01 09:10:00,Counter_2,9.0,2.0,9,0,0,0,1.45,13.32
2026-06-01 09:10:00,Counter_3,11.0,1.0,9,0,0,0,1.72,18.61
2026-06-01 09:10:00,Counter_4,9.0,2.0,9,0,0,0,1.43,12.76
2026-06-01 09:10:00,Counter_5,6.0,2.0,9,0,0,0,1.68,9.9
2026-06-01 09:15:00,Counter_1,4.0,2.0,9,0,0,0,1.27,5.35
2026-06-01 09:15:00,Counter_2,1.0,2.0,9,0,0,0,1.6,1.3
2026-06-01 09:15:00,Counter_3,4.0,1.0,9,0,0,0,1.61,6.61
2026-06-01 09:15:00,Counter_4,,2.0,9,0,0,0,1.21,3.67
2026-06-01 09:15:00,Counter_5,10.0,1.0,9,0,0,0,1.08,10.55
2026-06-01 09:20:00,Counter_1,4.0,2.0,9,0,0,0,1.12,4.41
2026-06-01 09:20:00,Counter_2,6.0,1.0,9,0,0,0,,8.06
2026-06-01 09:20:00,Counter_3,2.0,2.0,9,0,0,0,0.96,2.04
2026-06-01 09:20:00,Counter_4,5.0,2.0,9,0,0,0,1.14,5.57
2026-06-01 09:20:00,Counter_5,4.0,1.0,9,0,0,0,1.55,6.33
2026-06-01 09:25:00,Counter_1,0.0,2.0,9,0,0,0,1.42,0.03
2026-06-01 09:25:00,Counter_2,,1.0,9,0,0,0,0.66,4.71
2026-06-01 09:25:00,Counter_3,9.0,1.0,9,0,0,0,0.92,8.1
2026-06-01 09:25:00,Counter_4,6.0,1.0,9,0,0,0,1.79,10.69
2026-06-01 09:25:00,Counter_5,3.0,2.0,9,0,0,0,1.54,4.64
2026-06-01 09:30:00,Counter_1,7.0,1.0,9,0,0,0,1.1,7.72
2026-06-01 09:30:00,Counter_2,7.0,2.0,9,0,0,0,0.88,6.15
2026-06-01 09:30:00,Counter_3,3.0,1.0,9,0,0,0,0.94,3.24
2026-06-01 09:30:00,Counter_4,2.0,2.0,9,0,0,0,1.38,2.87
2026-06-01 09:30:00,Counter_5,2.0,2.0,9,0,0,0,1.74,3.63
2026-06-01 09:35:00,Counter_1,6.0,2.0,9,0,0,0,1.73,10.43
2026-06-01 09:35:00,Counter_2,10.0,1.0,9,0,0,0,0.86,8.71
2026-06-01 09:35:00,Counter_3,6.0,2.0,9,0,0,0,1.18,7.12
2026-06-01 09:35:00,Counter_4,10.0,1.0,9,0,0,0,1.04,10.76
2026-06-01 09:35:00,Counter_5,12.0,1.0,9,0,0,0,1.28,15.35
2026-06-01 09:40:00,Counter_1,4.0,2.0,9,0,0,0,0.92,3.85
2026-06-01 09:40:00,Counter_2,6.0,1.0,9,0,0,0,1.11,7.08
2026-06-01 09:40:00,Counter_3,3.0,1.0,9,0,0,0,1.03,3.22
2026-06-01 09:40:00,Counter_4,4.0,1.0,9,0,0,0,1.38,5.46
2026-06-01 09:40:00,Counter_5,7.0,1.0,9,0,0,0,1.12,7.69
2026-06-01 09:45:00,Counter_1,10.0,1.0,9,0,0,0,1.16,11.5
2026-06-01 09:45:00,Counter_2,2.0,2.0,9,0,0,0,1.38,2.84
2026-06-01 09:45:00,Counter_3,6.0,1.0,9,0,0,0,1.66,10.32
2026-06-01 09:45:00,Counter_4,1.0,2.0,9,0,0,0,1.78,1.9
2026-06-01 09:45:00,Counter_5,4.0,2.0,9,0,0,0,1.36,5.36
2026-06-01 09:50:00,Counter_1,2.0,2.0,9,0,0,0,1.23,2.4
2026-06-01 09:50:00,Counter_2,5.0,2.0,9,0,0,0,1.58,7.87
2026-06-01 09:50:00,Counter_3,8.0,2.0,9,0,0,0,1.54,12.05
2026-06-01 09:50:00,Counter_4,4.0,2.0,9,0,0,0,1.47,5.79
2026-06-01 09:50:00,Counter_5,9.0,1.0,9,0,0,0,0.86,7.64
2026-06-01 09:55:00,Counter_1,7.0,2.0,9,0,0,0,1.55,11.41
2026-06-01 09:55:00,Counter_2,3.0,2.0,9,0,0,0,1.34,4.21
2026-06-01 09:55:00,Counter_3,6.0,2.0,9,0,0,0,1.03,5.97
2026-06-01 09:55:00,Counter_4,2.0,1.0,9,0,0,0,1.08,1.85
2026-06-01 09:55:00,Counter_5,7.0,2.0,9,0,0,0,1.4,9.54
2026-06-01 10:00:00,Counter_1,,2.0,10,0,0,0,0.62,2.14
2026-06-01 10:00:00,Counter_2,7.0,2.0,10,0,0,0,1.22,8.27
2026-06-01 10:00:00,Counter_3,4.0,2.0,10,0,0,0,1.09,4.68
2026-06-01 10:00:00,Counter_4,0.0,2.0,10,0,0,0,1.06,0.17
2026-06-01 10:00:00,Counter_5,6.0,2.0,10,0,0,0,1.14,6.79
2026-06-01 10:05:00,Counter_1,13.0,1.0,10,0,0,0,0.88,11.21
2026-06-01 10:05:00,Counter_2,5.0,2.0,10,0,0,0,1.51,7.8
2026-06-01 10:05:00,Counter_3,2.0,1.0,10,0,0,0,0.72,1.55
2026-06-01 10:05:00,Counter_4,3.0,2.0,10,0,0,0,1.29,4.05
2026-06-01 10:05:00,Counter_5,8.0,1.0,10,0,0,0,1.04,8.27
2026-06-01 10:10:00,Counter_1,4.0,1.0,10,0,0,0,1.75,7.13
2026-06-01 10:10:00,Counter_2,5.0,1.0,10,0,0,0,1.26,6.6
2026-06-01 10:10:00,Counter_3,4.0,2.0,10,0,0,0,0.72,3.0
2026-06-01 10:10:00,Counter_4,5.0,2.0,10,0,0,0,1.39,6.74
2026-06-01 10:10:00,Counter_5,8.0,1.0,10,0,0,0,0.98,7.94
2026-06-01 10:15:00,Counter_1,3.0,2.0,10,0,0,0,1.5,4.65
2026-06-01 10:15:00,Counter_2,3.0,2.0,10,0,0,0,1.4,4.54
2026-06-01 10:15:00,Counter_3,,2.0,10,0,0,0,1.62,4.98
2026-06-01 10:15:00,Counter_4,3.0,2.0,10,0,0,0,1.3,4.12
2026-06-01 10:15:00,Counter_5,12.0,1.0,10,0,0,0,1.45,17.52
2026-06-01 10:20:00,Counter_1,9.0,1.0,10,0,0,0,1.26,11.07
2026-06-01 10:20:00,Counter_2,10.0,1.0,10,0,0,0,1.1,11.17
2026-06-01 10:20:00,Counter_3,2.0,2.0,10,0,0,0,1.52,3.06
2026-06-01 10:20:00,Counter_4,8.0,1.0,10,0,0,0,0.94,7.92
2026-06-01 10:20:00,Counter_5,5.0,2.0,10,0,0,0,1.24,5.91
2026-06-01 10:25:00,Counter_1,10.0,1.0,10,0,0,0,1.11,10.87
2026-06-01 10:25:00,Counter_2,10.0,1.0,10,0,0,0,1.46,14.75
2026-06-01 10:25:00,Counter_3,3.0,2.0,10,0,0,0,1.01,3.33
2026-06-01 10:25:00,Counter_4,1.0,2.0,10,0,0,0,1.15,1.13
2026-06-01 10:25:00,Counter_5,4.0,1.0,10,0,0,0,1.26,5.02
2026-06-01 10:30:00,Counter_1,6.0,2.0,10,0,0,0,1.62,9.76
2026-06-01 10:30:00,Counter_2,5.0,2.0,10,0,0,0,1.12,5.5
2026-06-01 10:30:00,Counter_3,5.0,2.0,10,0,0,0,1.15,5.95
2026-06-01 10:30:00,Counter_4,9.0,1.0,10,0,0,0,0.91,8.09
2026-06-01 10:30:00,Counter_5,12.0,1.0,10,0,0,0,1.0,12.14
2026-06-01 10:35:00,Counter_1,6.0,2.0,10,0,0,0,1.35,7.84
2026-06-01 10:35:00,Counter_2,4.0,2.0,10,0,0,0,,5.38
2026-06-01 10:35:00,Counter_3,4.0,2.0,10,0,0,0,1.26,4.62
2026-06-01 10:35:00,Counter_4,5.0,2.0,10,0,0,0,1.69,8.24
2026-06-01 10:35:00,Counter_5,5.0,2.0,10,0,0,0,0.83,4.6
2026-06-01 10:40:00,Counter_1,8.0,1.0,10,0,0,0,1.83,14.66
2026-06-01 10:40:00,Counter_2,11.0,1.0,10,0,0,0,1.54,16.81
2026-06-01 10:40:00,Counter_3,7.0,1.0,10,0,0,0,1.17,7.93
2026-06-01 10:40:00,Counter_4,6.0,2.0,10,0,0,0,1.35,8.01
2026-06-01 10:40:00,Counter_5,4.0,2.0,10,0,0,0,1.08,4.38
2026-06-01 10:45:00,Counter_1,4.0,2.0,10,0,0,0,1.33,5.42
2026-06-01 10:45:00,Counter_2,2.0,2.0,10,0,0,0,1.79,3.64
2026-06-01 10:45:00,Counter_3,4.0,2.0,10,0,0,0,1.09,4.0
2026-06-01 10:45:00,Counter_4,5.0,1.0,10,0,0,0,1.19,5.98
2026-06-01 10:45:00,Counter_5,8.0,1.0,10,0,0,0,1.06,8.55
2026-06-01 10:50:00,Counter_1,1.0,2.0,10,0,0,0,1.1,1.17
2026-06-01 10:50:00,Counter_2,3.0,2.0,10,0,0,0,1.15,3.46
2026-06-01 10:50:00,Counter_3,5.0,2.0,10,0,0,0,0.98,4.65
2026-06-01 10:50:00,Counter_4,6.0,1.0,10,0,0,0,1.18,6.9
2026-06-01 10:50:00,Counter_5,3.0,2.0,10,0,0,0,1.26,4.02
2026-06-01 10:55:00,Counter_1,5.0,2.0,10,0,0,0,1.15,5.59
2026-06-01 10:55:00,Counter_2,9.0,1.0,10,0,0,0,0.68,5.98
2026-06-01 10:55:00,Counter_3,1.0,2.0,10,0,0,0,1.21,1.15
2026-06-01 10:55:00,Counter_4,5.0,1.0,10,0,0,0,1.24,5.96
2026-06-01 10:55:00,Counter_5,5.0,2.0,10,0,0,0,1.72,8.73
2026-06-01 11:00:00,Counter_1,3.0,4.0,11,0,0,0,1.26,3.53
2026-06-01 11:00:00,Counter_2,5.0,5.0,11,0,0,0,1.48,7.62
2026-06-01 11:00:00,Counter_3,5.0,5.0,11,0,0,0,1.14,5.43
2026-06-01 11:00:00,Counter_4,3.0,5.0,11,0,0,0,1.57,4.65
2026-06-01 11:00:00,Counter_5,8.0,3.0,11,0,0,0,1.01,8.15
2026-06-01 11:05:00,Counter_1,5.0,5.0,11,0,0,0,1.38,7.06
2026-06-01 11:05:00,Counter_2,6.0,5.0,11,0,0,0,1.46,8.71
2026-06-01 11:05:00,Counter_3,2.0,5.0,11,0,0,0,1.42,2.7
2026-06-01 11:05:00,Counter_4,6.0,4.0,11,0,0,0,1.79,11.02
2026-06-01 11:05:00,Counter_5,10.0,3.0,11,0,0,0,1.1,11.04
2026-06-01 11:10:00,Counter_1,6.0,4.0,11,0,0,0,1.6,9.57
2026-06-01 11:10:00,Counter_2,8.0,4.0,11,0,0,0,,11.96
2026-06-01 11:10:00,Counter_3,8.0,4.0,11,0,0,0,1.26,10.12
2026-06-01 11:10:00,Counter_4,4.0,5.0,11,0,0,0,1.71,6.84
2026-06-01 11:10:00,Counter_5,6.0,4.0,11,0,0,0,1.21,6.99
2026-06-01 11:15:00,Counter_1,9.0,3.0,11,0,0,0,1.26,11.18
2026-06-01 11:15:00,Counter_2,4.0,4.0,11,0,0,0,1.25,5.02
2026-06-01 11:15:00,Counter_3,5.0,3.0,11,0,0,0,0.93,4.74
2026-06-01 11:15:00,Counter_4,8.0,3.0,11,0,0,0,1.44,11.32
2026-06-01 11:15:00,Counter_5,3.0,4.0,11,0,0,0,1.4,4.0
2026-06-01 11:20:00,Counter_1,7.0,5.0,11,0,0,0,1.22,8.56
2026-06-01 11:20:00,Counter_2,5.0,5.0,11,0,0,0,1.69,8.28
2026-06-01 11:20:00,Counter_3,4.0,4.0,11,0,0,0,1.14,4.52
2026-06-01 11:20:00,Counter_4,5.0,5.0,11,0,0,0,0.82,4.46
2026-06-01 11:20:00,Counter_5,6.0,3.0,11,0,0,0,1.73,10.37
2026-06-01 11:25:00,Counter_1,3.0,5.0,11,0,0,0,1.5,4.7
2026-06-01 11:25:00,Counter_2,5.0,5.0,11,0,0,0,1.41,6.8
2026-06-01 11:25:00,Counter_3,5.0,4.0,11,0,0,0,1.17,5.7
2026-06-01 11:25:00,Counter_4,9.0,3.0,11,0,0,0,1.34,11.9
2026-06-01 11:25:00,Counter_5,5.0,4.0,11,0,0,0,0.93,4.43
2026-06-01 11:30:00,Counter_1,9.0,3.0,11,0,0,0,1.19,10.36
2026-06-01 11:30:00,Counter_2,,4.0,11,0,0,0,1.02,6.16
2026-06-01 11:30:00,Counter_3,7.0,3.0,11,0,0,0,1.32,9.32
2026-06-01 11:30:00,Counter_4,6.0,4.0,11,0,0,0,1.48,8.69
2026-06-01 11:30:00,Counter_5,4.0,3.0,11,0,0,0,0.99,3.81
2026-06-01 11:35:00,Counter_1,8.0,3.0,11,0,0,0,1.43,11.46
2026-06-01 11:35:00,Counter_2,9.0,3.0,11,0,0,0,1.3,11.7
2026-06-01 11:35:00,Counter_3,7.0,,11,0,0,0,1.42,10.15
2026-06-01 11:35:00,Counter_4,3.0,5.0,11,0,0,0,1.19,3.8
2026-06-01 11:35:00,Counter_5,4.0,4.0,11,0,0,0,1.43,5.59
2026-06-01 11:40:00,Counter_1,8.0,4.0,11,0,0,0,1.08,8.63
2026-06-01 11:40:00,Counter_2,9.0,4.0,11,0,0,0,0.83,7.27
2026-06-01 11:40:00,Counter_3,6.0,3.0,11,0,0,0,,5.64
2026-06-01 11:40:00,Counter_4,9.0,4.0,11,0,0,0,1.12,10.13
2026-06-01 11:40:00,Counter_5,7.0,4.0,11,0,0,0,0.85,6.15
2026-06-01 11:45:00,Counter_1,5.0,5.0,11,0,0,0,1.64,8.13
2026-06-01 11:45:00,Counter_2,5.0,4.0,11,0,0,0,,6.35
2026-06-01 11:45:00,Counter_3,10.0,4.0,11,0,0,0,1.48,14.95
2026-06-01 11:45:00,Counter_4,5.0,5.0,11,0,0,0,1.45,7.51
2026-06-01 11:45:00,Counter_5,8.0,5.0,11,0,0,0,1.25,9.73
2026-06-01 11:50:00,Counter_1,4.0,,11,0,0,0,2.13,8.53
2026-06-01 11:50:00,Counter_2,9.0,4.0,11,0,0,0,1.98,18.04
2026-06-01 11:50:00,Counter_3,7.0,,11,0,0,0,1.6,11.01
2026-06-01 11:50:00,Counter_4,3.0,5.0,11,0,0,0,1.02,3.16
2026-06-01 11:50:00,Counter_5,7.0,3.0,11,0,0,0,1.61,11.38
2026-06-01 11:55:00,Counter_1,4.0,4.0,11,0,0,0,0.81,3.38
2026-06-01 11:55:00,Counter_2,6.0,4.0,11,0,0,0,1.6,9.67
2026-06-01 11:55:00,Counter_3,5.0,4.0,11,0,0,0,0.61,3.17
2026-06-01 11:55:00,Counter_4,6.0,5.0,11,0,0,0,1.17,7.11
2026-06-01 11:55:00,Counter_5,5.0,3.0,11,0,0,0,1.55,7.99
2026-06-01 12:00:00,Counter_1,6.0,5.0,12,0,0,0,1.35,7.96
2026-06-01 12:00:00,Counter_2,11.0,3.0,12,0,0,0,0.88,9.75
2026-06-01 12:00:00,Counter_3,8.0,3.0,12,0,0,0,1.29,10.56
2026-06-01 12:00:00,Counter_4,6.0,4.0,12,0,0,0,1.35,7.94
2026-06-01 12:00:00,Counter_5,6.0,5.0,12,0,0,0,1.3,7.66
2026-06-01 12:05:00,Counter_1,5.0,4.0,12,0,0,0,1.15,5.85
2026-06-01 12:05:00,Counter_2,5.0,4.0,12,0,0,0,1.46,7.58
2026-06-01 12:05:00,Counter_3,5.0,4.0,12,0,0,0,1.54,7.67
2026-06-01 12:05:00,Counter_4,6.0,3.0,12,0,0,0,1.21,7.28
2026-06-01 12:05:00,Counter_5,2.0,4.0,12,0,0,0,1.63,3.33
2026-06-01 12:10:00,Counter_1,5.0,4.0,12,0,0,0,1.21,5.95
2026-06-01 12:10:00,Counter_2,5.0,5.0,12,0,0,0,1.13,6.09
2026-06-01 12:10:00,Counter_3,8.0,3.0,12,0,0,0,1.59,12.54
2026-06-01 12:10:00,Counter_4,9.0,,12,0,0,0,1.58,14.24
2026-06-01 12:10:00,Counter_5,6.0,,12,0,0,0,1.09,6.56
2026-06-01 12:15:00,Counter_1,10.0,4.0,12,0,0,0,1.06,10.16
2026-06-01 12:15:00,Counter_2,6.0,4.0,12,0,0,0,1.69,9.97
2026-06-01 12:15:00,Counter_3,5.0,4.0,12,0,0,0,1.22,5.83
2026-06-01 12:15:00,Counter_4,4.0,3.0,12,0,0,0,1.25,5.14
2026-06-01 12:15:00,Counter_5,5.0,5.0,12,0,0,0,1.19,5.61
2026-06-01 12:20:00,Counter_1,7.0,4.0,12,0,0,0,,11.25
2026-06-01 12:20:00,Counter_2,5.0,4.0,12,0,0,0,1.79,8.71
2026-06-01 12:20:00,Counter_3,9.0,4.0,12,0,0,0,1.27,11.62
2026-06-01 12:20:00,Counter_4,5.0,4.0,12,0,0,0,1.85,8.97
2026-06-01 12:20:00,Counter_5,5.0,5.0,12,0,0,0,1.11,5.63
2026-06-01 12:25:00,Counter_1,3.0,4.0,12,0,0,0,1.18,3.73
2026-06-01 12:25:00,Counter_2,7.0,3.0,12,0,0,0,1.42,10.05
2026-06-01 12:25:00,Counter_3,5.0,4.0,12,0,0,0,1.05,5.01
2026-06-01 12:25:00,Counter_4,6.0,3.0,12,0,0,0,1.42,8.75
2026-06-01 12:25:00,Counter_5,5.0,4.0,12,0,0,0,1.12,5.71
2026-06-01 12:30:00,Counter_1,8.0,4.0,12,0,0,0,0.86,6.41
2026-06-01 12:30:00,Counter_2,3.0,3.0,12,0,0,0,0.81,2.45
2026-06-01 12:30:00,Counter_3,5.0,,12,0,0,0,1.17,6.42
2026-06-01 12:30:00,Counter_4,9.0,3.0,12,0,0,0,1.35,12.37
2026-06-01 12:30:00,Counter_5,6.0,5.0,12,0,0,0,0.91,5.36
2026-06-01 12:35:00,Counter_1,9.0,3.0,12,0,0,0,1.29,11.72
2026-06-01 12:35:00,Counter_2,5.0,5.0,12,0,0,0,1.3,6.42
2026-06-01 12:35:00,Counter_3,3.0,4.0,12,0,0,0,1.21,3.83
2026-06-01 12:35:00,Counter_4,10.0,3.0,12,0,0,0,1.02,10.04
2026-06-01 12:35:00,Counter_5,9.0,3.0,12,0,0,0,1.31,12.03
2026-06-01 12:40:00,Counter_1,8.0,3.0,12,0,0,0,1.21,9.86
2026-06-01 12:40:00,Counter_2,9.0,3.0,12,0,0,0,1.5,13.63
2026-06-01 12:40:00,Counter_3,10.0,3.0,12,0,0,0,0.93,9.71
2026-06-01 12:40:00,Counter_4,6.0,4.0,12,0,0,0,1.28,7.88
2026-06-01 12:40:00,Counter_5,7.0,3.0,12,0,0,0,0.93,6.71
2026-06-01 12:45:00,Counter_1,9.0,4.0,12,0,0,0,1.19,10.94
2026-06-01 12:45:00,Counter_2,7.0,4.0,12,0,0,0,0.98,7.0
2026-06-01 12:45:00,Counter_3,7.0,4.0,12,0,0,0,1.02,7.23
2026-06-01 12:45:00,Counter_4,10.0,3.0,12,0,0,0,1.25,12.36
2026-06-01 12:45:00,Counter_5,5.0,5.0,12,0,0,0,1.11,5.42
2026-06-01 12:50:00,Counter_1,11.0,4.0,12,0,0,0,1.62,17.91
2026-06-01 12:50:00,Counter_2,7.0,4.0,12,0,0,0,1.54,10.9
2026-06-01 12:50:00,Counter_3,7.0,3.0,12,0,0,0,1.45,10.15
2026-06-01 12:50:00,Counter_4,3.0,4.0,12,0,0,0,1.45,4.25
2026-06-01 12:50:00,Counter_5,4.0,4.0,12,0,0,0,,5.09
2026-06-01 12:55:00,Counter_1,5.0,5.0,12,0,0,0,1.58,7.89
2026-06-01 12:55:00,Counter_2,5.0,5.0,12,0,0,0,1.18,5.96
2026-06-01 12:55:00,Counter_3,5.0,4.0,12,0,0,0,1.78,8.86
2026-06-01 12:55:00,Counter_4,6.0,5.0,12,0,0,0,1.01,6.29
2026-06-01 12:55:00,Counter_5,5.0,4.0,12,0,0,0,0.97,4.83
2026-06-01 13:00:00,Counter_1,10.0,3.0,13,0,0,0,0.9,8.87
2026-06-01 13:00:00,Counter_2,6.0,5.0,13,0,0,0,0.94,5.62
2026-06-01 13:00:00,Counter_3,13.0,3.0,13,0,0,0,0.84,10.7
2026-06-01 13:00:00,Counter_4,5.0,4.0,13,0,0,0,1.3,6.9
2026-06-01 13:00:00,Counter_5,8.0,3.0,13,0,0,0,1.46,11.81
2026-06-01 13:05:00,Counter_1,6.0,4.0,13,0,0,0,1.26,7.56
2026-06-01 13:05:00,Counter_2,9.0,4.0,13,0,0,0,0.9,8.38
2026-06-01 13:05:00,Counter_3,4.0,4.0,13,0,0,0,,4.48
2026-06-01 13:05:00,Counter_4,7.0,4.0,13,0,0,0,1.46,10.21
2026-06-01 13:05:00,Counter_5,8.0,4.0,13,0,0,0,1.16,9.14
2026-06-01 13:10:00,Counter_1,8.0,5.0,13,0,0,0,1.05,8.21
2026-06-01 13:10:00,Counter_2,8.0,4.0,13,0,0,0,0.87,7.0
2026-06-01 13:10:00,Counter_3,3.0,5.0,13,0,0,0,1.14,3.63
2026-06-01 13:10:00,Counter_4,8.0,5.0,13,0,0,0,1.07,8.38
2026-06-01 13:10:00,Counter_5,10.0,3.0,13,0,0,0,1.23,12.25
2026-06-01 13:15:00,Counter_1,2.0,5.0,13,0,0,0,1.37,2.7
2026-06-01 13:15:00,Counter_2,6.0,4.0,13,0,0,0,1.18,7.23
2026-06-01 13:15:00,Counter_3,5.0,3.0,13,0,0,0,1.3,6.41
2026-06-01 13:15:00,Counter_4,6.0,3.0,13,0,0,0,1.37,8.37
2026-06-01 13:15:00,Counter_5,4.0,5.0,13,0,0,0,0.94,3.9
2026-06-01 13:20:00,Counter_1,7.0,3.0,13,0,0,0,1.72,11.91
2026-06-01 13:20:00,Counter_2,9.0,3.0,13,0,0,0,1.06,9.48
2026-06-01 13:20:00,Counter_3,7.0,4.0,13,0,0,0,1.38,9.68
2026-06-01 13:20:00,Counter_4,7.0,4.0,13,0,0,0,0.97,6.7
2026-06-01 13:20:00,Counter_5,2.0,4.0,13,0,0,0,1.28,2.38
2026-06-01 13:25:00,Counter_1,7.0,3.0,13,0,0,0,1.29,9.33
2026-06-01 13:25:00,Counter_2,9.0,3.0,13,0,0,0,1.66,14.58
2026-06-01 13:25:00,Counter_3,6.0,4.0,13,0,0,0,1.19,7.19
2026-06-01 13:25:00,Counter_4,5.0,4.0,13,0,0,0,1.57,8.12
2026-06-01 13:25:00,Counter_5,2.0,5.0,13,0,0,0,1.32,2.48
2026-06-01 13:30:00,Counter_1,6.0,4.0,13,0,0,0,1.71,10.27
2026-06-01 13:30:00,Counter_2,5.0,5.0,13,0,0,0,0.8,4.18
2026-06-01 13:30:00,Counter_3,9.0,3.0,13,0,0,0,1.37,11.72
2026-06-01 13:30:00,Counter_4,5.0,4.0,13,0,0,0,0.6,2.99
2026-06-01 13:30:00,Counter_5,6.0,4.0,13,0,0,0,1.24,7.13
2026-06-01 13:35:00,Counter_1,4.0,5.0,13,0,0,0,1.51,6.23
2026-06-01 13:35:00,Counter_2,5.0,5.0,13,0,0,0,1.61,7.89
2026-06-01 13:35:00,Counter_3,5.0,4.0,13,0,0,0,1.43,7.51
2026-06-01 13:35:00,Counter_4,7.0,4.0,13,0,0,0,1.18,8.07
2026-06-01 13:35:00,Counter_5,4.0,5.0,13,0,0,0,1.39,5.65
2026-06-01 13:40:00,Counter_1,8.0,3.0,13,0,0,0,1.88,14.86
2026-06-01 13:40:00,Counter_2,2.0,3.0,13,0,0,0,1.27,2.49
2026-06-01 13:40:00,Counter_3,4.0,4.0,13,0,0,0,1.49,5.96
2026-06-01 13:40:00,Counter_4,11.0,3.0,13,0,0,0,1.14,12.55
2026-06-01 13:40:00,Counter_5,6.0,,13,0,0,0,1.52,9.45
2026-06-01 13:45:00,Counter_1,5.0,5.0,13,0,0,0,1.48,7.69
2026-06-01 13:45:00,Counter_2,7.0,4.0,13,0,0,0,1.1,7.55
2026-06-01 13:45:00,Counter_3,6.0,5.0,13,0,0,0,1.44,8.65
2026-06-01 13:45:00,Counter_4,5.0,3.0,13,0,0,0,1.46,7.07
2026-06-01 13:45:00,Counter_5,6.0,4.0,13,0,0,0,1.43,8.3
2026-06-01 13:50:00,Counter_1,,3.0,13,0,0,0,1.24,12.27
2026-06-01 13:50:00,Counter_2,8.0,4.0,13,0,0,0,1.56,12.82
2026-06-01 13:50:00,Counter_3,6.0,3.0,13,0,0,0,1.02,5.78
2026-06-01 13:50:00,Counter_4,6.0,5.0,13,0,0,0,1.25,7.62
2026-06-01 13:50:00,Counter_5,7.0,4.0,13,0,0,0,1.28,9.05
2026-06-01 13:55:00,Counter_1,5.0,4.0,13,0,0,0,1.54,7.55
2026-06-01 13:55:00,Counter_2,11.0,3.0,13,0,0,0,1.01,11.24
2026-06-01 13:55:00,Counter_3,8.0,3.0,13,0,0,0,1.31,10.61
2026-06-01 13:55:00,Counter_4,8.0,4.0,13,0,0,0,1.13,9.03
2026-06-01 13:55:00,Counter_5,5.0,5.0,13,0,0,0,1.28,6.37
2026-06-01 14:00:00,Counter_1,8.0,1.0,14,0,0,0,1.35,10.75
2026-06-01 14:00:00,Counter_2,5.0,2.0,14,0,0,0,0.93,4.48
2026-06-01 14:00:00,Counter_3,4.0,2.0,14,0,0,0,1.57,6.31
2026-06-01 14:00:00,Counter_4,6.0,2.0,14,0,0,0,1.36,8.06
2026-06-01 14:00:00,Counter_5,3.0,2.0,14,0,0,0,1.04,3.15
2026-06-01 14:05:00,Counter_1,5.0,2.0,14,0,0,0,1.16,5.68
2026-06-01 14:05:00,Counter_2,1.0,1.0,14,0,0,0,1.62,1.49
2026-06-01 14:05:00,Counter_3,13.0,1.0,14,0,0,0,1.35,17.44
2026-06-01 14:05:00,Counter_4,6.0,1.0,14,0,0,0,1.01,6.31
2026-06-01 14:05:00,Counter_5,4.0,2.0,14,0,0,0,1.05,3.92
2026-06-01 14:10:00,Counter_1,2.0,2.0,14,0,0,0,1.41,3.17
2026-06-01 14:10:00,Counter_2,10.0,1.0,14,0,0,0,1.44,14.55
2026-06-01 14:10:00,Counter_3,2.0,2.0,14,0,0,0,1.34,2.37
2026-06-01 14:10:00,Counter_4,7.0,1.0,14,0,0,0,1.18,8.14
2026-06-01 14:10:00,Counter_5,16.0,1.0,14,0,0,0,1.45,22.88
2026-06-01 14:15:00,Counter_1,7.0,2.0,14,0,0,0,1.17,8.32
2026-06-01 14:15:00,Counter_2,6.0,2.0,14,0,0,0,1.04,6.5
2026-06-01 14:15:00,Counter_3,9.0,2.0,14,0,0,0,1.65,14.9
2026-06-01 14:15:00,Counter_4,1.0,2.0,14,0,0,0,1.37,1.61
2026-06-01 14:15:00,Counter_5,8.0,1.0,14,0,0,0,1.05,8.44
2026-06-01 14:20:00,Counter_1,2.0,2.0,14,0,0,0,1.28,2.75
2026-06-01 14:20:00,Counter_2,7.0,2.0,14,0,0,0,1.26,8.88
2026-06-01 14:20:00,Counter_3,6.0,2.0,14,0,0,0,1.16,6.96
2026-06-01 14:20:00,Counter_4,5.0,1.0,14,0,0,0,1.31,6.7
2026-06-01 14:20:00,Counter_5,2.0,1.0,14,0,0,0,1.02,2.01
2026-06-01 14:25:00,Counter_1,7.0,1.0,14,0,0,0,1.47,10.58
2026-06-01 14:25:00,Counter_2,5.0,1.0,14,0,0,0,1.25,6.19
2026-06-01 14:25:00,Counter_3,5.0,2.0,14,0,0,0,0.85,4.36
2026-06-01 14:25:00,Counter_4,,1.0,14,0,0,0,1.19,4.62
2026-06-01 14:25:00,Counter_5,4.0,2.0,14,0,0,0,1.1,4.09
2026-06-01 14:30:00,Counter_1,4.0,2.0,14,0,0,0,0.6,2.47
2026-06-01 14:30:00,Counter_2,8.0,2.0,14,0,0,0,1.21,9.32
2026-06-01 14:30:00,Counter_3,11.0,1.0,14,0,0,0,1.51,17.04
2026-06-01 14:30:00,Counter_4,4.0,2.0,14,0,0,0,1.22,4.81
2026-06-01 14:30:00,Counter_5,6.0,1.0,14,0,0,0,1.43,8.56
2026-06-01 14:35:00,Counter_1,10.0,1.0,14,0,0,0,1.25,12.44
2026-06-01 14:35:00,Counter_2,14.0,1.0,14,0,0,0,1.14,15.99
2026-06-01 14:35:00,Counter_3,1.0,2.0,14,0,0,0,1.07,1.14
2026-06-01 14:35:00,Counter_4,5.0,1.0,14,0,0,0,0.93,4.48
2026-06-01 14:35:00,Counter_5,0.0,2.0,14,0,0,0,1.48,0.22
2026-06-01 14:40:00,Counter_1,6.0,1.0,14,0,0,0,1.43,8.36
2026-06-01 14:40:00,Counter_2,8.0,2.0,14,0,0,0,1.18,9.34
2026-06-01 14:40:00,Counter_3,4.0,2.0,14,0,0,0,0.74,3.02
2026-06-01 14:40:00,Counter_4,3.0,2.0,14,0,0,0,1.37,4.15
2026-06-01 14:40:00,Counter_5,10.0,1.0,14,0,0,0,1.02,10.35
2026-06-01 14:45:00,Counter_1,6.0,,14,0,0,0,1.29,7.41
2026-06-01 14:45:00,Counter_2,3.0,2.0,14,0,0,0,0.86,2.4
2026-06-01 14:45:00,Counter_3,6.0,1.0,14,0,0,0,1.27,7.53
2026-06-01 14:45:00,Counter_4,7.0,2.0,14,0,0,0,1.22,8.84
2026-06-01 14:45:00,Counter_5,5.0,2.0,14,0,0,0,0.65,3.79
2026-06-01 14:50:00,Counter_1,4.0,2.0,14,0,0,0,,6.33
2026-06-01 14:50:00,Counter_2,5.0,2.0,14,0,0,0,1.17,6.07
2026-06-01 14:50:00,Counter_3,11.0,1.0,14,0,0,0,1.19,13.11
2026-06-01 14:50:00,Counter_4,3.0,1.0,14,0,0,0,1.38,4.25
2026-06-01 14:50:00,Counter_5,1.0,2.0,14,0,0,0,1.24,0.98
2026-06-01 14:55:00,Counter_1,,1.0,14,0,0,0,1.34,15.01
2026-06-01 14:55:00,Counter_2,3.0,2.0,14,0,0,0,0.96,2.44
2026-06-01 14:55:00,Counter_3,4.0,2.0,14,0,0,0,1.21,4.58
2026-06-01 14:55:00,Counter_4,4.0,2.0,14,0,0,0,0.77,3.03
2026-06-01 14:55:00,Counter_5,1.0,2.0,14,0,0,0,1.19,1.07
2026-06-01 15:00:00,Counter_1,6.0,2.0,15,0,0,0,1.61,9.67
2026-06-01 15:00:00,Counter_2,12.0,1.0,15,0,0,0,,10.3
2026-06-01 15:00:00,Counter_3,2.0,1.0,15,0,0,0,1.16,2.25
2026-06-01 15:00:00,Counter_4,2.0,2.0,15,0,0,0,0.72,1.4
2026-06-01 15:00:00,Counter_5,3.0,2.0,15,0,0,0,1.25,3.71
2026-06-01 15:05:00,Counter_1,5.0,2.0,15,0,0,0,,6.88
2026-06-01 15:05:00,Counter_2,4.0,2.0,15,0,0,0,1.35,5.58
2026-06-01 15:05:00,Counter_3,4.0,2.0,15,0,0,0,1.1,4.25
2026-06-01 15:05:00,Counter_4,7.0,2.0,15,0,0,0,0.71,5.24
2026-06-01 15:05:00,Counter_5,10.0,1.0,15,0,0,0,0.94,9.41
2026-06-01 15:10:00,Counter_1,5.0,2.0,15,0,0,0,1.56,8.05
2026-06-01 15:10:00,Counter_2,1.0,2.0,15,0,0,0,1.47,1.4
2026-06-01 15:10:00,Counter_3,1.0,2.0,15,0,0,0,1.23,1.06
2026-06-01 15:10:00,Counter_4,10.0,1.0,15,0,0,0,1.29,12.92
2026-06-01 15:10:00,Counter_5,4.0,2.0,15,0,0,0,0.99,4.47
2026-06-01 15:15:00,Counter_1,1.0,2.0,15,0,0,0,1.57,1.3
2026-06-01 15:15:00,Counter_2,10.0,1.0,15,0,0,0,1.07,10.84
2026-06-01 15:15:00,Counter_3,6.0,2.0,15,0,0,0,1.36,8.2
2026-06-01 15:15:00,Counter_4,,2.0,15,0,0,0,0.92,5.6
2026-06-01 15:15:00,Counter_5,5.0,2.0,15,0,0,0,1.21,5.81
2026-06-01 15:20:00,Counter_1,4.0,2.0,15,0,0,0,1.56,6.33
2026-06-01 15:20:00,Counter_2,17.0,1.0,15,0,0,0,1.01,17.23
2026-06-01 15:20:00,Counter_3,5.0,2.0,15,0,0,0,1.44,6.9
2026-06-01 15:20:00,Counter_4,6.0,1.0,15,0,0,0,0.98,5.91
2026-06-01 15:20:00,Counter_5,6.0,2.0,15,0,0,0,1.02,6.07
2026-06-01 15:25:00,Counter_1,8.0,1.0,15,0,0,0,1.25,9.93
2026-06-01 15:25:00,Counter_2,7.0,1.0,15,0,0,0,1.49,10.42
2026-06-01 15:25:00,Counter_3,8.0,1.0,15,0,0,0,1.18,9.66
2026-06-01 15:25:00,Counter_4,4.0,1.0,15,0,0,0,1.4,5.69
2026-06-01 15:25:00,Counter_5,2.0,2.0,15,0,0,0,1.54,2.87
2026-06-01 15:30:00,Counter_1,3.0,2.0,15,0,0,0,1.06,3.28
2026-06-01 15:30:00,Counter_2,7.0,2.0,15,0,0,0,0.87,6.08
2026-06-01 15:30:00,Counter_3,0.0,1.0,15,0,0,0,1.16,0.08
2026-06-01 15:30:00,Counter_4,5.0,2.0,15,0,0,0,1.57,7.6
2026-06-01 15:30:00,Counter_5,4.0,2.0,15,0,0,0,1.05,4.36
2026-06-01 15:35:00,Counter_1,5.0,2.0,15,0,0,0,1.5,7.39
2026-06-01 15:35:00,Counter_2,3.0,2.0,15,0,0,0,1.18,3.72
2026-06-01 15:35:00,Counter_3,6.0,1.0,15,0,0,0,1.69,9.92
2026-06-01 15:35:00,Counter_4,14.0,1.0,15,0,0,0,1.81,25.74
2026-06-01 15:35:00,Counter_5,6.0,2.0,15,0,0,0,1.51,9.59
2026-06-01 15:40:00,Counter_1,2.0,2.0,15,0,0,0,0.84,1.79
2026-06-01 15:40:00,Counter_2,4.0,2.0,15,0,0,0,0.65,2.86
2026-06-01 15:40:00,Counter_3,10.0,1.0,15,0,0,0,1.27,12.61
2026-06-01 15:40:00,Counter_4,5.0,2.0,15,0,0,0,1.48,7.29
2026-06-01 15:40:00,Counter_5,5.0,2.0,15,0,0,0,1.38,7.14
2026-06-01 15:45:00,Counter_1,3.0,2.0,15,0,0,0,1.07,3.24
2026-06-01 15:45:00,Counter_2,3.0,2.0,15,0,0,0,0.88,2.37
2026-06-01 15:45:00,Counter_3,6.0,1.0,15,0,0,0,1.48,8.9
2026-06-01 15:45:00,Counter_4,,1.0,15,0,0,0,1.71,8.31
2026-06-01 15:45:00,Counter_5,2.0,2.0,15,0,0,0,1.08,2.12
2026-06-01 15:50:00,Counter_1,5.0,2.0,15,0,0,0,1.46,7.51
2026-06-01 15:50:00,Counter_2,9.0,1.0,15,0,0,0,1.9,17.39
2026-06-01 15:50:00,Counter_3,6.0,1.0,15,0,0,0,1.2,7.26
2026-06-01 15:50:00,Counter_4,4.0,,15,0,0,0,1.21,5.11
2026-06-01 15:50:00,Counter_5,7.0,1.0,15,0,0,0,1.39,9.64
2026-06-01 15:55:00,Counter_1,5.0,2.0,15,0,0,0,1.18,6.24
2026-06-01 15:55:00,Counter_2,5.0,2.0,15,0,0,0,1.58,7.76
2026-06-01 15:55:00,Counter_3,2.0,2.0,15,0,0,0,,2.14
2026-06-01 15:55:00,Counter_4,2.0,2.0,15,0,0,0,1.24,2.39
2026-06-01 15:55:00,Counter_5,12.0,1.0,15,0,0,0,0.89,10.53
2026-06-01 16:00:00,Counter_1,5.0,2.0,16,0,0,0,1.19,6.05
2026-06-01 16:00:00,Counter_2,11.0,1.0,16,0,0,0,1.0,11.25
2026-06-01 16:00:00,Counter_3,5.0,2.0,16,0,0,0,1.34,6.7
2026-06-01 16:00:00,Counter_4,4.0,2.0,16,0,0,0,0.83,3.38
2026-06-01 16:00:00,Counter_5,7.0,1.0,16,0,0,0,1.49,10.15
2026-06-01 16:05:00,Counter_1,14.0,1.0,16,0,0,0,1.03,14.44
2026-06-01 16:05:00,Counter_2,7.0,1.0,16,0,0,0,1.7,12.25
2026-06-01 16:05:00,Counter_3,4.0,2.0,16,0,0,0,1.59,6.64
2026-06-01 16:05:00,Counter_4,13.0,1.0,16,0,0,0,1.38,17.72
2026-06-01 16:05:00,Counter_5,5.0,2.0,16,0,0,0,0.87,4.26
2026-06-01 16:10:00,Counter_1,2.0,2.0,16,0,0,0,1.09,2.86
2026-06-01 16:10:00,Counter_2,7.0,2.0,16,0,0,0,1.03,7.29
2026-06-01 16:10:00,Counter_3,3.0,2.0,16,0,0,0,1.06,3.48
2026-06-01 16:10:00,Counter_4,12.0,1.0,16,0,0,0,1.64,20.0
2026-06-01 16:10:00,Counter_5,1.0,2.0,16,0,0,0,1.21,0.99
2026-06-01 16:15:00,Counter_1,15.0,1.0,16,0,0,0,1.09,16.49
2026-06-01 16:15:00,Counter_2,11.0,1.0,16,0,0,0,1.06,11.7
2026-06-01 16:15:00,Counter_3,2.0,2.0,16,0,0,0,1.12,2.59
2026-06-01 16:15:00,Counter_4,4.0,2.0,16,0,0,0,1.38,5.91
2026-06-01 16:15:00,Counter_5,10.0,1.0,16,0,0,0,0.84,8.23
2026-06-01 16:20:00,Counter_1,4.0,2.0,16,0,0,0,1.27,5.77
2026-06-01 16:20:00,Counter_2,7.0,1.0,16,0,0,0,1.36,9.55
2026-06-01 16:20:00,Counter_3,5.0,2.0,16,0,0,0,0.82,4.23
2026-06-01 16:20:00,Counter_4,1.0,2.0,16,0,0,0,0.9,0.37
2026-06-01 16:20:00,Counter_5,6.0,2.0,16,0,0,0,1.24,7.64
2026-06-01 16:25:00,Counter_1,7.0,2.0,16,0,0,0,1.61,10.84
2026-06-01 16:25:00,Counter_2,5.0,2.0,16,0,0,0,1.55,7.72
2026-06-01 16:25:00,Counter_3,3.0,2.0,16,0,0,0,1.1,3.19
2026-06-01 16:25:00,Counter_4,6.0,2.0,16,0,0,0,1.6,9.69
2026-06-01 16:25:00,Counter_5,5.0,2.0,16,0,0,0,1.17,5.89
2026-06-01 16:30:00,Counter_1,7.0,1.0,16,0,0,0,1.17,8.31
2026-06-01 16:30:00,Counter_2,6.0,1.0,16,0,0,0,1.27,7.87
2026-06-01 16:30:00,Counter_3,0.0,1.0,16,0,0,0,1.46,0.0
2026-06-01 16:30:00,Counter_4,0.0,2.0,16,0,0,0,1.1,0.11
2026-06-01 16:30:00,Counter_5,2.0,1.0,16,0,0,0,1.15,2.13
2026-06-01 16:35:00,Counter_1,12.0,1.0,16,0,0,0,0.94,11.1
2026-06-01 16:35:00,Counter_2,9.0,1.0,16,0,0,0,1.34,12.45
2026-06-01 16:35:00,Counter_3,4.0,2.0,16,0,0,0,,5.67
2026-06-01 16:35:00,Counter_4,6.0,2.0,16,0,0,0,1.5,8.84
2026-06-01 16:35:00,Counter_5,4.0,2.0,16,0,0,0,0.91,4.08
2026-06-01 16:40:00,Counter_1,9.0,1.0,16,0,0,0,1.15,10.32
2026-06-01 16:40:00,Counter_2,2.0,2.0,16,0,0,0,1.56,3.11
2026-06-01 16:40:00,Counter_3,4.0,2.0,16,0,0,0,1.31,5.32
2026-06-01 16:40:00,Counter_4,1.0,2.0,16,0,0,0,1.26,1.02
2026-06-01 16:40:00,Counter_5,5.0,2.0,16,0,0,0,1.25,6.07
2026-06-01 16:45:00,Counter_1,2.0,2.0,16,0,0,0,1.39,2.66
2026-06-01 16:45:00,Counter_2,2.0,2.0,16,0,0,0,1.32,2.85
2026-06-01 16:45:00,Counter_3,4.0,2.0,16,0,0,0,1.11,4.57
2026-06-01 16:45:00,Counter_4,6.0,2.0,16,0,0,0,1.47,8.69
2026-06-01 16:45:00,Counter_5,14.0,1.0,16,0,0,0,0.95,13.27
2026-06-01 16:50:00,Counter_1,5.0,1.0,16,0,0,0,1.58,8.06
2026-06-01 16:50:00,Counter_2,1.0,2.0,16,0,0,0,1.03,0.55
2026-06-01 16:50:00,Counter_3,2.0,2.0,16,0,0,0,1.39,2.84
2026-06-01 16:50:00,Counter_4,5.0,2.0,16,0,0,0,1.21,6.2
2026-06-01 16:50:00,Counter_5,3.0,2.0,16,0,0,0,1.13,3.21
2026-06-01 16:55:00,Counter_1,3.0,2.0,16,0,0,0,1.59,4.9
2026-06-01 16:55:00,Counter_2,3.0,1.0,16,0,0,0,1.44,4.32
2026-06-01 16:55:00,Counter_3,10.0,1.0,16,0,0,0,1.24,12.76
2026-06-01 16:55:00,Counter_4,7.0,2.0,16,0,0,0,1.69,11.73
2026-06-01 16:55:00,Counter_5,6.0,2.0,16,0,0,0,1.49,9.06
2026-06-01 17:00:00,Counter_1,4.0,4.0,17,0,0,0,1.25,4.71
2026-06-01 17:00:00,Counter_2,4.0,4.0,17,0,0,0,0.88,3.54
2026-06-01 17:00:00,Counter_3,6.0,5.0,17,0,0,0,1.48,9.04
2026-06-01 17:00:00,Counter_4,10.0,3.0,17,0,0,0,1.8,17.89
2026-06-01 17:00:00,Counter_5,8.0,4.0,17,0,0,0,1.6,13.02
2026-06-01 17:05:00,Counter_1,7.0,4.0,17,0,0,0,1.84,13.06
2026-06-01 17:05:00,Counter_2,10.0,3.0,17,0,0,0,1.3,13.03
2026-06-01 17:05:00,Counter_3,7.0,5.0,17,0,0,0,1.42,9.89
2026-06-01 17:05:00,Counter_4,7.0,4.0,17,0,0,0,1.43,9.39
2026-06-01 17:05:00,Counter_5,9.0,3.0,17,0,0,0,1.51,13.46
2026-06-01 17:10:00,Counter_1,15.0,3.0,17,0,0,0,1.64,24.82
2026-06-01 17:10:00,Counter_2,8.0,4.0,17,0,0,0,1.86,14.83
2026-06-01 17:10:00,Counter_3,6.0,4.0,17,0,0,0,1.91,11.55
2026-06-01 17:10:00,Counter_4,6.0,5.0,17,0,0,0,1.87,11.13
2026-06-01 17:10:00,Counter_5,12.0,4.0,17,0,0,0,1.62,19.15
2026-06-01 17:15:00,Counter_1,7.0,4.0,17,0,0,0,1.36,9.67
2026-06-01 17:15:00,Counter_2,10.0,3.0,17,0,0,0,1.51,14.85
2026-06-01 17:15:00,Counter_3,8.0,3.0,17,0,0,0,1.61,12.83
2026-06-01 17:15:00,Counter_4,8.0,4.0,17,0,0,0,1.48,11.91
2026-06-01 17:15:00,Counter_5,5.0,5.0,17,0,0,0,1.22,5.96
2026-06-01 17:20:00,Counter_1,9.0,4.0,17,0,0,0,,12.28
2026-06-01 17:20:00,Counter_2,5.0,4.0,17,0,0,0,1.67,8.74
2026-06-01 17:20:00,Counter_3,9.0,4.0,17,0,0,0,1.39,12.35
2026-06-01 17:20:00,Counter_4,8.0,4.0,17,0,0,0,1.46,11.53
2026-06-01 17:20:00,Counter_5,12.0,3.0,17,0,0,0,1.43,17.07
2026-06-01 17:25:00,Counter_1,6.0,5.0,17,0,0,0,1.23,7.61
2026-06-01 17:25:00,Counter_2,7.0,4.0,17,0,0,0,1.41,9.97
2026-06-01 17:25:00,Counter_3,9.0,4.0,17,0,0,0,1.34,12.21
2026-06-01 17:25:00,Counter_4,9.0,4.0,17,0,0,0,1.28,11.78
2026-06-01 17:25:00,Counter_5,8.0,3.0,17,0,0,0,1.19,9.34
2026-06-01 17:30:00,Counter_1,8.0,4.0,17,0,0,0,1.42,11.46
2026-06-01 17:30:00,Counter_2,8.0,4.0,17,0,0,0,1.6,12.81
2026-06-01 17:30:00,Counter_3,12.0,3.0,17,0,0,0,1.73,20.85
2026-06-01 17:30:00,Counter_4,9.0,5.0,17,0,0,0,1.1,10.13
2026-06-01 17:30:00,Counter_5,5.0,4.0,17,0,0,0,1.85,9.22
2026-06-01 17:35:00,Counter_1,3.0,5.0,17,0,0,0,1.52,4.42
2026-06-01 17:35:00,Counter_2,5.0,5.0,17,0,0,0,1.17,5.64
2026-06-01 17:35:00,Counter_3,7.0,4.0,17,0,0,0,1.35,9.8
2026-06-01 17:35:00,Counter_4,,3.0,17,0,0,0,0.98,9.79
2026-06-01 17:35:00,Counter_5,4.0,5.0,17,0,0,0,1.04,3.89
2026-06-01 17:40:00,Counter_1,9.0,4.0,17,0,0,0,1.88,17.2
2026-06-01 17:40:00,Counter_2,4.0,4.0,17,0,0,0,1.28,4.78
2026-06-01 17:40:00,Counter_3,9.0,3.0,17,0,0,0,1.58,13.91
2026-06-01 17:40:00,Counter_4,7.0,4.0,17,0,0,0,1.42,9.88
2026-06-01 17:40:00,Counter_5,8.0,4.0,17,0,0,0,1.45,11.49
2026-06-01 17:45:00,Counter_1,6.0,4.0,17,0,0,0,1.54,9.3
2026-06-01 17:45:00,Counter_2,6.0,5.0,17,0,0,0,0.93,5.19
2026-06-01 17:45:00,Counter_3,6.0,4.0,17,0,0,0,1.78,10.75
2026-06-01 17:45:00,Counter_4,7.0,4.0,17,0,0,0,1.43,10.27
2026-06-01 17:45:00,Counter_5,7.0,4.0,17,0,0,0,1.32,9.04
2026-06-01 17:50:00,Counter_1,7.0,3.0,17,0,0,0,1.57,10.91
2026-06-01 17:50:00,Counter_2,5.0,5.0,17,0,0,0,1.27,6.19
2026-06-01 17:50:00,Counter_3,7.0,4.0,17,0,0,0,1.5,10.56
2026-06-01 17:50:00,Counter_4,5.0,5.0,17,0,0,0,1.41,6.83
2026-06-01 17:50:00,Counter_5,7.0,4.0,17,0,0,0,1.63,11.17
2026-06-01 17:55:00,Counter_1,10.0,4.0,17,0,0,0,1.4,13.97
2026-06-01 17:55:00,Counter_2,8.0,4.0,17,0,0,0,1.19,9.59
2026-06-01 17:55:00,Counter_3,4.0,5.0,17,0,0,0,1.54,6.19
2026-06-01 17:55:00,Counter_4,7.0,4.0,17,0,0,0,1.38,9.57
2026-06-01 17:55:00,Counter_5,10.0,4.0,17,0,0,0,0.99,10.03
2026-06-01 18:00:00,Counter_1,9.0,3.0,18,0,0,0,1.5,13.55
2026-06-01 18:00:00,Counter_2,6.0,5.0,18,0,0,0,1.32,7.69
2026-06-01 18:00:00,Counter_3,,4.0,18,0,0,0,1.54,10.24
2026-06-01 18:00:00,Counter_4,9.0,4.0,18,0,0,0,1.24,11.26
2026-06-01 18:00:00,Counter_5,10.0,3.0,18,0,0,0,1.15,11.45
2026-06-01 18:05:00,Counter_1,4.0,4.0,18,0,0,0,1.75,6.78
2026-06-01 18:05:00,Counter_2,7.0,4.0,18,0,0,0,1.66,11.95
2026-06-01 18:05:00,Counter_3,11.0,3.0,18,0,0,0,1.45,16.27
2026-06-01 18:05:00,Counter_4,7.0,5.0,18,0,0,0,1.56,11.17
2026-06-01 18:05:00,Counter_5,7.0,4.0,18,0,0,0,1.65,11.6
2026-06-01 18:10:00,Counter_1,7.0,5.0,18,0,0,0,1.45,9.52
2026-06-01 18:10:00,Counter_2,4.0,4.0,18,0,0,0,1.15,4.84
2026-06-01 18:10:00,Counter_3,14.0,3.0,18,0,0,0,1.52,21.1
2026-06-01 18:10:00,Counter_4,7.0,4.0,18,0,0,0,1.7,11.79
2026-06-01 18:10:00,Counter_5,6.0,4.0,18,0,0,0,1.6,9.78
2026-06-01 18:15:00,Counter_1,8.0,4.0,18,0,0,0,1.46,12.09
2026-06-01 18:15:00,Counter_2,10.0,4.0,18,0,0,0,1.59,16.21
2026-06-01 18:15:00,Counter_3,5.0,5.0,18,0,0,0,1.39,6.98
2026-06-01 18:15:00,Counter_4,9.0,3.0,18,0,0,0,1.71,15.54
2026-06-01 18:15:00,Counter_5,4.0,5.0,18,0,0,0,1.79,6.94
2026-06-01 18:20:00,Counter_1,9.0,4.0,18,0,0,0,1.13,9.85
2026-06-01 18:20:00,Counter_2,5.0,4.0,18,0,0,0,1.73,8.87
2026-06-01 18:20:00,Counter_3,13.0,3.0,18,0,0,0,2.01,26.19
2026-06-01 18:20:00,Counter_4,9.0,4.0,18,0,0,0,1.58,13.93
2026-06-01 18:20:00,Counter_5,7.0,5.0,18,0,0,0,1.7,11.89
2026-06-01 18:25:00,Counter_1,8.0,5.0,18,0,0,0,1.29,10.44
2026-06-01 18:25:00,Counter_2,6.0,4.0,18,0,0,0,1.32,8.1
2026-06-01 18:25:00,Counter_3,5.0,4.0,18,0,0,0,1.4,7.13
2026-06-01 18:25:00,Counter_4,9.0,3.0,18,0,0,0,1.35,12.08
2026-06-01 18:25:00,Counter_5,5.0,5.0,18,0,0,0,1.12,5.43
2026-06-01 18:30:00,Counter_1,6.0,4.0,18,0,0,0,1.41,8.48
2026-06-01 18:30:00,Counter_2,7.0,5.0,18,0,0,0,1.66,11.78
2026-06-01 18:30:00,Counter_3,7.0,4.0,18,0,0,0,1.13,8.09
2026-06-01 18:30:00,Counter_4,11.0,3.0,18,0,0,0,1.49,16.71
2026-06-01 18:30:00,Counter_5,4.0,4.0,18,0,0,0,1.49,5.97
2026-06-01 18:35:00,Counter_1,6.0,4.0,18,0,0,0,1.37,8.0
2026-06-01 18:35:00,Counter_2,10.0,4.0,18,0,0,0,1.57,15.92
2026-06-01 18:35:00,Counter_3,11.0,3.0,18,0,0,0,1.55,17.07
2026-06-01 18:35:00,Counter_4,8.0,5.0,18,0,0,0,1.36,10.62
2026-06-01 18:35:00,Counter_5,12.0,3.0,18,0,0,0,1.72,20.76
2026-06-01 18:40:00,Counter_1,6.0,,18,0,0,0,1.59,9.82
2026-06-01 18:40:00,Counter_2,6.0,3.0,18,0,0,0,1.84,11.12
2026-06-01 18:40:00,Counter_3,4.0,5.0,18,0,0,0,1.43,6.0
2026-06-01 18:40:00,Counter_4,7.0,5.0,18,0,0,0,1.37,9.49
2026-06-01 18:40:00,Counter_5,12.0,4.0,18,0,0,0,1.4,16.65
2026-06-01 18:45:00,Counter_1,,5.0,18,0,0,0,1.74,17.57
2026-06-01 18:45:00,Counter_2,6.0,5.0,18,0,0,0,1.41,8.39
2026-06-01 18:45:00,Counter_3,9.0,3.0,18,0,0,0,1.43,13.11
2026-06-01 18:45:00,Counter_4,7.0,5.0,18,0,0,0,1.94,13.61
2026-06-01 18:45:00,Counter_5,11.0,3.0,18,0,0,0,1.11,12.45
2026-06-01 18:50:00,Counter_1,11.0,3.0,18,0,0,0,1.54,17.07
2026-06-01 18:50:00,Counter_2,7.0,4.0,18,0,0,0,1.43,9.83
2026-06-01 18:50:00,Counter_3,8.0,,18,0,0,0,1.39,10.72
2026-06-01 18:50:00,Counter_4,13.0,3.0,18,0,0,0,1.21,15.89
2026-06-01 18:50:00,Counter_5,6.0,5.0,18,0,0,0,1.28,7.79
2026-06-01 18:55:00,Counter_1,7.0,5.0,18,0,0,0,1.35,9.25
2026-06-01 18:55:00,Counter_2,5.0,5.0,18,0,0,0,1.57,8.01
2026-06-01 18:55:00,Counter_3,9.0,4.0,18,0,0,0,1.66,15.22
2026-06-01 18:55:00,Counter_4,6.0,5.0,18,0,0,0,1.01,5.92
2026-06-01 18:55:00,Counter_5,10.0,3.0,18,0,0,0,1.15,11.11
2026-06-01 19:00:00,Counter_1,5.0,5.0,19,0,0,0,1.59,8.14
2026-06-01 19:00:00,Counter_2,9.0,4.0,19,0,0,0,1.61,14.74
2026-06-01 19:00:00,Counter_3,4.0,5.0,19,0,0,0,1.08,4.17
2026-06-01 19:00:00,Counter_4,2.0,4.0,19,0,0,0,1.67,3.49
2026-06-01 19:00:00,Counter_5,7.0,5.0,19,0,0,0,1.45,10.22
2026-06-01 19:05:00,Counter_1,6.0,5.0,19,0,0,0,1.64,9.82
2026-06-01 19:05:00,Counter_2,9.0,5.0,19,0,0,0,1.24,11.28
2026-06-01 19:05:00,Counter_3,7.0,4.0,19,0,0,0,1.1,7.6
2026-06-01 19:05:00,Counter_4,6.0,5.0,19,0,0,0,1.37,8.0
2026-06-01 19:05:00,Counter_5,4.0,5.0,19,0,0,0,1.38,5.6
2026-06-01 19:10:00,Counter_1,12.0,3.0,19,0,0,0,1.37,16.49
2026-06-01 19:10:00,Counter_2,7.0,4.0,19,0,0,0,1.35,8.94
2026-06-01 19:10:00,Counter_3,9.0,3.0,19,0,0,0,1.87,16.59
2026-06-01 19:10:00,Counter_4,9.0,5.0,19,0,0,0,1.03,9.14
2026-06-01 19:10:00,Counter_5,11.0,3.0,19,0,0,0,1.24,13.74
2026-06-01 19:15:00,Counter_1,5.0,5.0,19,0,0,0,1.35,6.45
2026-06-01 19:15:00,Counter_2,11.0,4.0,19,0,0,0,1.46,16.0
2026-06-01 19:15:00,Counter_3,13.0,3.0,19,0,0,0,1.63,21.58
2026-06-01 19:15:00,Counter_4,6.0,5.0,19,0,0,0,1.67,10.03
2026-06-01 19:15:00,Counter_5,10.0,3.0,19,0,0,0,1.72,17.23
2026-06-01 19:20:00,Counter_1,8.0,4.0,19,0,0,0,1.57,12.55
2026-06-01 19:20:00,Counter_2,6.0,5.0,19,0,0,0,1.02,6.32
2026-06-01 19:20:00,Counter_3,5.0,4.0,19,0,0,0,1.03,5.16
2026-06-01 19:20:00,Counter_4,7.0,4.0,19,0,0,0,1.74,12.14
2026-06-01 19:20:00,Counter_5,8.0,5.0,19,0,0,0,1.72,13.79
2026-06-01 19:25:00,Counter_1,5.0,5.0,19,0,0,0,1.61,8.32
2026-06-01 19:25:00,Counter_2,12.0,3.0,19,0,0,0,1.24,14.96
2026-06-01 19:25:00,Counter_3,12.0,3.0,19,0,0,0,1.37,16.45
2026-06-01 19:25:00,Counter_4,8.0,4.0,19,0,0,0,1.35,11.04
2026-06-01 19:25:00,Counter_5,9.0,,19,0,0,0,1.19,10.61
2026-06-01 19:30:00,Counter_1,5.0,4.0,19,0,0,0,1.51,6.91
2026-06-01 19:30:00,Counter_2,8.0,3.0,19,0,0,0,1.99,16.01
2026-06-01 19:30:00,Counter_3,10.0,4.0,19,0,0,0,1.33,13.39
2026-06-01 19:30:00,Counter_4,10.0,5.0,19,0,0,0,1.77,17.58
2026-06-01 19:30:00,Counter_5,10.0,3.0,19,0,0,0,,12.25
2026-06-01 19:35:00,Counter_1,10.0,3.0,19,0,0,0,1.07,10.95
2026-06-01 19:35:00,Counter_2,7.0,4.0,19,0,0,0,1.7,11.99
2026-06-01 19:35:00,Counter_3,13.0,3.0,19,0,0,0,1.4,18.49
2026-06-01 19:35:00,Counter_4,10.0,4.0,19,0,0,0,1.77,17.75
2026-06-01 19:35:00,Counter_5,8.0,4.0,19,0,0,0,1.82,14.53
2026-06-01 19:40:00,Counter_1,8.0,4.0,19,0,0,0,1.38,11.18
2026-06-01 19:40:00,Counter_2,6.0,4.0,19,0,0,0,1.79,10.81
2026-06-01 19:40:00,Counter_3,5.0,4.0,19,0,0,0,1.23,6.24
2026-06-01 19:40:00,Counter_4,6.0,5.0,19,0,0,0,1.23,7.33
2026-06-01 19:40:00,Counter_5,5.0,5.0,19,0,0,0,1.72,8.49
2026-06-01 19:45:00,Counter_1,10.0,4.0,19,0,0,0,1.06,10.49
2026-06-01 19:45:00,Counter_2,4.0,4.0,19,0,0,0,1.45,5.9
2026-06-01 19:45:00,Counter_3,11.0,3.0,19,0,0,0,1.76,19.49
2026-06-01 19:45:00,Counter_4,6.0,5.0,19,0,0,0,1.78,10.15
2026-06-01 19:45:00,Counter_5,5.0,4.0,19,0,0,0,,6.55
2026-06-01 19:50:00,Counter_1,10.0,3.0,19,0,0,0,1.7,16.68
2026-06-01 19:50:00,Counter_2,17.0,3.0,19,0,0,0,1.17,19.79
2026-06-01 19:50:00,Counter_3,9.0,3.0,19,0,0,0,1.28,11.4
2026-06-01 19:50:00,Counter_4,7.0,3.0,19,0,0,0,1.51,10.6
2026-06-01 19:50:00,Counter_5,5.0,4.0,19,0,0,0,1.54,7.74
2026-06-01 19:55:00,Counter_1,6.0,5.0,19,0,0,0,1.19,7.57
2026-06-01 19:55:00,Counter_2,5.0,5.0,19,0,0,0,1.92,9.67
2026-06-01 19:55:00,Counter_3,10.0,4.0,19,0,0,0,0.98,9.93
2026-06-01 19:55:00,Counter_4,7.0,4.0,19,0,0,0,1.46,9.94
2026-06-01 19:55:00,Counter_5,8.0,4.0,19,0,0,0,1.5,11.93
2026-06-01 20:00:00,Counter_1,8.0,4.0,20,0,0,0,1.01,7.86
2026-06-01 20:00:00,Counter_2,5.0,4.0,20,0,0,0,1.78,9.02
2026-06-01 20:00:00,Counter_3,12.0,3.0,20,0,0,0,1.26,15.13
2026-06-01 20:00:00,Counter_4,9.0,4.0,20,0,0,0,1.47,13.16
2026-06-01 20:00:00,Counter_5,10.0,4.0,20,0,0,0,1.53,15.49
2026-06-01 20:05:00,Counter_1,9.0,3.0,20,0,0,0,1.09,9.76
2026-06-01 20:05:00,Counter_2,9.0,3.0,20,0,0,0,1.18,10.89
2026-06-01 20:05:00,Counter_3,13.0,3.0,20,0,0,0,1.84,24.18
2026-06-01 20:05:00,Counter_4,7.0,4.0,20,0,0,0,1.43,9.88
2026-06-01 20:05:00,Counter_5,7.0,4.0,20,0,0,0,0.78,5.68
2026-06-01 20:10:00,Counter_1,11.0,3.0,20,0,0,0,1.37,15.09
2026-06-01 20:10:00,Counter_2,10.0,3.0,20,0,0,0,1.44,14.32
2026-06-01 20:10:00,Counter_3,8.0,3.0,20,0,0,0,1.5,12.08
2026-06-01 20:10:00,Counter_4,4.0,5.0,20,0,0,0,0.95,3.48
2026-06-01 20:10:00,Counter_5,10.0,4.0,20,0,0,0,1.44,14.29
2026-06-01 20:15:00,Counter_1,13.0,3.0,20,0,0,0,1.24,16.2
2026-06-01 20:15:00,Counter_2,12.0,4.0,20,0,0,0,1.51,18.06
2026-06-01 20:15:00,Counter_3,10.0,3.0,20,0,0,0,1.58,16.02
2026-06-01 20:15:00,Counter_4,10.0,4.0,20,0,0,0,1.55,15.42
2026-06-01 20:15:00,Counter_5,8.0,3.0,20,0,0,0,1.8,14.42
2026-06-01 20:20:00,Counter_1,9.0,5.0,20,0,0,0,2.0,17.98
2026-06-01 20:20:00,Counter_2,7.0,5.0,20,0,0,0,1.17,7.88
2026-06-01 20:20:00,Counter_3,7.0,4.0,20,0,0,0,1.35,9.53
2026-06-01 20:20:00,Counter_4,5.0,5.0,20,0,0,0,1.64,8.26
2026-06-01 20:20:00,Counter_5,6.0,4.0,20,0,0,0,1.42,8.13
2026-06-01 20:25:00,Counter_1,8.0,5.0,20,0,0,0,0.77,5.67
2026-06-01 20:25:00,Counter_2,5.0,4.0,20,0,0,0,1.4,6.91
2026-06-01 20:25:00,Counter_3,11.0,3.0,20,0,0,0,1.76,19.61
2026-06-01 20:25:00,Counter_4,14.0,3.0,20,0,0,0,1.1,15.94
2026-06-01 20:25:00,Counter_5,11.0,3.0,20,0,0,0,1.51,16.25
2026-06-01 20:30:00,Counter_1,10.0,4.0,20,0,0,0,0.97,10.03
2026-06-01 20:30:00,Counter_2,10.0,3.0,20,0,0,0,1.67,16.93
2026-06-01 20:30:00,Counter_3,7.0,4.0,20,0,0,0,1.51,10.45
2026-06-01 20:30:00,Counter_4,9.0,4.0,20,0,0,0,1.31,12.17
2026-06-01 20:30:00,Counter_5,4.0,5.0,20,0,0,0,1.35,5.49
2026-06-01 20:35:00,Counter_1,7.0,4.0,20,0,0,0,1.08,7.51
2026-06-01 20:35:00,Counter_2,9.0,4.0,20,0,0,0,1.7,14.94
2026-06-01 20:35:00,Counter_3,3.0,4.0,20,0,0,0,1.25,3.77
2026-06-01 20:35:00,Counter_4,8.0,5.0,20,0,0,0,1.58,12.65
2026-06-01 20:35:00,Counter_5,11.0,3.0,20,0,0,0,1.21,13.76
2026-06-01 20:40:00,Counter_1,8.0,3.0,20,0,0,0,2.0,15.81
2026-06-01 20:40:00,Counter_2,7.0,5.0,20,0,0,0,1.84,12.7
2026-06-01 20:40:00,Counter_3,5.0,5.0,20,0,0,0,1.97,9.75
2026-06-01 20:40:00,Counter_4,6.0,4.0,20,0,0,0,2.0,12.53
2026-06-01 20:40:00,Counter_5,6.0,4.0,20,0,0,0,1.29,7.51
2026-06-01 20:45:00,Counter_1,12.0,3.0,20,0,0,0,1.23,15.02
2026-06-01 20:45:00,Counter_2,9.0,,20,0,0,0,1.96,17.33
2026-06-01 20:45:00,Counter_3,5.0,5.0,20,0,0,0,1.41,7.14
2026-06-01 20:45:00,Counter_4,9.0,,20,0,0,0,1.66,14.96
2026-06-01 20:45:00,Counter_5,6.0,4.0,20,0,0,0,1.29,7.6
2026-06-01 20:50:00,Counter_1,5.0,5.0,20,0,0,0,1.3,6.64
2026-06-01 20:50:00,Counter_2,,3.0,20,0,0,0,1.66,14.78
2026-06-01 20:50:00,Counter_3,10.0,3.0,20,0,0,0,0.96,9.28
2026-06-01 20:50:00,Counter_4,8.0,4.0,20,0,0,0,1.65,13.14
2026-06-01 20:50:00,Counter_5,7.0,4.0,20,0,0,0,1.58,10.88
2026-06-01 20:55:00,Counter_1,11.0,3.0,20,0,0,0,1.32,14.57
2026-06-01 20:55:00,Counter_2,7.0,3.0,20,0,0,0,1.46,10.16
2026-06-01 20:55:00,Counter_3,12.0,3.0,20,0,0,0,1.5,18.31
2026-06-01 20:55:00,Counter_4,15.0,3.0,20,0,0,0,1.51,22.59
2026-06-01 20:55:00,Counter_5,9.0,3.0,20,0,0,0,1.62,14.64
2026-06-01 21:00:00,Counter_1,3.0,2.0,21,0,0,0,1.05,2.92
2026-06-01 21:00:00,Counter_2,5.0,2.0,21,0,0,0,1.92,9.51
2026-06-01 21:00:00,Counter_3,3.0,2.0,21,0,0,0,1.2,3.42
2026-06-01 21:00:00,Counter_4,8.0,1.0,21,0,0,0,1.22,10.0
2026-06-01 21:00:00,Counter_5,3.0,2.0,21,0,0,0,1.74,5.07
2026-06-01 21:05:00,Counter_1,5.0,2.0,21,0,0,0,0.79,3.82
2026-06-01 21:05:00,Counter_2,4.0,1.0,21,0,0,0,1.73,6.98
2026-06-01 21:05:00,Counter_3,3.0,2.0,21,0,0,0,1.27,3.67
2026-06-01 21:05:00,Counter_4,8.0,1.0,21,0,0,0,1.12,9.24
2026-06-01 21:05:00,Counter_5,17.0,1.0,21,0,0,0,0.97,16.88
2026-06-01 21:10:00,Counter_1,6.0,2.0,21,0,0,0,0.93,5.4
2026-06-01 21:10:00,Counter_2,11.0,1.0,21,0,0,0,1.16,12.93
2026-06-01 21:10:00,Counter_3,3.0,2.0,21,0,0,0,1.32,3.79
2026-06-01 21:10:00,Counter_4,1.0,2.0,21,0,0,0,1.41,1.34
2026-06-01 21:10:00,Counter_5,,1.0,21,0,0,0,1.32,8.06
2026-06-01 21:15:00,Counter_1,5.0,2.0,21,0,0,0,1.12,5.63
2026-06-01 21:15:00,Counter_2,3.0,2.0,21,0,0,0,1.58,4.77
2026-06-01 21:15:00,Counter_3,4.0,2.0,21,0,0,0,1.92,7.9
2026-06-01 21:15:00,Counter_4,6.0,2.0,21,0,0,0,1.62,9.94
2026-06-01 21:15:00,Counter_5,5.0,2.0,21,0,0,0,1.16,5.81
2026-06-01 21:20:00,Counter_1,12.0,1.0,21,0,0,0,1.38,16.43
2026-06-01 21:20:00,Counter_2,6.0,1.0,21,0,0,0,1.39,8.34
2026-06-01 21:20:00,Counter_3,3.0,2.0,21,0,0,0,1.65,4.75
2026-06-01 21:20:00,Counter_4,1.0,1.0,21,0,0,0,1.17,1.33
2026-06-01 21:20:00,Counter_5,3.0,2.0,21,0,0,0,1.01,2.99
2026-06-01 21:25:00,Counter_1,2.0,2.0,21,0,0,0,1.53,2.84
2026-06-01 21:25:00,Counter_2,6.0,1.0,21,0,0,0,1.35,8.37
2026-06-01 21:25:00,Counter_3,5.0,1.0,21,0,0,0,0.97,4.85
2026-06-01 21:25:00,Counter_4,8.0,1.0,21,0,0,0,1.43,11.29
2026-06-01 21:25:00,Counter_5,6.0,2.0,21,0,0,0,1.71,10.49
2026-06-01 21:30:00,Counter_1,6.0,2.0,21,0,0,0,1.08,6.73
2026-06-01 21:30:00,Counter_2,7.0,1.0,21,0,0,0,1.03,6.83
2026-06-01 21:30:00,Counter_3,6.0,1.0,21,0,0,0,1.26,7.78
2026-06-01 21:30:00,Counter_4,7.0,1.0,21,0,0,0,1.42,9.97
2026-06-01 21:30:00,Counter_5,2.0,1.0,21,0,0,0,1.23,2.65
2026-06-01 21:35:00,Counter_1,7.0,2.0,21,0,0,0,1.53,10.7
2026-06-01 21:35:00,Counter_2,6.0,2.0,21,0,0,0,1.32,8.0
2026-06-01 21:35:00,Counter_3,7.0,1.0,21,0,0,0,1.5,10.44
2026-06-01 21:35:00,Counter_4,3.0,2.0,21,0,0,0,1.07,3.41
2026-06-01 21:35:00,Counter_5,8.0,1.0,21,0,0,0,0.94,7.39
2026-06-01 21:40:00,Counter_1,6.0,1.0,21,0,0,0,1.16,7.17
2026-06-01 21:40:00,Counter_2,2.0,1.0,21,0,0,0,0.91,1.86
2026-06-01 21:40:00,Counter_3,2.0,2.0,21,0,0,0,1.35,2.85
2026-06-01 21:40:00,Counter_4,5.0,2.0,21,0,0,0,0.75,3.55
2026-06-01 21:40:00,Counter_5,9.0,1.0,21,0,0,0,1.14,10.34
2026-06-01 21:45:00,Counter_1,16.0,1.0,21,0,0,0,1.18,18.99
2026-06-01 21:45:00,Counter_2,7.0,1.0,21,0,0,0,0.99,7.3
2026-06-01 21:45:00,Counter_3,8.0,1.0,21,0,0,0,1.17,9.5
2026-06-01 21:45:00,Counter_4,,2.0,21,0,0,0,1.25,4.88
2026-06-01 21:45:00,Counter_5,10.0,1.0,21,0,0,0,1.57,15.57
2026-06-01 21:50:00,Counter_1,7.0,2.0,21,0,0,0,0.99,7.08
2026-06-01 21:50:00,Counter_2,7.0,1.0,21,0,0,0,1.34,9.27
2026-06-01 21:50:00,Counter_3,3.0,2.0,21,0,0,0,1.39,4.07
2026-06-01 21:50:00,Counter_4,3.0,2.0,21,0,0,0,1.24,3.55
2026-06-01 21:50:00,Counter_5,7.0,2.0,21,0,0,0,1.13,7.94
2026-06-01 21:55:00,Counter_1,11.0,1.0,21,0,0,0,0.97,10.71
2026-06-01 21:55:00,Counter_2,4.0,1.0,21,0,0,0,1.72,6.81
2026-06-01 21:55:00,Counter_3,3.0,1.0,21,0,0,0,1.27,4.15
2026-06-01 21:55:00,Counter_4,3.0,2.0,21,0,0,0,1.17,3.62
2026-06-01 21:55:00,Counter_5,9.0,1.0,21,0,0,0,1.78,16.37
2026-06-01 22:00:00,Counter_1,10.0,1.0,22,0,0,0,1.31,13.13
2026-06-01 22:00:00,Counter_2,2.0,2.0,22,0,0,0,1.89,3.63
2026-06-01 22:00:00,Counter_3,7.0,1.0,22,0,0,0,0.9,6.1
2026-06-01 22:00:00,Counter_4,2.0,2.0,22,0,0,0,1.19,2.36
2026-06-01 22:00:00,Counter_5,2.0,2.0,22,0,0,0,0.91,1.97
2026-06-01 22:05:00,Counter_1,2.0,2.0,22,0,0,0,1.22,2.38
2026-06-01 22:05:00,Counter_2,3.0,2.0,22,0,0,0,1.22,3.83
2026-06-01 22:05:00,Counter_3,3.0,1.0,22,0,0,0,1.14,3.7
2026-06-01 22:05:00,Counter_4,,1.0,22,0,0,0,1.26,2.36
2026-06-01 22:05:00,Counter_5,2.0,1.0,22,0,0,0,1.15,2.08
2026-06-01 22:10:00,Counter_1,5.0,1.0,22,0,0,0,1.22,6.29
2026-06-01 22:10:00,Counter_2,0.0,1.0,22,0,0,0,1.06,0.04
2026-06-01 22:10:00,Counter_3,6.0,2.0,22,0,0,0,1.61,9.73
2026-06-01 22:10:00,Counter_4,3.0,1.0,22,0,0,0,0.97,3.05
2026-06-01 22:10:00,Counter_5,5.0,1.0,22,0,0,0,1.3,6.19
2026-06-01 22:15:00,Counter_1,1.0,2.0,22,0,0,0,0.95,1.04
2026-06-01 22:15:00,Counter_2,0.0,1.0,22,0,0,0,1.04,0.06
2026-06-01 22:15:00,Counter_3,3.0,1.0,22,0,0,0,1.07,3.3
2026-06-01 22:15:00,Counter_4,8.0,1.0,22,0,0,0,1.22,9.57
2026-06-01 22:15:00,Counter_5,3.0,2.0,22,0,0,0,1.29,3.89
2026-06-01 22:20:00,Counter_1,,2.0,22,0,0,0,0.97,0.87
2026-06-01 22:20:00,Counter_2,4.0,2.0,22,0,0,0,1.15,4.81
2026-06-01 22:20:00,Counter_3,0.0,1.0,22,0,0,0,1.0,0.0
2026-06-01 22:20:00,Counter_4,3.0,2.0,22,0,0,0,,2.85
2026-06-01 22:20:00,Counter_5,2.0,1.0,22,0,0,0,1.53,2.86
2026-06-01 22:25:00,Counter_1,0.0,2.0,22,0,0,0,0.9,0.15
2026-06-01 22:25:00,Counter_2,1.0,2.0,22,0,0,0,1.27,1.47
2026-06-01 22:25:00,Counter_3,0.0,2.0,22,0,0,0,1.67,0.06
2026-06-01 22:25:00,Counter_4,2.0,2.0,22,0,0,0,1.55,3.04
2026-06-01 22:25:00,Counter_5,,1.0,22,0,0,0,1.36,9.32
2026-06-01 22:30:00,Counter_1,4.0,1.0,22,0,0,0,1.25,4.97
2026-06-01 22:30:00,Counter_2,1.0,2.0,22,0,0,0,1.43,1.29
2026-06-01 22:30:00,Counter_3,2.0,1.0,22,0,0,0,1.34,2.55
2026-06-01 22:30:00,Counter_4,2.0,2.0,22,0,0,0,1.61,3.31
2026-06-01 22:30:00,Counter_5,2.0,2.0,22,0,0,0,1.22,2.66
2026-06-01 22:35:00,Counter_1,1.0,2.0,22,0,0,0,1.5,1.58
2026-06-01 22:35:00,Counter_2,0.0,2.0,22,0,0,0,1.17,0.21
2026-06-01 22:35:00,Counter_3,5.0,1.0,22,0,0,0,1.72,8.76
2026-06-01 22:35:00,Counter_4,2.0,1.0,22,0,0,0,1.21,2.37
2026-06-01 22:35:00,Counter_5,1.0,1.0,22,0,0,0,0.85,1.14
2026-06-01 22:40:00,Counter_1,3.0,1.0,22,0,0,0,1.27,4.41
2026-06-01 22:40:00,Counter_2,0.0,2.0,22,0,0,0,1.44,0.3
2026-06-01 22:40:00,Counter_3,5.0,1.0,22,0,0,0,1.66,8.54
2026-06-01 22:40:00,Counter_4,0.0,2.0,22,0,0,0,1.0,0.3
2026-06-01 22:40:00,Counter_5,5.0,1.0,22,0,0,0,0.81,4.16
2026-06-01 22:45:00,Counter_1,3.0,2.0,22,0,0,0,1.37,4.37
2026-06-01 22:45:00,Counter_2,2.0,2.0,22,0,0,0,1.37,2.81
2026-06-01 22:45:00,Counter_3,3.0,2.0,22,0,0,0,0.9,2.83
2026-06-01 22:45:00,Counter_4,2.0,2.0,22,0,0,0,1.17,2.36
2026-06-01 22:45:00,Counter_5,2.0,2.0,22,0,0,0,1.18,2.39
2026-06-01 22:50:00,Counter_1,0.0,2.0,22,0,0,0,1.46,0.13
2026-06-01 22:50:00,Counter_2,1.0,2.0,22,0,0,0,,1.23
2026-06-01 22:50:00,Counter_3,3.0,2.0,22,0,0,0,1.14,3.21
2026-06-01 22:50:00,Counter_4,1.0,2.0,22,0,0,0,1.28,1.38
2026-06-01 22:50:00,Counter_5,2.0,2.0,22,0,0,0,0.91,1.77
2026-06-01 22:55:00,Counter_1,2.0,1.0,22,0,0,0,1.73,3.35
2026-06-01 22:55:00,Counter_2,1.0,2.0,22,0,0,0,1.48,1.67
2026-06-01 22:55:00,Counter_3,4.0,1.0,22,0,0,0,1.07,4.09
2026-06-01 22:55:00,Counter_4,5.0,1.0,22,0,0,0,0.97,4.8
2026-06-01 22:55:00,Counter_5,4.0,1.0,22,0,0,0,0.99,3.75
2026-06-01 23:00:00,Counter_1,0.0,1.0,23,0,0,0,1.4,0.14
2026-06-01 23:00:00,Counter_2,5.0,1.0,23,0,0,0,1.0,5.48
2026-06-01 23:00:00,Counter_3,1.0,2.0,23,0,0,0,1.19,1.04
2026-06-01 23:00:00,Counter_4,1.0,2.0,23,0,0,0,0.83,0.8
2026-06-01 23:00:00,Counter_5,0.0,1.0,23,0,0,0,1.39,0.03
2026-06-01 23:05:00,Counter_1,,2.0,23,0,0,0,1.39,5.65
2026-06-01 23:05:00,Counter_2,3.0,1.0,23,0,0,0,1.2,3.57
2026-06-01 23:05:00,Counter_3,3.0,1.0,23,0,0,0,1.3,3.76
2026-06-01 23:05:00,Counter_4,1.0,2.0,23,0,0,0,1.45,1.58
2026-06-01 23:05:00,Counter_5,3.0,2.0,23,0,0,0,1.29,3.81
2026-06-01 23:10:00,Counter_1,4.0,1.0,23,0,0,0,1.45,6.23
2026-06-01 23:10:00,Counter_2,2.0,1.0,23,0,0,0,0.96,1.86
2026-06-01 23:10:00,Counter_3,7.0,1.0,23,0,0,0,1.34,9.72
2026-06-01 23:10:00,Counter_4,0.0,2.0,23,0,0,0,1.3,0.05
2026-06-01 23:10:00,Counter_5,1.0,1.0,23,0,0,0,1.55,1.72
2026-06-01 23:15:00,Counter_1,3.0,2.0,23,0,0,0,1.26,3.75
2026-06-01 23:15:00,Counter_2,1.0,2.0,23,0,0,0,1.23,1.14
2026-06-01 23:15:00,Counter_3,0.0,,23,0,0,0,1.11,0.08
2026-06-01 23:15:00,Counter_4,3.0,2.0,23,0,0,0,1.62,5.07
2026-06-01 23:15:00,Counter_5,,2.0,23,0,0,0,0.66,0.07
2026-06-01 23:20:00,Counter_1,1.0,2.0,23,0,0,0,1.38,1.01
2026-06-01 23:20:00,Counter_2,0.0,2.0,23,0,0,0,1.24,0.07
2026-06-01 23:20:00,Counter_3,1.0,1.0,23,0,0,0,1.2,1.17
2026-06-01 23:20:00,Counter_4,1.0,2.0,23,0,0,0,1.17,1.28
2026-06-01 23:20:00,Counter_5,4.0,1.0,23,0,0,0,1.24,4.91
2026-06-01 23:25:00,Counter_1,1.0,2.0,23,0,0,0,1.37,1.27
2026-06-01 23:25:00,Counter_2,3.0,1.0,23,0,0,0,1.05,2.95
2026-06-01 23:25:00,Counter_3,4.0,1.0,23,0,0,0,1.28,5.3
2026-06-01 23:25:00,Counter_4,0.0,1.0,23,0,0,0,1.34,0.13
2026-06-01 23:25:00,Counter_5,3.0,2.0,23,0,0,0,1.01,3.37
2026-06-01 23:30:00,Counter_1,0.0,1.0,23,0,0,0,1.38,0.02
2026-06-01 23:30:00,Counter_2,7.0,1.0,23,0,0,0,1.34,9.52
2026-06-01 23:30:00,Counter_3,8.0,1.0,23,0,0,0,1.05,8.51
2026-06-01 23:30:00,Counter_4,3.0,1.0,23,0,0,0,0.95,3.02
2026-06-01 23:30:00,Counter_5,1.0,2.0,23,0,0,0,1.05,1.22
2026-06-01 23:35:00,Counter_1,5.0,1.0,23,0,0,0,1.28,6.3
2026-06-01 23:35:00,Counter_2,2.0,1.0,23,0,0,0,1.23,2.42
2026-06-01 23:35:00,Counter_3,1.0,2.0,23,0,0,0,1.6,1.63
2026-06-01 23:35:00,Counter_4,3.0,2.0,23,0,0,0,1.16,3.28
2026-06-01 23:35:00,Counter_5,3.0,2.0,23,0,0,0,1.03,3.3
2026-06-01 23:40:00,Counter_1,1.0,2.0,23,0,0,0,1.41,0.92
2026-06-01 23:40:00,Counter_2,1.0,1.0,23,0,0,0,1.0,0.77
2026-06-01 23:40:00,Counter_3,0.0,2.0,23,0,0,0,1.05,0.09
2026-06-01 23:40:00,Counter_4,1.0,2.0,23,0,0,0,1.06,1.28
2026-06-01 23:40:00,Counter_5,4.0,2.0,23,0,0,0,0.6,2.44
2026-06-01 23:45:00,Counter_1,3.0,2.0,23,0,0,0,1.39,4.06
2026-06-01 23:45:00,Counter_2,0.0,1.0,23,0,0,0,1.48,0.0
2026-06-01 23:45:00,Counter_3,3.0,1.0,23,0,0,0,1.48,4.49
2026-06-01 23:45:00,Counter_4,3.0,2.0,23,0,0,0,1.72,4.91
2026-06-01 23:45:00,Counter_5,3.0,1.0,23,0,0,0,1.63,4.92
2026-06-01 23:50:00,Counter_1,0.0,2.0,23,0,0,0,1.17,0.01
2026-06-01 23:50:00,Counter_2,2.0,2.0,23,0,0,0,1.53,3.37
2026-06-01 23:50:00,Counter_3,4.0,1.0,23,0,0,0,,5.09
2026-06-01 23:50:00,Counter_4,3.0,1.0,23,0,0,0,1.14,3.47
2026-06-01 23:50:00,Counter_5,2.0,1.0,23,0,0,0,1.06,2.3
2026-06-01 23:55:00,Counter_1,1.0,1.0,23,0,0,0,1.18,1.32
2026-06-01 23:55:00,Counter_2,6.0,1.0,23,0,0,0,1.33,7.76
2026-06-01 23:55:00,Counter_3,9.0,,23,0,0,0,1.65,14.67
2026-06-01 23:55:00,Counter_4,2.0,1.0,23,0,0,0,1.43,2.99
2026-06-01 23:55:00,Counter_5,4.0,1.0,23,0,0,0,1.06,4.11
2026-06-02 00:00:00,Counter_1,3.0,1.0,0,1,0,1,0.99,2.76
2026-06-02 00:00:00,Counter_2,3.0,2.0,0,1,0,1,1.39,4.43
2026-06-02 00:00:00,Counter_3,1.0,2.0,0,1,0,1,,1.49
2026-06-02 00:00:00,Counter_4,3.0,1.0,0,1,0,1,1.56,4.67
2026-06-02 00:00:00,Counter_5,2.0,1.0,0,1,0,1,1.18,2.12
2026-06-02 00:05:00,Counter_1,3.0,2.0,0,1,0,1,1.37,4.02
2026-06-02 00:05:00,Counter_2,0.0,1.0,0,1,0,1,1.46,0.07
2026-06-02 00:05:00,Counter_3,4.0,2.0,0,1,0,1,0.91,3.46
2026-06-02 00:05:00,Counter_4,4.0,1.0,0,1,0,1,1.32,5.04
2026-06-02 00:05:00,Counter_5,6.0,1.0,0,1,0,1,1.48,9.23
2026-06-02 00:10:00,Counter_1,2.0,2.0,0,1,0,1,1.38,3.04
2026-06-02 00:10:00,Counter_2,2.0,2.0,0,1,0,1,1.23,2.44
2026-06-02 00:10:00,Counter_3,4.0,2.0,0,1,0,1,1.9,7.33
2026-06-02 00:10:00,Counter_4,5.0,1.0,0,1,0,1,1.73,8.3
2026-06-02 00:10:00,Counter_5,1.0,2.0,0,1,0,1,1.25,1.16
2026-06-02 00:15:00,Counter_1,2.0,2.0,0,1,0,1,1.2,1.95
2026-06-02 00:15:00,Counter_2,2.0,2.0,0,1,0,1,1.43,2.77
2026-06-02 00:15:00,Counter_3,0.0,2.0,0,1,0,1,1.24,0.16
2026-06-02 00:15:00,Counter_4,3.0,2.0,0,1,0,1,,4.69
2026-06-02 00:15:00,Counter_5,3.0,2.0,0,1,0,1,0.93,2.83
2026-06-02 00:20:00,Counter_1,3.0,1.0,0,1,0,1,1.19,3.53
2026-06-02 00:20:00,Counter_2,3.0,2.0,0,1,0,1,1.42,4.69
2026-06-02 00:20:00,Counter_3,0.0,2.0,0,1,0,1,1.5,0.03
2026-06-02 00:20:00,Counter_4,1.0,2.0,0,1,0,1,0.88,1.23
2026-06-02 00:20:00,Counter_5,3.0,2.0,0,1,0,1,1.01,3.09
2026-06-02 00:25:00,Counter_1,6.0,1.0,0,1,0,1,0.83,5.38
2026-06-02 00:25:00,Counter_2,5.0,2.0,0,1,0,1,1.03,4.8
2026-06-02 00:25:00,Counter_3,7.0,1.0,0,1,0,1,0.93,6.29
2026-06-02 00:25:00,Counter_4,4.0,2.0,0,1,0,1,1.38,5.46
2026-06-02 00:25:00,Counter_5,6.0,1.0,0,1,0,1,1.31,8.18
2026-06-02 00:30:00,Counter_1,1.0,2.0,0,1,0,1,1.21,1.16
2026-06-02 00:30:00,Counter_2,2.0,2.0,0,1,0,1,1.26,2.38
2026-06-02 00:30:00,Counter_3,5.0,2.0,0,1,0,1,1.55,7.87
2026-06-02 00:30:00,Counter_4,,2.0,0,1,0,1,0.99,4.14
2026-06-02 00:30:00,Counter_5,3.0,2.0,0,1,0,1,0.77,2.16
2026-06-02 00:35:00,Counter_1,5.0,1.0,0,1,0,1,1.43,7.01
2026-06-02 00:35:00,Counter_2,2.0,2.0,0,1,0,1,1.15,2.64
2026-06-02 00:35:00,Counter_3,2.0,2.0,0,1,0,1,1.0,2.25
2026-06-02 00:35:00,Counter_4,1.0,2.0,0,1,0,1,1.39,1.69
2026-06-02 00:35:00,Counter_5,2.0,2.0,0,1,0,1,0.76,1.71
2026-06-02 00:40:00,Counter_1,2.0,2.0,0,1,0,1,1.04,1.91
2026-06-02 00:40:00,Counter_2,0.0,1.0,0,1,0,1,0.65,0.03
2026-06-02 00:40:00,Counter_3,5.0,2.0,0,1,0,1,1.31,6.34
2026-06-02 00:40:00,Counter_4,5.0,1.0,0,1,0,1,1.64,8.4
2026-06-02 00:40:00,Counter_5,0.0,1.0,0,1,0,1,1.11,0.03
2026-06-02 00:45:00,Counter_1,2.0,2.0,0,1,0,1,1.05,1.76
2026-06-02 00:45:00,Counter_2,1.0,2.0,0,1,0,1,1.7,1.72
2026-06-02 00:45:00,Counter_3,4.0,1.0,0,1,0,1,1.41,5.87
2026-06-02 00:45:00,Counter_4,4.0,2.0,0,1,0,1,1.85,7.12
2026-06-02 00:45:00,Counter_5,7.0,1.0,0,1,0,1,1.29,9.0
2026-06-02 00:50:00,Counter_1,1.0,2.0,0,1,0,1,1.31,1.2
2026-06-02 00:50:00,Counter_2,6.0,1.0,0,1,0,1,,9.86
2026-06-02 00:50:00,Counter_3,6.0,1.0,0,1,0,1,1.21,6.85
2026-06-02 00:50:00,Counter_4,2.0,2.0,0,1,0,1,1.31,2.85
2026-06-02 00:50:00,Counter_5,2.0,2.0,0,1,0,1,0.64,1.14
2026-06-02 00:55:00,Counter_1,4.0,1.0,0,1,0,1,1.68,6.69
2026-06-02 00:55:00,Counter_2,3.0,1.0,0,1,0,1,1.35,4.22
2026-06-02 00:55:00,Counter_3,5.0,1.0,0,1,0,1,1.22,6.4
2026-06-02 00:55:00,Counter_4,3.0,1.0,0,1,0,1,1.48,4.45
2026-06-02 00:55:00,Counter_5,2.0,1.0,0,1,0,1,0.95,1.76
2026-06-02 01:00:00,Counter_1,0.0,2.0,1,1,0,1,1.11,0.04
2026-06-02 01:00:00,Counter_2,4.0,2.0,1,1,0,1,1.39,5.79
2026-06-02 01:00:00,Counter_3,3.0,2.0,1,1,0,1,1.26,3.6
2026-06-02 01:00:00,Counter_4,7.0,1.0,1,1,0,1,1.36,9.59
2026-06-02 01:00:00,Counter_5,2.0,2.0,1,1,0,1,1.31,2.62
2026-06-02 01:05:00,Counter_1,3.0,2.0,1,1,0,1,1.41,4.38
2026-06-02 01:05:00,Counter_2,10.0,1.0,1,1,0,1,0.92,9.21
2026-06-02 01:05:00,Counter_3,5.0,2.0,1,1,0,1,1.57,7.76
2026-06-02 01:05:00,Counter_4,6.0,1.0,1,1,0,1,1.13,6.68
2026-06-02 01:05:00,Counter_5,8.0,1.0,1,1,0,1,1.26,9.98
2026-06-02 01:10:00,Counter_1,2.0,1.0,1,1,0,1,1.1,1.92
2026-06-02 01:10:00,Counter_2,4.0,2.0,1,1,0,1,1.18,4.82
2026-06-02 01:10:00,Counter_3,1.0,1.0,1,1,0,1,1.31,1.35
2026-06-02 01:10:00,Counter_4,3.0,2.0,1,1,0,1,1.43,4.0
2026-06-02 01:10:00,Counter_5,4.0,2.0,1,1,0,1,1.48,5.84
2026-06-02 01:15:00,Counter_1,1.0,2.0,1,1,0,1,1.36,1.3
2026-06-02 01:15:00,Counter_2,7.0,1.0,1,1,0,1,1.1,7.58
2026-06-02 01:15:00,Counter_3,2.0,2.0,1,1,0,1,1.34,2.66
2026-06-02 01:15:00,Counter_4,1.0,2.0,1,1,0,1,1.31,1.29
2026-06-02 01:15:00,Counter_5,4.0,2.0,1,1,0,1,1.26,5.22
2026-06-02 01:20:00,Counter_1,2.0,2.0,1,1,0,1,1.38,2.76
2026-06-02 01:20:00,Counter_2,2.0,1.0,1,1,0,1,0.93,1.98
2026-06-02 01:20:00,Counter_3,0.0,1.0,1,1,0,1,0.74,0.15
2026-06-02 01:20:00,Counter_4,2.0,2.0,1,1,0,1,1.55,2.89
2026-06-02 01:20:00,Counter_5,2.0,2.0,1,1,0,1,1.22,2.17
2026-06-02 01:25:00,Counter_1,6.0,1.0,1,1,0,1,1.35,8.02
2026-06-02 01:25:00,Counter_2,4.0,1.0,1,1,0,1,1.03,4.13
2026-06-02 01:25:00,Counter_3,4.0,1.0,1,1,0,1,1.57,6.61
2026-06-02 01:25:00,Counter_4,5.0,2.0,1,1,0,1,1.34,6.53
2026-06-02 01:25:00,Counter_5,4.0,1.0,1,1,0,1,1.21,5.01
2026-06-02 01:30:00,Counter_1,3.0,1.0,1,1,0,1,1.32,3.79
2026-06-02 01:30:00,Counter_2,1.0,2.0,1,1,0,1,0.81,0.81
2026-06-02 01:30:00,Counter_3,3.0,2.0,1,1,0,1,1.34,3.99
2026-06-02 01:30:00,Counter_4,0.0,2.0,1,1,0,1,1.62,0.0
2026-06-02 01:30:00,Counter_5,4.0,2.0,1,1,0,1,1.33,5.15
2026-06-02 01:35:00,Counter_1,2.0,2.0,1,1,0,1,1.3,2.92
2026-06-02 01:35:00,Counter_2,1.0,2.0,1,1,0,1,,1.06
2026-06-02 01:35:00,Counter_3,9.0,,1,1,0,1,1.52,13.88
2026-06-02 01:35:00,Counter_4,2.0,2.0,1,1,0,1,1.56,3.26
2026-06-02 01:35:00,Counter_5,1.0,1.0,1,1,0,1,1.14,1.02
2026-06-02 01:40:00,Counter_1,2.0,1.0,1,1,0,1,1.34,2.68
2026-06-02 01:40:00,Counter_2,5.0,1.0,1,1,0,1,1.31,6.57
2026-06-02 01:40:00,Counter_3,3.0,2.0,1,1,0,1,1.35,4.15
2026-06-02 01:40:00,Counter_4,4.0,2.0,1,1,0,1,1.06,4.16
2026-06-02 01:40:00,Counter_5,2.0,2.0,1,1,0,1,1.54,2.78
2026-06-02 01:45:00,Counter_1,7.0,2.0,1,1,0,1,1.39,9.59
2026-06-02 01:45:00,Counter_2,0.0,1.0,1,1,0,1,1.55,0.02
2026-06-02 01:45:00,Counter_3,7.0,1.0,1,1,0,1,0.97,6.78
2026-06-02 01:45:00,Counter_4,2.0,2.0,1,1,0,1,0.99,1.9
2026-06-02 01:45:00,Counter_5,5.0,1.0,1,1,0,1,1.76,8.5
2026-06-02 01:50:00,Counter_1,2.0,1.0,1,1,0,1,1.54,3.33
2026-06-02 01:50:00,Counter_2,3.0,2.0,1,1,0,1,1.05,3.11
2026-06-02 01:50:00,Counter_3,,2.0,1,1,0,1,1.47,1.69
2026-06-02 01:50:00,Counter_4,5.0,1.0,1,1,0,1,1.13,5.79
2026-06-02 01:50:00,Counter_5,5.0,2.0,1,1,0,1,0.83,4.31
2026-06-02 01:55:00,Counter_1,2.0,2.0,1,1,0,1,0.72,1.77
2026-06-02 01:55:00,Counter_2,3.0,1.0,1,1,0,1,1.24,3.74
2026-06-02 01:55:00,Counter_3,2.0,1.0,1,1,0,1,1.64,3.25
2026-06-02 01:55:00,Counter_4,8.0,1.0,1,1,0,1,1.63,13.35
2026-06-02 01:55:00,Counter_5,8.0,1.0,1,1,0,1,1.57,12.73
2026-06-02 02:00:00,Counter_1,6.0,1.0,2,1,0,1,1.46,8.62
2026-06-02 02:00:00,Counter_2,0.0,2.0,2,1,0,1,1.33,0.15
2026-06-02 02:00:00,Counter_3,4.0,2.0,2,1,0,1,1.54,6.46
2026-06-02 02:00:00,Counter_4,0.0,2.0,2,1,0,1,0.75,0.17
2026-06-02 02:00:00,Counter_5,6.0,1.0,2,1,0,1,1.5,8.75
2026-06-02 02:05:00,Counter_1,1.0,1.0,2,1,0,1,0.97,0.81
2026-06-02 02:05:00,Counter_2,5.0,2.0,2,1,0,1,1.02,5.24
2026-06-02 02:05:00,Counter_3,3.0,2.0,2,1,0,1,1.42,4.42
2026-06-02 02:05:00,Counter_4,1.0,2.0,2,1,0,1,1.48,1.58
2026-06-02 02:05:00,Counter_5,3.0,1.0,2,1,0,1,1.1,3.48
2026-06-02 02:10:00,Counter_1,1.0,2.0,2,1,0,1,1.41,1.19
2026-06-02 02:10:00,Counter_2,4.0,2.0,2,1,0,1,1.39,5.32
2026-06-02 02:10:00,Counter_3,1.0,1.0,2,1,0,1,1.17,1.42
2026-06-02 02:10:00,Counter_4,3.0,2.0,2,1,0,1,1.29,3.89
2026-06-02 02:10:00,Counter_5,3.0,2.0,2,1,0,1,1.77,5.55
2026-06-02 02:15:00,Counter_1,5.0,1.0,2,1,0,1,1.18,5.76
2026-06-02 02:15:00,Counter_2,1.0,2.0,2,1,0,1,1.19,0.98
2026-06-02 02:15:00,Counter_3,4.0,2.0,2,1,0,1,1.29,4.91
2026-06-02 02:15:00,Counter_4,7.0,1.0,2,1,0,1,1.2,8.56
2026-06-02 02:15:00,Counter_5,8.0,,2,1,0,1,1.45,11.83
2026-06-02 02:20:00,Counter_1,3.0,1.0,2,1,0,1,1.62,4.97
2026-06-02 02:20:00,Counter_2,5.0,1.0,2,1,0,1,1.19,5.85
2026-06-02 02:20:00,Counter_3,1.0,2.0,2,1,0,1,1.04,1.17
2026-06-02 02:20:00,Counter_4,1.0,2.0,2,1,0,1,1.74,1.86
2026-06-02 02:20:00,Counter_5,3.0,2.0,2,1,0,1,1.28,3.43
2026-06-02 02:25:00,Counter_1,0.0,2.0,2,1,0,1,0.82,0.12
2026-06-02 02:25:00,Counter_2,,1.0,2,1,0,1,1.72,17.26
2026-06-02 02:25:00,Counter_3,5.0,2.0,2,1,0,1,1.53,7.87
2026-06-02 02:25:00,Counter_4,3.0,1.0,2,1,0,1,1.65,4.93
2026-06-02 02:25:00,Counter_5,6.0,1.0,2,1,0,1,1.61,9.69
2026-06-02 02:30:00,Counter_1,1.0,2.0,2,1,0,1,1.91,1.9
2026-06-02 02:30:00,Counter_2,1.0,2.0,2,1,0,1,0.99,1.04
2026-06-02 02:30:00,Counter_3,1.0,2.0,2,1,0,1,1.05,0.78
2026-06-02 02:30:00,Counter_4,2.0,2.0,2,1,0,1,1.13,2.14
2026-06-02 02:30:00,Counter_5,2.0,2.0,2,1,0,1,1.12,1.79
2026-06-02 02:35:00,Counter_1,1.0,2.0,2,1,0,1,1.28,1.19
2026-06-02 02:35:00,Counter_2,6.0,1.0,2,1,0,1,1.13,6.88
2026-06-02 02:35:00,Counter_3,0.0,2.0,2,1,0,1,0.95,0.15
2026-06-02 02:35:00,Counter_4,4.0,1.0,2,1,0,1,1.03,4.07
2026-06-02 02:35:00,Counter_5,4.0,1.0,2,1,0,1,1.18,4.8
2026-06-02 02:40:00,Counter_1,2.0,1.0,2,1,0,1,1.54,3.62
2026-06-02 02:40:00,Counter_2,3.0,1.0,2,1,0,1,1.11,3.31
2026-06-02 02:40:00,Counter_3,2.0,2.0,2,1,0,1,1.45,3.04
2026-06-02 02:40:00,Counter_4,4.0,1.0,2,1,0,1,0.92,3.64
2026-06-02 02:40:00,Counter_5,0.0,1.0,2,1,0,1,0.6,0.09
2026-06-02 02:45:00,Counter_1,4.0,2.0,2,1,0,1,1.22,4.87
2026-06-02 02:45:00,Counter_2,0.0,2.0,2,1,0,1,1.1,0.3
2026-06-02 02:45:00,Counter_3,4.0,2.0,2,1,0,1,1.03,4.08
2026-06-02 02:45:00,Counter_4,5.0,2.0,2,1,0,1,1.0,5.25
2026-06-02 02:45:00,Counter_5,1.0,1.0,2,1,0,1,1.07,1.13
2026-06-02 02:50:00,Counter_1,8.0,1.0,2,1,0,1,1.0,7.76
2026-06-02 02:50:00,Counter_2,2.0,2.0,2,1,0,1,1.03,1.98
2026-06-02 02:50:00,Counter_3,3.0,2.0,2,1,0,1,0.91,2.55
2026-06-02 02:50:00,Counter_4,5.0,1.0,2,1,0,1,0.72,3.79
2026-06-02 02:50:00,Counter_5,5.0,2.0,2,1,0,1,0.7,3.35
2026-06-02 02:55:00,Counter_1,1.0,2.0,2,1,0,1,1.87,2.04
2026-06-02 02:55:00,Counter_2,6.0,1.0,2,1,0,1,1.23,7.58
2026-06-02 02:55:00,Counter_3,2.0,2.0,2,1,0,1,1.63,3.29
2026-06-02 02:55:00,Counter_4,5.0,2.0,2,1,0,1,1.21,6.16
2026-06-02 02:55:00,Counter_5,4.0,1.0,2,1,0,1,1.21,4.74
2026-06-02 03:00:00,Counter_1,6.0,1.0,3,1,0,1,1.33,8.15
2026-06-02 03:00:00,Counter_2,1.0,2.0,3,1,0,1,1.41,1.16
2026-06-02 03:00:00,Counter_3,1.0,2.0,3,1,0,1,0.94,0.85
2026-06-02 03:00:00,Counter_4,4.0,1.0,3,1,0,1,1.16,4.58
2026-06-02 03:00:00,Counter_5,4.0,2.0,3,1,0,1,1.33,5.52
2026-06-02 03:05:00,Counter_1,6.0,1.0,3,1,0,1,0.77,4.96
2026-06-02 03:05:00,Counter_2,,1.0,3,1,0,1,1.57,3.05
2026-06-02 03:05:00,Counter_3,5.0,1.0,3,1,0,1,1.52,7.58
2026-06-02 03:05:00,Counter_4,2.0,2.0,3,1,0,1,0.72,1.2
2026-06-02 03:05:00,Counter_5,1.0,2.0,3,1,0,1,1.03,1.01
2026-06-02 03:10:00,Counter_1,2.0,2.0,3,1,0,1,1.28,2.78
2026-06-02 03:10:00,Counter_2,0.0,2.0,3,1,0,1,1.46,0.01
2026-06-02 03:10:00,Counter_3,6.0,2.0,3,1,0,1,1.63,9.78
2026-06-02 03:10:00,Counter_4,1.0,1.0,3,1,0,1,1.09,1.23
2026-06-02 03:10:00,Counter_5,0.0,2.0,3,1,0,1,1.83,0.08
2026-06-02 03:15:00,Counter_1,3.0,2.0,3,1,0,1,1.24,3.68
2026-06-02 03:15:00,Counter_2,3.0,1.0,3,1,0,1,1.19,3.75
2026-06-02 03:15:00,Counter_3,3.0,1.0,3,1,0,1,1.39,4.01
2026-06-02 03:15:00,Counter_4,2.0,2.0,3,1,0,1,1.33,2.5
2026-06-02 03:15:00,Counter_5,5.0,1.0,3,1,0,1,1.31,6.18
2026-06-02 03:20:00,Counter_1,5.0,1.0,3,1,0,1,1.75,8.82
2026-06-02 03:20:00,Counter_2,4.0,2.0,3,1,0,1,1.31,5.28
2026-06-02 03:20:00,Counter_3,1.0,2.0,3,1,0,1,1.0,0.89
2026-06-02 03:20:00,Counter_4,6.0,1.0,3,1,0,1,1.04,6.06
2026-06-02 03:20:00,Counter_5,2.0,2.0,3,1,0,1,1.62,3.23
2026-06-02 03:25:00,Counter_1,2.0,2.0,3,1,0,1,1.42,2.86
2026-06-02 03:25:00,Counter_2,5.0,2.0,3,1,0,1,0.86,4.06
2026-06-02 03:25:00,Counter_3,3.0,2.0,3,1,0,1,0.85,2.16
2026-06-02 03:25:00,Counter_4,4.0,2.0,3,1,0,1,1.26,4.69
2026-06-02 03:25:00,Counter_5,1.0,2.0,3,1,0,1,1.4,1.11
2026-06-02 03:30:00,Counter_1,3.0,2.0,3,1,0,1,1.08,3.0
2026-06-02 03:30:00,Counter_2,5.0,1.0,3,1,0,1,0.83,4.13
2026-06-02 03:30:00,Counter_3,2.0,,3,1,0,1,0.97,1.96
2026-06-02 03:30:00,Counter_4,5.0,2.0,3,1,0,1,1.66,8.27
2026-06-02 03:30:00,Counter_5,7.0,1.0,3,1,0,1,1.37,9.66
2026-06-02 03:35:00,Counter_1,6.0,1.0,3,1,0,1,1.5,9.08
2026-06-02 03:35:00,Counter_2,,1.0,3,1,0,1,1.54,7.77
2026-06-02 03:35:00,Counter_3,6.0,2.0,3,1,0,1,1.09,6.56
2026-06-02 03:35:00,Counter_4,2.0,2.0,3,1,0,1,1.16,2.11
2026-06-02 03:35:00,Counter_5,3.0,1.0,3,1,0,1,1.21,3.36
2026-06-02 03:40:00,Counter_1,1.0,2.0,3,1,0,1,1.35,1.24
2026-06-02 03:40:00,Counter_2,6.0,1.0,3,1,0,1,1.52,9.35
2026-06-02 03:40:00,Counter_3,4.0,2.0,3,1,0,1,1.72,7.35
2026-06-02 03:40:00,Counter_4,4.0,2.0,3,1,0,1,1.45,5.91
2026-06-02 03:40:00,Counter_5,5.0,2.0,3,1,0,1,1.46,7.37
2026-06-02 03:45:00,Counter_1,4.0,1.0,3,1,0,1,1.73,7.13
2026-06-02 03:45:00,Counter_2,3.0,2.0,3,1,0,1,1.2,3.9
2026-06-02 03:45:00,Counter_3,5.0,1.0,3,1,0,1,1.55,7.57
2026-06-02 03:45:00,Counter_4,0.0,2.0,3,1,0,1,1.39,0.05
2026-06-02 03:45:00,Counter_5,3.0,2.0,3,1,0,1,1.4,4.52
2026-06-02 03:50:00,Counter_1,5.0,2.0,3,1,0,1,1.2,5.73
2026-06-02 03:50:00,Counter_2,4.0,1.0,3,1,0,1,0.9,3.4
2026-06-02 03:50:00,Counter_3,4.0,2.0,3,1,0,1,1.34,5.92
2026-06-02 03:50:00,Counter_4,7.0,1.0,3,1,0,1,1.34,9.59
2026-06-02 03:50:00,Counter_5,7.0,1.0,3,1,0,1,1.11,7.65
2026-06-02 03:55:00,Counter_1,3.0,2.0,3,1,0,1,1.23,3.71
2026-06-02 03:55:00,Counter_2,4.0,1.0,3,1,0,1,1.03,4.27
2026-06-02 03:55:00,Counter_3,0.0,1.0,3,1,0,1,1.03,0.21
2026-06-02 03:55:00,Counter_4,6.0,1.0,3,1,0,1,1.13,7.05
2026-06-02 03:55:00,Counter_5,2.0,1.0,3,1,0,1,0.92,1.89
2026-06-02 04:00:00,Counter_1,3.0,1.0,4,1,0,1,1.1,3.36
2026-06-02 04:00:00,Counter_2,1.0,2.0,4,1,0,1,1.43,1.36
2026-06-02 04:00:00,Counter_3,3.0,2.0,4,1,0,1,1.61,4.64
2026-06-02 04:00:00,Counter_4,3.0,2.0,4,1,0,1,1.77,5.11
2026-06-02 04:00:00,Counter_5,2.0,1.0,4,1,0,1,1.15,2.27
2026-06-02 04:05:00,Counter_1,2.0,2.0,4,1,0,1,1.55,3.17
2026-06-02 04:05:00,Counter_2,3.0,2.0,4,1,0,1,1.33,3.7
2026-06-02 04:05:00,Counter_3,3.0,2.0,4,1,0,1,1.19,3.98
2026-06-02 04:05:00,Counter_4,2.0,2.0,4,1,0,1,1.35,2.56
2026-06-02 04:05:00,Counter_5,3.0,2.0,4,1,0,1,1.53,4.42
2026-06-02 04:10:00,Counter_1,3.0,2.0,4,1,0,1,1.13,3.38
2026-06-02 04:10:00,Counter_2,0.0,1.0,4,1,0,1,1.12,0.04
2026-06-02 04:10:00,Counter_3,3.0,1.0,4,1,0,1,1.15,3.52
2026-06-02 04:10:00,Counter_4,0.0,2.0,4,1,0,1,1.09,0.02
2026-06-02 04:10:00,Counter_5,4.0,1.0,4,1,0,1,1.55,5.82
2026-06-02 04:15:00,Counter_1,6.0,,4,1,0,1,1.06,6.39
2026-06-02 04:15:00,Counter_2,3.0,2.0,4,1,0,1,1.1,3.33
2026-06-02 04:15:00,Counter_3,2.0,2.0,4,1,0,1,1.33,3.05
2026-06-02 04:15:00,Counter_4,5.0,1.0,4,1,0,1,1.31,6.59
2026-06-02 04:15:00,Counter_5,1.0,2.0,4,1,0,1,1.15,1.18
2026-06-02 04:20:00,Counter_1,1.0,2.0,4,1,0,1,1.67,1.68
2026-06-02 04:20:00,Counter_2,3.0,2.0,4,1,0,1,1.09,2.75
2026-06-02 04:20:00,Counter_3,2.0,2.0,4,1,0,1,1.21,2.44
2026-06-02 04:20:00,Counter_4,4.0,2.0,4,1,0,1,0.77,3.07
2026-06-02 04:20:00,Counter_5,0.0,2.0,4,1,0,1,1.17,0.03
2026-06-02 04:25:00,Counter_1,1.0,2.0,4,1,0,1,0.92,0.75
2026-06-02 04:25:00,Counter_2,1.0,2.0,4,1,0,1,1.02,1.13
2026-06-02 04:25:00,Counter_3,3.0,2.0,4,1,0,1,0.76,2.08
2026-06-02 04:25:00,Counter_4,0.0,2.0,4,1,0,1,1.03,0.24
2026-06-02 04:25:00,Counter_5,1.0,2.0,4,1,0,1,1.23,1.31
2026-06-02 04:30:00,Counter_1,6.0,1.0,4,1,0,1,,7.42
2026-06-02 04:30:00,Counter_2,4.0,1.0,4,1,0,1,1.15,4.51
2026-06-02 04:30:00,Counter_3,3.0,2.0,4,1,0,1,1.17,3.78
2026-06-02 04:30:00,Counter_4,6.0,1.0,4,1,0,1,1.12,6.76
2026-06-02 04:30:00,Counter_5,4.0,2.0,4,1,0,1,1.24,4.94
2026-06-02 04:35:00,Counter_1,6.0,1.0,4,1,0,1,1.22,7.15
2026-06-02 04:35:00,Counter_2,2.0,2.0,4,1,0,1,1.32,2.72
2026-06-02 04:35:00,Counter_3,0.0,2.0,4,1,0,1,1.2,0.3
2026-06-02 04:35:00,Counter_4,1.0,2.0,4,1,0,1,1.14,1.13
2026-06-02 04:35:00,Counter_5,7.0,1.0,4,1,0,1,1.44,10.24
2026-06-02 04:40:00,Counter_1,2.0,2.0,4,1,0,1,1.4,2.79
2026-06-02 04:40:00,Counter_2,4.0,1.0,4,1,0,1,1.24,5.02
2026-06-02 04:40:00,Counter_3,1.0,2.0,4,1,0,1,1.55,1.85
2026-06-02 04:40:00,Counter_4,3.0,2.0,4,1,0,1,1.27,3.92
2026-06-02 04:40:00,Counter_5,1.0,2.0,4,1,0,1,1.21,1.07
2026-06-02 04:45:00,Counter_1,4.0,1.0,4,1,0,1,1.23,4.84
2026-06-02 04:45:00,Counter_2,2.0,2.0,4,1,0,1,1.29,2.61
2026-06-02 04:45:00,Counter_3,5.0,1.0,4,1,0,1,1.02,5.52
2026-06-02 04:45:00,Counter_4,8.0,1.0,4,1,0,1,0.78,5.97
2026-06-02 04:45:00,Counter_5,2.0,2.0,4,1,0,1,1.32,2.68
2026-06-02 04:50:00,Counter_1,5.0,2.0,4,1,0,1,1.46,7.57
2026-06-02 04:50:00,Counter_2,2.0,2.0,4,1,0,1,1.0,2.12
2026-06-02 04:50:00,Counter_3,7.0,1.0,4,1,0,1,1.52,10.61
2026-06-02 04:50:00,Counter_4,6.0,2.0,4,1,0,1,0.84,4.7
2026-06-02 04:50:00,Counter_5,5.0,2.0,4,1,0,1,1.11,5.85
2026-06-02 04:55:00,Counter_1,4.0,2.0,4,1,0,1,1.68,6.63
2026-06-02 04:55:00,Counter_2,2.0,2.0,4,1,0,1,1.34,2.49
2026-06-02 04:55:00,Counter_3,1.0,2.0,4,1,0,1,1.17,1.22
2026-06-02 04:55:00,Counter_4,,2.0,4,1,0,1,1.31,2.91
2026-06-02 04:55:00,Counter_5,4.0,2.0,4,1,0,1,1.55,6.28
2026-06-02 05:00:00,Counter_1,3.0,2.0,5,1,0,1,0.89,2.6
2026-06-02 05:00:00,Counter_2,1.0,2.0,5,1,0,1,1.58,1.63
2026-06-02 05:00:00,Counter_3,0.0,1.0,5,1,0,1,1.13,0.06
2026-06-02 05:00:00,Counter_4,0.0,2.0,5,1,0,1,1.43,0.06
2026-06-02 05:00:00,Counter_5,3.0,2.0,5,1,0,1,1.1,3.31
2026-06-02 05:05:00,Counter_1,4.0,2.0,5,1,0,1,1.67,6.52
2026-06-02 05:05:00,Counter_2,1.0,,5,1,0,1,1.24,1.04
2026-06-02 05:05:00,Counter_3,4.0,1.0,5,1,0,1,0.92,3.79
2026-06-02 05:05:00,Counter_4,4.0,2.0,5,1,0,1,1.37,5.4
2026-06-02 05:05:00,Counter_5,3.0,2.0,5,1,0,1,1.58,4.73
2026-06-02 05:10:00,Counter_1,5.0,1.0,5,1,0,1,1.55,7.6
2026-06-02 05:10:00,Counter_2,1.0,2.0,5,1,0,1,1.27,1.16
2026-06-02 05:10:00,Counter_3,0.0,2.0,5,1,0,1,1.45,0.13
2026-06-02 05:10:00,Counter_4,6.0,1.0,5,1,0,1,1.14,6.72
2026-06-02 05:10:00,Counter_5,4.0,2.0,5,1,0,1,1.4,5.52
2026-06-02 05:15:00,Counter_1,2.0,2.0,5,1,0,1,1.34,2.72
2026-06-02 05:15:00,Counter_2,4.0,1.0,5,1,0,1,0.6,2.68
2026-06-02 05:15:00,Counter_3,5.0,2.0,5,1,0,1,1.0,5.15
2026-06-02 05:15:00,Counter_4,4.0,2.0,5,1,0,1,1.3,5.13
2026-06-02 05:15:00,Counter_5,5.0,1.0,5,1,0,1,1.29,6.32
2026-06-02 05:20:00,Counter_1,2.0,1.0,5,1,0,1,1.24,2.12
2026-06-02 05:20:00,Counter_2,7.0,1.0,5,1,0,1,1.27,8.76
2026-06-02 05:20:00,Counter_3,5.0,1.0,5,1,0,1,1.55,7.53
2026-06-02 05:20:00,Counter_4,2.0,2.0,5,1,0,1,1.34,2.69
2026-06-02 05:20:00,Counter_5,5.0,1.0,5,1,0,1,0.67,3.68
2026-06-02 05:25:00,Counter_1,1.0,2.0,5,1,0,1,1.74,1.66
2026-06-02 05:25:00,Counter_2,3.0,2.0,5,1,0,1,0.77,2.02
2026-06-02 05:25:00,Counter_3,0.0,1.0,5,1,0,1,1.49,0.3
2026-06-02 05:25:00,Counter_4,2.0,2.0,5,1,0,1,0.86,1.63
2026-06-02 05:25:00,Counter_5,2.0,2.0,5,1,0,1,1.61,3.47
2026-06-02 05:30:00,Counter_1,1.0,2.0,5,1,0,1,1.18,0.8
2026-06-02 05:30:00,Counter_2,1.0,1.0,5,1,0,1,1.35,1.15
2026-06-02 05:30:00,Counter_3,2.0,1.0,5,1,0,1,0.75,1.65
2026-06-02 05:30:00,Counter_4,5.0,1.0,5,1,0,1,1.43,6.84
2026-06-02 05:30:00,Counter_5,0.0,1.0,5,1,0,1,1.35,0.16
2026-06-02 05:35:00,Counter_1,3.0,2.0,5,1,0,1,1.4,4.07
2026-06-02 05:35:00,Counter_2,2.0,1.0,5,1,0,1,1.49,3.19
2026-06-02 05:35:00,Counter_3,1.0,1.0,5,1,0,1,1.29,1.28
2026-06-02 05:35:00,Counter_4,7.0,2.0,5,1,0,1,1.2,8.37
2026-06-02 05:35:00,Counter_5,7.0,,5,1,0,1,1.05,7.47
2026-06-02 05:40:00,Counter_1,4.0,1.0,5,1,0,1,1.14,4.56
2026-06-02 05:40:00,Counter_2,3.0,2.0,5,1,0,1,1.55,4.4
2026-06-02 05:40:00,Counter_3,3.0,2.0,5,1,0,1,1.04,3.02
2026-06-02 05:40:00,Counter_4,1.0,1.0,5,1,0,1,0.79,0.46
2026-06-02 05:40:00,Counter_5,2.0,2.0,5,1,0,1,1.0,1.83
2026-06-02 05:45:00,Counter_1,4.0,2.0,5,1,0,1,1.4,5.17
2026-06-02 05:45:00,Counter_2,6.0,2.0,5,1,0,1,1.17,7.49
2026-06-02 05:45:00,Counter_3,2.0,2.0,5,1,0,1,1.4,2.79
2026-06-02 05:45:00,Counter_4,3.0,1.0,5,1,0,1,,2.36
2026-06-02 05:45:00,Counter_5,4.0,2.0,5,1,0,1,,2.23
2026-06-02 05:50:00,Counter_1,1.0,2.0,5,1,0,1,1.32,1.43
2026-06-02 05:50:00,Counter_2,2.0,2.0,5,1,0,1,1.5,3.15
2026-06-02 05:50:00,Counter_3,3.0,2.0,5,1,0,1,0.82,2.65
2026-06-02 05:50:00,Counter_4,0.0,,5,1,0,1,1.38,0.04
2026-06-02 05:50:00,Counter_5,0.0,2.0,5,1,0,1,1.55,0.06
2026-06-02 05:55:00,Counter_1,2.0,2.0,5,1,0,1,1.25,2.38
2026-06-02 05:55:00,Counter_2,2.0,2.0,5,1,0,1,1.48,3.03
2026-06-02 05:55:00,Counter_3,3.0,2.0,5,1,0,1,1.3,3.91
2026-06-02 05:55:00,Counter_4,6.0,1.0,5,1,0,1,1.18,6.84
2026-06-02 05:55:00,Counter_5,2.0,1.0,5,1,0,1,1.46,2.55
2026-06-02 06:00:00,Counter_1,5.0,1.0,6,1,0,1,1.73,8.59
2026-06-02 06:00:00,Counter_2,12.0,1.0,6,1,0,1,1.11,13.26
2026-06-02 06:00:00,Counter_3,4.0,2.0,6,1,0,1,1.23,4.87
2026-06-02 06:00:00,Counter_4,4.0,1.0,6,1,0,1,1.0,4.21
2026-06-02 06:00:00,Counter_5,3.0,1.0,6,1,0,1,1.29,4.15
2026-06-02 06:05:00,Counter_1,1.0,2.0,6,1,0,1,1.21,1.34
2026-06-02 06:05:00,Counter_2,1.0,1.0,6,1,0,1,1.54,1.66
2026-06-02 06:05:00,Counter_3,5.0,1.0,6,1,0,1,1.6,7.98
2026-06-02 06:05:00,Counter_4,3.0,2.0,6,1,0,1,1.45,4.39
2026-06-02 06:05:00,Counter_5,1.0,2.0,6,1,0,1,1.51,1.6
2026-06-02 06:10:00,Counter_1,3.0,1.0,6,1,0,1,1.07,3.24
2026-06-02 06:10:00,Counter_2,4.0,2.0,6,1,0,1,1.01,4.16
2026-06-02 06:10:00,Counter_3,7.0,1.0,6,1,0,1,1.36,9.53
2026-06-02 06:10:00,Counter_4,3.0,2.0,6,1,0,1,1.26,3.68
2026-06-02 06:10:00,Counter_5,1.0,2.0,6,1,0,1,1.75,1.8
2026-06-02 06:15:00,Counter_1,2.0,2.0,6,1,0,1,0.77,1.49
2026-06-02 06:15:00,Counter_2,,2.0,6,1,0,1,1.4,1.69
2026-06-02 06:15:00,Counter_3,4.0,2.0,6,1,0,1,1.4,5.51
2026-06-02 06:15:00,Counter_4,1.0,2.0,6,1,0,1,1.06,1.63
2026-06-02 06:15:00,Counter_5,4.0,1.0,6,1,0,1,1.01,4.37
2026-06-02 06:20:00,Counter_1,5.0,1.0,6,1,0,1,1.17,5.62
2026-06-02 06:20:00,Counter_2,2.0,2.0,6,1,0,1,0.84,1.93
2026-06-02 06:20:00,Counter_3,2.0,1.0,6,1,0,1,1.61,3.19
2026-06-02 06:20:00,Counter_4,3.0,2.0,6,1,0,1,1.93,5.9
2026-06-02 06:20:00,Counter_5,1.0,1.0,6,1,0,1,1.16,1.48
2026-06-02 06:25:00,Counter_1,0.0,2.0,6,1,0,1,1.09,0.04
2026-06-02 06:25:00,Counter_2,1.0,2.0,6,1,0,1,0.92,0.83
2026-06-02 06:25:00,Counter_3,3.0,1.0,6,1,0,1,0.98,3.09
2026-06-02 06:25:00,Counter_4,1.0,2.0,6,1,0,1,1.1,1.03
2026-06-02 06:25:00,Counter_5,5.0,2.0,6,1,0,1,1.55,7.31
2026-06-02 06:30:00,Counter_1,4.0,2.0,6,1,0,1,2.05,8.39
2026-06-02 06:30:00,Counter_2,4.0,1.0,6,1,0,1,1.07,4.35
2026-06-02 06:30:00,Counter_3,2.0,2.0,6,1,0,1,1.02,2.04
2026-06-02 06:30:00,Counter_4,0.0,2.0,6,1,0,1,0.96,0.08
2026-06-02 06:30:00,Counter_5,,1.0,6,1,0,1,1.36,1.81
2026-06-02 06:35:00,Counter_1,2.0,1.0,6,1,0,1,1.34,2.88
2026-06-02 06:35:00,Counter_2,2.0,1.0,6,1,0,1,1.28,2.39
2026-06-02 06:35:00,Counter_3,4.0,2.0,6,1,0,1,1.14,4.58
2026-06-02 06:35:00,Counter_4,1.0,1.0,6,1,0,1,1.59,1.83
2026-06-02 06:35:00,Counter_5,3.0,2.0,6,1,0,1,1.44,4.55
2026-06-02 06:40:00,Counter_1,4.0,1.0,6,1,0,1,1.43,5.42
2026-06-02 06:40:00,Counter_2,8.0,1.0,6,1,0,1,1.34,10.62
2026-06-02 06:40:00,Counter_3,4.0,2.0,6,1,0,1,1.2,4.57
2026-06-02 06:40:00,Counter_4,5.0,2.0,6,1,0,1,1.07,5.48
2026-06-02 06:40:00,Counter_5,4.0,2.0,6,1,0,1,1.38,5.34
2026-06-02 06:45:00,Counter_1,2.0,2.0,6,1,0,1,1.36,3.03
2026-06-02 06:45:00,Counter_2,3.0,2.0,6,1,0,1,1.39,4.43
2026-06-02 06:45:00,Counter_3,1.0,2.0,6,1,0,1,0.86,0.81
2026-06-02 06:45:00,Counter_4,1.0,2.0,6,1,0,1,1.33,1.08
2026-06-02 06:45:00,Counter_5,4.0,2.0,6,1,0,1,1.17,4.52
2026-06-02 06:50:00,Counter_1,3.0,2.0,6,1,0,1,1.03,3.18
2026-06-02 06:50:00,Counter_2,2.0,2.0,6,1,0,1,1.43,3.03
2026-06-02 06:50:00,Counter_3,4.0,2.0,6,1,0,1,1.29,5.15
2026-06-02 06:50:00,Counter_4,8.0,1.0,6,1,0,1,1.84,14.21
2026-06-02 06:50:00,Counter_5,3.0,1.0,6,1,0,1,1.37,4.25
2026-06-02 06:55:00,Counter_1,0.0,1.0,6,1,0,1,1.18,0.2
2026-06-02 06:55:00,Counter_2,2.0,2.0,6,1,0,1,1.22,2.02
2026-06-02 06:55:00,Counter_3,3.0,1.0,6,1,0,1,0.96,3.08
2026-06-02 06:55:00,Counter_4,7.0,1.0,6,1,0,1,1.56,10.68
2026-06-02 06:55:00,Counter_5,3.0,2.0,6,1,0,1,1.33,4.04
2026-06-02 07:00:00,Counter_1,0.0,2.0,7,1,0,1,1.33,0.02
2026-06-02 07:00:00,Counter_2,6.0,1.0,7,1,0,1,0.98,5.72
2026-06-02 07:00:00,Counter_3,2.0,2.0,7,1,0,1,1.44,2.92
2026-06-02 07:00:00,Counter_4,4.0,1.0,7,1,0,1,1.02,3.97
2026-06-02 07:00:00,Counter_5,2.0,2.0,7,1,0,1,1.11,2.23
2026-06-02 07:05:00,Counter_1,2.0,2.0,7,1,0,1,1.28,2.48
2026-06-02 07:05:00,Counter_2,4.0,1.0,7,1,0,1,1.1,4.3
2026-06-02 07:05:00,Counter_3,9.0,1.0,7,1,0,1,1.05,9.32
2026-06-02 07:05:00,Counter_4,2.0,1.0,7,1,0,1,1.24,2.3
2026-06-02 07:05:00,Counter_5,8.0,1.0,7,1,0,1,1.5,12.17
2026-06-02 07:10:00,Counter_1,1.0,1.0,7,1,0,1,1.47,1.38
2026-06-02 07:10:00,Counter_2,1.0,2.0,7,1,0,1,1.43,1.2
2026-06-02 07:10:00,Counter_3,1.0,2.0,7,1,0,1,1.37,1.29
2026-06-02 07:10:00,Counter_4,4.0,2.0,7,1,0,1,1.13,4.41
2026-06-02 07:10:00,Counter_5,4.0,2.0,7,1,0,1,1.53,6.04
2026-06-02 07:15:00,Counter_1,2.0,2.0,7,1,0,1,0.82,1.78
2026-06-02 07:15:00,Counter_2,7.0,,7,1,0,1,1.36,9.39
2026-06-02 07:15:00,Counter_3,3.0,1.0,7,1,0,1,1.46,4.3
2026-06-02 07:15:00,Counter_4,2.0,2.0,7,1,0,1,1.23,2.59
2026-06-02 07:15:00,Counter_5,1.0,2.0,7,1,0,1,1.07,1.16
2026-06-02 07:20:00,Counter_1,7.0,1.0,7,1,0,1,1.24,8.54
2026-06-02 07:20:00,Counter_2,3.0,2.0,7,1,0,1,1.06,3.37
2026-06-02 07:20:00,Counter_3,9.0,1.0,7,1,0,1,1.38,12.6
2026-06-02 07:20:00,Counter_4,2.0,2.0,7,1,0,1,1.49,3.15
2026-06-02 07:20:00,Counter_5,1.0,2.0,7,1,0,1,1.36,1.42
2026-06-02 07:25:00,Counter_1,4.0,2.0,7,1,0,1,1.35,5.37
2026-06-02 07:25:00,Counter_2,6.0,1.0,7,1,0,1,1.44,8.43
2026-06-02 07:25:00,Counter_3,6.0,1.0,7,1,0,1,1.47,8.54
2026-06-02 07:25:00,Counter_4,0.0,2.0,7,1,0,1,1.06,0.04
2026-06-02 07:25:00,Counter_5,0.0,2.0,7,1,0,1,0.87,0.08
2026-06-02 07:30:00,Counter_1,2.0,1.0,7,1,0,1,1.32,2.59
2026-06-02 07:30:00,Counter_2,2.0,2.0,7,1,0,1,1.48,2.94
2026-06-02 07:30:00,Counter_3,2.0,2.0,7,1,0,1,0.85,1.97
2026-06-02 07:30:00,Counter_4,7.0,1.0,7,1,0,1,1.27,9.22
2026-06-02 07:30:00,Counter_5,0.0,,7,1,0,1,1.53,0.04
2026-06-02 07:35:00,Counter_1,10.0,1.0,7,1,0,1,1.22,12.26
2026-06-02 07:35:00,Counter_2,3.0,2.0,7,1,0,1,,4.9
2026-06-02 07:35:00,Counter_3,4.0,2.0,7,1,0,1,1.58,6.45
2026-06-02 07:35:00,Counter_4,4.0,2.0,7,1,0,1,1.2,5.15
2026-06-02 07:35:00,Counter_5,4.0,1.0,7,1,0,1,1.16,5.08
2026-06-02 07:40:00,Counter_1,1.0,2.0,7,1,0,1,1.16,1.3
2026-06-02 07:40:00,Counter_2,6.0,1.0,7,1,0,1,1.28,7.69
2026-06-02 07:40:00,Counter_3,2.0,2.0,7,1,0,1,0.96,1.85
2026-06-02 07:40:00,Counter_4,2.0,2.0,7,1,0,1,0.91,2.32
2026-06-02 07:40:00,Counter_5,5.0,2.0,7,1,0,1,0.68,3.25
2026-06-02 07:45:00,Counter_1,8.0,1.0,7,1,0,1,1.24,10.08
2026-06-02 07:45:00,Counter_2,1.0,2.0,7,1,0,1,1.76,1.71
2026-06-02 07:45:00,Counter_3,6.0,1.0,7,1,0,1,0.75,4.23
2026-06-02 07:45:00,Counter_4,4.0,2.0,7,1,0,1,1.2,5.14
2026-06-02 07:45:00,Counter_5,5.0,1.0,7,1,0,1,1.2,5.65
2026-06-02 07:50:00,Counter_1,2.0,1.0,7,1,0,1,1.21,1.99
2026-06-02 07:50:00,Counter_2,3.0,1.0,7,1,0,1,1.56,4.82
2026-06-02 07:50:00,Counter_3,2.0,1.0,7,1,0,1,1.03,2.0
2026-06-02 07:50:00,Counter_4,7.0,1.0,7,1,0,1,0.76,5.41
2026-06-02 07:50:00,Counter_5,3.0,1.0,7,1,0,1,1.12,3.36
2026-06-02 07:55:00,Counter_1,5.0,2.0,7,1,0,1,1.08,5.52
2026-06-02 07:55:00,Counter_2,1.0,2.0,7,1,0,1,0.69,0.63
2026-06-02 07:55:00,Counter_3,7.0,1.0,7,1,0,1,1.31,9.35
2026-06-02 07:55:00,Counter_4,3.0,1.0,7,1,0,1,0.95,3.04
2026-06-02 07:55:00,Counter_5,4.0,2.0,7,1,0,1,1.23,5.23
2026-06-02 08:00:00,Counter_1,7.0,1.0,8,1,0,1,1.16,8.37
2026-06-02 08:00:00,Counter_2,1.0,2.0,8,1,0,1,0.98,0.96
2026-06-02 08:00:00,Counter_3,2.0,2.0,8,1,0,1,1.47,3.08
2026-06-02 08:00:00,Counter_4,2.0,2.0,8,1,0,1,1.18,2.44
2026-06-02 08:00:00,Counter_5,3.0,2.0,8,1,0,1,1.26,3.86
2026-06-02 08:05:00,Counter_1,2.0,2.0,8,1,0,1,1.4,2.54
2026-06-02 08:05:00,Counter_2,8.0,1.0,8,1,0,1,1.32,10.71
2026-06-02 08:05:00,Counter_3,5.0,1.0,8,1,0,1,1.29,6.57
2026-06-02 08:05:00,Counter_4,4.0,1.0,8,1,0,1,1.04,4.52
2026-06-02 08:05:00,Counter_5,3.0,2.0,8,1,0,1,0.97,3.14
2026-06-02 08:10:00,Counter_1,4.0,2.0,8,1,0,1,1.29,5.19
2026-06-02 08:10:00,Counter_2,2.0,2.0,8,1,0,1,1.01,2.0
2026-06-02 08:10:00,Counter_3,1.0,1.0,8,1,0,1,1.45,1.25
2026-06-02 08:10:00,Counter_4,0.0,2.0,8,1,0,1,1.22,0.04
2026-06-02 08:10:00,Counter_5,4.0,1.0,8,1,0,1,1.41,5.43
2026-06-02 08:15:00,Counter_1,0.0,2.0,8,1,0,1,1.0,0.08
2026-06-02 08:15:00,Counter_2,2.0,2.0,8,1,0,1,,2.1
2026-06-02 08:15:00,Counter_3,4.0,2.0,8,1,0,1,1.67,6.7
2026-06-02 08:15:00,Counter_4,2.0,2.0,8,1,0,1,1.21,2.47
2026-06-02 08:15:00,Counter_5,1.0,2.0,8,1,0,1,1.48,1.52
2026-06-02 08:20:00,Counter_1,4.0,2.0,8,1,0,1,0.9,3.39
2026-06-02 08:20:00,Counter_2,7.0,1.0,8,1,0,1,1.18,8.33
2026-06-02 08:20:00,Counter_3,6.0,1.0,8,1,0,1,1.58,9.42
2026-06-02 08:20:00,Counter_4,3.0,2.0,8,1,0,1,0.86,2.49
2026-06-02 08:20:00,Counter_5,3.0,2.0,8,1,0,1,1.82,5.74
2026-06-02 08:25:00,Counter_1,2.0,2.0,8,1,0,1,1.3,2.76
2026-06-02 08:25:00,Counter_2,4.0,1.0,8,1,0,1,1.05,3.74
2026-06-02 08:25:00,Counter_3,3.0,2.0,8,1,0,1,1.34,4.06
2026-06-02 08:25:00,Counter_4,3.0,1.0,8,1,0,1,1.53,4.8
2026-06-02 08:25:00,Counter_5,3.0,2.0,8,1,0,1,1.04,2.87
2026-06-02 08:30:00,Counter_1,4.0,2.0,8,1,0,1,1.08,4.15
2026-06-02 08:30:00,Counter_2,2.0,2.0,8,1,0,1,1.31,2.82
2026-06-02 08:30:00,Counter_3,2.0,2.0,8,1,0,1,1.37,2.65
2026-06-02 08:30:00,Counter_4,2.0,2.0,8,1,0,1,1.2,2.0
2026-06-02 08:30:00,Counter_5,4.0,2.0,8,1,0,1,1.35,5.64
2026-06-02 08:35:00,Counter_1,4.0,2.0,8,1,0,1,1.46,5.81
2026-06-02 08:35:00,Counter_2,2.0,2.0,8,1,0,1,1.29,2.65
2026-06-02 08:35:00,Counter_3,5.0,2.0,8,1,0,1,1.08,5.39
2026-06-02 08:35:00,Counter_4,4.0,1.0,8,1,0,1,1.24,5.18
2026-06-02 08:35:00,Counter_5,9.0,1.0,8,1,0,1,1.69,14.99
2026-06-02 08:40:00,Counter_1,8.0,1.0,8,1,0,1,1.33,10.77
2026-06-02 08:40:00,Counter_2,1.0,2.0,8,1,0,1,1.56,1.82
2026-06-02 08:40:00,Counter_3,0.0,1.0,8,1,0,1,1.12,0.11
2026-06-02 08:40:00,Counter_4,2.0,2.0,8,1,0,1,1.32,2.49
2026-06-02 08:40:00,Counter_5,6.0,1.0,8,1,0,1,1.45,9.03
2026-06-02 08:45:00,Counter_1,9.0,1.0,8,1,0,1,1.62,14.8
2026-06-02 08:45:00,Counter_2,0.0,1.0,8,1,0,1,1.56,0.01
2026-06-02 08:45:00,Counter_3,1.0,2.0,8,1,0,1,0.97,0.73
2026-06-02 08:45:00,Counter_4,4.0,1.0,8,1,0,1,1.54,6.22
2026-06-02 08:45:00,Counter_5,5.0,1.0,8,1,0,1,1.67,8.42
2026-06-02 08:50:00,Counter_1,3.0,2.0,8,1,0,1,1.11,3.32
2026-06-02 08:50:00,Counter_2,1.0,2.0,8,1,0,1,1.03,1.5
2026-06-02 08:50:00,Counter_3,2.0,2.0,8,1,0,1,1.24,2.61
2026-06-02 08:50:00,Counter_4,5.0,2.0,8,1,0,1,1.29,6.28
2026-06-02 08:50:00,Counter_5,5.0,2.0,8,1,0,1,1.16,6.01
2026-06-02 08:55:00,Counter_1,0.0,2.0,8,1,0,1,0.95,0.14
2026-06-02 08:55:00,Counter_2,4.0,2.0,8,1,0,1,1.62,6.34
2026-06-02 08:55:00,Counter_3,1.0,1.0,8,1,0,1,1.04,1.22
2026-06-02 08:55:00,Counter_4,5.0,1.0,8,1,0,1,1.12,5.9
2026-06-02 08:55:00,Counter_5,4.0,1.0,8,1,0,1,1.28,5.16
2026-06-02 09:00:00,Counter_1,5.0,2.0,9,1,0,1,0.88,4.2
2026-06-02 09:00:00,Counter_2,6.0,2.0,9,1,0,1,0.86,5.18
2026-06-02 09:00:00,Counter_3,6.0,2.0,9,1,0,1,1.14,6.65
2026-06-02 09:00:00,Counter_4,5.0,2.0,9,1,0,1,1.46,7.35
2026-06-02 09:00:00,Counter_5,3.0,2.0,9,1,0,1,1.3,4.05
2026-06-02 09:05:00,Counter_1,4.0,2.0,9,1,0,1,0.74,2.56
2026-06-02 09:05:00,Counter_2,10.0,2.0,9,1,0,1,1.6,16.14
2026-06-02 09:05:00,Counter_3,5.0,2.0,9,1,0,1,1.45,7.18
2026-06-02 09:05:00,Counter_4,4.0,1.0,9,1,0,1,1.3,5.09
2026-06-02 09:05:00,Counter_5,5.0,2.0,9,1,0,1,1.29,6.18
2026-06-02 09:10:00,Counter_1,8.0,2.0,9,1,0,1,1.42,11.15
2026-06-02 09:10:00,Counter_2,6.0,2.0,9,1,0,1,1.83,11.33
2026-06-02 09:10:00,Counter_3,9.0,2.0,9,1,0,1,1.47,13.4
2026-06-02 09:10:00,Counter_4,13.0,1.0,9,1,0,1,1.32,17.42
2026-06-02 09:10:00,Counter_5,12.0,1.0,9,1,0,1,0.94,11.11
2026-06-02 09:15:00,Counter_1,12.0,1.0,9,1,0,1,,15.84
2026-06-02 09:15:00,Counter_2,10.0,2.0,9,1,0,1,1.44,14.39
2026-06-02 09:15:00,Counter_3,8.0,2.0,9,1,0,1,1.22,9.6
2026-06-02 09:15:00,Counter_4,4.0,2.0,9,1,0,1,1.12,4.26
2026-06-02 09:15:00,Counter_5,4.0,2.0,9,1,0,1,1.39,5.35
2026-06-02 09:20:00,Counter_1,12.0,1.0,9,1,0,1,1.0,11.85
2026-06-02 09:20:00,Counter_2,9.0,1.0,9,1,0,1,1.47,13.05
2026-06-02 09:20:00,Counter_3,6.0,2.0,9,1,0,1,1.14,7.02
2026-06-02 09:20:00,Counter_4,8.0,2.0,9,1,0,1,0.72,6.28
2026-06-02 09:20:00,Counter_5,5.0,2.0,9,1,0,1,1.14,5.65
2026-06-02 09:25:00,Counter_1,4.0,2.0,9,1,0,1,1.24,4.91
2026-06-02 09:25:00,Counter_2,10.0,1.0,9,1,0,1,1.39,13.53
2026-06-02 09:25:00,Counter_3,7.0,1.0,9,1,0,1,1.36,9.33
2026-06-02 09:25:00,Counter_4,13.0,1.0,9,1,0,1,0.93,11.77
2026-06-02 09:25:00,Counter_5,10.0,1.0,9,1,0,1,1.28,12.96
2026-06-02 09:30:00,Counter_1,3.0,2.0,9,1,0,1,1.12,3.75
2026-06-02 09:30:00,Counter_2,5.0,2.0,9,1,0,1,1.16,5.58
2026-06-02 09:30:00,Counter_3,2.0,2.0,9,1,0,1,1.0,1.96
2026-06-02 09:30:00,Counter_4,7.0,2.0,9,1,0,1,1.24,8.63
2026-06-02 09:30:00,Counter_5,4.0,2.0,9,1,0,1,2.03,8.26
2026-06-02 09:35:00,Counter_1,6.0,2.0,9,1,0,1,1.71,10.28
2026-06-02 09:35:00,Counter_2,6.0,2.0,9,1,0,1,1.0,6.42
2026-06-02 09:35:00,Counter_3,10.0,1.0,9,1,0,1,1.27,12.55
2026-06-02 09:35:00,Counter_4,5.0,2.0,9,1,0,1,1.17,6.03
2026-06-02 09:35:00,Counter_5,5.0,2.0,9,1,0,1,1.29,6.33
2026-06-02 09:40:00,Counter_1,10.0,2.0,9,1,0,1,1.48,14.48
2026-06-02 09:40:00,Counter_2,6.0,2.0,9,1,0,1,,7.61
2026-06-02 09:40:00,Counter_3,3.0,2.0,9,1,0,1,1.07,3.58
2026-06-02 09:40:00,Counter_4,15.0,1.0,9,1,0,1,1.54,23.18
2026-06-02 09:40:00,Counter_5,7.0,2.0,9,1,0,1,0.94,6.45
2026-06-02 09:45:00,Counter_1,11.0,2.0,9,1,0,1,1.3,14.07
2026-06-02 09:45:00,Counter_2,6.0,2.0,9,1,0,1,0.88,5.39
2026-06-02 09:45:00,Counter_3,,1.0,9,1,0,1,0.99,15.41
2026-06-02 09:45:00,Counter_4,8.0,2.0,9,1,0,1,1.44,11.69
2026-06-02 09:45:00,Counter_5,5.0,2.0,9,1,0,1,1.08,5.32
2026-06-02 09:50:00,Counter_1,4.0,2.0,9,1,0,1,0.78,3.03
2026-06-02 09:50:00,Counter_2,10.0,1.0,9,1,0,1,1.07,10.49
2026-06-02 09:50:00,Counter_3,6.0,2.0,9,1,0,1,1.04,5.95
2026-06-02 09:50:00,Counter_4,5.0,1.0,9,1,0,1,0.93,4.64
2026-06-02 09:50:00,Counter_5,9.0,2.0,9,1,0,1,1.39,12.55
2026-06-02 09:55:00,Counter_1,15.0,1.0,9,1,0,1,0.86,12.88
2026-06-02 09:55:00,Counter_2,6.0,2.0,9,1,0,1,1.1,6.82
2026-06-02 09:55:00,Counter_3,5.0,2.0,9,1,0,1,1.28,6.41
2026-06-02 09:55:00,Counter_4,15.0,1.0,9,1,0,1,1.16,17.54
2026-06-02 09:55:00,Counter_5,12.0,1.0,9,1,0,1,1.15,13.51
2026-06-02 10:00:00,Counter_1,19.0,1.0,10,1,0,1,1.07,20.24
2026-06-02 10:00:00,Counter_2,8.0,2.0,10,1,0,1,0.95,7.9
2026-06-02 10:00:00,Counter_3,3.0,2.0,10,1,0,1,1.09,3.46
2026-06-02 10:00:00,Counter_4,6.0,2.0,10,1,0,1,1.41,8.53
2026-06-02 10:00:00,Counter_5,7.0,2.0,10,1,0,1,,7.9
2026-06-02 10:05:00,Counter_1,7.0,2.0,10,1,0,1,1.29,8.84
2026-06-02 10:05:00,Counter_2,7.0,2.0,10,1,0,1,1.53,10.6
2026-06-02 10:05:00,Counter_3,4.0,2.0,10,1,0,1,1.4,5.73
2026-06-02 10:05:00,Counter_4,15.0,1.0,10,1,0,1,0.93,13.55
2026-06-02 10:05:00,Counter_5,4.0,2.0,10,1,0,1,1.36,5.8
2026-06-02 10:10:00,Counter_1,5.0,1.0,10,1,0,1,1.51,7.8
2026-06-02 10:10:00,Counter_2,8.0,2.0,10,1,0,1,1.1,9.04
2026-06-02 10:10:00,Counter_3,14.0,1.0,10,1,0,1,0.85,12.02
2026-06-02 10:10:00,Counter_4,5.0,1.0,10,1,0,1,1.14,5.72
2026-06-02 10:10:00,Counter_5,8.0,1.0,10,1,0,1,1.3,10.48
2026-06-02 10:15:00,Counter_1,8.0,2.0,10,1,0,1,1.4,11.13
2026-06-02 10:15:00,Counter_2,10.0,1.0,10,1,0,1,1.12,11.62
2026-06-02 10:15:00,Counter_3,7.0,2.0,10,1,0,1,0.74,5.15
2026-06-02 10:15:00,Counter_4,14.0,1.0,10,1,0,1,0.93,12.92
2026-06-02 10:15:00,Counter_5,10.0,1.0,10,1,0,1,1.34,13.35
2026-06-02 10:20:00,Counter_1,13.0,1.0,10,1,0,1,1.75,22.61
2026-06-02 10:20:00,Counter_2,12.0,1.0,10,1,0,1,1.24,15.04
2026-06-02 10:20:00,Counter_3,8.0,2.0,10,1,0,1,1.58,12.54
2026-06-02 10:20:00,Counter_4,11.0,1.0,10,1,0,1,0.99,10.86
2026-06-02 10:20:00,Counter_5,11.0,1.0,10,1,0,1,1.09,12.26
2026-06-02 10:25:00,Counter_1,16.0,1.0,10,1,0,1,0.66,10.77
2026-06-02 10:25:00,Counter_2,17.0,1.0,10,1,0,1,1.34,22.58
2026-06-02 10:25:00,Counter_3,8.0,2.0,10,1,0,1,1.03,8.48
2026-06-02 10:25:00,Counter_4,4.0,2.0,10,1,0,1,1.4,5.32
2026-06-02 10:25:00,Counter_5,14.0,1.0,10,1,0,1,1.12,15.38
2026-06-02 10:30:00,Counter_1,9.0,1.0,10,1,0,1,1.76,15.77
2026-06-02 10:30:00,Counter_2,7.0,2.0,10,1,0,1,1.7,11.96
2026-06-02 10:30:00,Counter_3,12.0,1.0,10,1,0,1,0.67,8.0
2026-06-02 10:30:00,Counter_4,10.0,2.0,10,1,0,1,1.4,14.09
2026-06-02 10:30:00,Counter_5,9.0,2.0,10,1,0,1,1.06,9.46
2026-06-02 10:35:00,Counter_1,11.0,1.0,10,1,0,1,1.41,15.1
2026-06-02 10:35:00,Counter_2,9.0,1.0,10,1,0,1,0.91,8.15
2026-06-02 10:35:00,Counter_3,8.0,1.0,10,1,0,1,1.61,12.58
2026-06-02 10:35:00,Counter_4,6.0,2.0,10,1,0,1,1.51,9.06
2026-06-02 10:35:00,Counter_5,8.0,1.0,10,1,0,1,0.9,6.95
2026-06-02 10:40:00,Counter_1,5.0,2.0,10,1,0,1,1.2,6.1
2026-06-02 10:40:00,Counter_2,8.0,2.0,10,1,0,1,1.29,10.59
2026-06-02 10:40:00,Counter_3,12.0,1.0,10,1,0,1,1.43,16.81
2026-06-02 10:40:00,Counter_4,20.0,1.0,10,1,0,1,1.25,24.59
2026-06-02 10:40:00,Counter_5,4.0,2.0,10,1,0,1,1.45,5.74
2026-06-02 10:45:00,Counter_1,12.0,1.0,10,1,0,1,1.23,14.99
2026-06-02 10:45:00,Counter_2,4.0,1.0,10,1,0,1,1.4,5.63
2026-06-02 10:45:00,Counter_3,8.0,2.0,10,1,0,1,0.91,7.19
2026-06-02 10:45:00,Counter_4,13.0,1.0,10,1,0,1,1.24,15.9
2026-06-02 10:45:00,Counter_5,5.0,2.0,10,1,0,1,1.54,7.84
2026-06-02 10:50:00,Counter_1,10.0,1.0,10,1,0,1,1.6,16.31
2026-06-02 10:50:00,Counter_2,6.0,2.0,10,1,0,1,1.29,7.37
2026-06-02 10:50:00,Counter_3,6.0,2.0,10,1,0,1,1.23,7.44
2026-06-02 10:50:00,Counter_4,12.0,1.0,10,1,0,1,1.59,19.59
2026-06-02 10:50:00,Counter_5,12.0,1.0,10,1,0,1,1.22,14.52
2026-06-02 10:55:00,Counter_1,12.0,1.0,10,1,0,1,1.54,18.44
2026-06-02 10:55:00,Counter_2,4.0,2.0,10,1,0,1,1.22,4.87
2026-06-02 10:55:00,Counter_3,3.0,2.0,10,1,0,1,1.26,3.7
2026-06-02 10:55:00,Counter_4,,1.0,10,1,0,1,0.97,9.92
2026-06-02 10:55:00,Counter_5,6.0,2.0,10,1,0,1,0.94,6.0
2026-06-02 11:00:00,Counter_1,9.0,4.0,11,1,0,1,1.49,13.07
2026-06-02 11:00:00,Counter_2,7.0,3.0,11,1,0,1,1.68,11.57
2026-06-02 11:00:00,Counter_3,7.0,5.0,11,1,0,1,1.28,9.21
2026-06-02 11:00:00,Counter_4,13.0,3.0,11,1,0,1,1.21,15.85
2026-06-02 11:00:00,Counter_5,10.0,4.0,11,1,0,1,1.51,15.19
2026-06-02 11:05:00,Counter_1,6.0,4.0,11,1,0,1,1.33,8.12
2026-06-02 11:05:00,Counter_2,8.0,5.0,11,1,0,1,0.65,5.22
2026-06-02 11:05:00,Counter_3,14.0,3.0,11,1,0,1,1.5,21.1
2026-06-02 11:05:00,Counter_4,11.0,3.0,11,1,0,1,0.92,10.05
2026-06-02 11:05:00,Counter_5,9.0,5.0,11,1,0,1,1.25,11.2
2026-06-02 11:10:00,Counter_1,5.0,5.0,11,1,0,1,1.14,5.68
2026-06-02 11:10:00,Counter_2,14.0,3.0,11,1,0,1,1.09,15.18
2026-06-02 11:10:00,Counter_3,11.0,3.0,11,1,0,1,1.26,13.95
2026-06-02 11:10:00,Counter_4,6.0,5.0,11,1,0,1,1.47,8.88
2026-06-02 11:10:00,Counter_5,14.0,3.0,11,1,0,1,1.26,17.27
2026-06-02 11:15:00,Counter_1,10.0,5.0,11,1,0,1,1.6,15.96
2026-06-02 11:15:00,Counter_2,7.0,5.0,11,1,0,1,1.63,11.41
2026-06-02 11:15:00,Counter_3,14.0,3.0,11,1,0,1,1.63,23.13
2026-06-02 11:15:00,Counter_4,7.0,5.0,11,1,0,1,1.24,8.62
2026-06-02 11:15:00,Counter_5,8.0,4.0,11,1,0,1,1.13,9.06
2026-06-02 11:20:00,Counter_1,8.0,5.0,11,1,0,1,1.24,9.9
2026-06-02 11:20:00,Counter_2,7.0,4.0,11,1,0,1,1.53,10.97
2026-06-02 11:20:00,Counter_3,,3.0,11,1,0,1,1.52,18.0
2026-06-02 11:20:00,Counter_4,4.0,5.0,11,1,0,1,0.6,2.24
2026-06-02 11:20:00,Counter_5,12.0,3.0,11,1,0,1,1.33,15.79
2026-06-02 11:25:00,Counter_1,5.0,5.0,11,1,0,1,0.66,3.3
2026-06-02 11:25:00,Counter_2,9.0,4.0,11,1,0,1,1.25,10.95
2026-06-02 11:25:00,Counter_3,10.0,3.0,11,1,0,1,1.12,11.49
2026-06-02 11:25:00,Counter_4,14.0,3.0,11,1,0,1,1.04,14.64
2026-06-02 11:25:00,Counter_5,10.0,5.0,11,1,0,1,1.46,14.72
2026-06-02 11:30:00,Counter_1,9.0,4.0,11,1,0,1,1.09,10.23
2026-06-02 11:30:00,Counter_2,6.0,5.0,11,1,0,1,1.25,7.43
2026-06-02 11:30:00,Counter_3,14.0,3.0,11,1,0,1,1.02,14.45
2026-06-02 11:30:00,Counter_4,8.0,4.0,11,1,0,1,1.27,10.28
2026-06-02 11:30:00,Counter_5,6.0,5.0,11,1,0,1,1.49,9.25
2026-06-02 11:35:00,Counter_1,13.0,3.0,11,1,0,1,1.03,13.53
2026-06-02 11:35:00,Counter_2,7.0,4.0,11,1,0,1,1.41,9.77
2026-06-02 11:35:00,Counter_3,10.0,5.0,11,1,0,1,1.26,12.68
2026-06-02 11:35:00,Counter_4,6.0,4.0,11,1,0,1,1.26,7.43
2026-06-02 11:35:00,Counter_5,8.0,5.0,11,1,0,1,1.16,9.19
2026-06-02 11:40:00,Counter_1,9.0,5.0,11,1,0,1,1.44,12.96
2026-06-02 11:40:00,Counter_2,8.0,4.0,11,1,0,1,1.42,11.32
2026-06-02 11:40:00,Counter_3,6.0,5.0,11,1,0,1,,7.14
2026-06-02 11:40:00,Counter_4,8.0,4.0,11,1,0,1,1.3,9.95
2026-06-02 11:40:00,Counter_5,9.0,4.0,11,1,0,1,1.44,13.02
2026-06-02 11:45:00,Counter_1,16.0,3.0,11,1,0,1,1.39,22.31
2026-06-02 11:45:00,Counter_2,8.0,,11,1,0,1,1.17,9.43
2026-06-02 11:45:00,Counter_3,9.0,5.0,11,1,0,1,1.54,14.24
2026-06-02 11:45:00,Counter_4,12.0,3.0,11,1,0,1,1.47,17.33
2026-06-02 11:45:00,Counter_5,9.0,4.0,11,1,0,1,1.78,16.33
2026-06-02 11:50:00,Counter_1,9.0,4.0,11,1,0,1,0.86,8.24
2026-06-02 11:50:00,Counter_2,9.0,4.0,11,1,0,1,1.43,13.22
2026-06-02 11:50:00,Counter_3,7.0,5.0,11,1,0,1,1.54,10.71
2026-06-02 11:50:00,Counter_4,7.0,3.0,11,1,0,1,1.5,10.59
2026-06-02 11:50:00,Counter_5,5.0,5.0,11,1,0,1,1.19,5.8
2026-06-02 11:55:00,Counter_1,12.0,3.0,11,1,0,1,0.91,10.78
2026-06-02 11:55:00,Counter_2,10.0,4.0,11,1,0,1,1.63,16.64
2026-06-02 11:55:00,Counter_3,10.0,4.0,11,1,0,1,1.13,11.44
2026-06-02 11:55:00,Counter_4,13.0,3.0,11,1,0,1,1.18,15.49
2026-06-02 11:55:00,Counter_5,4.0,4.0,11,1,0,1,1.77,6.86
2026-06-02 12:00:00,Counter_1,6.0,5.0,12,1,0,1,0.93,5.29
2026-06-02 12:00:00,Counter_2,9.0,3.0,12,1,0,1,1.45,13.26
2026-06-02 12:00:00,Counter_3,10.0,3.0,12,1,0,1,1.06,10.68
2026-06-02 12:00:00,Counter_4,10.0,4.0,12,1,0,1,1.06,10.54
2026-06-02 12:00:00,Counter_5,8.0,5.0,12,1,0,1,1.29,10.67
2026-06-02 12:05:00,Counter_1,9.0,5.0,12,1,0,1,1.42,12.9
2026-06-02 12:05:00,Counter_2,13.0,3.0,12,1,0,1,1.49,19.2
2026-06-02 12:05:00,Counter_3,7.0,5.0,12,1,0,1,1.52,10.25
2026-06-02 12:05:00,Counter_4,7.0,4.0,12,1,0,1,1.07,7.61
2026-06-02 12:05:00,Counter_5,17.0,3.0,12,1,0,1,0.96,16.23
2026-06-02 12:10:00,Counter_1,6.0,5.0,12,1,0,1,1.16,6.93
2026-06-02 12:10:00,Counter_2,14.0,3.0,12,1,0,1,1.34,18.72
2026-06-02 12:10:00,Counter_3,4.0,5.0,12,1,0,1,1.2,5.09
2026-06-02 12:10:00,Counter_4,10.0,5.0,12,1,0,1,0.6,6.17
2026-06-02 12:10:00,Counter_5,10.0,4.0,12,1,0,1,0.79,7.88
2026-06-02 12:15:00,Counter_1,5.0,4.0,12,1,0,1,1.19,5.93
2026-06-02 12:15:00,Counter_2,8.0,4.0,12,1,0,1,1.46,11.74
2026-06-02 12:15:00,Counter_3,11.0,3.0,12,1,0,1,1.02,11.48
2026-06-02 12:15:00,Counter_4,10.0,5.0,12,1,0,1,1.43,14.32
2026-06-02 12:15:00,Counter_5,7.0,5.0,12,1,0,1,0.88,6.05
2026-06-02 12:20:00,Counter_1,12.0,4.0,12,1,0,1,1.31,15.48
2026-06-02 12:20:00,Counter_2,8.0,5.0,12,1,0,1,1.32,10.54
2026-06-02 12:20:00,Counter_3,6.0,4.0,12,1,0,1,1.37,7.98
2026-06-02 12:20:00,Counter_4,11.0,4.0,12,1,0,1,1.0,11.07
2026-06-02 12:20:00,Counter_5,10.0,4.0,12,1,0,1,0.86,8.69
2026-06-02 12:25:00,Counter_1,9.0,3.0,12,1,0,1,1.43,13.11
2026-06-02 12:25:00,Counter_2,10.0,5.0,12,1,0,1,0.87,8.66
2026-06-02 12:25:00,Counter_3,6.0,5.0,12,1,0,1,1.06,6.57
2026-06-02 12:25:00,Counter_4,6.0,5.0,12,1,0,1,1.6,9.92
2026-06-02 12:25:00,Counter_5,10.0,4.0,12,1,0,1,1.29,12.91
2026-06-02 12:30:00,Counter_1,5.0,5.0,12,1,0,1,1.34,7.15
2026-06-02 12:30:00,Counter_2,9.0,,12,1,0,1,1.41,12.98
2026-06-02 12:30:00,Counter_3,8.0,4.0,12,1,0,1,1.4,11.1
2026-06-02 12:30:00,Counter_4,7.0,5.0,12,1,0,1,1.24,9.27
2026-06-02 12:30:00,Counter_5,12.0,4.0,12,1,0,1,,12.23
2026-06-02 12:35:00,Counter_1,12.0,4.0,12,1,0,1,1.92,23.32
2026-06-02 12:35:00,Counter_2,13.0,3.0,12,1,0,1,1.18,15.47
2026-06-02 12:35:00,Counter_3,7.0,5.0,12,1,0,1,1.33,9.37
2026-06-02 12:35:00,Counter_4,11.0,3.0,12,1,0,1,1.36,15.22
2026-06-02 12:35:00,Counter_5,13.0,3.0,12,1,0,1,1.12,14.59
2026-06-02 12:40:00,Counter_1,11.0,3.0,12,1,0,1,1.14,12.52
2026-06-02 12:40:00,Counter_2,6.0,4.0,12,1,0,1,1.62,9.71
2026-06-02 12:40:00,Counter_3,17.0,3.0,12,1,0,1,1.07,17.96
2026-06-02 12:40:00,Counter_4,8.0,5.0,12,1,0,1,1.35,11.01
2026-06-02 12:40:00,Counter_5,11.0,4.0,12,1,0,1,1.47,16.04
2026-06-02 12:45:00,Counter_1,8.0,5.0,12,1,0,1,1.2,9.64
2026-06-02 12:45:00,Counter_2,12.0,3.0,12,1,0,1,1.23,14.76
2026-06-02 12:45:00,Counter_3,13.0,3.0,12,1,0,1,1.49,19.49
2026-06-02 12:45:00,Counter_4,10.0,5.0,12,1,0,1,1.22,12.2
2026-06-02 12:45:00,Counter_5,7.0,4.0,12,1,0,1,0.73,5.06
2026-06-02 12:50:00,Counter_1,13.0,3.0,12,1,0,1,1.63,21.27
2026-06-02 12:50:00,Counter_2,7.0,5.0,12,1,0,1,1.01,7.14
2026-06-02 12:50:00,Counter_3,12.0,3.0,12,1,0,1,1.3,15.39
2026-06-02 12:50:00,Counter_4,18.0,3.0,12,1,0,1,0.92,16.54
2026-06-02 12:50:00,Counter_5,7.0,4.0,12,1,0,1,1.12,8.09
2026-06-02 12:55:00,Counter_1,8.0,3.0,12,1,0,1,1.14,9.61
2026-06-02 12:55:00,Counter_2,9.0,3.0,12,1,0,1,1.29,11.27
2026-06-02 12:55:00,Counter_3,6.0,5.0,12,1,0,1,1.03,6.35
2026-06-02 12:55:00,Counter_4,14.0,3.0,12,1,0,1,1.75,24.52
2026-06-02 12:55:00,Counter_5,9.0,3.0,12,1,0,1,1.26,11.22
2026-06-02 13:00:00,Counter_1,7.0,5.0,13,1,0,1,1.47,10.2
2026-06-02 13:00:00,Counter_2,9.0,4.0,13,1,0,1,1.25,11.06
2026-06-02 13:00:00,Counter_3,10.0,3.0,13,1,0,1,1.5,14.73
2026-06-02 13:00:00,Counter_4,8.0,4.0,13,1,0,1,0.72,5.84
2026-06-02 13:00:00,Counter_5,9.0,3.0,13,1,0,1,1.07,9.99
2026-06-02 13:05:00,Counter_1,9.0,4.0,13,1,0,1,1.12,10.15
2026-06-02 13:05:00,Counter_2,9.0,4.0,13,1,0,1,1.12,10.11
2026-06-02 13:05:00,Counter_3,8.0,5.0,13,1,0,1,1.38,10.92
2026-06-02 13:05:00,Counter_4,8.0,4.0,13,1,0,1,1.4,11.01
2026-06-02 13:05:00,Counter_5,9.0,5.0,13,1,0,1,1.23,11.07
2026-06-02 13:10:00,Counter_1,11.0,3.0,13,1,0,1,1.24,13.43
2026-06-02 13:10:00,Counter_2,11.0,4.0,13,1,0,1,1.86,20.68
2026-06-02 13:10:00,Counter_3,11.0,3.0,13,1,0,1,1.33,14.51
2026-06-02 13:10:00,Counter_4,12.0,4.0,13,1,0,1,0.69,8.11
2026-06-02 13:10:00,Counter_5,11.0,4.0,13,1,0,1,1.44,16.29
2026-06-02 13:15:00,Counter_1,11.0,5.0,13,1,0,1,1.39,15.55
2026-06-02 13:15:00,Counter_2,7.0,5.0,13,1,0,1,,10.54
2026-06-02 13:15:00,Counter_3,8.0,4.0,13,1,0,1,1.4,11.02
2026-06-02 13:15:00,Counter_4,10.0,3.0,13,1,0,1,1.02,10.16
2026-06-02 13:15:00,Counter_5,6.0,4.0,13,1,0,1,1.47,8.79
2026-06-02 13:20:00,Counter_1,7.0,5.0,13,1,0,1,1.27,8.8
2026-06-02 13:20:00,Counter_2,10.0,3.0,13,1,0,1,1.51,15.37
2026-06-02 13:20:00,Counter_3,11.0,4.0,13,1,0,1,1.64,18.08
2026-06-02 13:20:00,Counter_4,7.0,3.0,13,1,0,1,1.22,8.53
2026-06-02 13:20:00,Counter_5,12.0,3.0,13,1,0,1,1.47,17.52
2026-06-02 13:25:00,Counter_1,5.0,3.0,13,1,0,1,1.51,7.34
2026-06-02 13:25:00,Counter_2,7.0,5.0,13,1,0,1,1.29,8.91
2026-06-02 13:25:00,Counter_3,12.0,3.0,13,1,0,1,1.74,20.7
2026-06-02 13:25:00,Counter_4,14.0,3.0,13,1,0,1,1.51,20.89
2026-06-02 13:25:00,Counter_5,5.0,5.0,13,1,0,1,1.1,5.72
2026-06-02 13:30:00,Counter_1,9.0,4.0,13,1,0,1,1.32,12.07
2026-06-02 13:30:00,Counter_2,9.0,5.0,13,1,0,1,1.47,13.16
2026-06-02 13:30:00,Counter_3,9.0,4.0,13,1,0,1,1.73,15.83
2026-06-02 13:30:00,Counter_4,10.0,4.0,13,1,0,1,1.41,14.22
2026-06-02 13:30:00,Counter_5,16.0,3.0,13,1,0,1,1.32,20.9
2026-06-02 13:35:00,Counter_1,10.0,4.0,13,1,0,1,1.57,15.41
2026-06-02 13:35:00,Counter_2,7.0,4.0,13,1,0,1,1.2,8.46
2026-06-02 13:35:00,Counter_3,9.0,4.0,13,1,0,1,1.0,9.1
2026-06-02 13:35:00,Counter_4,7.0,4.0,13,1,0,1,1.43,9.75
2026-06-02 13:35:00,Counter_5,7.0,5.0,13,1,0,1,1.16,8.01
2026-06-02 13:40:00,Counter_1,,4.0,13,1,0,1,1.93,23.33
2026-06-02 13:40:00,Counter_2,11.0,4.0,13,1,0,1,1.31,14.72
2026-06-02 13:40:00,Counter_3,14.0,3.0,13,1,0,1,1.43,20.04
2026-06-02 13:40:00,Counter_4,5.0,5.0,13,1,0,1,1.09,5.46
2026-06-02 13:40:00,Counter_5,12.0,4.0,13,1,0,1,1.57,18.75
2026-06-02 13:45:00,Counter_1,10.0,4.0,13,1,0,1,1.24,12.7
2026-06-02 13:45:00,Counter_2,10.0,4.0,13,1,0,1,1.22,12.31
2026-06-02 13:45:00,Counter_3,5.0,5.0,13,1,0,1,1.22,5.93
2026-06-02 13:45:00,Counter_4,6.0,5.0,13,1,0,1,0.93,5.74
2026-06-02 13:45:00,Counter_5,10.0,3.0,13,1,0,1,1.19,11.76
2026-06-02 13:50:00,Counter_1,7.0,5.0,13,1,0,1,1.39,9.54
2026-06-02 13:50:00,Counter_2,9.0,3.0,13,1,0,1,0.86,7.65
2026-06-02 13:50:00,Counter_3,11.0,3.0,13,1,0,1,1.51,16.44
2026-06-02 13:50:00,Counter_4,11.0,5.0,13,1,0,1,,12.8
2026-06-02 13:50:00,Counter_5,13.0,3.0,13,1,0,1,1.31,16.75
2026-06-02 13:55:00,Counter_1,17.0,3.0,13,1,0,1,0.69,11.59
2026-06-02 13:55:00,Counter_2,12.0,4.0,13,1,0,1,1.31,15.61
2026-06-02 13:55:00,Counter_3,7.0,5.0,13,1,0,1,0.99,6.66
2026-06-02 13:55:00,Counter_4,15.0,3.0,13,1,0,1,1.16,17.51
2026-06-02 13:55:00,Counter_5,12.0,3.0,13,1,0,1,0.86,9.97
2026-06-02 14:00:00,Counter_1,11.0,1.0,14,1,0,1,1.03,11.25
2026-06-02 14:00:00,Counter_2,9.0,1.0,14,1,0,1,1.21,11.02
2026-06-02 14:00:00,Counter_3,7.0,2.0,14,1,0,1,1.18,8.49
2026-06-02 14:00:00,Counter_4,5.0,2.0,14,1,0,1,1.47,7.24
2026-06-02 14:00:00,Counter_5,,2.0,14,1,0,1,0.78,4.1
2026-06-02 14:05:00,Counter_1,12.0,1.0,14,1,0,1,1.24,14.81
2026-06-02 14:05:00,Counter_2,12.0,1.0,14,1,0,1,1.23,15.21
2026-06-02 14:05:00,Counter_3,12.0,1.0,14,1,0,1,1.14,13.39
2026-06-02 14:05:00,Counter_4,4.0,2.0,14,1,0,1,1.02,3.88
2026-06-02 14:05:00,Counter_5,4.0,2.0,14,1,0,1,1.53,6.15
2026-06-02 14:10:00,Counter_1,7.0,2.0,14,1,0,1,1.76,12.07
2026-06-02 14:10:00,Counter_2,8.0,2.0,14,1,0,1,0.82,6.42
2026-06-02 14:10:00,Counter_3,8.0,2.0,14,1,0,1,1.02,8.25
2026-06-02 14:10:00,Counter_4,5.0,2.0,14,1,0,1,1.0,5.04
2026-06-02 14:10:00,Counter_5,9.0,2.0,14,1,0,1,1.18,10.61
2026-06-02 14:15:00,Counter_1,4.0,2.0,14,1,0,1,1.56,6.24
2026-06-02 14:15:00,Counter_2,5.0,,14,1,0,1,1.38,6.41
2026-06-02 14:15:00,Counter_3,12.0,1.0,14,1,0,1,1.21,14.55
2026-06-02 14:15:00,Counter_4,11.0,1.0,14,1,0,1,1.25,13.62
2026-06-02 14:15:00,Counter_5,5.0,2.0,14,1,0,1,1.17,5.78
2026-06-02 14:20:00,Counter_1,7.0,2.0,14,1,0,1,1.43,9.69
2026-06-02 14:20:00,Counter_2,3.0,2.0,14,1,0,1,1.47,4.54
2026-06-02 14:20:00,Counter_3,8.0,2.0,14,1,0,1,1.4,11.31
2026-06-02 14:20:00,Counter_4,13.0,1.0,14,1,0,1,0.7,8.87
2026-06-02 14:20:00,Counter_5,4.0,2.0,14,1,0,1,1.25,5.04
2026-06-02 14:25:00,Counter_1,6.0,2.0,14,1,0,1,1.2,7.53
2026-06-02 14:25:00,Counter_2,10.0,1.0,14,1,0,1,1.5,15.03
2026-06-02 14:25:00,Counter_3,11.0,1.0,14,1,0,1,1.31,14.01
2026-06-02 14:25:00,Counter_4,7.0,2.0,14,1,0,1,1.39,9.62
2026-06-02 14:25:00,Counter_5,11.0,1.0,14,1,0,1,1.13,12.46
2026-06-02 14:30:00,Counter_1,20.0,1.0,14,1,0,1,1.48,30.02
2026-06-02 14:30:00,Counter_2,13.0,1.0,14,1,0,1,1.56,20.04
2026-06-02 14:30:00,Counter_3,3.0,2.0,14,1,0,1,0.84,2.49
2026-06-02 14:30:00,Counter_4,5.0,2.0,14,1,0,1,0.93,4.44
2026-06-02 14:30:00,Counter_5,3.0,2.0,14,1,0,1,1.44,4.5
2026-06-02 14:35:00,Counter_1,11.0,2.0,14,1,0,1,1.21,13.24
2026-06-02 14:35:00,Counter_2,10.0,2.0,14,1,0,1,1.51,14.55
2026-06-02 14:35:00,Counter_3,12.0,1.0,14,1,0,1,1.31,15.64
2026-06-02 14:35:00,Counter_4,14.0,1.0,14,1,0,1,1.42,19.86
2026-06-02 14:35:00,Counter_5,14.0,1.0,14,1,0,1,1.06,14.92
2026-06-02 14:40:00,Counter_1,8.0,1.0,14,1,0,1,1.33,10.68
2026-06-02 14:40:00,Counter_2,9.0,1.0,14,1,0,1,1.34,12.19
2026-06-02 14:40:00,Counter_3,10.0,1.0,14,1,0,1,1.08,10.78
2026-06-02 14:40:00,Counter_4,10.0,1.0,14,1,0,1,1.5,15.02
2026-06-02 14:40:00,Counter_5,5.0,2.0,14,1,0,1,0.78,3.9
2026-06-02 14:45:00,Counter_1,13.0,1.0,14,1,0,1,1.3,16.82
2026-06-02 14:45:00,Counter_2,6.0,2.0,14,1,0,1,,5.69
2026-06-02 14:45:00,Counter_3,8.0,2.0,14,1,0,1,0.99,8.09
2026-06-02 14:45:00,Counter_4,12.0,1.0,14,1,0,1,1.5,17.99
2026-06-02 14:45:00,Counter_5,5.0,2.0,14,1,0,1,0.98,4.8
2026-06-02 14:50:00,Counter_1,4.0,2.0,14,1,0,1,0.96,3.62
2026-06-02 14:50:00,Counter_2,10.0,1.0,14,1,0,1,1.4,14.07
2026-06-02 14:50:00,Counter_3,6.0,1.0,14,1,0,1,0.97,5.62
2026-06-02 14:50:00,Counter_4,4.0,2.0,14,1,0,1,1.5,6.03
2026-06-02 14:50:00,Counter_5,4.0,2.0,14,1,0,1,1.41,5.67
2026-06-02 14:55:00,Counter_1,7.0,2.0,14,1,0,1,1.06,7.63
2026-06-02 14:55:00,Counter_2,16.0,1.0,14,1,0,1,1.5,24.28
2026-06-02 14:55:00,Counter_3,8.0,2.0,14,1,0,1,0.77,5.55
2026-06-02 14:55:00,Counter_4,7.0,2.0,14,1,0,1,1.37,9.55
2026-06-02 14:55:00,Counter_5,4.0,2.0,14,1,0,1,0.94,3.34
2026-06-02 15:00:00,Counter_1,4.0,2.0,15,1,0,1,1.12,4.71
2026-06-02 15:00:00,Counter_2,5.0,1.0,15,1,0,1,1.14,5.7
2026-06-02 15:00:00,Counter_3,5.0,1.0,15,1,0,1,1.57,8.08
2026-06-02 15:00:00,Counter_4,15.0,1.0,15,1,0,1,1.12,16.85
2026-06-02 15:00:00,Counter_5,5.0,2.0,15,1,0,1,1.23,5.88
2026-06-02 15:05:00,Counter_1,15.0,1.0,15,1,0,1,1.14,16.91
2026-06-02 15:05:00,Counter_2,7.0,2.0,15,1,0,1,1.0,6.97
2026-06-02 15:05:00,Counter_3,5.0,2.0,15,1,0,1,0.99,5.06
2026-06-02 15:05:00,Counter_4,2.0,1.0,15,1,0,1,1.33,2.67
2026-06-02 15:05:00,Counter_5,5.0,2.0,15,1,0,1,1.24,6.24
2026-06-02 15:10:00,Counter_1,8.0,2.0,15,1,0,1,1.44,11.45
2026-06-02 15:10:00,Counter_2,6.0,2.0,15,1,0,1,1.19,7.37
2026-06-02 15:10:00,Counter_3,6.0,2.0,15,1,0,1,1.2,7.23
2026-06-02 15:10:00,Counter_4,7.0,2.0,15,1,0,1,1.44,10.09
2026-06-02 15:10:00,Counter_5,9.0,1.0,15,1,0,1,,10.5
2026-06-02 15:15:00,Counter_1,4.0,2.0,15,1,0,1,0.89,3.48
2026-06-02 15:15:00,Counter_2,10.0,2.0,15,1,0,1,1.46,14.53
2026-06-02 15:15:00,Counter_3,7.0,2.0,15,1,0,1,1.08,7.66
2026-06-02 15:15:00,Counter_4,,2.0,15,1,0,1,1.27,6.51
2026-06-02 15:15:00,Counter_5,14.0,1.0,15,1,0,1,1.09,15.44
2026-06-02 15:20:00,Counter_1,20.0,1.0,15,1,0,1,1.01,20.16
2026-06-02 15:20:00,Counter_2,5.0,2.0,15,1,0,1,0.78,3.92
2026-06-02 15:20:00,Counter_3,13.0,,15,1,0,1,1.33,17.17
2026-06-02 15:20:00,Counter_4,5.0,2.0,15,1,0,1,0.6,3.16
2026-06-02 15:20:00,Counter_5,12.0,1.0,15,1,0,1,1.57,18.65
2026-06-02 15:25:00,Counter_1,7.0,2.0,15,1,0,1,1.51,10.61
2026-06-02 15:25:00,Counter_2,9.0,2.0,15,1,0,1,1.02,9.36
2026-06-02 15:25:00,Counter_3,5.0,2.0,15,1,0,1,1.65,8.28
2026-06-02 15:25:00,Counter_4,9.0,2.0,15,1,0,1,1.77,15.99
2026-06-02 15:25:00,Counter_5,7.0,,15,1,0,1,1.18,8.21
2026-06-02 15:30:00,Counter_1,17.0,1.0,15,1,0,1,1.35,22.58
2026-06-02 15:30:00,Counter_2,8.0,1.0,15,1,0,1,1.28,10.11
2026-06-02 15:30:00,Counter_3,1.0,,15,1,0,1,1.63,1.64
2026-06-02 15:30:00,Counter_4,8.0,2.0,15,1,0,1,0.9,7.06
2026-06-02 15:30:00,Counter_5,15.0,1.0,15,1,0,1,1.19,17.95
2026-06-02 15:35:00,Counter_1,14.0,1.0,15,1,0,1,1.48,20.43
2026-06-02 15:35:00,Counter_2,13.0,1.0,15,1,0,1,1.45,18.46
2026-06-02 15:35:00,Counter_3,4.0,2.0,15,1,0,1,1.24,5.1
2026-06-02 15:35:00,Counter_4,8.0,1.0,15,1,0,1,1.6,12.74
2026-06-02 15:35:00,Counter_5,2.0,1.0,15,1,0,1,1.31,2.69
2026-06-02 15:40:00,Counter_1,15.0,1.0,15,1,0,1,1.28,19.1
2026-06-02 15:40:00,Counter_2,3.0,2.0,15,1,0,1,1.42,4.37
2026-06-02 15:40:00,Counter_3,7.0,2.0,15,1,0,1,1.23,8.88
2026-06-02 15:40:00,Counter_4,6.0,1.0,15,1,0,1,1.26,7.85
2026-06-02 15:40:00,Counter_5,14.0,1.0,15,1,0,1,1.05,14.57
2026-06-02 15:45:00,Counter_1,5.0,2.0,15,1,0,1,1.98,9.82
2026-06-02 15:45:00,Counter_2,14.0,1.0,15,1,0,1,1.13,15.85
2026-06-02 15:45:00,Counter_3,9.0,1.0,15,1,0,1,1.43,13.24
2026-06-02 15:45:00,Counter_4,8.0,2.0,15,1,0,1,1.73,13.61
2026-06-02 15:45:00,Counter_5,5.0,2.0,15,1,0,1,0.91,4.32
2026-06-02 15:50:00,Counter_1,4.0,2.0,15,1,0,1,1.4,5.77
2026-06-02 15:50:00,Counter_2,5.0,2.0,15,1,0,1,1.26,6.17
2026-06-02 15:50:00,Counter_3,11.0,1.0,15,1,0,1,1.7,18.83
2026-06-02 15:50:00,Counter_4,0.0,2.0,15,1,0,1,1.02,0.14
2026-06-02 15:50:00,Counter_5,12.0,1.0,15,1,0,1,1.06,12.79
2026-06-02 15:55:00,Counter_1,10.0,1.0,15,1,0,1,1.24,12.3
2026-06-02 15:55:00,Counter_2,9.0,1.0,15,1,0,1,1.13,9.97
2026-06-02 15:55:00,Counter_3,7.0,2.0,15,1,0,1,1.14,8.01
2026-06-02 15:55:00,Counter_4,7.0,2.0,15,1,0,1,1.76,12.08
2026-06-02 15:55:00,Counter_5,20.0,1.0,15,1,0,1,1.28,25.69
2026-06-02 16:00:00,Counter_1,8.0,1.0,16,1,0,1,1.05,8.35
2026-06-02 16:00:00,Counter_2,3.0,2.0,16,1,0,1,1.15,3.18
2026-06-02 16:00:00,Counter_3,,2.0,16,1,0,1,1.35,6.81
2026-06-02 16:00:00,Counter_4,7.0,2.0,16,1,0,1,1.33,9.37
2026-06-02 16:00:00,Counter_5,10.0,1.0,16,1,0,1,1.11,10.63
2026-06-02 16:05:00,Counter_1,6.0,2.0,16,1,0,1,0.84,5.03
2026-06-02 16:05:00,Counter_2,11.0,2.0,16,1,0,1,1.24,13.64
2026-06-02 16:05:00,Counter_3,6.0,2.0,16,1,0,1,1.23,7.4
2026-06-02 16:05:00,Counter_4,10.0,1.0,16,1,0,1,1.09,10.54
2026-06-02 16:05:00,Counter_5,0.0,2.0,16,1,0,1,1.57,0.14
2026-06-02 16:10:00,Counter_1,8.0,1.0,16,1,0,1,1.39,11.22
2026-06-02 16:10:00,Counter_2,4.0,2.0,16,1,0,1,1.28,4.93
2026-06-02 16:10:00,Counter_3,12.0,1.0,16,1,0,1,1.16,13.64
2026-06-02 16:10:00,Counter_4,7.0,2.0,16,1,0,1,1.68,11.56
2026-06-02 16:10:00,Counter_5,20.0,1.0,16,1,0,1,0.96,19.23
2026-06-02 16:15:00,Counter_1,2.0,2.0,16,1,0,1,1.13,2.01
2026-06-02 16:15:00,Counter_2,5.0,2.0,16,1,0,1,1.14,5.43
2026-06-02 16:15:00,Counter_3,4.0,2.0,16,1,0,1,1.32,5.7
2026-06-02 16:15:00,Counter_4,6.0,2.0,16,1,0,1,1.42,8.52
2026-06-02 16:15:00,Counter_5,10.0,1.0,16,1,0,1,0.92,9.14
2026-06-02 16:20:00,Counter_1,18.0,1.0,16,1,0,1,1.08,19.31
2026-06-02 16:20:00,Counter_2,4.0,2.0,16,1,0,1,1.36,5.36
2026-06-02 16:20:00,Counter_3,7.0,2.0,16,1,0,1,1.08,7.92
2026-06-02 16:20:00,Counter_4,19.0,,16,1,0,1,1.15,22.01
2026-06-02 16:20:00,Counter_5,6.0,2.0,16,1,0,1,1.29,8.22
2026-06-02 16:25:00,Counter_1,20.0,1.0,16,1,0,1,1.01,20.28
2026-06-02 16:25:00,Counter_2,4.0,2.0,16,1,0,1,1.32,5.09
2026-06-02 16:25:00,Counter_3,9.0,1.0,16,1,0,1,1.4,12.65
2026-06-02 16:25:00,Counter_4,13.0,1.0,16,1,0,1,1.26,16.49
2026-06-02 16:25:00,Counter_5,19.0,1.0,16,1,0,1,1.61,30.71
2026-06-02 16:30:00,Counter_1,7.0,2.0,16,1,0,1,1.43,9.92
2026-06-02 16:30:00,Counter_2,7.0,1.0,16,1,0,1,1.24,9.04
2026-06-02 16:30:00,Counter_3,7.0,2.0,16,1,0,1,1.17,7.94
2026-06-02 16:30:00,Counter_4,11.0,1.0,16,1,0,1,1.69,18.66
2026-06-02 16:30:00,Counter_5,15.0,1.0,16,1,0,1,1.08,16.14
2026-06-02 16:35:00,Counter_1,4.0,2.0,16,1,0,1,1.18,4.56
2026-06-02 16:35:00,Counter_2,4.0,2.0,16,1,0,1,1.15,4.65
2026-06-02 16:35:00,Counter_3,6.0,2.0,16,1,0,1,1.35,8.35
2026-06-02 16:35:00,Counter_4,5.0,2.0,16,1,0,1,1.81,9.13
2026-06-02 16:35:00,Counter_5,8.0,1.0,16,1,0,1,1.31,10.53
2026-06-02 16:40:00,Counter_1,9.0,1.0,16,1,0,1,1.17,10.13
2026-06-02 16:40:00,Counter_2,6.0,1.0,16,1,0,1,1.3,7.98
2026-06-02 16:40:00,Counter_3,9.0,2.0,16,1,0,1,0.92,8.2
2026-06-02 16:40:00,Counter_4,9.0,2.0,16,1,0,1,1.2,10.91
2026-06-02 16:40:00,Counter_5,17.0,1.0,16,1,0,1,1.68,28.74
2026-06-02 16:45:00,Counter_1,13.0,1.0,16,1,0,1,1.42,18.5
2026-06-02 16:45:00,Counter_2,8.0,1.0,16,1,0,1,1.56,12.08
2026-06-02 16:45:00,Counter_3,7.0,1.0,16,1,0,1,1.5,10.78
2026-06-02 16:45:00,Counter_4,4.0,2.0,16,1,0,1,1.07,4.64
2026-06-02 16:45:00,Counter_5,11.0,1.0,16,1,0,1,1.73,19.19
2026-06-02 16:50:00,Counter_1,11.0,1.0,16,1,0,1,0.81,8.76
2026-06-02 16:50:00,Counter_2,12.0,1.0,16,1,0,1,1.33,16.21
2026-06-02 16:50:00,Counter_3,8.0,2.0,16,1,0,1,0.74,5.86
2026-06-02 16:50:00,Counter_4,5.0,2.0,16,1,0,1,0.82,4.09
2026-06-02 16:50:00,Counter_5,8.0,2.0,16,1,0,1,1.48,12.08
2026-06-02 16:55:00,Counter_1,2.0,2.0,16,1,0,1,1.08,2.29
2026-06-02 16:55:00,Counter_2,12.0,1.0,16,1,0,1,1.56,18.25
2026-06-02 16:55:00,Counter_3,9.0,1.0,16,1,0,1,0.71,6.43
2026-06-02 16:55:00,Counter_4,5.0,2.0,16,1,0,1,1.23,6.39
2026-06-02 16:55:00,Counter_5,13.0,1.0,16,1,0,1,0.95,12.08
2026-06-02 17:00:00,Counter_1,16.0,3.0,17,1,0,1,1.37,22.12
2026-06-02 17:00:00,Counter_2,15.0,3.0,17,1,0,1,1.84,27.27
2026-06-02 17:00:00,Counter_3,16.0,3.0,17,1,0,1,1.9,30.36
2026-06-02 17:00:00,Counter_4,8.0,5.0,17,1,0,1,1.58,12.75
2026-06-02 17:00:00,Counter_5,10.0,3.0,17,1,0,1,1.05,10.45
2026-06-02 17:05:00,Counter_1,12.0,4.0,17,1,0,1,1.15,14.04
2026-06-02 17:05:00,Counter_2,10.0,5.0,17,1,0,1,1.49,14.62
2026-06-02 17:05:00,Counter_3,12.0,4.0,17,1,0,1,1.25,15.16
2026-06-02 17:05:00,Counter_4,16.0,3.0,17,1,0,1,1.61,25.77
2026-06-02 17:05:00,Counter_5,11.0,4.0,17,1,0,1,1.87,20.4
2026-06-02 17:10:00,Counter_1,7.0,5.0,17,1,0,1,1.2,8.49
2026-06-02 17:10:00,Counter_2,9.0,4.0,17,1,0,1,1.23,11.06
2026-06-02 17:10:00,Counter_3,10.0,4.0,17,1,0,1,1.15,11.8
2026-06-02 17:10:00,Counter_4,13.0,3.0,17,1,0,1,1.39,18.19
2026-06-02 17:10:00,Counter_5,11.0,4.0,17,1,0,1,1.46,16.14
2026-06-02 17:15:00,Counter_1,14.0,3.0,17,1,0,1,1.46,20.31
2026-06-02 17:15:00,Counter_2,10.0,5.0,17,1,0,1,1.67,16.73
2026-06-02 17:15:00,Counter_3,13.0,4.0,17,1,0,1,1.55,20.03
2026-06-02 17:15:00,Counter_4,8.0,4.0,17,1,0,1,1.44,11.51
2026-06-02 17:15:00,Counter_5,10.0,5.0,17,1,0,1,1.46,14.85
2026-06-02 17:20:00,Counter_1,12.0,3.0,17,1,0,1,1.47,17.58
2026-06-02 17:20:00,Counter_2,8.0,5.0,17,1,0,1,1.44,11.23
2026-06-02 17:20:00,Counter_3,15.0,4.0,17,1,0,1,1.28,19.3
2026-06-02 17:20:00,Counter_4,14.0,4.0,17,1,0,1,1.15,16.26
2026-06-02 17:20:00,Counter_5,17.0,3.0,17,1,0,1,1.49,25.65
2026-06-02 17:25:00,Counter_1,13.0,4.0,17,1,0,1,1.33,17.46
2026-06-02 17:25:00,Counter_2,10.0,4.0,17,1,0,1,1.58,15.75
2026-06-02 17:25:00,Counter_3,11.0,4.0,17,1,0,1,1.47,16.22
2026-06-02 17:25:00,Counter_4,12.0,4.0,17,1,0,1,1.45,17.48
2026-06-02 17:25:00,Counter_5,18.0,3.0,17,1,0,1,1.7,30.69
2026-06-02 17:30:00,Counter_1,12.0,4.0,17,1,0,1,,12.71
2026-06-02 17:30:00,Counter_2,14.0,4.0,17,1,0,1,1.89,26.35
2026-06-02 17:30:00,Counter_3,12.0,4.0,17,1,0,1,0.9,10.9
2026-06-02 17:30:00,Counter_4,10.0,4.0,17,1,0,1,1.81,18.32
2026-06-02 17:30:00,Counter_5,13.0,3.0,17,1,0,1,1.5,19.37
2026-06-02 17:35:00,Counter_1,17.0,3.0,17,1,0,1,1.32,22.36
2026-06-02 17:35:00,Counter_2,12.0,4.0,17,1,0,1,1.08,12.91
2026-06-02 17:35:00,Counter_3,15.0,4.0,17,1,0,1,1.3,19.47
2026-06-02 17:35:00,Counter_4,,4.0,17,1,0,1,1.41,14.27
2026-06-02 17:35:00,Counter_5,9.0,5.0,17,1,0,1,1.5,13.35
2026-06-02 17:40:00,Counter_1,11.0,5.0,17,1,0,1,1.81,20.08
2026-06-02 17:40:00,Counter_2,19.0,3.0,17,1,0,1,1.47,28.21
2026-06-02 17:40:00,Counter_3,15.0,4.0,17,1,0,1,1.53,22.87
2026-06-02 17:40:00,Counter_4,13.0,4.0,17,1,0,1,1.54,19.93
2026-06-02 17:40:00,Counter_5,14.0,4.0,17,1,0,1,1.37,19.21
2026-06-02 17:45:00,Counter_1,10.0,5.0,17,1,0,1,1.4,13.88
2026-06-02 17:45:00,Counter_2,10.0,4.0,17,1,0,1,1.42,14.18
2026-06-02 17:45:00,Counter_3,11.0,5.0,17,1,0,1,1.61,17.42
2026-06-02 17:45:00,Counter_4,12.0,5.0,17,1,0,1,1.22,14.81
2026-06-02 17:45:00,Counter_5,15.0,3.0,17,1,0,1,1.32,20.13
2026-06-02 17:50:00,Counter_1,16.0,3.0,17,1,0,1,,24.51
2026-06-02 17:50:00,Counter_2,12.0,4.0,17,1,0,1,1.18,13.83
2026-06-02 17:50:00,Counter_3,10.0,3.0,17,1,0,1,1.48,14.98
2026-06-02 17:50:00,Counter_4,15.0,3.0,17,1,0,1,1.31,19.57
2026-06-02 17:50:00,Counter_5,6.0,5.0,17,1,0,1,1.58,9.35
2026-06-02 17:55:00,Counter_1,9.0,5.0,17,1,0,1,1.79,16.09
2026-06-02 17:55:00,Counter_2,13.0,4.0,17,1,0,1,1.31,16.79
2026-06-02 17:55:00,Counter_3,8.0,5.0,17,1,0,1,1.64,13.22
2026-06-02 17:55:00,Counter_4,17.0,3.0,17,1,0,1,1.5,25.25
2026-06-02 17:55:00,Counter_5,12.0,4.0,17,1,0,1,1.35,15.96
2026-06-02 18:00:00,Counter_1,17.0,3.0,18,1,0,1,1.45,24.41
2026-06-02 18:00:00,Counter_2,16.0,4.0,18,1,0,1,1.77,28.35
2026-06-02 18:00:00,Counter_3,13.0,,18,1,0,1,1.41,17.97
2026-06-02 18:00:00,Counter_4,9.0,4.0,18,1,0,1,1.78,16.44
2026-06-02 18:00:00,Counter_5,14.0,3.0,18,1,0,1,1.42,19.8
2026-06-02 18:05:00,Counter_1,16.0,3.0,18,1,0,1,1.1,17.18
2026-06-02 18:05:00,Counter_2,18.0,4.0,18,1,0,1,1.41,25.17
2026-06-02 18:05:00,Counter_3,15.0,4.0,18,1,0,1,1.08,16.32
2026-06-02 18:05:00,Counter_4,13.0,4.0,18,1,0,1,1.37,18.08
2026-06-02 18:05:00,Counter_5,14.0,3.0,18,1,0,1,1.36,19.07
2026-06-02 18:10:00,Counter_1,8.0,5.0,18,1,0,1,1.9,15.22
2026-06-02 18:10:00,Counter_2,16.0,3.0,18,1,0,1,1.85,29.29
2026-06-02 18:10:00,Counter_3,10.0,5.0,18,1,0,1,1.47,15.0
2026-06-02 18:10:00,Counter_4,13.0,3.0,18,1,0,1,1.75,22.86
2026-06-02 18:10:00,Counter_5,8.0,4.0,18,1,0,1,1.35,10.86
2026-06-02 18:15:00,Counter_1,9.0,4.0,18,1,0,1,1.09,9.81
2026-06-02 18:15:00,Counter_2,12.0,5.0,18,1,0,1,1.58,19.07
2026-06-02 18:15:00,Counter_3,13.0,4.0,18,1,0,1,1.54,19.86
2026-06-02 18:15:00,Counter_4,19.0,3.0,18,1,0,1,1.22,23.37
2026-06-02 18:15:00,Counter_5,7.0,5.0,18,1,0,1,1.23,8.77
2026-06-02 18:20:00,Counter_1,9.0,4.0,18,1,0,1,1.68,15.1
2026-06-02 18:20:00,Counter_2,9.0,5.0,18,1,0,1,1.03,9.22
2026-06-02 18:20:00,Counter_3,10.0,5.0,18,1,0,1,1.59,15.47
2026-06-02 18:20:00,Counter_4,13.0,4.0,18,1,0,1,1.37,17.46
2026-06-02 18:20:00,Counter_5,9.0,5.0,18,1,0,1,1.59,14.42
2026-06-02 18:25:00,Counter_1,13.0,4.0,18,1,0,1,1.7,22.28
2026-06-02 18:25:00,Counter_2,8.0,4.0,18,1,0,1,1.23,10.05
2026-06-02 18:25:00,Counter_3,11.0,4.0,18,1,0,1,1.16,12.49
2026-06-02 18:25:00,Counter_4,12.0,4.0,18,1,0,1,1.82,22.3
2026-06-02 18:25:00,Counter_5,11.0,4.0,18,1,0,1,1.44,16.04
2026-06-02 18:30:00,Counter_1,9.0,5.0,18,1,0,1,1.53,13.66
2026-06-02 18:30:00,Counter_2,15.0,4.0,18,1,0,1,1.68,25.23
2026-06-02 18:30:00,Counter_3,10.0,4.0,18,1,0,1,1.21,11.76
2026-06-02 18:30:00,Counter_4,14.0,4.0,18,1,0,1,1.68,23.4
2026-06-02 18:30:00,Counter_5,14.0,3.0,18,1,0,1,1.61,22.65
2026-06-02 18:35:00,Counter_1,15.0,3.0,18,1,0,1,1.82,27.31
2026-06-02 18:35:00,Counter_2,15.0,3.0,18,1,0,1,1.81,27.5
2026-06-02 18:35:00,Counter_3,13.0,4.0,18,1,0,1,1.47,18.81
2026-06-02 18:35:00,Counter_4,9.0,5.0,18,1,0,1,1.64,14.74
2026-06-02 18:35:00,Counter_5,13.0,4.0,18,1,0,1,1.46,18.75
2026-06-02 18:40:00,Counter_1,10.0,5.0,18,1,0,1,1.49,15.21
2026-06-02 18:40:00,Counter_2,13.0,3.0,18,1,0,1,1.17,15.26
2026-06-02 18:40:00,Counter_3,8.0,5.0,18,1,0,1,1.39,11.12
2026-06-02 18:40:00,Counter_4,14.0,4.0,18,1,0,1,1.0,13.97
2026-06-02 18:40:00,Counter_5,11.0,3.0,18,1,0,1,1.42,15.44
2026-06-02 18:45:00,Counter_1,9.0,5.0,18,1,0,1,1.78,16.26
2026-06-02 18:45:00,Counter_2,10.0,3.0,18,1,0,1,1.64,16.43
2026-06-02 18:45:00,Counter_3,17.0,3.0,18,1,0,1,1.48,25.21
2026-06-02 18:45:00,Counter_4,15.0,4.0,18,1,0,1,1.4,21.12
2026-06-02 18:45:00,Counter_5,6.0,5.0,18,1,0,1,1.31,7.69
2026-06-02 18:50:00,Counter_1,11.0,,18,1,0,1,1.22,13.82
2026-06-02 18:50:00,Counter_2,17.0,3.0,18,1,0,1,1.65,28.36
2026-06-02 18:50:00,Counter_3,15.0,3.0,18,1,0,1,1.07,16.04
2026-06-02 18:50:00,Counter_4,14.0,3.0,18,1,0,1,1.06,14.78
2026-06-02 18:50:00,Counter_5,20.0,3.0,18,1,0,1,1.68,33.73
2026-06-02 18:55:00,Counter_1,10.0,5.0,18,1,0,1,1.5,15.22
2026-06-02 18:55:00,Counter_2,8.0,5.0,18,1,0,1,1.46,12.03
2026-06-02 18:55:00,Counter_3,8.0,5.0,18,1,0,1,1.5,12.13
2026-06-02 18:55:00,Counter_4,11.0,5.0,18,1,0,1,1.95,21.48
2026-06-02 18:55:00,Counter_5,11.0,5.0,18,1,0,1,1.46,16.09
2026-06-02 19:00:00,Counter_1,13.0,5.0,19,1,0,1,1.52,19.38
2026-06-02 19:00:00,Counter_2,11.0,5.0,19,1,0,1,1.96,21.47
2026-06-02 19:00:00,Counter_3,13.0,5.0,19,1,0,1,1.43,18.66
2026-06-02 19:00:00,Counter_4,12.0,4.0,19,1,0,1,1.88,22.11
2026-06-02 19:00:00,Counter_5,12.0,4.0,19,1,0,1,0.92,11.08
2026-06-02 19:05:00,Counter_1,12.0,4.0,19,1,0,1,1.16,13.76
2026-06-02 19:05:00,Counter_2,9.0,4.0,19,1,0,1,1.28,11.84
2026-06-02 19:05:00,Counter_3,13.0,4.0,19,1,0,1,1.6,20.74
2026-06-02 19:05:00,Counter_4,8.0,5.0,19,1,0,1,1.89,15.07
2026-06-02 19:05:00,Counter_5,10.0,4.0,19,1,0,1,1.3,12.97
2026-06-02 19:10:00,Counter_1,14.0,3.0,19,1,0,1,1.69,23.66
2026-06-02 19:10:00,Counter_2,17.0,3.0,19,1,0,1,2.01,34.33
2026-06-02 19:10:00,Counter_3,11.0,5.0,19,1,0,1,1.84,20.17
2026-06-02 19:10:00,Counter_4,11.0,4.0,19,1,0,1,1.35,14.85
2026-06-02 19:10:00,Counter_5,13.0,4.0,19,1,0,1,1.67,21.87
2026-06-02 19:15:00,Counter_1,7.0,5.0,19,1,0,1,1.53,10.71
2026-06-02 19:15:00,Counter_2,17.0,3.0,19,1,0,1,1.29,22.06
2026-06-02 19:15:00,Counter_3,10.0,4.0,19,1,0,1,1.56,15.51
2026-06-02 19:15:00,Counter_4,15.0,3.0,19,1,0,1,1.33,20.02
2026-06-02 19:15:00,Counter_5,11.0,5.0,19,1,0,1,1.48,16.54
2026-06-02 19:20:00,Counter_1,7.0,5.0,19,1,0,1,1.11,7.89
2026-06-02 19:20:00,Counter_2,9.0,4.0,19,1,0,1,1.01,8.72
2026-06-02 19:20:00,Counter_3,11.0,5.0,19,1,0,1,1.38,15.29
2026-06-02 19:20:00,Counter_4,9.0,5.0,19,1,0,1,1.53,13.54
2026-06-02 19:20:00,Counter_5,10.0,5.0,19,1,0,1,1.17,11.52
2026-06-02 19:25:00,Counter_1,11.0,5.0,19,1,0,1,1.58,17.48
2026-06-02 19:25:00,Counter_2,7.0,5.0,19,1,0,1,1.46,10.03
2026-06-02 19:25:00,Counter_3,13.0,4.0,19,1,0,1,1.61,20.71
2026-06-02 19:25:00,Counter_4,11.0,4.0,19,1,0,1,1.69,18.59
2026-06-02 19:25:00,Counter_5,12.0,3.0,19,1,0,1,1.79,21.36
2026-06-02 19:30:00,Counter_1,18.0,3.0,19,1,0,1,1.6,28.47
2026-06-02 19:30:00,Counter_2,10.0,5.0,19,1,0,1,1.38,13.91
2026-06-02 19:30:00,Counter_3,20.0,3.0,19,1,0,1,1.5,30.2
2026-06-02 19:30:00,Counter_4,10.0,4.0,19,1,0,1,2.03,20.48
2026-06-02 19:30:00,Counter_5,14.0,3.0,19,1,0,1,1.7,23.62
2026-06-02 19:35:00,Counter_1,14.0,4.0,19,1,0,1,1.47,20.66
2026-06-02 19:35:00,Counter_2,9.0,4.0,19,1,0,1,1.41,12.59
2026-06-02 19:35:00,Counter_3,9.0,5.0,19,1,0,1,1.3,11.45
2026-06-02 19:35:00,Counter_4,8.0,5.0,19,1,0,1,1.15,9.05
2026-06-02 19:35:00,Counter_5,10.0,5.0,19,1,0,1,1.88,18.24
2026-06-02 19:40:00,Counter_1,14.0,4.0,19,1,0,1,1.57,21.77
2026-06-02 19:40:00,Counter_2,10.0,5.0,19,1,0,1,1.13,11.01
2026-06-02 19:40:00,Counter_3,12.0,4.0,19,1,0,1,1.42,17.08
2026-06-02 19:40:00,Counter_4,11.0,4.0,19,1,0,1,1.77,19.53
2026-06-02 19:40:00,Counter_5,11.0,3.0,19,1,0,1,1.34,14.4
2026-06-02 19:45:00,Counter_1,11.0,5.0,19,1,0,1,1.25,13.92
2026-06-02 19:45:00,Counter_2,18.0,3.0,19,1,0,1,1.54,27.6
2026-06-02 19:45:00,Counter_3,13.0,4.0,19,1,0,1,1.61,20.72
2026-06-02 19:45:00,Counter_4,11.0,5.0,19,1,0,1,1.34,14.38
2026-06-02 19:45:00,Counter_5,11.0,4.0,19,1,0,1,1.3,14.14
2026-06-02 19:50:00,Counter_1,13.0,3.0,19,1,0,1,1.57,20.38
2026-06-02 19:50:00,Counter_2,10.0,4.0,19,1,0,1,1.17,11.9
2026-06-02 19:50:00,Counter_3,7.0,5.0,19,1,0,1,1.32,9.22
2026-06-02 19:50:00,Counter_4,16.0,3.0,19,1,0,1,1.42,22.66
2026-06-02 19:50:00,Counter_5,7.0,5.0,19,1,0,1,1.63,11.53
2026-06-02 19:55:00,Counter_1,9.0,5.0,19,1,0,1,1.34,12.09
2026-06-02 19:55:00,Counter_2,8.0,5.0,19,1,0,1,1.59,12.42
2026-06-02 19:55:00,Counter_3,5.0,4.0,19,1,0,1,1.74,8.61
2026-06-02 19:55:00,Counter_4,14.0,3.0,19,1,0,1,1.32,18.36
2026-06-02 19:55:00,Counter_5,10.0,4.0,19,1,0,1,2.26,22.57
2026-06-02 20:00:00,Counter_1,11.0,4.0,20,1,0,1,1.8,19.7
2026-06-02 20:00:00,Counter_2,10.0,5.0,20,1,0,1,1.52,15.04
2026-06-02 20:00:00,Counter_3,8.0,5.0,20,1,0,1,1.4,11.49
2026-06-02 20:00:00,Counter_4,8.0,5.0,20,1,0,1,1.31,10.47
2026-06-02 20:00:00,Counter_5,8.0,4.0,20,1,0,1,1.87,15.06
2026-06-02 20:05:00,Counter_1,15.0,4.0,20,1,0,1,1.5,22.48
2026-06-02 20:05:00,Counter_2,10.0,3.0,20,1,0,1,1.09,11.06
2026-06-02 20:05:00,Counter_3,13.0,4.0,20,1,0,1,1.02,13.24
2026-06-02 20:05:00,Counter_4,10.0,5.0,20,1,0,1,1.48,14.99
2026-06-02 20:05:00,Counter_5,8.0,4.0,20,1,0,1,1.48,11.27
2026-06-02 20:10:00,Counter_1,12.0,4.0,20,1,0,1,1.22,14.66
2026-06-02 20:10:00,Counter_2,16.0,3.0,20,1,0,1,1.07,17.17
2026-06-02 20:10:00,Counter_3,10.0,3.0,20,1,0,1,0.96,9.66
2026-06-02 20:10:00,Counter_4,12.0,4.0,20,1,0,1,1.26,14.9
2026-06-02 20:10:00,Counter_5,9.0,5.0,20,1,0,1,1.36,12.1
2026-06-02 20:15:00,Counter_1,10.0,3.0,20,1,0,1,1.62,15.99
2026-06-02 20:15:00,Counter_2,18.0,3.0,20,1,0,1,1.42,25.66
2026-06-02 20:15:00,Counter_3,10.0,4.0,20,1,0,1,1.72,17.38
2026-06-02 20:15:00,Counter_4,14.0,3.0,20,1,0,1,1.6,22.07
2026-06-02 20:15:00,Counter_5,14.0,3.0,20,1,0,1,1.58,22.16
2026-06-02 20:20:00,Counter_1,14.0,3.0,20,1,0,1,1.69,23.49
2026-06-02 20:20:00,Counter_2,13.0,4.0,20,1,0,1,1.1,14.65
2026-06-02 20:20:00,Counter_3,15.0,4.0,20,1,0,1,1.32,19.91
2026-06-02 20:20:00,Counter_4,10.0,5.0,20,1,0,1,2.05,20.43
2026-06-02 20:20:00,Counter_5,16.0,4.0,20,1,0,1,0.97,15.49
2026-06-02 20:25:00,Counter_1,10.0,4.0,20,1,0,1,1.38,14.06
2026-06-02 20:25:00,Counter_2,19.0,3.0,20,1,0,1,1.57,29.84
2026-06-02 20:25:00,Counter_3,9.0,5.0,20,1,0,1,0.98,8.46
2026-06-02 20:25:00,Counter_4,14.0,4.0,20,1,0,1,1.26,17.94
2026-06-02 20:25:00,Counter_5,13.0,3.0,20,1,0,1,1.95,25.51
2026-06-02 20:30:00,Counter_1,,4.0,20,1,0,1,1.49,17.77
2026-06-02 20:30:00,Counter_2,16.0,3.0,20,1,0,1,1.31,21.08
2026-06-02 20:30:00,Counter_3,13.0,4.0,20,1,0,1,1.5,19.38
2026-06-02 20:30:00,Counter_4,14.0,4.0,20,1,0,1,1.31,18.21
2026-06-02 20:30:00,Counter_5,13.0,4.0,20,1,0,1,1.88,24.42
2026-06-02 20:35:00,Counter_1,7.0,5.0,20,1,0,1,1.2,8.52
2026-06-02 20:35:00,Counter_2,8.0,,20,1,0,1,1.32,10.65
2026-06-02 20:35:00,Counter_3,11.0,5.0,20,1,0,1,1.08,12.07
2026-06-02 20:35:00,Counter_4,10.0,5.0,20,1,0,1,1.38,13.89
2026-06-02 20:35:00,Counter_5,17.0,3.0,20,1,0,1,1.41,24.26
2026-06-02 20:40:00,Counter_1,10.0,4.0,20,1,0,1,1.75,17.84
2026-06-02 20:40:00,Counter_2,15.0,3.0,20,1,0,1,1.2,18.06
2026-06-02 20:40:00,Counter_3,16.0,3.0,20,1,0,1,1.57,25.05
2026-06-02 20:40:00,Counter_4,9.0,4.0,20,1,0,1,1.47,13.19
2026-06-02 20:40:00,Counter_5,11.0,5.0,20,1,0,1,0.98,10.39
2026-06-02 20:45:00,Counter_1,9.0,4.0,20,1,0,1,1.27,11.43
2026-06-02 20:45:00,Counter_2,12.0,4.0,20,1,0,1,1.26,15.0
2026-06-02 20:45:00,Counter_3,10.0,4.0,20,1,0,1,1.87,18.56
2026-06-02 20:45:00,Counter_4,10.0,4.0,20,1,0,1,1.59,15.89
2026-06-02 20:45:00,Counter_5,8.0,5.0,20,1,0,1,1.49,11.5
2026-06-02 20:50:00,Counter_1,9.0,4.0,20,1,0,1,0.6,5.36
2026-06-02 20:50:00,Counter_2,10.0,5.0,20,1,0,1,0.97,9.74
2026-06-02 20:50:00,Counter_3,16.0,3.0,20,1,0,1,1.63,25.77
2026-06-02 20:50:00,Counter_4,9.0,5.0,20,1,0,1,1.65,15.12
2026-06-02 20:50:00,Counter_5,13.0,3.0,20,1,0,1,1.26,16.47
2026-06-02 20:55:00,Counter_1,10.0,4.0,20,1,0,1,1.46,14.86
2026-06-02 20:55:00,Counter_2,9.0,5.0,20,1,0,1,1.44,13.05
2026-06-02 20:55:00,Counter_3,13.0,4.0,20,1,0,1,1.49,19.44
2026-06-02 20:55:00,Counter_4,12.0,4.0,20,1,0,1,1.36,16.62
2026-06-02 20:55:00,Counter_5,12.0,4.0,20,1,0,1,1.65,20.06
2026-06-02 21:00:00,Counter_1,5.0,2.0,21,1,0,1,1.53,8.04
2026-06-02 21:00:00,Counter_2,20.0,1.0,21,1,0,1,1.01,20.18
2026-06-02 21:00:00,Counter_3,3.0,2.0,21,1,0,1,0.95,2.69
2026-06-02 21:00:00,Counter_4,5.0,2.0,21,1,0,1,1.05,5.02
2026-06-02 21:00:00,Counter_5,11.0,1.0,21,1,0,1,1.26,13.66
2026-06-02 21:05:00,Counter_1,13.0,1.0,21,1,0,1,1.34,17.56
2026-06-02 21:05:00,Counter_2,12.0,2.0,21,1,0,1,1.45,17.95
2026-06-02 21:05:00,Counter_3,5.0,2.0,21,1,0,1,1.49,7.75
2026-06-02 21:05:00,Counter_4,6.0,1.0,21,1,0,1,1.34,8.0
2026-06-02 21:05:00,Counter_5,10.0,1.0,21,1,0,1,1.31,13.25
2026-06-02 21:10:00,Counter_1,6.0,2.0,21,1,0,1,1.66,9.85
2026-06-02 21:10:00,Counter_2,15.0,1.0,21,1,0,1,1.25,18.65
2026-06-02 21:10:00,Counter_3,7.0,2.0,21,1,0,1,1.4,9.59
2026-06-02 21:10:00,Counter_4,8.0,2.0,21,1,0,1,1.33,10.45
2026-06-02 21:10:00,Counter_5,10.0,1.0,21,1,0,1,1.21,12.21
2026-06-02 21:15:00,Counter_1,6.0,1.0,21,1,0,1,1.21,7.56
2026-06-02 21:15:00,Counter_2,16.0,1.0,21,1,0,1,1.58,25.49
2026-06-02 21:15:00,Counter_3,14.0,1.0,21,1,0,1,1.23,17.51
2026-06-02 21:15:00,Counter_4,2.0,2.0,21,1,0,1,1.16,2.48
2026-06-02 21:15:00,Counter_5,4.0,2.0,21,1,0,1,1.07,4.27
2026-06-02 21:20:00,Counter_1,6.0,2.0,21,1,0,1,1.36,8.05
2026-06-02 21:20:00,Counter_2,6.0,2.0,21,1,0,1,1.12,6.84
2026-06-02 21:20:00,Counter_3,6.0,1.0,21,1,0,1,1.33,7.64
2026-06-02 21:20:00,Counter_4,15.0,1.0,21,1,0,1,1.29,19.23
2026-06-02 21:20:00,Counter_5,15.0,1.0,21,1,0,1,1.14,16.94
2026-06-02 21:25:00,Counter_1,4.0,2.0,21,1,0,1,0.9,3.85
2026-06-02 21:25:00,Counter_2,4.0,2.0,21,1,0,1,,3.68
2026-06-02 21:25:00,Counter_3,6.0,1.0,21,1,0,1,1.03,6.37
2026-06-02 21:25:00,Counter_4,6.0,2.0,21,1,0,1,1.0,6.08
2026-06-02 21:25:00,Counter_5,8.0,2.0,21,1,0,1,1.36,10.96
2026-06-02 21:30:00,Counter_1,2.0,2.0,21,1,0,1,1.78,3.47
2026-06-02 21:30:00,Counter_2,7.0,2.0,21,1,0,1,1.12,7.55
2026-06-02 21:30:00,Counter_3,8.0,1.0,21,1,0,1,1.15,9.3
2026-06-02 21:30:00,Counter_4,15.0,1.0,21,1,0,1,1.1,16.68
2026-06-02 21:30:00,Counter_5,17.0,1.0,21,1,0,1,1.46,24.92
2026-06-02 21:35:00,Counter_1,3.0,1.0,21,1,0,1,1.36,4.05
2026-06-02 21:35:00,Counter_2,6.0,2.0,21,1,0,1,1.25,7.27
2026-06-02 21:35:00,Counter_3,6.0,2.0,21,1,0,1,0.95,5.58
2026-06-02 21:35:00,Counter_4,4.0,2.0,21,1,0,1,1.01,4.13
2026-06-02 21:35:00,Counter_5,12.0,1.0,21,1,0,1,1.29,15.32
2026-06-02 21:40:00,Counter_1,4.0,1.0,21,1,0,1,1.31,5.05
2026-06-02 21:40:00,Counter_2,7.0,,21,1,0,1,1.25,8.46
2026-06-02 21:40:00,Counter_3,4.0,,21,1,0,1,1.42,5.79
2026-06-02 21:40:00,Counter_4,10.0,2.0,21,1,0,1,0.94,9.5
2026-06-02 21:40:00,Counter_5,7.0,2.0,21,1,0,1,1.33,9.54
2026-06-02 21:45:00,Counter_1,6.0,2.0,21,1,0,1,1.31,7.43
2026-06-02 21:45:00,Counter_2,2.0,2.0,21,1,0,1,1.01,2.25
2026-06-02 21:45:00,Counter_3,7.0,2.0,21,1,0,1,1.1,7.92
2026-06-02 21:45:00,Counter_4,10.0,2.0,21,1,0,1,1.42,14.44
2026-06-02 21:45:00,Counter_5,8.0,2.0,21,1,0,1,0.97,7.78
2026-06-02 21:50:00,Counter_1,7.0,1.0,21,1,0,1,1.87,13.13
2026-06-02 21:50:00,Counter_2,16.0,1.0,21,1,0,1,1.39,22.28
2026-06-02 21:50:00,Counter_3,14.0,1.0,21,1,0,1,1.24,17.18
2026-06-02 21:50:00,Counter_4,11.0,1.0,21,1,0,1,1.19,12.92
2026-06-02 21:50:00,Counter_5,10.0,1.0,21,1,0,1,1.45,14.55
2026-06-02 21:55:00,Counter_1,3.0,2.0,21,1,0,1,1.15,3.4
2026-06-02 21:55:00,Counter_2,7.0,2.0,21,1,0,1,1.16,8.26
2026-06-02 21:55:00,Counter_3,6.0,2.0,21,1,0,1,1.61,9.59
2026-06-02 21:55:00,Counter_4,3.0,2.0,21,1,0,1,1.13,3.1
2026-06-02 21:55:00,Counter_5,11.0,1.0,21,1,0,1,1.28,13.8
2026-06-02 22:00:00,Counter_1,3.0,1.0,22,1,0,1,1.06,3.03
2026-06-02 22:00:00,Counter_2,1.0,2.0,22,1,0,1,1.31,1.46
2026-06-02 22:00:00,Counter_3,3.0,2.0,22,1,0,1,1.4,4.1
2026-06-02 22:00:00,Counter_4,0.0,1.0,22,1,0,1,1.67,0.02
2026-06-02 22:00:00,Counter_5,3.0,2.0,22,1,0,1,1.02,2.73
2026-06-02 22:05:00,Counter_1,1.0,2.0,22,1,0,1,,0.92
2026-06-02 22:05:00,Counter_2,8.0,1.0,22,1,0,1,1.18,9.45
2026-06-02 22:05:00,Counter_3,0.0,1.0,22,1,0,1,1.1,0.08
2026-06-02 22:05:00,Counter_4,0.0,2.0,22,1,0,1,1.25,0.05
2026-06-02 22:05:00,Counter_5,6.0,2.0,22,1,0,1,1.38,8.43
2026-06-02 22:10:00,Counter_1,0.0,1.0,22,1,0,1,1.82,0.23
2026-06-02 22:10:00,Counter_2,3.0,1.0,22,1,0,1,1.14,3.43
2026-06-02 22:10:00,Counter_3,1.0,2.0,22,1,0,1,0.7,1.01
2026-06-02 22:10:00,Counter_4,7.0,1.0,22,1,0,1,1.19,8.35
2026-06-02 22:10:00,Counter_5,0.0,2.0,22,1,0,1,1.34,0.01
2026-06-02 22:15:00,Counter_1,5.0,1.0,22,1,0,1,1.01,5.03
2026-06-02 22:15:00,Counter_2,7.0,1.0,22,1,0,1,1.31,9.07
2026-06-02 22:15:00,Counter_3,3.0,1.0,22,1,0,1,1.28,3.75
2026-06-02 22:15:00,Counter_4,4.0,2.0,22,1,0,1,1.31,5.13
2026-06-02 22:15:00,Counter_5,3.0,2.0,22,1,0,1,1.45,4.29
2026-06-02 22:20:00,Counter_1,4.0,2.0,22,1,0,1,1.23,5.06
2026-06-02 22:20:00,Counter_2,2.0,2.0,22,1,0,1,1.39,2.44
2026-06-02 22:20:00,Counter_3,2.0,2.0,22,1,0,1,0.8,1.66
2026-06-02 22:20:00,Counter_4,2.0,2.0,22,1,0,1,1.01,2.04
2026-06-02 22:20:00,Counter_5,3.0,1.0,22,1,0,1,1.16,3.76
2026-06-02 22:25:00,Counter_1,2.0,2.0,22,1,0,1,1.0,1.93
2026-06-02 22:25:00,Counter_2,1.0,2.0,22,1,0,1,1.25,1.48
2026-06-02 22:25:00,Counter_3,6.0,2.0,22,1,0,1,1.16,6.79
2026-06-02 22:25:00,Counter_4,0.0,2.0,22,1,0,1,1.14,0.04
2026-06-02 22:25:00,Counter_5,0.0,2.0,22,1,0,1,1.47,0.02
2026-06-02 22:30:00,Counter_1,0.0,2.0,22,1,0,1,1.27,0.07
2026-06-02 22:30:00,Counter_2,1.0,2.0,22,1,0,1,0.98,0.93
2026-06-02 22:30:00,Counter_3,0.0,2.0,22,1,0,1,1.1,0.13
2026-06-02 22:30:00,Counter_4,2.0,1.0,22,1,0,1,1.44,2.85
2026-06-02 22:30:00,Counter_5,3.0,2.0,22,1,0,1,1.3,4.06
2026-06-02 22:35:00,Counter_1,0.0,2.0,22,1,0,1,1.55,0.12
2026-06-02 22:35:00,Counter_2,5.0,2.0,22,1,0,1,1.46,7.26
2026-06-02 22:35:00,Counter_3,3.0,2.0,22,1,0,1,,3.65
2026-06-02 22:35:00,Counter_4,4.0,2.0,22,1,0,1,1.61,6.48
2026-06-02 22:35:00,Counter_5,0.0,2.0,22,1,0,1,1.63,0.1
2026-06-02 22:40:00,Counter_1,10.0,1.0,22,1,0,1,0.8,8.5
2026-06-02 22:40:00,Counter_2,6.0,1.0,22,1,0,1,1.26,7.16
2026-06-02 22:40:00,Counter_3,0.0,2.0,22,1,0,1,1.11,0.12
2026-06-02 22:40:00,Counter_4,1.0,,22,1,0,1,1.18,0.99
2026-06-02 22:40:00,Counter_5,12.0,1.0,22,1,0,1,1.05,12.43
2026-06-02 22:45:00,Counter_1,5.0,1.0,22,1,0,1,1.01,5.33
2026-06-02 22:45:00,Counter_2,2.0,1.0,22,1,0,1,1.48,2.43
2026-06-02 22:45:00,Counter_3,4.0,2.0,22,1,0,1,0.96,3.94
2026-06-02 22:45:00,Counter_4,3.0,2.0,22,1,0,1,1.27,3.5
2026-06-02 22:45:00,Counter_5,2.0,1.0,22,1,0,1,0.91,1.83
2026-06-02 22:50:00,Counter_1,3.0,2.0,22,1,0,1,1.57,4.76
2026-06-02 22:50:00,Counter_2,0.0,1.0,22,1,0,1,1.26,0.03
2026-06-02 22:50:00,Counter_3,4.0,2.0,22,1,0,1,1.44,5.71
2026-06-02 22:50:00,Counter_4,2.0,1.0,22,1,0,1,1.3,2.57
2026-06-02 22:50:00,Counter_5,1.0,2.0,22,1,0,1,1.19,0.78
2026-06-02 22:55:00,Counter_1,0.0,1.0,22,1,0,1,1.27,0.25
2026-06-02 22:55:00,Counter_2,1.0,2.0,22,1,0,1,1.63,1.69
2026-06-02 22:55:00,Counter_3,1.0,2.0,22,1,0,1,1.03,1.12
2026-06-02 22:55:00,Counter_4,4.0,1.0,22,1,0,1,0.61,2.65
2026-06-02 22:55:00,Counter_5,0.0,1.0,22,1,0,1,1.05,0.09
2026-06-02 23:00:00,Counter_1,4.0,1.0,23,1,0,1,0.95,3.88
2026-06-02 23:00:00,Counter_2,5.0,2.0,23,1,0,1,1.49,7.59
2026-06-02 23:00:00,Counter_3,4.0,1.0,23,1,0,1,1.21,4.55
2026-06-02 23:00:00,Counter_4,0.0,2.0,23,1,0,1,1.46,0.02
2026-06-02 23:00:00,Counter_5,3.0,2.0,23,1,0,1,1.26,4.2
2026-06-02 23:05:00,Counter_1,1.0,1.0,23,1,0,1,1.25,1.6
2026-06-02 23:05:00,Counter_2,11.0,1.0,23,1,0,1,1.29,14.5
2026-06-02 23:05:00,Counter_3,3.0,2.0,23,1,0,1,1.62,5.24
2026-06-02 23:05:00,Counter_4,2.0,1.0,23,1,0,1,1.3,2.35
2026-06-02 23:05:00,Counter_5,3.0,1.0,23,1,0,1,1.53,4.49
2026-06-02 23:10:00,Counter_1,4.0,2.0,23,1,0,1,1.51,5.86
2026-06-02 23:10:00,Counter_2,2.0,1.0,23,1,0,1,1.21,3.12
2026-06-02 23:10:00,Counter_3,4.0,2.0,23,1,0,1,1.23,4.97
2026-06-02 23:10:00,Counter_4,3.0,1.0,23,1,0,1,1.16,3.2
2026-06-02 23:10:00,Counter_5,2.0,2.0,23,1,0,1,1.57,2.92
2026-06-02 23:15:00,Counter_1,,2.0,23,1,0,1,1.01,3.05
2026-06-02 23:15:00,Counter_2,3.0,2.0,23,1,0,1,1.07,2.94
2026-06-02 23:15:00,Counter_3,5.0,1.0,23,1,0,1,1.18,6.27
2026-06-02 23:15:00,Counter_4,2.0,1.0,23,1,0,1,0.96,2.08
2026-06-02 23:15:00,Counter_5,5.0,2.0,23,1,0,1,1.1,5.56
2026-06-02 23:20:00,Counter_1,3.0,1.0,23,1,0,1,1.53,4.38
2026-06-02 23:20:00,Counter_2,2.0,2.0,23,1,0,1,1.41,2.56
2026-06-02 23:20:00,Counter_3,4.0,1.0,23,1,0,1,1.14,4.63
2026-06-02 23:20:00,Counter_4,0.0,2.0,23,1,0,1,1.45,0.17
2026-06-02 23:20:00,Counter_5,5.0,1.0,23,1,0,1,1.77,8.59
2026-06-02 23:25:00,Counter_1,4.0,2.0,23,1,0,1,1.33,5.31
2026-06-02 23:25:00,Counter_2,2.0,2.0,23,1,0,1,1.61,3.21
2026-06-02 23:25:00,Counter_3,4.0,1.0,23,1,0,1,1.46,5.99
2026-06-02 23:25:00,Counter_4,6.0,1.0,23,1,0,1,1.18,7.5
2026-06-02 23:25:00,Counter_5,4.0,,23,1,0,1,1.3,4.78
2026-06-02 23:30:00,Counter_1,3.0,2.0,23,1,0,1,1.38,4.3
2026-06-02 23:30:00,Counter_2,1.0,2.0,23,1,0,1,1.06,0.92
2026-06-02 23:30:00,Counter_3,2.0,2.0,23,1,0,1,0.6,1.28
2026-06-02 23:30:00,Counter_4,3.0,1.0,23,1,0,1,1.04,3.15
2026-06-02 23:30:00,Counter_5,2.0,2.0,23,1,0,1,0.71,1.52
2026-06-02 23:35:00,Counter_1,2.0,2.0,23,1,0,1,,1.87
2026-06-02 23:35:00,Counter_2,2.0,2.0,23,1,0,1,0.82,1.83
2026-06-02 23:35:00,Counter_3,7.0,1.0,23,1,0,1,1.47,10.3
2026-06-02 23:35:00,Counter_4,1.0,2.0,23,1,0,1,0.95,1.23
2026-06-02 23:35:00,Counter_5,4.0,1.0,23,1,0,1,1.39,5.88
2026-06-02 23:40:00,Counter_1,9.0,1.0,23,1,0,1,1.44,13.01
2026-06-02 23:40:00,Counter_2,4.0,,23,1,0,1,1.43,5.92
2026-06-02 23:40:00,Counter_3,1.0,2.0,23,1,0,1,0.78,0.96
2026-06-02 23:40:00,Counter_4,4.0,1.0,23,1,0,1,1.53,6.39
2026-06-02 23:40:00,Counter_5,0.0,2.0,23,1,0,1,1.36,0.0
2026-06-02 23:45:00,Counter_1,3.0,2.0,23,1,0,1,1.45,4.12
2026-06-02 23:45:00,Counter_2,1.0,1.0,23,1,0,1,1.71,1.77
2026-06-02 23:45:00,Counter_3,4.0,2.0,23,1,0,1,1.45,5.52
2026-06-02 23:45:00,Counter_4,7.0,1.0,23,1,0,1,0.95,6.55
2026-06-02 23:45:00,Counter_5,5.0,1.0,23,1,0,1,1.41,6.95
2026-06-02 23:50:00,Counter_1,4.0,1.0,23,1,0,1,0.87,3.6
2026-06-02 23:50:00,Counter_2,2.0,2.0,23,1,0,1,1.23,2.41
2026-06-02 23:50:00,Counter_3,2.0,1.0,23,1,0,1,1.12,2.21
2026-06-02 23:50:00,Counter_4,1.0,2.0,23,1,0,1,1.25,1.45
2026-06-02 23:50:00,Counter_5,1.0,2.0,23,1,0,1,0.87,1.05
2026-06-02 23:55:00,Counter_1,5.0,1.0,23,1,0,1,0.9,4.56
2026-06-02 23:55:00,Counter_2,1.0,2.0,23,1,0,1,1.14,1.29
2026-06-02 23:55:00,Counter_3,2.0,2.0,23,1,0,1,1.19,2.51
2026-06-02 23:55:00,Counter_4,2.0,2.0,23,1,0,1,1.14,2.67
2026-06-02 23:55:00,Counter_5,6.0,1.0,23,1,0,1,1.61,9.62
2026-06-03 00:00:00,Counter_1,2.0,1.0,0,2,0,0,1.36,2.57
2026-06-03 00:00:00,Counter_2,1.0,2.0,0,2,0,0,1.35,1.39
2026-06-03 00:00:00,Counter_3,2.0,1.0,0,2,0,0,1.15,2.11
2026-06-03 00:00:00,Counter_4,9.0,1.0,0,2,0,0,0.9,8.03
2026-06-03 00:00:00,Counter_5,1.0,2.0,0,2,0,0,1.25,1.34
2026-06-03 00:05:00,Counter_1,2.0,1.0,0,2,0,0,1.7,3.3
2026-06-03 00:05:00,Counter_2,3.0,2.0,0,2,0,0,1.31,3.88
2026-06-03 00:05:00,Counter_3,0.0,2.0,0,2,0,0,1.53,0.14
2026-06-03 00:05:00,Counter_4,3.0,2.0,0,2,0,0,1.56,4.59
2026-06-03 00:05:00,Counter_5,2.0,2.0,0,2,0,0,1.39,2.56
2026-06-03 00:10:00,Counter_1,5.0,2.0,0,2,0,0,1.31,6.75
2026-06-03 00:10:00,Counter_2,1.0,2.0,0,2,0,0,1.0,1.27
2026-06-03 00:10:00,Counter_3,1.0,2.0,0,2,0,0,1.2,1.39
2026-06-03 00:10:00,Counter_4,2.0,1.0,0,2,0,0,1.16,2.51
2026-06-03 00:10:00,Counter_5,2.0,2.0,0,2,0,0,1.33,2.58
2026-06-03 00:15:00,Counter_1,1.0,2.0,0,2,0,0,0.9,0.94
2026-06-03 00:15:00,Counter_2,2.0,2.0,0,2,0,0,1.12,2.08
2026-06-03 00:15:00,Counter_3,1.0,2.0,0,2,0,0,1.35,1.32
2026-06-03 00:15:00,Counter_4,0.0,2.0,0,2,0,0,1.07,0.02
2026-06-03 00:15:00,Counter_5,6.0,1.0,0,2,0,0,1.02,5.84
2026-06-03 00:20:00,Counter_1,3.0,1.0,0,2,0,0,1.05,3.18
2026-06-03 00:20:00,Counter_2,3.0,1.0,0,2,0,0,1.18,3.43
2026-06-03 00:20:00,Counter_3,5.0,1.0,0,2,0,0,0.65,3.3
2026-06-03 00:20:00,Counter_4,1.0,2.0,0,2,0,0,1.06,1.01
2026-06-03 00:20:00,Counter_5,0.0,2.0,0,2,0,0,1.49,0.08
2026-06-03 00:25:00,Counter_1,5.0,1.0,0,2,0,0,1.33,6.79
2026-06-03 00:25:00,Counter_2,2.0,2.0,0,2,0,0,1.36,2.47
2026-06-03 00:25:00,Counter_3,7.0,1.0,0,2,0,0,0.79,5.47
2026-06-03 00:25:00,Counter_4,0.0,2.0,0,2,0,0,,0.11
2026-06-03 00:25:00,Counter_5,6.0,2.0,0,2,0,0,1.22,7.56
2026-06-03 00:30:00,Counter_1,1.0,2.0,0,2,0,0,1.37,1.71
2026-06-03 00:30:00,Counter_2,7.0,1.0,0,2,0,0,1.53,10.72
2026-06-03 00:30:00,Counter_3,2.0,2.0,0,2,0,0,1.49,3.06
2026-06-03 00:30:00,Counter_4,2.0,2.0,0,2,0,0,1.1,1.91
2026-06-03 00:30:00,Counter_5,4.0,2.0,0,2,0,0,1.11,4.5
2026-06-03 00:35:00,Counter_1,2.0,2.0,0,2,0,0,1.6,3.15
2026-06-03 00:35:00,Counter_2,0.0,1.0,0,2,0,0,1.16,0.08
2026-06-03 00:35:00,Counter_3,2.0,1.0,0,2,0,0,0.98,1.91
2026-06-03 00:35:00,Counter_4,4.0,1.0,0,2,0,0,1.2,4.64
2026-06-03 00:35:00,Counter_5,0.0,2.0,0,2,0,0,1.59,0.18
2026-06-03 00:40:00,Counter_1,1.0,2.0,0,2,0,0,1.02,1.06
2026-06-03 00:40:00,Counter_2,4.0,1.0,0,2,0,0,1.14,4.45
2026-06-03 00:40:00,Counter_3,1.0,1.0,0,2,0,0,1.03,1.27
2026-06-03 00:40:00,Counter_4,1.0,2.0,0,2,0,0,1.49,1.62
2026-06-03 00:40:00,Counter_5,1.0,2.0,0,2,0,0,1.32,1.3
2026-06-03 00:45:00,Counter_1,4.0,1.0,0,2,0,0,1.48,6.05
2026-06-03 00:45:00,Counter_2,0.0,1.0,0,2,0,0,1.64,0.01
2026-06-03 00:45:00,Counter_3,0.0,2.0,0,2,0,0,0.87,0.01
2026-06-03 00:45:00,Counter_4,0.0,1.0,0,2,0,0,1.06,0.1
2026-06-03 00:45:00,Counter_5,3.0,2.0,0,2,0,0,1.14,3.81
2026-06-03 00:50:00,Counter_1,3.0,2.0,0,2,0,0,1.27,3.66
2026-06-03 00:50:00,Counter_2,0.0,2.0,0,2,0,0,1.38,0.12
2026-06-03 00:50:00,Counter_3,3.0,2.0,0,2,0,0,1.13,3.63
2026-06-03 00:50:00,Counter_4,4.0,1.0,0,2,0,0,1.08,4.32
2026-06-03 00:50:00,Counter_5,3.0,2.0,0,2,0,0,1.49,4.61
2026-06-03 00:55:00,Counter_1,1.0,2.0,0,2,0,0,1.39,1.33
2026-06-03 00:55:00,Counter_2,2.0,1.0,0,2,0,0,1.33,3.02
2026-06-03 00:55:00,Counter_3,5.0,,0,2,0,0,0.71,3.46
2026-06-03 00:55:00,Counter_4,2.0,2.0,0,2,0,0,1.55,2.91
2026-06-03 00:55:00,Counter_5,0.0,2.0,0,2,0,0,1.3,0.04
2026-06-03 01:00:00,Counter_1,,1.0,1,2,0,0,1.21,6.19
2026-06-03 01:00:00,Counter_2,4.0,2.0,1,2,0,0,1.05,4.23
2026-06-03 01:00:00,Counter_3,1.0,2.0,1,2,0,0,1.09,1.1
2026-06-03 01:00:00,Counter_4,3.0,1.0,1,2,0,0,,2.99
2026-06-03 01:00:00,Counter_5,2.0,2.0,1,2,0,0,0.75,1.35
2026-06-03 01:05:00,Counter_1,3.0,2.0,1,2,0,0,1.05,3.03
2026-06-03 01:05:00,Counter_2,0.0,2.0,1,2,0,0,0.85,0.05
2026-06-03 01:05:00,Counter_3,0.0,2.0,1,2,0,0,1.23,0.12
2026-06-03 01:05:00,Counter_4,3.0,2.0,1,2,0,0,0.96,2.58
2026-06-03 01:05:00,Counter_5,3.0,2.0,1,2,0,0,1.43,4.21
2026-06-03 01:10:00,Counter_1,6.0,1.0,1,2,0,0,0.83,4.94
2026-06-03 01:10:00,Counter_2,4.0,2.0,1,2,0,0,1.55,6.3
2026-06-03 01:10:00,Counter_3,2.0,2.0,1,2,0,0,1.46,2.98
2026-06-03 01:10:00,Counter_4,1.0,2.0,1,2,0,0,0.98,1.33
2026-06-03 01:10:00,Counter_5,,2.0,1,2,0,0,1.23,3.49
2026-06-03 01:15:00,Counter_1,2.0,2.0,1,2,0,0,1.04,2.19
2026-06-03 01:15:00,Counter_2,1.0,1.0,1,2,0,0,1.39,1.52
2026-06-03 01:15:00,Counter_3,0.0,2.0,1,2,0,0,1.7,0.02
2026-06-03 01:15:00,Counter_4,2.0,1.0,1,2,0,0,1.55,3.04
2026-06-03 01:15:00,Counter_5,4.0,2.0,1,2,0,0,1.08,4.18
2026-06-03 01:20:00,Counter_1,3.0,2.0,1,2,0,0,1.28,3.83
2026-06-03 01:20:00,Counter_2,3.0,1.0,1,2,0,0,1.63,4.53
2026-06-03 01:20:00,Counter_3,1.0,2.0,1,2,0,0,1.38,1.2
2026-06-03 01:20:00,Counter_4,4.0,2.0,1,2,0,0,1.5,5.81
2026-06-03 01:20:00,Counter_5,2.0,2.0,1,2,0,0,1.41,2.92
2026-06-03 01:25:00,Counter_1,6.0,1.0,1,2,0,0,1.27,7.75
2026-06-03 01:25:00,Counter_2,1.0,2.0,1,2,0,0,1.23,1.02
2026-06-03 01:25:00,Counter_3,4.0,2.0,1,2,0,0,0.95,3.54
2026-06-03 01:25:00,Counter_4,5.0,2.0,1,2,0,0,1.06,5.01
2026-06-03 01:25:00,Counter_5,0.0,2.0,1,2,0,0,1.02,0.03
2026-06-03 01:30:00,Counter_1,6.0,2.0,1,2,0,0,1.16,7.14
2026-06-03 01:30:00,Counter_2,4.0,1.0,1,2,0,0,1.27,5.21
2026-06-03 01:30:00,Counter_3,2.0,2.0,1,2,0,0,1.22,2.74
2026-06-03 01:30:00,Counter_4,2.0,2.0,1,2,0,0,1.3,2.96
2026-06-03 01:30:00,Counter_5,0.0,2.0,1,2,0,0,1.42,0.07
2026-06-03 01:35:00,Counter_1,2.0,1.0,1,2,0,0,1.15,2.22
2026-06-03 01:35:00,Counter_2,0.0,2.0,1,2,0,0,1.43,0.04
2026-06-03 01:35:00,Counter_3,0.0,2.0,1,2,0,0,1.53,0.01
2026-06-03 01:35:00,Counter_4,5.0,1.0,1,2,0,0,1.35,6.7
2026-06-03 01:35:00,Counter_5,3.0,1.0,1,2,0,0,1.11,3.52
2026-06-03 01:40:00,Counter_1,2.0,2.0,1,2,0,0,1.49,2.91
2026-06-03 01:40:00,Counter_2,2.0,2.0,1,2,0,0,1.37,2.89
2026-06-03 01:40:00,Counter_3,2.0,2.0,1,2,0,0,1.4,2.4
2026-06-03 01:40:00,Counter_4,2.0,2.0,1,2,0,0,1.63,3.32
2026-06-03 01:40:00,Counter_5,3.0,2.0,1,2,0,0,1.43,4.2
2026-06-03 01:45:00,Counter_1,1.0,2.0,1,2,0,0,1.64,1.59
2026-06-03 01:45:00,Counter_2,2.0,1.0,1,2,0,0,1.21,2.23
2026-06-03 01:45:00,Counter_3,5.0,1.0,1,2,0,0,1.14,6.02
2026-06-03 01:45:00,Counter_4,1.0,2.0,1,2,0,0,1.54,1.55
2026-06-03 01:45:00,Counter_5,3.0,2.0,1,2,0,0,1.0,3.03
2026-06-03 01:50:00,Counter_1,2.0,2.0,1,2,0,0,1.72,3.85
2026-06-03 01:50:00,Counter_2,0.0,2.0,1,2,0,0,1.58,0.17
2026-06-03 01:50:00,Counter_3,1.0,2.0,1,2,0,0,1.27,1.3
2026-06-03 01:50:00,Counter_4,3.0,1.0,1,2,0,0,1.55,4.51
2026-06-03 01:50:00,Counter_5,4.0,2.0,1,2,0,0,1.42,5.53
2026-06-03 01:55:00,Counter_1,2.0,2.0,1,2,0,0,,1.92
2026-06-03 01:55:00,Counter_2,4.0,2.0,1,2,0,0,1.05,4.14
2026-06-03 01:55:00,Counter_3,2.0,2.0,1,2,0,0,1.32,3.04
2026-06-03 01:55:00,Counter_4,1.0,2.0,1,2,0,0,1.29,1.65
2026-06-03 01:55:00,Counter_5,2.0,1.0,1,2,0,0,1.58,3.13
2026-06-03 02:00:00,Counter_1,5.0,1.0,2,2,0,0,,6.34
2026-06-03 02:00:00,Counter_2,7.0,1.0,2,2,0,0,0.93,6.45
2026-06-03 02:00:00,Counter_3,0.0,2.0,2,2,0,0,1.11,0.0
2026-06-03 02:00:00,Counter_4,2.0,2.0,2,2,0,0,1.44,2.7
2026-06-03 02:00:00,Counter_5,1.0,1.0,2,2,0,0,0.79,1.11
2026-06-03 02:05:00,Counter_1,1.0,2.0,2,2,0,0,0.9,1.02
2026-06-03 02:05:00,Counter_2,0.0,2.0,2,2,0,0,1.16,0.21
2026-06-03 02:05:00,Counter_3,3.0,1.0,2,2,0,0,1.48,4.31
2026-06-03 02:05:00,Counter_4,2.0,2.0,2,2,0,0,1.2,2.3
2026-06-03 02:05:00,Counter_5,3.0,2.0,2,2,0,0,1.37,3.95
2026-06-03 02:10:00,Counter_1,0.0,2.0,2,2,0,0,1.25,0.19
2026-06-03 02:10:00,Counter_2,0.0,2.0,2,2,0,0,1.21,0.3
2026-06-03 02:10:00,Counter_3,6.0,1.0,2,2,0,0,1.09,6.46
2026-06-03 02:10:00,Counter_4,9.0,1.0,2,2,0,0,1.46,13.4
2026-06-03 02:10:00,Counter_5,1.0,1.0,2,2,0,0,0.94,1.03
2026-06-03 02:15:00,Counter_1,5.0,1.0,2,2,0,0,1.19,6.05
2026-06-03 02:15:00,Counter_2,1.0,2.0,2,2,0,0,1.54,1.61
2026-06-03 02:15:00,Counter_3,1.0,2.0,2,2,0,0,1.06,0.9
2026-06-03 02:15:00,Counter_4,3.0,2.0,2,2,0,0,0.86,2.81
2026-06-03 02:15:00,Counter_5,0.0,2.0,2,2,0,0,0.72,0.3
2026-06-03 02:20:00,Counter_1,3.0,1.0,2,2,0,0,1.42,4.19
2026-06-03 02:20:00,Counter_2,3.0,1.0,2,2,0,0,1.43,4.37
2026-06-03 02:20:00,Counter_3,0.0,1.0,2,2,0,0,1.16,0.01
2026-06-03 02:20:00,Counter_4,6.0,1.0,2,2,0,0,0.93,5.47
2026-06-03 02:20:00,Counter_5,4.0,2.0,2,2,0,0,1.21,4.51
2026-06-03 02:25:00,Counter_1,3.0,2.0,2,2,0,0,1.54,4.68
2026-06-03 02:25:00,Counter_2,1.0,2.0,2,2,0,0,0.93,1.07
2026-06-03 02:25:00,Counter_3,2.0,2.0,2,2,0,0,1.51,2.93
2026-06-03 02:25:00,Counter_4,5.0,1.0,2,2,0,0,0.83,4.03
2026-06-03 02:25:00,Counter_5,2.0,2.0,2,2,0,0,0.97,1.69
2026-06-03 02:30:00,Counter_1,2.0,2.0,2,2,0,0,1.28,2.63
2026-06-03 02:30:00,Counter_2,7.0,1.0,2,2,0,0,1.49,10.82
2026-06-03 02:30:00,Counter_3,3.0,2.0,2,2,0,0,1.62,5.2
2026-06-03 02:30:00,Counter_4,0.0,1.0,2,2,0,0,1.5,0.03
2026-06-03 02:30:00,Counter_5,3.0,2.0,2,2,0,0,1.64,4.84
2026-06-03 02:35:00,Counter_1,1.0,2.0,2,2,0,0,1.3,1.38
2026-06-03 02:35:00,Counter_2,3.0,2.0,2,2,0,0,1.09,3.21
2026-06-03 02:35:00,Counter_3,2.0,2.0,2,2,0,0,1.55,2.97
2026-06-03 02:35:00,Counter_4,4.0,2.0,2,2,0,0,1.59,6.39
2026-06-03 02:35:00,Counter_5,2.0,2.0,2,2,0,0,1.48,3.22
2026-06-03 02:40:00,Counter_1,1.0,2.0,2,2,0,0,1.4,1.36
2026-06-03 02:40:00,Counter_2,5.0,1.0,2,2,0,0,1.6,7.96
2026-06-03 02:40:00,Counter_3,2.0,2.0,2,2,0,0,1.34,2.63
2026-06-03 02:40:00,Counter_4,1.0,2.0,2,2,0,0,1.24,1.4
2026-06-03 02:40:00,Counter_5,0.0,2.0,2,2,0,0,1.43,0.01
2026-06-03 02:45:00,Counter_1,3.0,1.0,2,2,0,0,1.37,3.89
2026-06-03 02:45:00,Counter_2,5.0,1.0,2,2,0,0,1.47,7.31
2026-06-03 02:45:00,Counter_3,0.0,2.0,2,2,0,0,1.22,0.02
2026-06-03 02:45:00,Counter_4,4.0,1.0,2,2,0,0,1.48,5.85
2026-06-03 02:45:00,Counter_5,3.0,1.0,2,2,0,0,1.46,4.66
2026-06-03 02:50:00,Counter_1,5.0,1.0,2,2,0,0,1.3,6.64
2026-06-03 02:50:00,Counter_2,0.0,1.0,2,2,0,0,1.06,0.03
2026-06-03 02:50:00,Counter_3,1.0,1.0,2,2,0,0,1.56,1.5
2026-06-03 02:50:00,Counter_4,2.0,2.0,2,2,0,0,0.95,2.04
2026-06-03 02:50:00,Counter_5,4.0,2.0,2,2,0,0,1.01,4.19
2026-06-03 02:55:00,Counter_1,4.0,2.0,2,2,0,0,1.29,5.38
2026-06-03 02:55:00,Counter_2,0.0,2.0,2,2,0,0,0.62,0.14
2026-06-03 02:55:00,Counter_3,1.0,,2,2,0,0,1.64,1.86
2026-06-03 02:55:00,Counter_4,2.0,2.0,2,2,0,0,1.25,2.37
2026-06-03 02:55:00,Counter_5,0.0,2.0,2,2,0,0,1.63,0.07
2026-06-03 03:00:00,Counter_1,3.0,1.0,3,2,0,0,1.7,4.8
2026-06-03 03:00:00,Counter_2,4.0,1.0,3,2,0,0,1.21,4.79
2026-06-03 03:00:00,Counter_3,1.0,2.0,3,2,0,0,1.59,1.42
2026-06-03 03:00:00,Counter_4,7.0,1.0,3,2,0,0,0.98,6.93
2026-06-03 03:00:00,Counter_5,1.0,2.0,3,2,0,0,1.36,1.56
2026-06-03 03:05:00,Counter_1,1.0,2.0,3,2,0,0,1.13,1.24
2026-06-03 03:05:00,Counter_2,0.0,1.0,3,2,0,0,1.42,0.19
2026-06-03 03:05:00,Counter_3,0.0,,3,2,0,0,1.47,0.04
2026-06-03 03:05:00,Counter_4,2.0,2.0,3,2,0,0,1.21,2.39
2026-06-03 03:05:00,Counter_5,1.0,1.0,3,2,0,0,1.39,1.16
2026-06-03 03:10:00,Counter_1,0.0,2.0,3,2,0,0,1.49,0.07
2026-06-03 03:10:00,Counter_2,6.0,1.0,3,2,0,0,1.3,7.5
2026-06-03 03:10:00,Counter_3,3.0,2.0,3,2,0,0,1.88,5.51
2026-06-03 03:10:00,Counter_4,6.0,1.0,3,2,0,0,1.22,7.5
2026-06-03 03:10:00,Counter_5,2.0,2.0,3,2,0,0,1.66,3.07
2026-06-03 03:15:00,Counter_1,4.0,1.0,3,2,0,0,1.54,6.0
2026-06-03 03:15:00,Counter_2,1.0,2.0,3,2,0,0,0.79,0.7
2026-06-03 03:15:00,Counter_3,1.0,2.0,3,2,0,0,1.62,1.88
2026-06-03 03:15:00,Counter_4,3.0,1.0,3,2,0,0,1.52,4.55
2026-06-03 03:15:00,Counter_5,5.0,2.0,3,2,0,0,1.28,6.43
2026-06-03 03:20:00,Counter_1,6.0,1.0,3,2,0,0,1.34,8.12
2026-06-03 03:20:00,Counter_2,1.0,2.0,3,2,0,0,1.37,1.65
2026-06-03 03:20:00,Counter_3,0.0,2.0,3,2,0,0,1.59,0.21
2026-06-03 03:20:00,Counter_4,1.0,2.0,3,2,0,0,1.15,0.8
2026-06-03 03:20:00,Counter_5,8.0,1.0,3,2,0,0,1.65,13.23
2026-06-03 03:25:00,Counter_1,6.0,1.0,3,2,0,0,0.98,6.17
2026-06-03 03:25:00,Counter_2,3.0,2.0,3,2,0,0,0.81,2.56
2026-06-03 03:25:00,Counter_3,1.0,2.0,3,2,0,0,1.4,1.44
2026-06-03 03:25:00,Counter_4,3.0,2.0,3,2,0,0,1.56,4.75
2026-06-03 03:25:00,Counter_5,,2.0,3,2,0,0,1.21,0.84
2026-06-03 03:30:00,Counter_1,4.0,2.0,3,2,0,0,0.68,2.32
2026-06-03 03:30:00,Counter_2,1.0,2.0,3,2,0,0,0.88,1.06
2026-06-03 03:30:00,Counter_3,4.0,1.0,3,2,0,0,1.36,5.7
2026-06-03 03:30:00,Counter_4,2.0,1.0,3,2,0,0,1.25,2.37
2026-06-03 03:30:00,Counter_5,3.0,1.0,3,2,0,0,1.57,4.75
2026-06-03 03:35:00,Counter_1,2.0,1.0,3,2,0,0,1.27,2.66
2026-06-03 03:35:00,Counter_2,4.0,2.0,3,2,0,0,1.06,4.57
2026-06-03 03:35:00,Counter_3,4.0,2.0,3,2,0,0,1.33,5.3
2026-06-03 03:35:00,Counter_4,0.0,2.0,3,2,0,0,1.5,0.02
2026-06-03 03:35:00,Counter_5,4.0,1.0,3,2,0,0,1.59,6.76
2026-06-03 03:40:00,Counter_1,0.0,2.0,3,2,0,0,1.22,0.03
2026-06-03 03:40:00,Counter_2,0.0,2.0,3,2,0,0,1.27,0.05
2026-06-03 03:40:00,Counter_3,2.0,2.0,3,2,0,0,1.44,2.66
2026-06-03 03:40:00,Counter_4,1.0,2.0,3,2,0,0,1.06,0.85
2026-06-03 03:40:00,Counter_5,1.0,1.0,3,2,0,0,1.43,1.61
2026-06-03 03:45:00,Counter_1,5.0,1.0,3,2,0,0,1.19,6.19
2026-06-03 03:45:00,Counter_2,1.0,2.0,3,2,0,0,1.23,1.46
2026-06-03 03:45:00,Counter_3,0.0,2.0,3,2,0,0,1.25,0.04
2026-06-03 03:45:00,Counter_4,4.0,1.0,3,2,0,0,1.28,5.08
2026-06-03 03:45:00,Counter_5,3.0,2.0,3,2,0,0,1.73,5.29
2026-06-03 03:50:00,Counter_1,0.0,2.0,3,2,0,0,1.13,0.05
2026-06-03 03:50:00,Counter_2,3.0,2.0,3,2,0,0,1.15,3.54
2026-06-03 03:50:00,Counter_3,1.0,1.0,3,2,0,0,1.61,1.99
2026-06-03 03:50:00,Counter_4,2.0,2.0,3,2,0,0,1.36,2.95
2026-06-03 03:50:00,Counter_5,6.0,1.0,3,2,0,0,1.44,8.16
2026-06-03 03:55:00,Counter_1,7.0,1.0,3,2,0,0,0.99,7.01
2026-06-03 03:55:00,Counter_2,0.0,2.0,3,2,0,0,1.31,0.04
2026-06-03 03:55:00,Counter_3,4.0,2.0,3,2,0,0,1.45,5.85
2026-06-03 03:55:00,Counter_4,6.0,1.0,3,2,0,0,1.08,6.5
2026-06-03 03:55:00,Counter_5,4.0,1.0,3,2,0,0,1.41,5.57
2026-06-03 04:00:00,Counter_1,,2.0,4,2,0,0,1.2,0.1
2026-06-03 04:00:00,Counter_2,1.0,2.0,4,2,0,0,1.09,1.15
2026-06-03 04:00:00,Counter_3,4.0,2.0,4,2,0,0,1.5,6.13
2026-06-03 04:00:00,Counter_4,2.0,2.0,4,2,0,0,1.53,2.95
2026-06-03 04:00:00,Counter_5,,2.0,4,2,0,0,1.28,2.81
2026-06-03 04:05:00,Counter_1,2.0,2.0,4,2,0,0,1.36,2.39
2026-06-03 04:05:00,Counter_2,2.0,2.0,4,2,0,0,1.58,2.81
2026-06-03 04:05:00,Counter_3,4.0,1.0,4,2,0,0,1.15,4.62
2026-06-03 04:05:00,Counter_4,9.0,1.0,4,2,0,0,1.34,11.92
2026-06-03 04:05:00,Counter_5,3.0,1.0,4,2,0,0,1.15,3.64
2026-06-03 04:10:00,Counter_1,2.0,1.0,4,2,0,0,1.0,1.91
2026-06-03 04:10:00,Counter_2,3.0,1.0,4,2,0,0,1.15,3.72
2026-06-03 04:10:00,Counter_3,0.0,2.0,4,2,0,0,0.97,0.04
2026-06-03 04:10:00,Counter_4,5.0,1.0,4,2,0,0,1.36,6.83
2026-06-03 04:10:00,Counter_5,3.0,1.0,4,2,0,0,1.06,2.78
2026-06-03 04:15:00,Counter_1,5.0,1.0,4,2,0,0,0.9,4.49
2026-06-03 04:15:00,Counter_2,2.0,1.0,4,2,0,0,1.44,2.89
2026-06-03 04:15:00,Counter_3,1.0,2.0,4,2,0,0,1.42,1.66
2026-06-03 04:15:00,Counter_4,2.0,1.0,4,2,0,0,1.17,2.04
2026-06-03 04:15:00,Counter_5,5.0,2.0,4,2,0,0,1.43,7.09
2026-06-03 04:20:00,Counter_1,3.0,,4,2,0,0,1.05,3.44
2026-06-03 04:20:00,Counter_2,4.0,2.0,4,2,0,0,1.16,4.96
2026-06-03 04:20:00,Counter_3,2.0,1.0,4,2,0,0,1.35,2.53
2026-06-03 04:20:00,Counter_4,1.0,2.0,4,2,0,0,1.51,1.37
2026-06-03 04:20:00,Counter_5,1.0,1.0,4,2,0,0,1.15,0.81
2026-06-03 04:25:00,Counter_1,1.0,2.0,4,2,0,0,1.1,0.68
2026-06-03 04:25:00,Counter_2,3.0,1.0,4,2,0,0,1.5,4.42
2026-06-03 04:25:00,Counter_3,2.0,2.0,4,2,0,0,1.4,2.67
2026-06-03 04:25:00,Counter_4,8.0,1.0,4,2,0,0,1.29,10.73
2026-06-03 04:25:00,Counter_5,1.0,1.0,4,2,0,0,1.55,1.62
2026-06-03 04:30:00,Counter_1,1.0,2.0,4,2,0,0,1.74,1.7
2026-06-03 04:30:00,Counter_2,3.0,2.0,4,2,0,0,1.34,4.15
2026-06-03 04:30:00,Counter_3,2.0,2.0,4,2,0,0,1.1,2.41
2026-06-03 04:30:00,Counter_4,2.0,2.0,4,2,0,0,1.37,2.98
2026-06-03 04:30:00,Counter_5,1.0,2.0,4,2,0,0,1.05,1.1
2026-06-03 04:35:00,Counter_1,2.0,2.0,4,2,0,0,1.56,3.12
2026-06-03 04:35:00,Counter_2,2.0,2.0,4,2,0,0,1.07,2.17
2026-06-03 04:35:00,Counter_3,0.0,2.0,4,2,0,0,1.2,0.03
2026-06-03 04:35:00,Counter_4,0.0,1.0,4,2,0,0,,0.09
2026-06-03 04:35:00,Counter_5,3.0,2.0,4,2,0,0,1.3,4.11
2026-06-03 04:40:00,Counter_1,1.0,2.0,4,2,0,0,1.3,1.26
2026-06-03 04:40:00,Counter_2,1.0,,4,2,0,0,1.44,1.24
2026-06-03 04:40:00,Counter_3,3.0,2.0,4,2,0,0,1.28,3.84
2026-06-03 04:40:00,Counter_4,1.0,2.0,4,2,0,0,1.26,1.4
2026-06-03 04:40:00,Counter_5,2.0,2.0,4,2,0,0,1.11,1.93
2026-06-03 04:45:00,Counter_1,2.0,1.0,4,2,0,0,1.18,2.31
2026-06-03 04:45:00,Counter_2,,1.0,4,2,0,0,0.9,3.44
2026-06-03 04:45:00,Counter_3,2.0,1.0,4,2,0,0,1.6,3.64
2026-06-03 04:45:00,Counter_4,4.0,2.0,4,2,0,0,1.23,4.94
2026-06-03 04:45:00,Counter_5,2.0,1.0,4,2,0,0,1.66,3.63
2026-06-03 04:50:00,Counter_1,2.0,1.0,4,2,0,0,1.22,2.49
2026-06-03 04:50:00,Counter_2,1.0,1.0,4,2,0,0,0.77,0.84
2026-06-03 04:50:00,Counter_3,2.0,1.0,4,2,0,0,1.14,2.27
2026-06-03 04:50:00,Counter_4,6.0,1.0,4,2,0,0,1.25,7.46
2026-06-03 04:50:00,Counter_5,1.0,1.0,4,2,0,0,1.27,1.26
2026-06-03 04:55:00,Counter_1,2.0,1.0,4,2,0,0,1.42,2.71
2026-06-03 04:55:00,Counter_2,2.0,2.0,4,2,0,0,1.29,2.58
2026-06-03 04:55:00,Counter_3,2.0,2.0,4,2,0,0,1.17,2.02
2026-06-03 04:55:00,Counter_4,1.0,2.0,4,2,0,0,1.02,1.05
2026-06-03 04:55:00,Counter_5,1.0,2.0,4,2,0,0,1.15,0.91
2026-06-03 05:00:00,Counter_1,0.0,2.0,5,2,0,0,1.4,0.02
2026-06-03 05:00:00,Counter_2,2.0,2.0,5,2,0,0,1.46,2.98
2026-06-03 05:00:00,Counter_3,2.0,2.0,5,2,0,0,1.08,2.44
2026-06-03 05:00:00,Counter_4,0.0,1.0,5,2,0,0,1.5,0.03
2026-06-03 05:00:00,Counter_5,0.0,2.0,5,2,0,0,1.39,0.24
2026-06-03 05:05:00,Counter_1,0.0,1.0,5,2,0,0,1.03,0.05
2026-06-03 05:05:00,Counter_2,3.0,1.0,5,2,0,0,1.31,4.07
2026-06-03 05:05:00,Counter_3,1.0,1.0,5,2,0,0,1.34,1.32
2026-06-03 05:05:00,Counter_4,1.0,2.0,5,2,0,0,0.98,0.83
2026-06-03 05:05:00,Counter_5,5.0,2.0,5,2,0,0,0.91,4.58
2026-06-03 05:10:00,Counter_1,5.0,1.0,5,2,0,0,1.37,6.48
2026-06-03 05:10:00,Counter_2,0.0,2.0,5,2,0,0,1.14,0.17
2026-06-03 05:10:00,Counter_3,0.0,2.0,5,2,0,0,1.63,0.01
2026-06-03 05:10:00,Counter_4,3.0,1.0,5,2,0,0,1.68,4.97
2026-06-03 05:10:00,Counter_5,0.0,2.0,5,2,0,0,1.37,0.1
2026-06-03 05:15:00,Counter_1,0.0,2.0,5,2,0,0,1.49,0.14
2026-06-03 05:15:00,Counter_2,1.0,1.0,5,2,0,0,0.99,1.15
2026-06-03 05:15:00,Counter_3,3.0,1.0,5,2,0,0,0.92,2.97
2026-06-03 05:15:00,Counter_4,1.0,2.0,5,2,0,0,1.21,1.38
2026-06-03 05:15:00,Counter_5,3.0,2.0,5,2,0,0,0.93,2.86
2026-06-03 05:20:00,Counter_1,3.0,1.0,5,2,0,0,1.33,3.77
2026-06-03 05:20:00,Counter_2,2.0,2.0,5,2,0,0,1.05,1.97
2026-06-03 05:20:00,Counter_3,3.0,1.0,5,2,0,0,1.3,3.67
2026-06-03 05:20:00,Counter_4,1.0,2.0,5,2,0,0,1.21,1.14
2026-06-03 05:20:00,Counter_5,2.0,2.0,5,2,0,0,1.41,2.75
2026-06-03 05:25:00,Counter_1,0.0,1.0,5,2,0,0,1.33,0.09
2026-06-03 05:25:00,Counter_2,0.0,1.0,5,2,0,0,1.15,0.27
2026-06-03 05:25:00,Counter_3,6.0,1.0,5,2,0,0,0.91,5.36
2026-06-03 05:25:00,Counter_4,3.0,2.0,5,2,0,0,1.29,3.8
2026-06-03 05:25:00,Counter_5,2.0,2.0,5,2,0,0,0.81,1.31
2026-06-03 05:30:00,Counter_1,4.0,2.0,5,2,0,0,1.56,6.25
2026-06-03 05:30:00,Counter_2,,2.0,5,2,0,0,1.38,4.12
2026-06-03 05:30:00,Counter_3,1.0,2.0,5,2,0,0,1.46,1.34
2026-06-03 05:30:00,Counter_4,5.0,1.0,5,2,0,0,1.01,5.13
2026-06-03 05:30:00,Counter_5,0.0,2.0,5,2,0,0,1.34,0.03
2026-06-03 05:35:00,Counter_1,6.0,1.0,5,2,0,0,1.08,6.6
2026-06-03 05:35:00,Counter_2,0.0,2.0,5,2,0,0,1.29,0.03
2026-06-03 05:35:00,Counter_3,2.0,2.0,5,2,0,0,1.0,2.14
2026-06-03 05:35:00,Counter_4,3.0,2.0,5,2,0,0,1.23,4.02
2026-06-03 05:35:00,Counter_5,1.0,2.0,5,2,0,0,0.91,0.94
2026-06-03 05:40:00,Counter_1,6.0,1.0,5,2,0,0,1.21,7.07
2026-06-03 05:40:00,Counter_2,3.0,1.0,5,2,0,0,0.84,2.43
2026-06-03 05:40:00,Counter_3,0.0,2.0,5,2,0,0,1.69,0.04
2026-06-03 05:40:00,Counter_4,1.0,2.0,5,2,0,0,1.29,1.11
2026-06-03 05:40:00,Counter_5,0.0,1.0,5,2,0,0,1.25,0.07
2026-06-03 05:45:00,Counter_1,1.0,1.0,5,2,0,0,1.42,1.47
2026-06-03 05:45:00,Counter_2,7.0,1.0,5,2,0,0,0.93,6.52
2026-06-03 05:45:00,Counter_3,2.0,2.0,5,2,0,0,1.05,2.48
2026-06-03 05:45:00,Counter_4,,2.0,5,2,0,0,1.38,3.13
2026-06-03 05:45:00,Counter_5,1.0,2.0,5,2,0,0,1.29,1.43
2026-06-03 05:50:00,Counter_1,,,5,2,0,0,1.07,2.25
2026-06-03 05:50:00,Counter_2,3.0,2.0,5,2,0,0,1.41,4.06
2026-06-03 05:50:00,Counter_3,7.0,1.0,5,2,0,0,1.33,9.35
2026-06-03 05:50:00,Counter_4,2.0,2.0,5,2,0,0,1.38,2.74
2026-06-03 05:50:00,Counter_5,3.0,2.0,5,2,0,0,1.35,4.08
2026-06-03 05:55:00,Counter_1,0.0,1.0,5,2,0,0,1.08,0.0
2026-06-03 05:55:00,Counter_2,4.0,1.0,5,2,0,0,1.23,5.0
2026-06-03 05:55:00,Counter_3,1.0,2.0,5,2,0,0,0.79,0.52
2026-06-03 05:55:00,Counter_4,3.0,1.0,5,2,0,0,1.12,3.97
2026-06-03 05:55:00,Counter_5,0.0,2.0,5,2,0,0,1.19,0.04
2026-06-03 06:00:00,Counter_1,2.0,2.0,6,2,0,0,1.41,3.09
2026-06-03 06:00:00,Counter_2,2.0,2.0,6,2,0,0,1.38,2.5
2026-06-03 06:00:00,Counter_3,0.0,2.0,6,2,0,0,1.06,0.04
2026-06-03 06:00:00,Counter_4,2.0,2.0,6,2,0,0,1.06,2.17
2026-06-03 06:00:00,Counter_5,0.0,1.0,6,2,0,0,1.58,0.14
2026-06-03 06:05:00,Counter_1,2.0,2.0,6,2,0,0,1.18,2.73
2026-06-03 06:05:00,Counter_2,1.0,1.0,6,2,0,0,1.28,1.41
2026-06-03 06:05:00,Counter_3,2.0,2.0,6,2,0,0,1.45,2.89
2026-06-03 06:05:00,Counter_4,1.0,2.0,6,2,0,0,1.23,1.53
2026-06-03 06:05:00,Counter_5,0.0,1.0,6,2,0,0,1.21,0.01
2026-06-03 06:10:00,Counter_1,1.0,2.0,6,2,0,0,1.17,1.22
2026-06-03 06:10:00,Counter_2,,2.0,6,2,0,0,,2.45
2026-06-03 06:10:00,Counter_3,,2.0,6,2,0,0,1.29,2.44
2026-06-03 06:10:00,Counter_4,2.0,2.0,6,2,0,0,0.79,1.78
2026-06-03 06:10:00,Counter_5,0.0,2.0,6,2,0,0,1.16,0.05
2026-06-03 06:15:00,Counter_1,4.0,2.0,6,2,0,0,1.39,5.38
2026-06-03 06:15:00,Counter_2,4.0,1.0,6,2,0,0,1.36,5.83
2026-06-03 06:15:00,Counter_3,1.0,1.0,6,2,0,0,1.6,1.51
2026-06-03 06:15:00,Counter_4,0.0,1.0,6,2,0,0,1.46,0.06
2026-06-03 06:15:00,Counter_5,7.0,1.0,6,2,0,0,1.35,9.29
2026-06-03 06:20:00,Counter_1,3.0,1.0,6,2,0,0,1.26,3.57
2026-06-03 06:20:00,Counter_2,,2.0,6,2,0,0,1.14,2.32
2026-06-03 06:20:00,Counter_3,2.0,2.0,6,2,0,0,1.38,3.08
2026-06-03 06:20:00,Counter_4,1.0,2.0,6,2,0,0,1.33,1.38
2026-06-03 06:20:00,Counter_5,6.0,1.0,6,2,0,0,1.16,7.28
2026-06-03 06:25:00,Counter_1,1.0,2.0,6,2,0,0,1.03,1.24
2026-06-03 06:25:00,Counter_2,2.0,2.0,6,2,0,0,1.24,1.95
2026-06-03 06:25:00,Counter_3,1.0,2.0,6,2,0,0,1.54,1.72
2026-06-03 06:25:00,Counter_4,2.0,2.0,6,2,0,0,1.28,2.44
2026-06-03 06:25:00,Counter_5,3.0,2.0,6,2,0,0,1.26,3.88
2026-06-03 06:30:00,Counter_1,7.0,1.0,6,2,0,0,1.36,9.51
2026-06-03 06:30:00,Counter_2,3.0,2.0,6,2,0,0,1.37,4.67
2026-06-03 06:30:00,Counter_3,1.0,2.0,6,2,0,0,1.31,1.4
2026-06-03 06:30:00,Counter_4,3.0,2.0,6,2,0,0,1.24,3.84
2026-06-03 06:30:00,Counter_5,0.0,2.0,6,2,0,0,1.12,0.06
2026-06-03 06:35:00,Counter_1,0.0,2.0,6,2,0,0,1.5,0.11
2026-06-03 06:35:00,Counter_2,2.0,2.0,6,2,0,0,1.14,2.5
2026-06-03 06:35:00,Counter_3,0.0,2.0,6,2,0,0,1.64,0.01
2026-06-03 06:35:00,Counter_4,2.0,2.0,6,2,0,0,1.29,2.44
2026-06-03 06:35:00,Counter_5,4.0,2.0,6,2,0,0,1.26,5.2
2026-06-03 06:40:00,Counter_1,2.0,2.0,6,2,0,0,1.44,2.58
2026-06-03 06:40:00,Counter_2,4.0,1.0,6,2,0,0,1.09,4.55
2026-06-03 06:40:00,Counter_3,3.0,2.0,6,2,0,0,1.39,4.14
2026-06-03 06:40:00,Counter_4,,1.0,6,2,0,0,,6.38
2026-06-03 06:40:00,Counter_5,0.0,2.0,6,2,0,0,1.35,0.01
2026-06-03 06:45:00,Counter_1,1.0,2.0,6,2,0,0,1.08,1.26
2026-06-03 06:45:00,Counter_2,7.0,1.0,6,2,0,0,1.08,7.61
2026-06-03 06:45:00,Counter_3,2.0,1.0,6,2,0,0,0.79,1.49
2026-06-03 06:45:00,Counter_4,3.0,2.0,6,2,0,0,1.14,3.23
2026-06-03 06:45:00,Counter_5,2.0,2.0,6,2,0,0,1.12,2.4
2026-06-03 06:50:00,Counter_1,1.0,2.0,6,2,0,0,1.08,1.15
2026-06-03 06:50:00,Counter_2,1.0,2.0,6,2,0,0,1.22,1.22
2026-06-03 06:50:00,Counter_3,3.0,2.0,6,2,0,0,1.27,3.61
2026-06-03 06:50:00,Counter_4,1.0,,6,2,0,0,1.37,1.43
2026-06-03 06:50:00,Counter_5,1.0,2.0,6,2,0,0,1.39,1.44
2026-06-03 06:55:00,Counter_1,0.0,2.0,6,2,0,0,1.41,0.11
2026-06-03 06:55:00,Counter_2,2.0,2.0,6,2,0,0,1.42,2.6
2026-06-03 06:55:00,Counter_3,8.0,1.0,6,2,0,0,1.32,10.42
2026-06-03 06:55:00,Counter_4,2.0,2.0,6,2,0,0,1.26,2.91
2026-06-03 06:55:00,Counter_5,6.0,1.0,6,2,0,0,1.48,8.92
2026-06-03 07:00:00,Counter_1,1.0,1.0,7,2,0,0,1.42,1.47
2026-06-03 07:00:00,Counter_2,3.0,1.0,7,2,0,0,0.88,2.83
2026-06-03 07:00:00,Counter_3,1.0,2.0,7,2,0,0,1.21,1.57
2026-06-03 07:00:00,Counter_4,2.0,2.0,7,2,0,0,0.8,1.37
2026-06-03 07:00:00,Counter_5,1.0,2.0,7,2,0,0,0.79,1.23
2026-06-03 07:05:00,Counter_1,8.0,1.0,7,2,0,0,1.12,8.95
2026-06-03 07:05:00,Counter_2,3.0,2.0,7,2,0,0,1.22,3.71
2026-06-03 07:05:00,Counter_3,2.0,2.0,7,2,0,0,1.14,2.29
2026-06-03 07:05:00,Counter_4,1.0,2.0,7,2,0,0,0.81,1.11
2026-06-03 07:05:00,Counter_5,1.0,2.0,7,2,0,0,1.44,1.63
2026-06-03 07:10:00,Counter_1,2.0,2.0,7,2,0,0,1.07,2.11
2026-06-03 07:10:00,Counter_2,2.0,2.0,7,2,0,0,1.37,2.51
2026-06-03 07:10:00,Counter_3,3.0,1.0,7,2,0,0,1.08,3.19
2026-06-03 07:10:00,Counter_4,2.0,1.0,7,2,0,0,1.13,1.99
2026-06-03 07:10:00,Counter_5,4.0,1.0,7,2,0,0,1.36,5.62
2026-06-03 07:15:00,Counter_1,2.0,2.0,7,2,0,0,1.16,2.18
2026-06-03 07:15:00,Counter_2,3.0,2.0,7,2,0,0,1.29,3.85
2026-06-03 07:15:00,Counter_3,1.0,2.0,7,2,0,0,1.32,1.55
2026-06-03 07:15:00,Counter_4,0.0,1.0,7,2,0,0,0.89,0.11
2026-06-03 07:15:00,Counter_5,0.0,2.0,7,2,0,0,1.37,0.17
2026-06-03 07:20:00,Counter_1,1.0,2.0,7,2,0,0,1.02,0.86
2026-06-03 07:20:00,Counter_2,3.0,2.0,7,2,0,0,0.97,3.01
2026-06-03 07:20:00,Counter_3,2.0,1.0,7,2,0,0,1.07,1.98
2026-06-03 07:20:00,Counter_4,2.0,2.0,7,2,0,0,1.45,3.0
2026-06-03 07:20:00,Counter_5,2.0,2.0,7,2,0,0,0.85,1.44
2026-06-03 07:25:00,Counter_1,2.0,2.0,7,2,0,0,1.41,3.06
2026-06-03 07:25:00,Counter_2,,1.0,7,2,0,0,1.33,0.0
2026-06-03 07:25:00,Counter_3,6.0,1.0,7,2,0,0,1.27,7.62
2026-06-03 07:25:00,Counter_4,1.0,2.0,7,2,0,0,1.31,1.39
2026-06-03 07:25:00,Counter_5,0.0,2.0,7,2,0,0,1.18,0.21
2026-06-03 07:30:00,Counter_1,3.0,1.0,7,2,0,0,1.42,4.27
2026-06-03 07:30:00,Counter_2,2.0,2.0,7,2,0,0,1.14,2.54
2026-06-03 07:30:00,Counter_3,3.0,1.0,7,2,0,0,0.84,2.73
2026-06-03 07:30:00,Counter_4,1.0,2.0,7,2,0,0,1.23,1.37
2026-06-03 07:30:00,Counter_5,2.0,2.0,7,2,0,0,1.45,2.95
2026-06-03 07:35:00,Counter_1,1.0,1.0,7,2,0,0,1.37,1.31
2026-06-03 07:35:00,Counter_2,0.0,1.0,7,2,0,0,1.7,0.21
2026-06-03 07:35:00,Counter_3,0.0,2.0,7,2,0,0,1.19,0.05
2026-06-03 07:35:00,Counter_4,,2.0,7,2,0,0,1.21,3.99
2026-06-03 07:35:00,Counter_5,6.0,1.0,7,2,0,0,1.19,7.28
2026-06-03 07:40:00,Counter_1,1.0,2.0,7,2,0,0,1.06,1.3
2026-06-03 07:40:00,Counter_2,1.0,2.0,7,2,0,0,1.13,1.22
2026-06-03 07:40:00,Counter_3,1.0,2.0,7,2,0,0,0.99,0.97
2026-06-03 07:40:00,Counter_4,0.0,2.0,7,2,0,0,0.68,0.06
2026-06-03 07:40:00,Counter_5,0.0,2.0,7,2,0,0,1.1,0.04
2026-06-03 07:45:00,Counter_1,,2.0,7,2,0,0,1.26,0.02
2026-06-03 07:45:00,Counter_2,1.0,2.0,7,2,0,0,1.41,1.37
2026-06-03 07:45:00,Counter_3,1.0,2.0,7,2,0,0,,0.83
2026-06-03 07:45:00,Counter_4,4.0,1.0,7,2,0,0,1.11,4.57
2026-06-03 07:45:00,Counter_5,1.0,2.0,7,2,0,0,1.51,1.76
2026-06-03 07:50:00,Counter_1,9.0,1.0,7,2,0,0,0.92,7.94
2026-06-03 07:50:00,Counter_2,3.0,2.0,7,2,0,0,1.21,3.55
2026-06-03 07:50:00,Counter_3,3.0,2.0,7,2,0,0,1.49,4.44
2026-06-03 07:50:00,Counter_4,3.0,1.0,7,2,0,0,1.07,3.27
2026-06-03 07:50:00,Counter_5,,1.0,7,2,0,0,0.87,0.3
2026-06-03 07:55:00,Counter_1,2.0,1.0,7,2,0,0,1.68,3.3
2026-06-03 07:55:00,Counter_2,3.0,1.0,7,2,0,0,1.45,4.54
2026-06-03 07:55:00,Counter_3,2.0,2.0,7,2,0,0,1.46,2.94
2026-06-03 07:55:00,Counter_4,1.0,2.0,7,2,0,0,1.23,1.11
2026-06-03 07:55:00,Counter_5,0.0,1.0,7,2,0,0,1.41,0.13
2026-06-03 08:00:00,Counter_1,0.0,1.0,8,2,0,0,0.63,0.1
2026-06-03 08:00:00,Counter_2,2.0,2.0,8,2,0,0,1.14,2.23
2026-06-03 08:00:00,Counter_3,0.0,1.0,8,2,0,0,1.49,0.01
2026-06-03 08:00:00,Counter_4,1.0,2.0,8,2,0,0,0.9,0.78
2026-06-03 08:00:00,Counter_5,6.0,1.0,8,2,0,0,1.17,7.53
2026-06-03 08:05:00,Counter_1,3.0,2.0,8,2,0,0,1.33,4.25
2026-06-03 08:05:00,Counter_2,1.0,2.0,8,2,0,0,1.05,1.09
2026-06-03 08:05:00,Counter_3,9.0,1.0,8,2,0,0,1.25,11.34
2026-06-03 08:05:00,Counter_4,4.0,1.0,8,2,0,0,1.35,5.5
2026-06-03 08:05:00,Counter_5,1.0,2.0,8,2,0,0,1.33,1.45
2026-06-03 08:10:00,Counter_1,7.0,1.0,8,2,0,0,1.15,8.36
2026-06-03 08:10:00,Counter_2,2.0,2.0,8,2,0,0,1.04,2.27
2026-06-03 08:10:00,Counter_3,7.0,1.0,8,2,0,0,1.35,9.05
2026-06-03 08:10:00,Counter_4,2.0,2.0,8,2,0,0,,2.83
2026-06-03 08:10:00,Counter_5,1.0,2.0,8,2,0,0,1.32,1.15
2026-06-03 08:15:00,Counter_1,2.0,2.0,8,2,0,0,1.28,2.45
2026-06-03 08:15:00,Counter_2,0.0,1.0,8,2,0,0,1.34,0.01
2026-06-03 08:15:00,Counter_3,1.0,2.0,8,2,0,0,1.47,1.1
2026-06-03 08:15:00,Counter_4,4.0,2.0,8,2,0,0,1.33,5.66
2026-06-03 08:15:00,Counter_5,5.0,2.0,8,2,0,0,1.27,6.51
2026-06-03 08:20:00,Counter_1,3.0,2.0,8,2,0,0,1.12,3.43
2026-06-03 08:20:00,Counter_2,0.0,1.0,8,2,0,0,1.6,0.05
2026-06-03 08:20:00,Counter_3,1.0,1.0,8,2,0,0,0.97,1.2
2026-06-03 08:20:00,Counter_4,2.0,1.0,8,2,0,0,1.2,2.44
2026-06-03 08:20:00,Counter_5,6.0,1.0,8,2,0,0,1.12,6.87
2026-06-03 08:25:00,Counter_1,1.0,1.0,8,2,0,0,0.79,0.59
2026-06-03 08:25:00,Counter_2,2.0,1.0,8,2,0,0,1.34,2.84
2026-06-03 08:25:00,Counter_3,0.0,1.0,8,2,0,0,1.2,0.01
2026-06-03 08:25:00,Counter_4,4.0,1.0,8,2,0,0,1.26,5.33
2026-06-03 08:25:00,Counter_5,,1.0,8,2,0,0,1.21,0.02
2026-06-03 08:30:00,Counter_1,7.0,1.0,8,2,0,0,1.44,10.14
2026-06-03 08:30:00,Counter_2,4.0,1.0,8,2,0,0,1.47,5.7
2026-06-03 08:30:00,Counter_3,3.0,2.0,8,2,0,0,0.97,2.91
2026-06-03 08:30:00,Counter_4,10.0,1.0,8,2,0,0,1.69,17.02
2026-06-03 08:30:00,Counter_5,2.0,1.0,8,2,0,0,1.19,2.52
2026-06-03 08:35:00,Counter_1,5.0,1.0,8,2,0,0,1.4,7.34
2026-06-03 08:35:00,Counter_2,1.0,2.0,8,2,0,0,1.3,1.39
2026-06-03 08:35:00,Counter_3,1.0,2.0,8,2,0,0,1.28,1.26
2026-06-03 08:35:00,Counter_4,2.0,1.0,8,2,0,0,1.39,2.89
2026-06-03 08:35:00,Counter_5,0.0,2.0,8,2,0,0,1.58,0.01
2026-06-03 08:40:00,Counter_1,3.0,2.0,8,2,0,0,1.44,4.59
2026-06-03 08:40:00,Counter_2,0.0,2.0,8,2,0,0,1.19,0.03
2026-06-03 08:40:00,Counter_3,0.0,2.0,8,2,0,0,1.23,0.01
2026-06-03 08:40:00,Counter_4,0.0,2.0,8,2,0,0,1.11,0.1
2026-06-03 08:40:00,Counter_5,7.0,1.0,8,2,0,0,1.43,10.03
2026-06-03 08:45:00,Counter_1,1.0,1.0,8,2,0,0,1.4,1.53
2026-06-03 08:45:00,Counter_2,0.0,2.0,8,2,0,0,1.16,0.15
2026-06-03 08:45:00,Counter_3,0.0,2.0,8,2,0,0,1.58,0.03
2026-06-03 08:45:00,Counter_4,8.0,2.0,8,2,0,0,1.52,12.12
2026-06-03 08:45:00,Counter_5,2.0,1.0,8,2,0,0,1.71,2.89
2026-06-03 08:50:00,Counter_1,3.0,1.0,8,2,0,0,1.05,3.19
2026-06-03 08:50:00,Counter_2,0.0,2.0,8,2,0,0,1.22,0.01
2026-06-03 08:50:00,Counter_3,1.0,2.0,8,2,0,0,1.2,1.2
2026-06-03 08:50:00,Counter_4,1.0,2.0,8,2,0,0,1.9,2.2
2026-06-03 08:50:00,Counter_5,3.0,2.0,8,2,0,0,1.25,3.86
2026-06-03 08:55:00,Counter_1,1.0,1.0,8,2,0,0,1.57,1.49
2026-06-03 08:55:00,Counter_2,1.0,,8,2,0,0,1.51,1.33
2026-06-03 08:55:00,Counter_3,2.0,2.0,8,2,0,0,1.23,2.23
2026-06-03 08:55:00,Counter_4,2.0,2.0,8,2,0,0,1.26,2.43
2026-06-03 08:55:00,Counter_5,0.0,2.0,8,2,0,0,1.38,0.06
2026-06-03 09:00:00,Counter_1,2.0,2.0,9,2,0,0,1.56,2.7
2026-06-03 09:00:00,Counter_2,1.0,1.0,9,2,0,0,1.21,1.18
2026-06-03 09:00:00,Counter_3,,1.0,9,2,0,0,1.12,9.12
2026-06-03 09:00:00,Counter_4,14.0,1.0,9,2,0,0,1.48,20.51
2026-06-03 09:00:00,Counter_5,4.0,2.0,9,2,0,0,0.96,3.8
2026-06-03 09:05:00,Counter_1,4.0,1.0,9,2,0,0,1.31,5.04
2026-06-03 09:05:00,Counter_2,8.0,1.0,9,2,0,0,1.52,11.62
2026-06-03 09:05:00,Counter_3,5.0,2.0,9,2,0,0,1.36,6.64
2026-06-03 09:05:00,Counter_4,8.0,1.0,9,2,0,0,1.11,8.67
2026-06-03 09:05:00,Counter_5,12.0,1.0,9,2,0,0,1.0,12.16
2026-06-03 09:10:00,Counter_1,5.0,2.0,9,2,0,0,1.55,7.85
2026-06-03 09:10:00,Counter_2,6.0,2.0,9,2,0,0,1.21,7.05
2026-06-03 09:10:00,Counter_3,6.0,2.0,9,2,0,0,1.02,6.38
2026-06-03 09:10:00,Counter_4,2.0,2.0,9,2,0,0,1.53,3.21
2026-06-03 09:10:00,Counter_5,4.0,2.0,9,2,0,0,1.45,5.75
2026-06-03 09:15:00,Counter_1,3.0,2.0,9,2,0,0,0.99,3.04
2026-06-03 09:15:00,Counter_2,4.0,2.0,9,2,0,0,1.88,7.33
2026-06-03 09:15:00,Counter_3,13.0,1.0,9,2,0,0,1.11,13.94
2026-06-03 09:15:00,Counter_4,6.0,2.0,9,2,0,0,1.45,8.72
2026-06-03 09:15:00,Counter_5,5.0,1.0,9,2,0,0,1.75,8.48
2026-06-03 09:20:00,Counter_1,12.0,1.0,9,2,0,0,1.47,17.59
2026-06-03 09:20:00,Counter_2,13.0,1.0,9,2,0,0,1.31,17.11
2026-06-03 09:20:00,Counter_3,5.0,1.0,9,2,0,0,0.89,4.06
2026-06-03 09:20:00,Counter_4,4.0,2.0,9,2,0,0,1.76,7.08
2026-06-03 09:20:00,Counter_5,6.0,2.0,9,2,0,0,1.47,8.99
2026-06-03 09:25:00,Counter_1,3.0,1.0,9,2,0,0,0.9,2.28
2026-06-03 09:25:00,Counter_2,,2.0,9,2,0,0,1.64,3.42
2026-06-03 09:25:00,Counter_3,2.0,2.0,9,2,0,0,1.27,2.92
2026-06-03 09:25:00,Counter_4,2.0,2.0,9,2,0,0,1.18,2.31
2026-06-03 09:25:00,Counter_5,3.0,2.0,9,2,0,0,1.11,3.48
2026-06-03 09:30:00,Counter_1,10.0,1.0,9,2,0,0,1.29,12.7
2026-06-03 09:30:00,Counter_2,4.0,2.0,9,2,0,0,1.45,5.98
2026-06-03 09:30:00,Counter_3,,2.0,9,2,0,0,1.13,5.75
2026-06-03 09:30:00,Counter_4,4.0,2.0,9,2,0,0,1.28,5.16
2026-06-03 09:30:00,Counter_5,11.0,1.0,9,2,0,0,2.1,23.13
2026-06-03 09:35:00,Counter_1,6.0,1.0,9,2,0,0,1.37,8.3
2026-06-03 09:35:00,Counter_2,1.0,2.0,9,2,0,0,,1.48
2026-06-03 09:35:00,Counter_3,16.0,1.0,9,2,0,0,1.01,15.97
2026-06-03 09:35:00,Counter_4,3.0,2.0,9,2,0,0,0.91,2.7
2026-06-03 09:35:00,Counter_5,2.0,2.0,9,2,0,0,1.62,3.23
2026-06-03 09:40:00,Counter_1,6.0,1.0,9,2,0,0,1.54,9.01
2026-06-03 09:40:00,Counter_2,3.0,2.0,9,2,0,0,1.68,5.02
2026-06-03 09:40:00,Counter_3,4.0,2.0,9,2,0,0,1.23,4.91
2026-06-03 09:40:00,Counter_4,6.0,1.0,9,2,0,0,1.56,9.26
2026-06-03 09:40:00,Counter_5,4.0,2.0,9,2,0,0,0.61,2.51
2026-06-03 09:45:00,Counter_1,6.0,2.0,9,2,0,0,1.39,8.46
2026-06-03 09:45:00,Counter_2,2.0,2.0,9,2,0,0,1.51,2.89
2026-06-03 09:45:00,Counter_3,2.0,2.0,9,2,0,0,1.08,2.19
2026-06-03 09:45:00,Counter_4,,2.0,9,2,0,0,1.51,10.75
2026-06-03 09:45:00,Counter_5,9.0,1.0,9,2,0,0,1.21,10.69
2026-06-03 09:50:00,Counter_1,1.0,2.0,9,2,0,0,1.23,0.9
2026-06-03 09:50:00,Counter_2,6.0,2.0,9,2,0,0,1.19,6.95
2026-06-03 09:50:00,Counter_3,7.0,1.0,9,2,0,0,1.65,11.66
2026-06-03 09:50:00,Counter_4,5.0,2.0,9,2,0,0,1.14,5.61
2026-06-03 09:50:00,Counter_5,5.0,2.0,9,2,0,0,1.11,5.3
2026-06-03 09:55:00,Counter_1,3.0,,9,2,0,0,1.04,3.37
2026-06-03 09:55:00,Counter_2,7.0,2.0,9,2,0,0,1.16,7.88
2026-06-03 09:55:00,Counter_3,12.0,,9,2,0,0,1.3,15.57
2026-06-03 09:55:00,Counter_4,4.0,2.0,9,2,0,0,,5.79
2026-06-03 09:55:00,Counter_5,5.0,2.0,9,2,0,0,1.06,5.43
2026-06-03 10:00:00,Counter_1,9.0,1.0,10,2,0,0,1.34,12.14
2026-06-03 10:00:00,Counter_2,6.0,2.0,10,2,0,0,1.4,8.27
2026-06-03 10:00:00,Counter_3,2.0,2.0,10,2,0,0,1.02,2.15
2026-06-03 10:00:00,Counter_4,3.0,2.0,10,2,0,0,1.27,3.81
2026-06-03 10:00:00,Counter_5,3.0,2.0,10,2,0,0,1.23,3.77
2026-06-03 10:05:00,Counter_1,7.0,2.0,10,2,0,0,1.27,9.16
2026-06-03 10:05:00,Counter_2,16.0,1.0,10,2,0,0,1.12,17.68
2026-06-03 10:05:00,Counter_3,3.0,2.0,10,2,0,0,1.22,3.74
2026-06-03 10:05:00,Counter_4,2.0,2.0,10,2,0,0,1.26,2.55
2026-06-03 10:05:00,Counter_5,11.0,,10,2,0,0,1.72,19.11
2026-06-03 10:10:00,Counter_1,2.0,1.0,10,2,0,0,1.26,2.88
2026-06-03 10:10:00,Counter_2,5.0,2.0,10,2,0,0,1.58,8.25
2026-06-03 10:10:00,Counter_3,4.0,2.0,10,2,0,0,1.6,6.57
2026-06-03 10:10:00,Counter_4,4.0,2.0,10,2,0,0,0.92,3.56
2026-06-03 10:10:00,Counter_5,3.0,2.0,10,2,0,0,1.18,3.46
2026-06-03 10:15:00,Counter_1,0.0,2.0,10,2,0,0,1.6,0.05
2026-06-03 10:15:00,Counter_2,9.0,1.0,10,2,0,0,1.3,11.44
2026-06-03 10:15:00,Counter_3,3.0,2.0,10,2,0,0,1.22,3.61
2026-06-03 10:15:00,Counter_4,7.0,2.0,10,2,0,0,1.44,9.93
2026-06-03 10:15:00,Counter_5,5.0,1.0,10,2,0,0,1.52,7.36
2026-06-03 10:20:00,Counter_1,5.0,2.0,10,2,0,0,1.24,6.25
2026-06-03 10:20:00,Counter_2,3.0,2.0,10,2,0,0,1.18,3.7
2026-06-03 10:20:00,Counter_3,4.0,2.0,10,2,0,0,0.66,2.76
2026-06-03 10:20:00,Counter_4,0.0,2.0,10,2,0,0,1.26,0.02
2026-06-03 10:20:00,Counter_5,2.0,2.0,10,2,0,0,,2.23
2026-06-03 10:25:00,Counter_1,9.0,1.0,10,2,0,0,1.0,8.9
2026-06-03 10:25:00,Counter_2,5.0,2.0,10,2,0,0,1.2,6.17
2026-06-03 10:25:00,Counter_3,5.0,2.0,10,2,0,0,1.15,5.65
2026-06-03 10:25:00,Counter_4,9.0,1.0,10,2,0,0,1.29,11.5
2026-06-03 10:25:00,Counter_5,3.0,1.0,10,2,0,0,1.18,3.62
2026-06-03 10:30:00,Counter_1,0.0,2.0,10,2,0,0,1.36,0.03
2026-06-03 10:30:00,Counter_2,3.0,2.0,10,2,0,0,1.29,3.89
2026-06-03 10:30:00,Counter_3,4.0,2.0,10,2,0,0,1.57,6.17
2026-06-03 10:30:00,Counter_4,1.0,2.0,10,2,0,0,1.12,0.99
2026-06-03 10:30:00,Counter_5,4.0,1.0,10,2,0,0,1.69,6.71
2026-06-03 10:35:00,Counter_1,5.0,2.0,10,2,0,0,1.52,7.75
2026-06-03 10:35:00,Counter_2,9.0,2.0,10,2,0,0,1.62,14.62
2026-06-03 10:35:00,Counter_3,5.0,2.0,10,2,0,0,1.31,6.61
2026-06-03 10:35:00,Counter_4,5.0,2.0,10,2,0,0,1.18,6.05
2026-06-03 10:35:00,Counter_5,1.0,2.0,10,2,0,0,1.12,1.24
2026-06-03 10:40:00,Counter_1,9.0,1.0,10,2,0,0,1.69,15.17
2026-06-03 10:40:00,Counter_2,11.0,1.0,10,2,0,0,1.52,16.83
2026-06-03 10:40:00,Counter_3,1.0,2.0,10,2,0,0,1.0,0.97
2026-06-03 10:40:00,Counter_4,11.0,1.0,10,2,0,0,1.49,16.48
2026-06-03 10:40:00,Counter_5,5.0,2.0,10,2,0,0,1.04,5.41
2026-06-03 10:45:00,Counter_1,3.0,2.0,10,2,0,0,1.33,4.09
2026-06-03 10:45:00,Counter_2,6.0,2.0,10,2,0,0,1.46,8.51
2026-06-03 10:45:00,Counter_3,4.0,2.0,10,2,0,0,1.61,6.34
2026-06-03 10:45:00,Counter_4,2.0,2.0,10,2,0,0,1.31,2.75
2026-06-03 10:45:00,Counter_5,12.0,1.0,10,2,0,0,1.22,14.21
2026-06-03 10:50:00,Counter_1,5.0,2.0,10,2,0,0,1.26,6.36
2026-06-03 10:50:00,Counter_2,4.0,2.0,10,2,0,0,1.52,6.13
2026-06-03 10:50:00,Counter_3,2.0,2.0,10,2,0,0,1.45,3.45
2026-06-03 10:50:00,Counter_4,9.0,1.0,10,2,0,0,1.25,11.34
2026-06-03 10:50:00,Counter_5,4.0,2.0,10,2,0,0,0.78,3.1
2026-06-03 10:55:00,Counter_1,1.0,2.0,10,2,0,0,0.64,0.87
2026-06-03 10:55:00,Counter_2,10.0,1.0,10,2,0,0,1.31,13.03
2026-06-03 10:55:00,Counter_3,4.0,2.0,10,2,0,0,0.95,3.81
2026-06-03 10:55:00,Counter_4,7.0,2.0,10,2,0,0,1.12,7.86
2026-06-03 10:55:00,Counter_5,,2.0,10,2,0,0,1.19,7.26
2026-06-03 11:00:00,Counter_1,10.0,3.0,11,2,0,0,1.77,17.52
2026-06-03 11:00:00,Counter_2,11.0,3.0,11,2,0,0,1.28,14.25
2026-06-03 11:00:00,Counter_3,7.0,3.0,11,2,0,0,1.43,9.9
2026-06-03 11:00:00,Counter_4,6.0,3.0,11,2,0,0,1.38,8.69
2026-06-03 11:00:00,Counter_5,5.0,5.0,11,2,0,0,0.64,2.9
2026-06-03 11:05:00,Counter_1,2.0,5.0,11,2,0,0,1.15,2.15
2026-06-03 11:05:00,Counter_2,8.0,4.0,11,2,0,0,0.94,7.11
2026-06-03 11:05:00,Counter_3,2.0,5.0,11,2,0,0,1.68,3.95
2026-06-03 11:05:00,Counter_4,11.0,3.0,11,2,0,0,0.8,8.55
2026-06-03 11:05:00,Counter_5,10.0,3.0,11,2,0,0,1.14,11.55
2026-06-03 11:10:00,Counter_1,6.0,5.0,11,2,0,0,1.18,7.23
2026-06-03 11:10:00,Counter_2,4.0,4.0,11,2,0,0,1.0,3.82
2026-06-03 11:10:00,Counter_3,6.0,3.0,11,2,0,0,1.28,7.83
2026-06-03 11:10:00,Counter_4,5.0,5.0,11,2,0,0,1.24,5.99
2026-06-03 11:10:00,Counter_5,5.0,5.0,11,2,0,0,1.29,6.29
2026-06-03 11:15:00,Counter_1,7.0,4.0,11,2,0,0,1.38,9.35
2026-06-03 11:15:00,Counter_2,7.0,3.0,11,2,0,0,1.31,9.3
2026-06-03 11:15:00,Counter_3,6.0,4.0,11,2,0,0,1.35,7.71
2026-06-03 11:15:00,Counter_4,5.0,4.0,11,2,0,0,1.53,7.73
2026-06-03 11:15:00,Counter_5,5.0,5.0,11,2,0,0,0.84,4.18
2026-06-03 11:20:00,Counter_1,5.0,5.0,11,2,0,0,1.42,7.45
2026-06-03 11:20:00,Counter_2,6.0,5.0,11,2,0,0,0.99,5.95
2026-06-03 11:20:00,Counter_3,4.0,5.0,11,2,0,0,1.09,4.53
2026-06-03 11:20:00,Counter_4,6.0,4.0,11,2,0,0,1.28,7.78
2026-06-03 11:20:00,Counter_5,6.0,4.0,11,2,0,0,,8.08
2026-06-03 11:25:00,Counter_1,6.0,4.0,11,2,0,0,1.38,8.5
2026-06-03 11:25:00,Counter_2,9.0,4.0,11,2,0,0,1.01,9.17
2026-06-03 11:25:00,Counter_3,8.0,3.0,11,2,0,0,1.66,13.46
2026-06-03 11:25:00,Counter_4,7.0,4.0,11,2,0,0,1.15,7.86
2026-06-03 11:25:00,Counter_5,7.0,3.0,11,2,0,0,1.07,7.6
2026-06-03 11:30:00,Counter_1,5.0,5.0,11,2,0,0,0.93,4.81
2026-06-03 11:30:00,Counter_2,5.0,4.0,11,2,0,0,0.91,4.33
2026-06-03 11:30:00,Counter_3,7.0,5.0,11,2,0,0,0.9,6.29
2026-06-03 11:30:00,Counter_4,6.0,4.0,11,2,0,0,1.33,7.63
2026-06-03 11:30:00,Counter_5,5.0,5.0,11,2,0,0,1.4,6.68
2026-06-03 11:35:00,Counter_1,6.0,3.0,11,2,0,0,1.03,6.17
2026-06-03 11:35:00,Counter_2,5.0,5.0,11,2,0,0,0.96,5.16
2026-06-03 11:35:00,Counter_3,12.0,3.0,11,2,0,0,1.2,14.78
2026-06-03 11:35:00,Counter_4,6.0,4.0,11,2,0,0,1.27,7.56
2026-06-03 11:35:00,Counter_5,7.0,3.0,11,2,0,0,1.32,9.05
2026-06-03 11:40:00,Counter_1,9.0,4.0,11,2,0,0,1.01,9.28
2026-06-03 11:40:00,Counter_2,4.0,5.0,11,2,0,0,1.21,4.44
2026-06-03 11:40:00,Counter_3,6.0,5.0,11,2,0,0,1.64,9.76
2026-06-03 11:40:00,Counter_4,9.0,3.0,11,2,0,0,0.95,8.4
2026-06-03 11:40:00,Counter_5,4.0,4.0,11,2,0,0,1.24,4.94
2026-06-03 11:45:00,Counter_1,7.0,5.0,11,2,0,0,1.37,9.87
2026-06-03 11:45:00,Counter_2,6.0,4.0,11,2,0,0,1.01,5.54
2026-06-03 11:45:00,Counter_3,10.0,3.0,11,2,0,0,1.4,14.06
2026-06-03 11:45:00,Counter_4,6.0,4.0,11,2,0,0,0.92,5.59
2026-06-03 11:45:00,Counter_5,,4.0,11,2,0,0,1.41,4.22
2026-06-03 11:50:00,Counter_1,4.0,3.0,11,2,0,0,1.26,5.1
2026-06-03 11:50:00,Counter_2,5.0,,11,2,0,0,0.9,4.6
2026-06-03 11:50:00,Counter_3,7.0,4.0,11,2,0,0,1.42,9.97
2026-06-03 11:50:00,Counter_4,6.0,3.0,11,2,0,0,1.03,5.77
2026-06-03 11:50:00,Counter_5,7.0,4.0,11,2,0,0,1.21,8.29
2026-06-03 11:55:00,Counter_1,3.0,5.0,11,2,0,0,1.41,4.55
2026-06-03 11:55:00,Counter_2,8.0,4.0,11,2,0,0,1.01,7.85
2026-06-03 11:55:00,Counter_3,9.0,3.0,11,2,0,0,1.12,10.1
2026-06-03 11:55:00,Counter_4,5.0,5.0,11,2,0,0,1.53,7.51
2026-06-03 11:55:00,Counter_5,10.0,3.0,11,2,0,0,0.73,7.42
2026-06-03 12:00:00,Counter_1,4.0,5.0,12,2,0,0,1.6,6.36
2026-06-03 12:00:00,Counter_2,5.0,5.0,12,2,0,0,0.88,4.53
2026-06-03 12:00:00,Counter_3,3.0,5.0,12,2,0,0,1.08,3.32
2026-06-03 12:00:00,Counter_4,10.0,4.0,12,2,0,0,1.32,13.12
2026-06-03 12:00:00,Counter_5,5.0,4.0,12,2,0,0,1.4,6.55
2026-06-03 12:05:00,Counter_1,5.0,5.0,12,2,0,0,1.32,6.43
2026-06-03 12:05:00,Counter_2,6.0,3.0,12,2,0,0,1.26,7.32
2026-06-03 12:05:00,Counter_3,10.0,3.0,12,2,0,0,1.14,11.16
2026-06-03 12:05:00,Counter_4,7.0,4.0,12,2,0,0,1.64,11.58
2026-06-03 12:05:00,Counter_5,5.0,5.0,12,2,0,0,1.44,7.6
2026-06-03 12:10:00,Counter_1,7.0,4.0,12,2,0,0,1.54,10.29
2026-06-03 12:10:00,Counter_2,4.0,4.0,12,2,0,0,1.14,4.26
2026-06-03 12:10:00,Counter_3,7.0,4.0,12,2,0,0,0.67,4.74
2026-06-03 12:10:00,Counter_4,7.0,4.0,12,2,0,0,1.51,10.52
2026-06-03 12:10:00,Counter_5,5.0,3.0,12,2,0,0,1.34,6.79
2026-06-03 12:15:00,Counter_1,5.0,4.0,12,2,0,0,1.3,6.49
2026-06-03 12:15:00,Counter_2,8.0,4.0,12,2,0,0,1.11,9.14
2026-06-03 12:15:00,Counter_3,5.0,4.0,12,2,0,0,1.16,5.91
2026-06-03 12:15:00,Counter_4,3.0,5.0,12,2,0,0,1.1,3.48
2026-06-03 12:15:00,Counter_5,4.0,4.0,12,2,0,0,1.26,5.24
2026-06-03 12:20:00,Counter_1,7.0,,12,2,0,0,0.97,6.55
2026-06-03 12:20:00,Counter_2,8.0,4.0,12,2,0,0,1.44,11.64
2026-06-03 12:20:00,Counter_3,8.0,4.0,12,2,0,0,1.76,14.21
2026-06-03 12:20:00,Counter_4,5.0,5.0,12,2,0,0,1.1,5.43
2026-06-03 12:20:00,Counter_5,5.0,5.0,12,2,0,0,0.85,4.18
2026-06-03 12:25:00,Counter_1,,4.0,12,2,0,0,1.22,4.82
2026-06-03 12:25:00,Counter_2,11.0,3.0,12,2,0,0,1.33,14.45
2026-06-03 12:25:00,Counter_3,6.0,4.0,12,2,0,0,1.36,7.88
2026-06-03 12:25:00,Counter_4,8.0,3.0,12,2,0,0,1.65,13.63
2026-06-03 12:25:00,Counter_5,11.0,3.0,12,2,0,0,1.45,16.17
2026-06-03 12:30:00,Counter_1,9.0,4.0,12,2,0,0,0.8,7.21
2026-06-03 12:30:00,Counter_2,4.0,5.0,12,2,0,0,0.94,3.47
2026-06-03 12:30:00,Counter_3,7.0,4.0,12,2,0,0,1.35,9.56
2026-06-03 12:30:00,Counter_4,4.0,3.0,12,2,0,0,1.14,4.49
2026-06-03 12:30:00,Counter_5,5.0,3.0,12,2,0,0,1.63,8.12
2026-06-03 12:35:00,Counter_1,5.0,4.0,12,2,0,0,1.02,5.55
2026-06-03 12:35:00,Counter_2,5.0,5.0,12,2,0,0,1.49,7.83
2026-06-03 12:35:00,Counter_3,5.0,5.0,12,2,0,0,1.09,4.98
2026-06-03 12:35:00,Counter_4,2.0,5.0,12,2,0,0,1.32,2.71
2026-06-03 12:35:00,Counter_5,7.0,5.0,12,2,0,0,1.04,7.31
2026-06-03 12:40:00,Counter_1,5.0,4.0,12,2,0,0,1.39,7.02
2026-06-03 12:40:00,Counter_2,5.0,5.0,12,2,0,0,1.52,7.49
2026-06-03 12:40:00,Counter_3,7.0,3.0,12,2,0,0,1.31,9.17
2026-06-03 12:40:00,Counter_4,6.0,3.0,12,2,0,0,1.73,10.16
2026-06-03 12:40:00,Counter_5,10.0,3.0,12,2,0,0,1.07,10.91
2026-06-03 12:45:00,Counter_1,7.0,3.0,12,2,0,0,1.27,9.09
2026-06-03 12:45:00,Counter_2,9.0,3.0,12,2,0,0,1.46,13.47
2026-06-03 12:45:00,Counter_3,6.0,5.0,12,2,0,0,1.01,5.91
2026-06-03 12:45:00,Counter_4,5.0,4.0,12,2,0,0,1.27,6.4
2026-06-03 12:45:00,Counter_5,9.0,5.0,12,2,0,0,1.42,13.19
2026-06-03 12:50:00,Counter_1,5.0,5.0,12,2,0,0,1.48,7.26
2026-06-03 12:50:00,Counter_2,4.0,5.0,12,2,0,0,1.54,5.96
2026-06-03 12:50:00,Counter_3,8.0,5.0,12,2,0,0,1.03,8.3
2026-06-03 12:50:00,Counter_4,6.0,5.0,12,2,0,0,1.32,8.15
2026-06-03 12:50:00,Counter_5,5.0,4.0,12,2,0,0,0.92,4.47
2026-06-03 12:55:00,Counter_1,11.0,4.0,12,2,0,0,1.07,12.16
2026-06-03 12:55:00,Counter_2,3.0,5.0,12,2,0,0,1.21,3.45
2026-06-03 12:55:00,Counter_3,6.0,5.0,12,2,0,0,1.54,9.37
2026-06-03 12:55:00,Counter_4,5.0,5.0,12,2,0,0,,6.76
2026-06-03 12:55:00,Counter_5,5.0,5.0,12,2,0,0,1.26,6.21
2026-06-03 13:00:00,Counter_1,5.0,4.0,13,2,0,0,1.36,6.96
2026-06-03 13:00:00,Counter_2,2.0,5.0,13,2,0,0,1.38,2.72
2026-06-03 13:00:00,Counter_3,5.0,5.0,13,2,0,0,1.34,6.4
2026-06-03 13:00:00,Counter_4,5.0,4.0,13,2,0,0,1.11,5.39
2026-06-03 13:00:00,Counter_5,8.0,4.0,13,2,0,0,1.01,8.22
2026-06-03 13:05:00,Counter_1,,5.0,13,2,0,0,1.19,7.22
2026-06-03 13:05:00,Counter_2,7.0,4.0,13,2,0,0,1.05,7.5
2026-06-03 13:05:00,Counter_3,6.0,5.0,13,2,0,0,1.41,8.34
2026-06-03 13:05:00,Counter_4,9.0,3.0,13,2,0,0,1.63,14.46
2026-06-03 13:05:00,Counter_5,6.0,4.0,13,2,0,0,1.39,8.18
2026-06-03 13:10:00,Counter_1,6.0,4.0,13,2,0,0,0.8,4.65
2026-06-03 13:10:00,Counter_2,6.0,4.0,13,2,0,0,1.09,6.53
2026-06-03 13:10:00,Counter_3,8.0,3.0,13,2,0,0,1.25,9.76
2026-06-03 13:10:00,Counter_4,6.0,3.0,13,2,0,0,0.89,5.55
2026-06-03 13:10:00,Counter_5,6.0,5.0,13,2,0,0,1.26,7.66
2026-06-03 13:15:00,Counter_1,7.0,4.0,13,2,0,0,1.37,9.42
2026-06-03 13:15:00,Counter_2,8.0,4.0,13,2,0,0,1.6,12.76
2026-06-03 13:15:00,Counter_3,6.0,5.0,13,2,0,0,1.7,10.02
2026-06-03 13:15:00,Counter_4,10.0,4.0,13,2,0,0,0.95,9.47
2026-06-03 13:15:00,Counter_5,1.0,5.0,13,2,0,0,1.22,1.05
2026-06-03 13:20:00,Counter_1,7.0,4.0,13,2,0,0,1.22,8.97
2026-06-03 13:20:00,Counter_2,5.0,5.0,13,2,0,0,1.07,5.03
2026-06-03 13:20:00,Counter_3,5.0,4.0,13,2,0,0,1.27,6.1
2026-06-03 13:20:00,Counter_4,3.0,5.0,13,2,0,0,1.23,3.64
2026-06-03 13:20:00,Counter_5,5.0,4.0,13,2,0,0,1.4,7.02
2026-06-03 13:25:00,Counter_1,4.0,4.0,13,2,0,0,1.59,6.38
2026-06-03 13:25:00,Counter_2,5.0,5.0,13,2,0,0,1.28,6.58
2026-06-03 13:25:00,Counter_3,5.0,,13,2,0,0,1.13,5.74
2026-06-03 13:25:00,Counter_4,4.0,5.0,13,2,0,0,0.99,3.78
2026-06-03 13:25:00,Counter_5,8.0,3.0,13,2,0,0,1.76,14.29
2026-06-03 13:30:00,Counter_1,6.0,4.0,13,2,0,0,1.48,9.01
2026-06-03 13:30:00,Counter_2,6.0,4.0,13,2,0,0,1.35,8.38
2026-06-03 13:30:00,Counter_3,6.0,3.0,13,2,0,0,1.21,7.27
2026-06-03 13:30:00,Counter_4,4.0,4.0,13,2,0,0,1.65,6.82
2026-06-03 13:30:00,Counter_5,6.0,5.0,13,2,0,0,1.21,6.72
2026-06-03 13:35:00,Counter_1,9.0,,13,2,0,0,0.82,7.28
2026-06-03 13:35:00,Counter_2,4.0,3.0,13,2,0,0,1.32,5.1
2026-06-03 13:35:00,Counter_3,7.0,3.0,13,2,0,0,0.94,6.72
2026-06-03 13:35:00,Counter_4,4.0,5.0,13,2,0,0,1.32,5.13
2026-06-03 13:35:00,Counter_5,5.0,4.0,13,2,0,0,1.59,8.15
2026-06-03 13:40:00,Counter_1,4.0,4.0,13,2,0,0,0.83,3.48
2026-06-03 13:40:00,Counter_2,5.0,5.0,13,2,0,0,1.03,5.03
2026-06-03 13:40:00,Counter_3,9.0,3.0,13,2,0,0,1.47,13.28
2026-06-03 13:40:00,Counter_4,3.0,4.0,13,2,0,0,1.13,3.35
2026-06-03 13:40:00,Counter_5,7.0,3.0,13,2,0,0,1.35,9.47
2026-06-03 13:45:00,Counter_1,4.0,3.0,13,2,0,0,1.35,5.55
2026-06-03 13:45:00,Counter_2,6.0,3.0,13,2,0,0,1.47,8.75
2026-06-03 13:45:00,Counter_3,3.0,4.0,13,2,0,0,1.09,2.94
2026-06-03 13:45:00,Counter_4,6.0,4.0,13,2,0,0,0.61,3.78
2026-06-03 13:45:00,Counter_5,5.0,3.0,13,2,0,0,1.35,6.96
2026-06-03 13:50:00,Counter_1,,3.0,13,2,0,0,0.86,3.96
2026-06-03 13:50:00,Counter_2,9.0,3.0,13,2,0,0,1.48,13.31
2026-06-03 13:50:00,Counter_3,7.0,3.0,13,2,0,0,1.24,8.49
2026-06-03 13:50:00,Counter_4,11.0,3.0,13,2,0,0,1.18,13.21
2026-06-03 13:50:00,Counter_5,7.0,3.0,13,2,0,0,1.42,10.18
2026-06-03 13:55:00,Counter_1,5.0,5.0,13,2,0,0,0.81,3.89
2026-06-03 13:55:00,Counter_2,2.0,4.0,13,2,0,0,1.2,2.14
2026-06-03 13:55:00,Counter_3,4.0,5.0,13,2,0,0,1.36,5.49
2026-06-03 13:55:00,Counter_4,7.0,5.0,13,2,0,0,1.31,8.95
2026-06-03 13:55:00,Counter_5,10.0,4.0,13,2,0,0,1.13,11.47
2026-06-03 14:00:00,Counter_1,5.0,2.0,14,2,0,0,1.13,5.62
2026-06-03 14:00:00,Counter_2,6.0,1.0,14,2,0,0,1.64,10.16
2026-06-03 14:00:00,Counter_3,9.0,2.0,14,2,0,0,1.48,13.65
2026-06-03 14:00:00,Counter_4,5.0,1.0,14,2,0,0,1.08,5.71
2026-06-03 14:00:00,Counter_5,7.0,2.0,14,2,0,0,1.59,11.21
2026-06-03 14:05:00,Counter_1,3.0,2.0,14,2,0,0,1.44,4.13
2026-06-03 14:05:00,Counter_2,5.0,1.0,14,2,0,0,1.37,6.55
2026-06-03 14:05:00,Counter_3,5.0,2.0,14,2,0,0,1.38,7.02
2026-06-03 14:05:00,Counter_4,8.0,1.0,14,2,0,0,0.96,7.81
2026-06-03 14:05:00,Counter_5,6.0,2.0,14,2,0,0,1.63,9.83
2026-06-03 14:10:00,Counter_1,1.0,2.0,14,2,0,0,1.49,1.22
2026-06-03 14:10:00,Counter_2,11.0,1.0,14,2,0,0,1.31,14.25
2026-06-03 14:10:00,Counter_3,7.0,1.0,14,2,0,0,1.31,9.19
2026-06-03 14:10:00,Counter_4,14.0,1.0,14,2,0,0,1.23,17.1
2026-06-03 14:10:00,Counter_5,7.0,2.0,14,2,0,0,1.11,7.61
2026-06-03 14:15:00,Counter_1,2.0,2.0,14,2,0,0,1.38,2.57
2026-06-03 14:15:00,Counter_2,8.0,1.0,14,2,0,0,1.05,8.37
2026-06-03 14:15:00,Counter_3,6.0,2.0,14,2,0,0,1.29,7.7
2026-06-03 14:15:00,Counter_4,6.0,1.0,14,2,0,0,1.27,7.45
2026-06-03 14:15:00,Counter_5,9.0,1.0,14,2,0,0,1.35,12.15
2026-06-03 14:20:00,Counter_1,3.0,2.0,14,2,0,0,1.49,4.52
2026-06-03 14:20:00,Counter_2,5.0,2.0,14,2,0,0,1.35,6.82
2026-06-03 14:20:00,Counter_3,7.0,1.0,14,2,0,0,1.42,9.75
2026-06-03 14:20:00,Counter_4,3.0,2.0,14,2,0,0,0.77,2.25
2026-06-03 14:20:00,Counter_5,8.0,1.0,14,2,0,0,1.37,10.96
2026-06-03 14:25:00,Counter_1,6.0,1.0,14,2,0,0,1.27,7.65
2026-06-03 14:25:00,Counter_2,7.0,1.0,14,2,0,0,1.34,9.11
2026-06-03 14:25:00,Counter_3,5.0,2.0,14,2,0,0,1.12,5.53
2026-06-03 14:25:00,Counter_4,5.0,2.0,14,2,0,0,1.54,7.82
2026-06-03 14:25:00,Counter_5,8.0,1.0,14,2,0,0,1.31,10.36
2026-06-03 14:30:00,Counter_1,4.0,2.0,14,2,0,0,1.06,4.31
2026-06-03 14:30:00,Counter_2,2.0,2.0,14,2,0,0,1.11,2.22
2026-06-03 14:30:00,Counter_3,2.0,2.0,14,2,0,0,1.48,2.87
2026-06-03 14:30:00,Counter_4,1.0,2.0,14,2,0,0,1.23,1.48
2026-06-03 14:30:00,Counter_5,8.0,1.0,14,2,0,0,1.25,9.94
2026-06-03 14:35:00,Counter_1,5.0,1.0,14,2,0,0,1.2,5.96
2026-06-03 14:35:00,Counter_2,2.0,2.0,14,2,0,0,1.5,2.9
2026-06-03 14:35:00,Counter_3,17.0,1.0,14,2,0,0,,23.59
2026-06-03 14:35:00,Counter_4,7.0,1.0,14,2,0,0,0.95,6.93
2026-06-03 14:35:00,Counter_5,15.0,1.0,14,2,0,0,1.01,15.38
2026-06-03 14:40:00,Counter_1,,2.0,14,2,0,0,1.25,10.17
2026-06-03 14:40:00,Counter_2,3.0,1.0,14,2,0,0,1.09,3.09
2026-06-03 14:40:00,Counter_3,13.0,1.0,14,2,0,0,0.71,9.14
2026-06-03 14:40:00,Counter_4,8.0,1.0,14,2,0,0,1.06,8.33
2026-06-03 14:40:00,Counter_5,2.0,2.0,14,2,0,0,1.18,2.57
2026-06-03 14:45:00,Counter_1,5.0,2.0,14,2,0,0,1.15,6.22
2026-06-03 14:45:00,Counter_2,9.0,1.0,14,2,0,0,1.43,13.01
2026-06-03 14:45:00,Counter_3,5.0,2.0,14,2,0,0,0.69,3.79
2026-06-03 14:45:00,Counter_4,4.0,2.0,14,2,0,0,1.06,4.33
2026-06-03 14:45:00,Counter_5,2.0,2.0,14,2,0,0,1.45,2.96
2026-06-03 14:50:00,Counter_1,10.0,1.0,14,2,0,0,1.08,10.68
2026-06-03 14:50:00,Counter_2,4.0,2.0,14,2,0,0,0.95,3.92
2026-06-03 14:50:00,Counter_3,4.0,2.0,14,2,0,0,1.08,4.5
2026-06-03 14:50:00,Counter_4,12.0,1.0,14,2,0,0,1.36,16.53
2026-06-03 14:50:00,Counter_5,9.0,1.0,14,2,0,0,1.19,10.73
2026-06-03 14:55:00,Counter_1,9.0,1.0,14,2,0,0,1.07,9.67
2026-06-03 14:55:00,Counter_2,6.0,2.0,14,2,0,0,1.37,8.21
2026-06-03 14:55:00,Counter_3,4.0,2.0,14,2,0,0,1.34,5.25
2026-06-03 14:55:00,Counter_4,3.0,1.0,14,2,0,0,,2.97
2026-06-03 14:55:00,Counter_5,7.0,1.0,14,2,0,0,1.27,8.51
2026-06-03 15:00:00,Counter_1,3.0,2.0,15,2,0,0,0.93,2.46
2026-06-03 15:00:00,Counter_2,7.0,2.0,15,2,0,0,1.54,10.67
2026-06-03 15:00:00,Counter_3,2.0,2.0,15,2,0,0,1.56,2.87
2026-06-03 15:00:00,Counter_4,2.0,2.0,15,2,0,0,1.18,2.58
2026-06-03 15:00:00,Counter_5,0.0,2.0,15,2,0,0,1.52,0.06
2026-06-03 15:05:00,Counter_1,13.0,1.0,15,2,0,0,1.06,13.96
2026-06-03 15:05:00,Counter_2,3.0,2.0,15,2,0,0,1.22,3.92
2026-06-03 15:05:00,Counter_3,4.0,1.0,15,2,0,0,1.1,4.41
2026-06-03 15:05:00,Counter_4,4.0,2.0,15,2,0,0,1.24,5.03
2026-06-03 15:05:00,Counter_5,4.0,2.0,15,2,0,0,1.27,5.33
2026-06-03 15:10:00,Counter_1,2.0,,15,2,0,0,1.25,2.7
2026-06-03 15:10:00,Counter_2,12.0,1.0,15,2,0,0,1.23,14.35
2026-06-03 15:10:00,Counter_3,7.0,1.0,15,2,0,0,1.28,8.88
2026-06-03 15:10:00,Counter_4,9.0,2.0,15,2,0,0,1.56,14.14
2026-06-03 15:10:00,Counter_5,7.0,2.0,15,2,0,0,0.75,5.29
2026-06-03 15:15:00,Counter_1,5.0,2.0,15,2,0,0,1.73,8.45
2026-06-03 15:15:00,Counter_2,7.0,2.0,15,2,0,0,1.16,7.78
2026-06-03 15:15:00,Counter_3,4.0,1.0,15,2,0,0,1.23,5.04
2026-06-03 15:15:00,Counter_4,7.0,1.0,15,2,0,0,1.58,10.89
2026-06-03 15:15:00,Counter_5,6.0,2.0,15,2,0,0,1.4,8.37
2026-06-03 15:20:00,Counter_1,4.0,2.0,15,2,0,0,1.38,5.55
2026-06-03 15:20:00,Counter_2,1.0,2.0,15,2,0,0,1.56,1.53
2026-06-03 15:20:00,Counter_3,6.0,1.0,15,2,0,0,1.21,7.07
2026-06-03 15:20:00,Counter_4,8.0,1.0,15,2,0,0,1.48,11.82
2026-06-03 15:20:00,Counter_5,4.0,2.0,15,2,0,0,0.93,3.61
2026-06-03 15:25:00,Counter_1,3.0,2.0,15,2,0,0,1.35,4.38
2026-06-03 15:25:00,Counter_2,1.0,2.0,15,2,0,0,1.39,1.43
2026-06-03 15:25:00,Counter_3,5.0,2.0,15,2,0,0,1.54,8.21
2026-06-03 15:25:00,Counter_4,,2.0,15,2,0,0,1.43,9.75
2026-06-03 15:25:00,Counter_5,4.0,2.0,15,2,0,0,1.3,5.14
2026-06-03 15:30:00,Counter_1,5.0,2.0,15,2,0,0,1.17,5.79
2026-06-03 15:30:00,Counter_2,6.0,1.0,15,2,0,0,1.17,6.86
2026-06-03 15:30:00,Counter_3,4.0,2.0,15,2,0,0,1.17,4.61
2026-06-03 15:30:00,Counter_4,4.0,2.0,15,2,0,0,0.93,3.62
2026-06-03 15:30:00,Counter_5,7.0,2.0,15,2,0,0,1.69,11.63
2026-06-03 15:35:00,Counter_1,2.0,2.0,15,2,0,0,1.5,3.36
2026-06-03 15:35:00,Counter_2,6.0,1.0,15,2,0,0,1.31,7.84
2026-06-03 15:35:00,Counter_3,15.0,1.0,15,2,0,0,1.45,21.94
2026-06-03 15:35:00,Counter_4,9.0,1.0,15,2,0,0,1.44,13.16
2026-06-03 15:35:00,Counter_5,6.0,1.0,15,2,0,0,1.0,6.29
2026-06-03 15:40:00,Counter_1,2.0,2.0,15,2,0,0,1.41,2.62
2026-06-03 15:40:00,Counter_2,3.0,,15,2,0,0,1.57,4.96
2026-06-03 15:40:00,Counter_3,5.0,2.0,15,2,0,0,1.08,5.39
2026-06-03 15:40:00,Counter_4,9.0,1.0,15,2,0,0,0.87,8.24
2026-06-03 15:40:00,Counter_5,2.0,2.0,15,2,0,0,0.96,2.02
2026-06-03 15:45:00,Counter_1,7.0,2.0,15,2,0,0,1.23,8.38
2026-06-03 15:45:00,Counter_2,3.0,2.0,15,2,0,0,0.95,3.1
2026-06-03 15:45:00,Counter_3,9.0,1.0,15,2,0,0,1.21,11.12
2026-06-03 15:45:00,Counter_4,4.0,2.0,15,2,0,0,1.09,4.1
2026-06-03 15:45:00,Counter_5,8.0,1.0,15,2,0,0,1.25,10.15
2026-06-03 15:50:00,Counter_1,6.0,2.0,15,2,0,0,1.12,7.04
2026-06-03 15:50:00,Counter_2,,2.0,15,2,0,0,1.24,6.3
2026-06-03 15:50:00,Counter_3,6.0,2.0,15,2,0,0,1.4,8.21
2026-06-03 15:50:00,Counter_4,4.0,1.0,15,2,0,0,1.01,4.24
2026-06-03 15:50:00,Counter_5,13.0,1.0,15,2,0,0,1.32,17.29
2026-06-03 15:55:00,Counter_1,2.0,2.0,15,2,0,0,1.04,2.03
2026-06-03 15:55:00,Counter_2,9.0,1.0,15,2,0,0,1.25,11.16
2026-06-03 15:55:00,Counter_3,10.0,1.0,15,2,0,0,1.23,12.43
2026-06-03 15:55:00,Counter_4,5.0,2.0,15,2,0,0,1.34,6.52
2026-06-03 15:55:00,Counter_5,6.0,1.0,15,2,0,0,1.3,7.84
2026-06-03 16:00:00,Counter_1,2.0,1.0,16,2,0,0,1.56,3.36
2026-06-03 16:00:00,Counter_2,10.0,1.0,16,2,0,0,1.24,12.7
2026-06-03 16:00:00,Counter_3,9.0,1.0,16,2,0,0,1.09,9.7
2026-06-03 16:00:00,Counter_4,1.0,2.0,16,2,0,0,1.48,1.16
2026-06-03 16:00:00,Counter_5,7.0,1.0,16,2,0,0,1.33,9.17
2026-06-03 16:05:00,Counter_1,9.0,2.0,16,2,0,0,1.47,13.39
2026-06-03 16:05:00,Counter_2,3.0,2.0,16,2,0,0,1.22,3.51
2026-06-03 16:05:00,Counter_3,18.0,1.0,16,2,0,0,0.92,16.78
2026-06-03 16:05:00,Counter_4,2.0,2.0,16,2,0,0,1.81,3.47
2026-06-03 16:05:00,Counter_5,3.0,2.0,16,2,0,0,1.1,3.19
2026-06-03 16:10:00,Counter_1,1.0,,16,2,0,0,0.96,0.93
2026-06-03 16:10:00,Counter_2,2.0,2.0,16,2,0,0,1.43,3.05
2026-06-03 16:10:00,Counter_3,5.0,1.0,16,2,0,0,1.01,4.73
2026-06-03 16:10:00,Counter_4,6.0,2.0,16,2,0,0,1.15,6.96
2026-06-03 16:10:00,Counter_5,4.0,2.0,16,2,0,0,1.28,5.17
2026-06-03 16:15:00,Counter_1,11.0,1.0,16,2,0,0,1.21,13.11
2026-06-03 16:15:00,Counter_2,2.0,2.0,16,2,0,0,1.16,2.39
2026-06-03 16:15:00,Counter_3,4.0,2.0,16,2,0,0,1.65,6.56
2026-06-03 16:15:00,Counter_4,3.0,1.0,16,2,0,0,1.22,3.43
2026-06-03 16:15:00,Counter_5,9.0,1.0,16,2,0,0,1.03,9.26
2026-06-03 16:20:00,Counter_1,4.0,2.0,16,2,0,0,1.49,5.75
2026-06-03 16:20:00,Counter_2,1.0,2.0,16,2,0,0,1.07,0.94
2026-06-03 16:20:00,Counter_3,2.0,2.0,16,2,0,0,1.22,2.62
2026-06-03 16:20:00,Counter_4,2.0,2.0,16,2,0,0,1.02,1.98
2026-06-03 16:20:00,Counter_5,15.0,1.0,16,2,0,0,1.3,19.67
2026-06-03 16:25:00,Counter_1,7.0,2.0,16,2,0,0,1.26,8.79
2026-06-03 16:25:00,Counter_2,2.0,2.0,16,2,0,0,1.24,2.29
2026-06-03 16:25:00,Counter_3,4.0,2.0,16,2,0,0,1.29,5.26
2026-06-03 16:25:00,Counter_4,5.0,2.0,16,2,0,0,1.45,7.36
2026-06-03 16:25:00,Counter_5,3.0,2.0,16,2,0,0,1.43,4.04
2026-06-03 16:30:00,Counter_1,9.0,2.0,16,2,0,0,0.99,9.14
2026-06-03 16:30:00,Counter_2,7.0,1.0,16,2,0,0,,7.86
2026-06-03 16:30:00,Counter_3,8.0,1.0,16,2,0,0,1.48,11.97
2026-06-03 16:30:00,Counter_4,3.0,1.0,16,2,0,0,1.05,3.17
2026-06-03 16:30:00,Counter_5,6.0,2.0,16,2,0,0,1.37,8.62
2026-06-03 16:35:00,Counter_1,2.0,2.0,16,2,0,0,1.46,3.03
2026-06-03 16:35:00,Counter_2,8.0,1.0,16,2,0,0,0.84,6.76
2026-06-03 16:35:00,Counter_3,2.0,2.0,16,2,0,0,1.15,2.64
2026-06-03 16:35:00,Counter_4,4.0,2.0,16,2,0,0,1.45,6.12
2026-06-03 16:35:00,Counter_5,2.0,2.0,16,2,0,0,1.21,2.13
2026-06-03 16:40:00,Counter_1,8.0,1.0,16,2,0,0,1.15,9.1
2026-06-03 16:40:00,Counter_2,7.0,1.0,16,2,0,0,1.46,10.34
2026-06-03 16:40:00,Counter_3,4.0,2.0,16,2,0,0,1.53,6.37
2026-06-03 16:40:00,Counter_4,4.0,2.0,16,2,0,0,1.08,4.09
2026-06-03 16:40:00,Counter_5,3.0,2.0,16,2,0,0,1.69,5.25
2026-06-03 16:45:00,Counter_1,5.0,2.0,16,2,0,0,0.8,3.92
2026-06-03 16:45:00,Counter_2,6.0,1.0,16,2,0,0,0.87,5.36
2026-06-03 16:45:00,Counter_3,3.0,1.0,16,2,0,0,1.14,3.31
2026-06-03 16:45:00,Counter_4,10.0,2.0,16,2,0,0,1.17,11.23
2026-06-03 16:45:00,Counter_5,7.0,1.0,16,2,0,0,1.18,7.91
2026-06-03 16:50:00,Counter_1,1.0,2.0,16,2,0,0,1.12,0.89
2026-06-03 16:50:00,Counter_2,6.0,2.0,16,2,0,0,1.07,6.3
2026-06-03 16:50:00,Counter_3,2.0,2.0,16,2,0,0,1.19,2.38
2026-06-03 16:50:00,Counter_4,1.0,2.0,16,2,0,0,1.1,1.0
2026-06-03 16:50:00,Counter_5,2.0,2.0,16,2,0,0,1.42,2.83
2026-06-03 16:55:00,Counter_1,6.0,2.0,16,2,0,0,1.26,7.46
2026-06-03 16:55:00,Counter_2,0.0,2.0,16,2,0,0,1.19,0.01
2026-06-03 16:55:00,Counter_3,8.0,2.0,16,2,0,0,1.23,10.03
2026-06-03 16:55:00,Counter_4,4.0,1.0,16,2,0,0,1.53,6.12
2026-06-03 16:55:00,Counter_5,5.0,2.0,16,2,0,0,1.13,5.76
2026-06-03 17:00:00,Counter_1,8.0,5.0,17,2,0,0,1.13,9.18
2026-06-03 17:00:00,Counter_2,8.0,4.0,17,2,0,0,1.21,9.65
2026-06-03 17:00:00,Counter_3,6.0,4.0,17,2,0,0,1.39,7.98
2026-06-03 17:00:00,Counter_4,4.0,5.0,17,2,0,0,1.57,6.33
2026-06-03 17:00:00,Counter_5,8.0,,17,2,0,0,1.67,13.23
2026-06-03 17:05:00,Counter_1,12.0,3.0,17,2,0,0,1.86,22.49
2026-06-03 17:05:00,Counter_2,13.0,3.0,17,2,0,0,1.63,21.46
2026-06-03 17:05:00,Counter_3,7.0,5.0,17,2,0,0,1.23,8.56
2026-06-03 17:05:00,Counter_4,8.0,4.0,17,2,0,0,1.4,11.23
2026-06-03 17:05:00,Counter_5,8.0,5.0,17,2,0,0,0.91,7.41
2026-06-03 17:10:00,Counter_1,8.0,4.0,17,2,0,0,1.37,10.8
2026-06-03 17:10:00,Counter_2,6.0,4.0,17,2,0,0,1.3,7.8
2026-06-03 17:10:00,Counter_3,10.0,4.0,17,2,0,0,0.87,8.39
2026-06-03 17:10:00,Counter_4,9.0,4.0,17,2,0,0,1.98,18.03
2026-06-03 17:10:00,Counter_5,6.0,5.0,17,2,0,0,1.36,8.5
2026-06-03 17:15:00,Counter_1,4.0,4.0,17,2,0,0,0.92,3.7
2026-06-03 17:15:00,Counter_2,7.0,4.0,17,2,0,0,1.38,9.51
2026-06-03 17:15:00,Counter_3,9.0,3.0,17,2,0,0,1.86,16.79
2026-06-03 17:15:00,Counter_4,6.0,4.0,17,2,0,0,1.93,11.33
2026-06-03 17:15:00,Counter_5,6.0,4.0,17,2,0,0,1.46,8.67
2026-06-03 17:20:00,Counter_1,7.0,5.0,17,2,0,0,1.47,10.21
2026-06-03 17:20:00,Counter_2,6.0,5.0,17,2,0,0,1.76,10.46
2026-06-03 17:20:00,Counter_3,6.0,4.0,17,2,0,0,1.41,8.5
2026-06-03 17:20:00,Counter_4,14.0,,17,2,0,0,1.57,22.07
2026-06-03 17:20:00,Counter_5,6.0,5.0,17,2,0,0,1.66,9.96
2026-06-03 17:25:00,Counter_1,12.0,3.0,17,2,0,0,1.18,14.34
2026-06-03 17:25:00,Counter_2,7.0,4.0,17,2,0,0,1.83,12.89
2026-06-03 17:25:00,Counter_3,9.0,3.0,17,2,0,0,1.23,10.97
2026-06-03 17:25:00,Counter_4,6.0,4.0,17,2,0,0,1.29,7.72
2026-06-03 17:25:00,Counter_5,6.0,4.0,17,2,0,0,1.47,8.8
2026-06-03 17:30:00,Counter_1,7.0,4.0,17,2,0,0,1.68,11.68
2026-06-03 17:30:00,Counter_2,6.0,5.0,17,2,0,0,1.62,9.82
2026-06-03 17:30:00,Counter_3,5.0,4.0,17,2,0,0,1.44,6.77
2026-06-03 17:30:00,Counter_4,7.0,4.0,17,2,0,0,1.52,10.65
2026-06-03 17:30:00,Counter_5,5.0,4.0,17,2,0,0,1.72,8.66
2026-06-03 17:35:00,Counter_1,10.0,3.0,17,2,0,0,1.45,14.62
2026-06-03 17:35:00,Counter_2,6.0,5.0,17,2,0,0,1.25,7.72
2026-06-03 17:35:00,Counter_3,7.0,5.0,17,2,0,0,1.3,9.07
2026-06-03 17:35:00,Counter_4,5.0,4.0,17,2,0,0,1.68,8.57
2026-06-03 17:35:00,Counter_5,9.0,4.0,17,2,0,0,1.25,11.37
2026-06-03 17:40:00,Counter_1,9.0,4.0,17,2,0,0,1.06,9.59
2026-06-03 17:40:00,Counter_2,9.0,5.0,17,2,0,0,1.37,12.05
2026-06-03 17:40:00,Counter_3,5.0,,17,2,0,0,1.43,7.37
2026-06-03 17:40:00,Counter_4,10.0,4.0,17,2,0,0,1.67,16.72
2026-06-03 17:40:00,Counter_5,4.0,5.0,17,2,0,0,1.09,4.31
2026-06-03 17:45:00,Counter_1,9.0,4.0,17,2,0,0,1.54,13.63
2026-06-03 17:45:00,Counter_2,9.0,,17,2,0,0,1.74,15.17
2026-06-03 17:45:00,Counter_3,6.0,4.0,17,2,0,0,1.25,7.88
2026-06-03 17:45:00,Counter_4,7.0,4.0,17,2,0,0,1.47,10.35
2026-06-03 17:45:00,Counter_5,16.0,3.0,17,2,0,0,0.91,14.34
2026-06-03 17:50:00,Counter_1,8.0,4.0,17,2,0,0,,13.11
2026-06-03 17:50:00,Counter_2,7.0,4.0,17,2,0,0,1.65,11.49
2026-06-03 17:50:00,Counter_3,7.0,5.0,17,2,0,0,1.45,10.31
2026-06-03 17:50:00,Counter_4,6.0,5.0,17,2,0,0,1.12,6.85
2026-06-03 17:50:00,Counter_5,7.0,5.0,17,2,0,0,1.62,11.48
2026-06-03 17:55:00,Counter_1,10.0,3.0,17,2,0,0,1.39,13.72
2026-06-03 17:55:00,Counter_2,9.0,4.0,17,2,0,0,0.75,6.71
2026-06-03 17:55:00,Counter_3,11.0,4.0,17,2,0,0,1.64,18.07
2026-06-03 17:55:00,Counter_4,10.0,4.0,17,2,0,0,1.74,17.39
2026-06-03 17:55:00,Counter_5,13.0,3.0,17,2,0,0,1.78,23.25
2026-06-03 18:00:00,Counter_1,10.0,3.0,18,2,0,0,1.13,11.61
2026-06-03 18:00:00,Counter_2,12.0,3.0,18,2,0,0,0.97,11.68
2026-06-03 18:00:00,Counter_3,5.0,5.0,18,2,0,0,1.35,6.63
2026-06-03 18:00:00,Counter_4,14.0,3.0,18,2,0,0,1.58,21.83
2026-06-03 18:00:00,Counter_5,12.0,3.0,18,2,0,0,1.21,14.56
2026-06-03 18:05:00,Counter_1,11.0,3.0,18,2,0,0,1.05,11.42
2026-06-03 18:05:00,Counter_2,7.0,5.0,18,2,0,0,1.63,11.5
2026-06-03 18:05:00,Counter_3,8.0,3.0,18,2,0,0,1.36,10.95
2026-06-03 18:05:00,Counter_4,8.0,3.0,18,2,0,0,1.61,13.19
2026-06-03 18:05:00,Counter_5,9.0,4.0,18,2,0,0,1.45,13.09
2026-06-03 18:10:00,Counter_1,11.0,4.0,18,2,0,0,1.41,15.6
2026-06-03 18:10:00,Counter_2,7.0,4.0,18,2,0,0,1.43,9.88
2026-06-03 18:10:00,Counter_3,5.0,5.0,18,2,0,0,1.36,6.51
2026-06-03 18:10:00,Counter_4,13.0,3.0,18,2,0,0,1.34,17.63
2026-06-03 18:10:00,Counter_5,8.0,3.0,18,2,0,0,1.17,9.6
2026-06-03 18:15:00,Counter_1,11.0,3.0,18,2,0,0,1.57,17.2
2026-06-03 18:15:00,Counter_2,4.0,5.0,18,2,0,0,1.76,6.65
2026-06-03 18:15:00,Counter_3,10.0,3.0,18,2,0,0,1.32,13.47
2026-06-03 18:15:00,Counter_4,6.0,,18,2,0,0,1.92,11.76
2026-06-03 18:15:00,Counter_5,4.0,5.0,18,2,0,0,1.54,6.14
2026-06-03 18:20:00,Counter_1,5.0,4.0,18,2,0,0,1.51,7.76
2026-06-03 18:20:00,Counter_2,5.0,5.0,18,2,0,0,1.61,8.04
2026-06-03 18:20:00,Counter_3,6.0,4.0,18,2,0,0,1.69,10.18
2026-06-03 18:20:00,Counter_4,9.0,4.0,18,2,0,0,1.34,11.73
2026-06-03 18:20:00,Counter_5,9.0,4.0,18,2,0,0,1.59,14.55
2026-06-03 18:25:00,Counter_1,7.0,4.0,18,2,0,0,1.71,11.62
2026-06-03 18:25:00,Counter_2,13.0,3.0,18,2,0,0,1.36,18.02
2026-06-03 18:25:00,Counter_3,12.0,4.0,18,2,0,0,1.45,17.76
2026-06-03 18:25:00,Counter_4,9.0,5.0,18,2,0,0,1.26,10.83
2026-06-03 18:25:00,Counter_5,5.0,4.0,18,2,0,0,1.33,6.96
2026-06-03 18:30:00,Counter_1,6.0,5.0,18,2,0,0,1.36,8.11
2026-06-03 18:30:00,Counter_2,9.0,3.0,18,2,0,0,1.22,11.06
2026-06-03 18:30:00,Counter_3,10.0,5.0,18,2,0,0,1.43,14.02
2026-06-03 18:30:00,Counter_4,10.0,4.0,18,2,0,0,1.53,15.24
2026-06-03 18:30:00,Counter_5,7.0,4.0,18,2,0,0,1.56,10.68
2026-06-03 18:35:00,Counter_1,6.0,5.0,18,2,0,0,1.25,7.34
2026-06-03 18:35:00,Counter_2,8.0,5.0,18,2,0,0,1.3,10.64
2026-06-03 18:35:00,Counter_3,6.0,4.0,18,2,0,0,1.66,10.16
2026-06-03 18:35:00,Counter_4,8.0,5.0,18,2,0,0,1.3,10.56
2026-06-03 18:35:00,Counter_5,,3.0,18,2,0,0,1.66,16.49
2026-06-03 18:40:00,Counter_1,12.0,4.0,18,2,0,0,1.27,15.1
2026-06-03 18:40:00,Counter_2,4.0,5.0,18,2,0,0,1.54,5.83
2026-06-03 18:40:00,Counter_3,7.0,3.0,18,2,0,0,1.64,11.62
2026-06-03 18:40:00,Counter_4,9.0,3.0,18,2,0,0,0.79,7.5
2026-06-03 18:40:00,Counter_5,8.0,4.0,18,2,0,0,1.67,13.65
2026-06-03 18:45:00,Counter_1,8.0,4.0,18,2,0,0,1.78,14.25
2026-06-03 18:45:00,Counter_2,7.0,4.0,18,2,0,0,1.37,9.69
2026-06-03 18:45:00,Counter_3,7.0,,18,2,0,0,1.54,10.83
2026-06-03 18:45:00,Counter_4,8.0,4.0,18,2,0,0,1.24,10.1
2026-06-03 18:45:00,Counter_5,8.0,4.0,18,2,0,0,1.54,12.67
2026-06-03 18:50:00,Counter_1,10.0,4.0,18,2,0,0,2.07,20.59
2026-06-03 18:50:00,Counter_2,5.0,5.0,18,2,0,0,0.9,4.39
2026-06-03 18:50:00,Counter_3,4.0,,18,2,0,0,1.32,5.22
2026-06-03 18:50:00,Counter_4,8.0,5.0,18,2,0,0,1.65,13.19
2026-06-03 18:50:00,Counter_5,10.0,3.0,18,2,0,0,1.77,17.85
2026-06-03 18:55:00,Counter_1,8.0,4.0,18,2,0,0,1.1,8.79
2026-06-03 18:55:00,Counter_2,5.0,5.0,18,2,0,0,1.29,6.28
2026-06-03 18:55:00,Counter_3,8.0,4.0,18,2,0,0,1.3,10.23
2026-06-03 18:55:00,Counter_4,5.0,5.0,18,2,0,0,1.29,6.21
2026-06-03 18:55:00,Counter_5,10.0,4.0,18,2,0,0,1.42,14.18
2026-06-03 19:00:00,Counter_1,6.0,5.0,19,2,0,0,1.09,6.75
2026-06-03 19:00:00,Counter_2,13.0,3.0,19,2,0,0,1.39,18.15
2026-06-03 19:00:00,Counter_3,7.0,4.0,19,2,0,0,1.22,8.65
2026-06-03 19:00:00,Counter_4,5.0,5.0,19,2,0,0,1.43,6.93
2026-06-03 19:00:00,Counter_5,4.0,5.0,19,2,0,0,1.27,4.85
2026-06-03 19:05:00,Counter_1,10.0,4.0,19,2,0,0,1.41,14.14
2026-06-03 19:05:00,Counter_2,10.0,3.0,19,2,0,0,1.19,12.15
2026-06-03 19:05:00,Counter_3,5.0,5.0,19,2,0,0,1.69,8.62
2026-06-03 19:05:00,Counter_4,8.0,4.0,19,2,0,0,1.37,10.83
2026-06-03 19:05:00,Counter_5,9.0,3.0,19,2,0,0,1.45,13.51
2026-06-03 19:10:00,Counter_1,4.0,4.0,19,2,0,0,1.41,5.23
2026-06-03 19:10:00,Counter_2,10.0,4.0,19,2,0,0,1.45,14.51
2026-06-03 19:10:00,Counter_3,10.0,4.0,19,2,0,0,1.45,14.52
2026-06-03 19:10:00,Counter_4,4.0,5.0,19,2,0,0,1.65,6.56
2026-06-03 19:10:00,Counter_5,8.0,4.0,19,2,0,0,1.38,11.15
2026-06-03 19:15:00,Counter_1,6.0,4.0,19,2,0,0,1.27,7.58
2026-06-03 19:15:00,Counter_2,11.0,3.0,19,2,0,0,1.46,15.76
2026-06-03 19:15:00,Counter_3,5.0,4.0,19,2,0,0,1.3,6.48
2026-06-03 19:15:00,Counter_4,11.0,3.0,19,2,0,0,1.43,15.76
2026-06-03 19:15:00,Counter_5,9.0,3.0,19,2,0,0,1.19,10.89
2026-06-03 19:20:00,Counter_1,12.0,3.0,19,2,0,0,1.71,20.8
2026-06-03 19:20:00,Counter_2,10.0,3.0,19,2,0,0,1.25,12.33
2026-06-03 19:20:00,Counter_3,12.0,3.0,19,2,0,0,1.75,21.33
2026-06-03 19:20:00,Counter_4,8.0,4.0,19,2,0,0,1.43,11.35
2026-06-03 19:20:00,Counter_5,15.0,3.0,19,2,0,0,1.66,24.8
2026-06-03 19:25:00,Counter_1,13.0,3.0,19,2,0,0,1.26,16.3
2026-06-03 19:25:00,Counter_2,6.0,5.0,19,2,0,0,0.96,5.37
2026-06-03 19:25:00,Counter_3,7.0,4.0,19,2,0,0,1.04,7.2
2026-06-03 19:25:00,Counter_4,7.0,4.0,19,2,0,0,2.08,14.82
2026-06-03 19:25:00,Counter_5,11.0,3.0,19,2,0,0,1.3,14.4
2026-06-03 19:30:00,Counter_1,7.0,4.0,19,2,0,0,1.72,12.09
2026-06-03 19:30:00,Counter_2,5.0,4.0,19,2,0,0,1.13,5.72
2026-06-03 19:30:00,Counter_3,7.0,4.0,19,2,0,0,1.49,10.68
2026-06-03 19:30:00,Counter_4,8.0,4.0,19,2,0,0,1.54,12.14
2026-06-03 19:30:00,Counter_5,6.0,5.0,19,2,0,0,2.16,13.14
2026-06-03 19:35:00,Counter_1,5.0,5.0,19,2,0,0,1.37,6.86
2026-06-03 19:35:00,Counter_2,3.0,5.0,19,2,0,0,1.27,3.65
2026-06-03 19:35:00,Counter_3,7.0,3.0,19,2,0,0,1.54,10.87
2026-06-03 19:35:00,Counter_4,7.0,4.0,19,2,0,0,1.22,8.56
2026-06-03 19:35:00,Counter_5,10.0,3.0,19,2,0,0,1.55,15.34
2026-06-03 19:40:00,Counter_1,9.0,4.0,19,2,0,0,1.44,12.75
2026-06-03 19:40:00,Counter_2,11.0,4.0,19,2,0,0,1.26,13.77
2026-06-03 19:40:00,Counter_3,6.0,4.0,19,2,0,0,1.57,9.32
2026-06-03 19:40:00,Counter_4,11.0,4.0,19,2,0,0,1.48,16.52
2026-06-03 19:40:00,Counter_5,8.0,5.0,19,2,0,0,1.64,13.08
2026-06-03 19:45:00,Counter_1,8.0,5.0,19,2,0,0,1.86,14.81
2026-06-03 19:45:00,Counter_2,8.0,3.0,19,2,0,0,1.32,10.79
2026-06-03 19:45:00,Counter_3,3.0,5.0,19,2,0,0,1.35,4.32
2026-06-03 19:45:00,Counter_4,7.0,5.0,19,2,0,0,1.11,7.6
2026-06-03 19:45:00,Counter_5,10.0,3.0,19,2,0,0,1.58,15.55
2026-06-03 19:50:00,Counter_1,9.0,4.0,19,2,0,0,1.29,11.71
2026-06-03 19:50:00,Counter_2,7.0,5.0,19,2,0,0,1.54,10.74
2026-06-03 19:50:00,Counter_3,6.0,4.0,19,2,0,0,1.74,10.33
2026-06-03 19:50:00,Counter_4,8.0,4.0,19,2,0,0,1.28,10.45
2026-06-03 19:50:00,Counter_5,7.0,4.0,19,2,0,0,1.33,9.26
2026-06-03 19:55:00,Counter_1,7.0,5.0,19,2,0,0,1.7,12.28
2026-06-03 19:55:00,Counter_2,4.0,5.0,19,2,0,0,1.63,6.53
2026-06-03 19:55:00,Counter_3,10.0,3.0,19,2,0,0,1.6,16.03
2026-06-03 19:55:00,Counter_4,7.0,4.0,19,2,0,0,1.35,9.9
2026-06-03 19:55:00,Counter_5,10.0,4.0,19,2,0,0,1.09,10.96
2026-06-03 20:00:00,Counter_1,10.0,3.0,20,2,0,0,1.27,12.56
2026-06-03 20:00:00,Counter_2,12.0,4.0,20,2,0,0,1.2,14.2
2026-06-03 20:00:00,Counter_3,4.0,5.0,20,2,0,0,1.6,6.31
2026-06-03 20:00:00,Counter_4,7.0,5.0,20,2,0,0,1.52,10.69
2026-06-03 20:00:00,Counter_5,10.0,5.0,20,2,0,0,1.3,13.18
2026-06-03 20:05:00,Counter_1,14.0,3.0,20,2,0,0,1.34,18.46
2026-06-03 20:05:00,Counter_2,8.0,5.0,20,2,0,0,1.57,12.56
2026-06-03 20:05:00,Counter_3,4.0,4.0,20,2,0,0,1.37,5.74
2026-06-03 20:05:00,Counter_4,10.0,3.0,20,2,0,0,1.3,13.05
2026-06-03 20:05:00,Counter_5,5.0,4.0,20,2,0,0,1.94,9.97
2026-06-03 20:10:00,Counter_1,5.0,5.0,20,2,0,0,1.31,6.25
2026-06-03 20:10:00,Counter_2,6.0,4.0,20,2,0,0,1.62,9.67
2026-06-03 20:10:00,Counter_3,7.0,5.0,20,2,0,0,1.55,10.87
2026-06-03 20:10:00,Counter_4,8.0,4.0,20,2,0,0,1.07,8.67
2026-06-03 20:10:00,Counter_5,7.0,4.0,20,2,0,0,1.28,8.79
2026-06-03 20:15:00,Counter_1,14.0,3.0,20,2,0,0,1.65,23.18
2026-06-03 20:15:00,Counter_2,8.0,3.0,20,2,0,0,1.42,11.46
2026-06-03 20:15:00,Counter_3,7.0,4.0,20,2,0,0,1.08,7.55
2026-06-03 20:15:00,Counter_4,5.0,4.0,20,2,0,0,1.55,7.84
2026-06-03 20:15:00,Counter_5,7.0,4.0,20,2,0,0,1.3,9.16
2026-06-03 20:20:00,Counter_1,11.0,4.0,20,2,0,0,1.56,17.03
2026-06-03 20:20:00,Counter_2,4.0,5.0,20,2,0,0,2.12,8.45
2026-06-03 20:20:00,Counter_3,9.0,4.0,20,2,0,0,1.55,13.7
2026-06-03 20:20:00,Counter_4,7.0,4.0,20,2,0,0,1.6,10.9
2026-06-03 20:20:00,Counter_5,8.0,4.0,20,2,0,0,1.39,11.17
2026-06-03 20:25:00,Counter_1,7.0,3.0,20,2,0,0,,7.81
2026-06-03 20:25:00,Counter_2,6.0,5.0,20,2,0,0,1.71,10.21
2026-06-03 20:25:00,Counter_3,7.0,5.0,20,2,0,0,1.3,9.18
2026-06-03 20:25:00,Counter_4,15.0,3.0,20,2,0,0,1.39,20.85
2026-06-03 20:25:00,Counter_5,3.0,,20,2,0,0,1.9,6.14
2026-06-03 20:30:00,Counter_1,5.0,5.0,20,2,0,0,1.37,6.94
2026-06-03 20:30:00,Counter_2,5.0,5.0,20,2,0,0,1.75,8.7
2026-06-03 20:30:00,Counter_3,8.0,4.0,20,2,0,0,1.55,12.52
2026-06-03 20:30:00,Counter_4,7.0,5.0,20,2,0,0,1.31,8.91
2026-06-03 20:30:00,Counter_5,9.0,3.0,20,2,0,0,1.54,14.06
2026-06-03 20:35:00,Counter_1,4.0,4.0,20,2,0,0,1.27,4.98
2026-06-03 20:35:00,Counter_2,8.0,3.0,20,2,0,0,1.68,13.66
2026-06-03 20:35:00,Counter_3,8.0,4.0,20,2,0,0,1.76,14.16
2026-06-03 20:35:00,Counter_4,6.0,5.0,20,2,0,0,1.46,8.89
2026-06-03 20:35:00,Counter_5,7.0,5.0,20,2,0,0,1.79,12.42
2026-06-03 20:40:00,Counter_1,6.0,5.0,20,2,0,0,1.49,8.71
2026-06-03 20:40:00,Counter_2,9.0,4.0,20,2,0,0,1.68,14.89
2026-06-03 20:40:00,Counter_3,7.0,5.0,20,2,0,0,2.19,14.99
2026-06-03 20:40:00,Counter_4,9.0,4.0,20,2,0,0,2.07,18.55
2026-06-03 20:40:00,Counter_5,,3.0,20,2,0,0,1.4,11.08
2026-06-03 20:45:00,Counter_1,7.0,4.0,20,2,0,0,1.52,10.84
2026-06-03 20:45:00,Counter_2,6.0,4.0,20,2,0,0,1.19,6.93
2026-06-03 20:45:00,Counter_3,11.0,3.0,20,2,0,0,1.65,18.59
2026-06-03 20:45:00,Counter_4,7.0,5.0,20,2,0,0,1.55,10.65
2026-06-03 20:45:00,Counter_5,10.0,4.0,20,2,0,0,1.26,12.42
2026-06-03 20:50:00,Counter_1,7.0,5.0,20,2,0,0,1.75,11.95
2026-06-03 20:50:00,Counter_2,8.0,4.0,20,2,0,0,1.38,11.04
2026-06-03 20:50:00,Counter_3,11.0,3.0,20,2,0,0,1.32,14.46
2026-06-03 20:50:00,Counter_4,10.0,3.0,20,2,0,0,1.55,15.48
2026-06-03 20:50:00,Counter_5,6.0,5.0,20,2,0,0,1.33,8.06
2026-06-03 20:55:00,Counter_1,6.0,3.0,20,2,0,0,1.44,8.84
2026-06-03 20:55:00,Counter_2,7.0,4.0,20,2,0,0,1.89,13.0
2026-06-03 20:55:00,Counter_3,10.0,3.0,20,2,0,0,1.3,13.0
2026-06-03 20:55:00,Counter_4,5.0,4.0,20,2,0,0,1.62,8.27
2026-06-03 20:55:00,Counter_5,8.0,3.0,20,2,0,0,1.3,10.18
2026-06-03 21:00:00,Counter_1,6.0,1.0,21,2,0,0,1.01,6.61
2026-06-03 21:00:00,Counter_2,2.0,2.0,21,2,0,0,1.23,2.93
2026-06-03 21:00:00,Counter_3,,1.0,21,2,0,0,1.92,15.34
2026-06-03 21:00:00,Counter_4,4.0,2.0,21,2,0,0,1.45,5.58
2026-06-03 21:00:00,Counter_5,4.0,1.0,21,2,0,0,1.37,5.28
2026-06-03 21:05:00,Counter_1,0.0,1.0,21,2,0,0,1.12,0.09
2026-06-03 21:05:00,Counter_2,1.0,2.0,21,2,0,0,1.15,1.28
2026-06-03 21:05:00,Counter_3,3.0,2.0,21,2,0,0,0.88,2.27
2026-06-03 21:05:00,Counter_4,7.0,1.0,21,2,0,0,1.7,11.71
2026-06-03 21:05:00,Counter_5,4.0,2.0,21,2,0,0,1.32,5.31
2026-06-03 21:10:00,Counter_1,7.0,2.0,21,2,0,0,1.3,8.82
2026-06-03 21:10:00,Counter_2,4.0,2.0,21,2,0,0,1.3,5.14
2026-06-03 21:10:00,Counter_3,11.0,1.0,21,2,0,0,1.77,19.56
2026-06-03 21:10:00,Counter_4,3.0,2.0,21,2,0,0,1.32,3.93
2026-06-03 21:10:00,Counter_5,2.0,2.0,21,2,0,0,,2.25
2026-06-03 21:15:00,Counter_1,14.0,1.0,21,2,0,0,1.7,23.82
2026-06-03 21:15:00,Counter_2,9.0,1.0,21,2,0,0,1.22,11.08
2026-06-03 21:15:00,Counter_3,6.0,2.0,21,2,0,0,0.83,4.8
2026-06-03 21:15:00,Counter_4,3.0,2.0,21,2,0,0,,2.68
2026-06-03 21:15:00,Counter_5,4.0,2.0,21,2,0,0,1.2,4.86
2026-06-03 21:20:00,Counter_1,7.0,2.0,21,2,0,0,1.32,9.34
2026-06-03 21:20:00,Counter_2,3.0,2.0,21,2,0,0,1.46,4.43
2026-06-03 21:20:00,Counter_3,4.0,2.0,21,2,0,0,1.02,4.11
2026-06-03 21:20:00,Counter_4,5.0,1.0,21,2,0,0,1.19,5.92
2026-06-03 21:20:00,Counter_5,4.0,1.0,21,2,0,0,1.05,4.14
2026-06-03 21:25:00,Counter_1,12.0,1.0,21,2,0,0,1.53,18.5
2026-06-03 21:25:00,Counter_2,6.0,1.0,21,2,0,0,1.57,9.4
2026-06-03 21:25:00,Counter_3,10.0,1.0,21,2,0,0,1.74,17.51
2026-06-03 21:25:00,Counter_4,12.0,1.0,21,2,0,0,1.34,16.18
2026-06-03 21:25:00,Counter_5,4.0,2.0,21,2,0,0,1.72,6.69
2026-06-03 21:30:00,Counter_1,8.0,1.0,21,2,0,0,1.08,8.58
2026-06-03 21:30:00,Counter_2,5.0,2.0,21,2,0,0,1.3,6.49
2026-06-03 21:30:00,Counter_3,0.0,2.0,21,2,0,0,0.98,0.3
2026-06-03 21:30:00,Counter_4,4.0,1.0,21,2,0,0,1.39,5.65
2026-06-03 21:30:00,Counter_5,4.0,1.0,21,2,0,0,1.32,5.32
2026-06-03 21:35:00,Counter_1,5.0,1.0,21,2,0,0,0.64,3.21
2026-06-03 21:35:00,Counter_2,3.0,2.0,21,2,0,0,1.53,4.5
2026-06-03 21:35:00,Counter_3,2.0,2.0,21,2,0,0,1.46,3.13
2026-06-03 21:35:00,Counter_4,2.0,2.0,21,2,0,0,1.11,2.29
2026-06-03 21:35:00,Counter_5,3.0,2.0,21,2,0,0,1.32,3.94
2026-06-03 21:40:00,Counter_1,3.0,2.0,21,2,0,0,0.88,2.56
2026-06-03 21:40:00,Counter_2,3.0,2.0,21,2,0,0,1.06,3.24
2026-06-03 21:40:00,Counter_3,10.0,1.0,21,2,0,0,1.67,16.71
2026-06-03 21:40:00,Counter_4,4.0,1.0,21,2,0,0,0.96,3.54
2026-06-03 21:40:00,Counter_5,3.0,2.0,21,2,0,0,1.25,3.55
2026-06-03 21:45:00,Counter_1,2.0,2.0,21,2,0,0,0.9,2.06
2026-06-03 21:45:00,Counter_2,8.0,1.0,21,2,0,0,1.33,10.71
2026-06-03 21:45:00,Counter_3,7.0,1.0,21,2,0,0,1.39,9.6
2026-06-03 21:45:00,Counter_4,2.0,2.0,21,2,0,0,1.43,2.79
2026-06-03 21:45:00,Counter_5,,1.0,21,2,0,0,1.37,19.01
2026-06-03 21:50:00,Counter_1,5.0,2.0,21,2,0,0,1.61,7.95
2026-06-03 21:50:00,Counter_2,8.0,1.0,21,2,0,0,1.11,9.08
2026-06-03 21:50:00,Counter_3,7.0,1.0,21,2,0,0,0.99,6.89
2026-06-03 21:50:00,Counter_4,1.0,2.0,21,2,0,0,1.1,1.27
2026-06-03 21:50:00,Counter_5,3.0,2.0,21,2,0,0,0.91,3.06
2026-06-03 21:55:00,Counter_1,7.0,1.0,21,2,0,0,1.27,8.81
2026-06-03 21:55:00,Counter_2,5.0,2.0,21,2,0,0,1.22,5.84
2026-06-03 21:55:00,Counter_3,9.0,1.0,21,2,0,0,1.37,12.42
2026-06-03 21:55:00,Counter_4,3.0,2.0,21,2,0,0,0.85,2.39
2026-06-03 21:55:00,Counter_5,11.0,1.0,21,2,0,0,1.25,13.75
2026-06-03 22:00:00,Counter_1,0.0,2.0,22,2,0,0,1.55,0.03
2026-06-03 22:00:00,Counter_2,0.0,2.0,22,2,0,0,1.39,0.3
2026-06-03 22:00:00,Counter_3,0.0,1.0,22,2,0,0,0.78,0.01
2026-06-03 22:00:00,Counter_4,6.0,1.0,22,2,0,0,1.25,7.41
2026-06-03 22:00:00,Counter_5,1.0,2.0,22,2,0,0,1.07,1.2
2026-06-03 22:05:00,Counter_1,1.0,2.0,22,2,0,0,1.25,1.41
2026-06-03 22:05:00,Counter_2,4.0,2.0,22,2,0,0,1.15,4.84
2026-06-03 22:05:00,Counter_3,0.0,1.0,22,2,0,0,1.68,0.03
2026-06-03 22:05:00,Counter_4,1.0,2.0,22,2,0,0,1.27,1.53
2026-06-03 22:05:00,Counter_5,2.0,2.0,22,2,0,0,,3.12
2026-06-03 22:10:00,Counter_1,3.0,1.0,22,2,0,0,1.24,3.97
2026-06-03 22:10:00,Counter_2,1.0,2.0,22,2,0,0,1.37,1.66
2026-06-03 22:10:00,Counter_3,1.0,2.0,22,2,0,0,1.2,1.11
2026-06-03 22:10:00,Counter_4,4.0,2.0,22,2,0,0,1.44,6.1
2026-06-03 22:10:00,Counter_5,1.0,2.0,22,2,0,0,1.15,1.05
2026-06-03 22:15:00,Counter_1,3.0,1.0,22,2,0,0,1.59,4.76
2026-06-03 22:15:00,Counter_2,2.0,1.0,22,2,0,0,1.37,2.65
2026-06-03 22:15:00,Counter_3,3.0,2.0,22,2,0,0,1.21,3.51
2026-06-03 22:15:00,Counter_4,4.0,2.0,22,2,0,0,1.46,5.84
2026-06-03 22:15:00,Counter_5,0.0,2.0,22,2,0,0,1.37,0.04
2026-06-03 22:20:00,Counter_1,2.0,1.0,22,2,0,0,1.46,2.78
2026-06-03 22:20:00,Counter_2,0.0,2.0,22,2,0,0,1.27,0.19
2026-06-03 22:20:00,Counter_3,3.0,2.0,22,2,0,0,1.19,3.88
2026-06-03 22:20:00,Counter_4,2.0,2.0,22,2,0,0,1.28,2.88
2026-06-03 22:20:00,Counter_5,4.0,2.0,22,2,0,0,1.12,4.99
2026-06-03 22:25:00,Counter_1,9.0,1.0,22,2,0,0,1.49,13.4
2026-06-03 22:25:00,Counter_2,2.0,2.0,22,2,0,0,1.62,3.25
2026-06-03 22:25:00,Counter_3,2.0,2.0,22,2,0,0,1.39,2.93
2026-06-03 22:25:00,Counter_4,4.0,1.0,22,2,0,0,1.6,6.14
2026-06-03 22:25:00,Counter_5,3.0,1.0,22,2,0,0,1.53,4.39
2026-06-03 22:30:00,Counter_1,6.0,1.0,22,2,0,0,1.18,6.76
2026-06-03 22:30:00,Counter_2,1.0,2.0,22,2,0,0,1.46,1.63
2026-06-03 22:30:00,Counter_3,,2.0,22,2,0,0,0.93,0.76
2026-06-03 22:30:00,Counter_4,0.0,2.0,22,2,0,0,1.3,0.0
2026-06-03 22:30:00,Counter_5,4.0,1.0,22,2,0,0,0.95,3.71
2026-06-03 22:35:00,Counter_1,0.0,2.0,22,2,0,0,1.22,0.11
2026-06-03 22:35:00,Counter_2,4.0,1.0,22,2,0,0,0.89,3.53
2026-06-03 22:35:00,Counter_3,0.0,2.0,22,2,0,0,1.52,0.03
2026-06-03 22:35:00,Counter_4,1.0,2.0,22,2,0,0,1.15,1.05
2026-06-03 22:35:00,Counter_5,8.0,1.0,22,2,0,0,1.48,12.05
2026-06-03 22:40:00,Counter_1,1.0,2.0,22,2,0,0,1.23,1.2
2026-06-03 22:40:00,Counter_2,0.0,1.0,22,2,0,0,0.79,0.21
2026-06-03 22:40:00,Counter_3,3.0,1.0,22,2,0,0,1.13,3.41
2026-06-03 22:40:00,Counter_4,0.0,2.0,22,2,0,0,,0.12
2026-06-03 22:40:00,Counter_5,4.0,1.0,22,2,0,0,1.25,5.27
2026-06-03 22:45:00,Counter_1,2.0,2.0,22,2,0,0,1.63,3.13
2026-06-03 22:45:00,Counter_2,4.0,1.0,22,2,0,0,1.67,6.84
2026-06-03 22:45:00,Counter_3,4.0,2.0,22,2,0,0,1.19,4.91
2026-06-03 22:45:00,Counter_4,2.0,1.0,22,2,0,0,0.93,1.56
2026-06-03 22:45:00,Counter_5,1.0,2.0,22,2,0,0,1.06,1.02
2026-06-03 22:50:00,Counter_1,2.0,1.0,22,2,0,0,1.37,2.86
2026-06-03 22:50:00,Counter_2,3.0,2.0,22,2,0,0,1.22,3.6
2026-06-03 22:50:00,Counter_3,0.0,2.0,22,2,0,0,0.86,0.01
2026-06-03 22:50:00,Counter_4,4.0,2.0,22,2,0,0,,4.52
2026-06-03 22:50:00,Counter_5,4.0,2.0,22,2,0,0,,6.24
2026-06-03 22:55:00,Counter_1,3.0,1.0,22,2,0,0,1.32,4.03
2026-06-03 22:55:00,Counter_2,7.0,1.0,22,2,0,0,1.26,8.83
2026-06-03 22:55:00,Counter_3,1.0,1.0,22,2,0,0,1.15,1.11
2026-06-03 22:55:00,Counter_4,1.0,1.0,22,2,0,0,1.14,0.95
2026-06-03 22:55:00,Counter_5,3.0,2.0,22,2,0,0,1.39,4.25
2026-06-03 23:00:00,Counter_1,4.0,1.0,23,2,0,0,1.29,4.68
2026-06-03 23:00:00,Counter_2,2.0,2.0,23,2,0,0,,2.93
2026-06-03 23:00:00,Counter_3,2.0,2.0,23,2,0,0,1.39,2.78
2026-06-03 23:00:00,Counter_4,3.0,1.0,23,2,0,0,,3.59
2026-06-03 23:00:00,Counter_5,2.0,2.0,23,2,0,0,1.35,2.42
2026-06-03 23:05:00,Counter_1,4.0,2.0,23,2,0,0,1.1,4.48
2026-06-03 23:05:00,Counter_2,1.0,2.0,23,2,0,0,1.24,1.19
2026-06-03 23:05:00,Counter_3,1.0,,23,2,0,0,1.59,1.62
2026-06-03 23:05:00,Counter_4,6.0,1.0,23,2,0,0,1.25,7.13
2026-06-03 23:05:00,Counter_5,6.0,1.0,23,2,0,0,1.2,7.3
2026-06-03 23:10:00,Counter_1,2.0,2.0,23,2,0,0,1.3,2.79
2026-06-03 23:10:00,Counter_2,2.0,1.0,23,2,0,0,0.96,1.89
2026-06-03 23:10:00,Counter_3,2.0,2.0,23,2,0,0,1.31,2.44
2026-06-03 23:10:00,Counter_4,2.0,2.0,23,2,0,0,1.67,3.43
2026-06-03 23:10:00,Counter_5,3.0,1.0,23,2,0,0,1.05,3.09
2026-06-03 23:15:00,Counter_1,2.0,2.0,23,2,0,0,1.32,2.81
2026-06-03 23:15:00,Counter_2,1.0,2.0,23,2,0,0,1.24,1.24
2026-06-03 23:15:00,Counter_3,3.0,1.0,23,2,0,0,1.24,3.29
2026-06-03 23:15:00,Counter_4,3.0,1.0,23,2,0,0,1.23,3.22
2026-06-03 23:15:00,Counter_5,3.0,1.0,23,2,0,0,1.43,4.15
2026-06-03 23:20:00,Counter_1,3.0,1.0,23,2,0,0,0.98,3.03
2026-06-03 23:20:00,Counter_2,10.0,1.0,23,2,0,0,1.42,14.1
2026-06-03 23:20:00,Counter_3,3.0,1.0,23,2,0,0,1.27,3.91
2026-06-03 23:20:00,Counter_4,3.0,1.0,23,2,0,0,0.81,2.3
2026-06-03 23:20:00,Counter_5,3.0,2.0,23,2,0,0,1.34,4.43
2026-06-03 23:25:00,Counter_1,1.0,1.0,23,2,0,0,1.28,1.24
2026-06-03 23:25:00,Counter_2,8.0,1.0,23,2,0,0,1.03,8.29
2026-06-03 23:25:00,Counter_3,1.0,2.0,23,2,0,0,1.29,1.1
2026-06-03 23:25:00,Counter_4,0.0,2.0,23,2,0,0,0.92,0.12
2026-06-03 23:25:00,Counter_5,4.0,1.0,23,2,0,0,1.08,4.42
2026-06-03 23:30:00,Counter_1,1.0,2.0,23,2,0,0,1.26,1.25
2026-06-03 23:30:00,Counter_2,0.0,1.0,23,2,0,0,0.83,0.06
2026-06-03 23:30:00,Counter_3,6.0,1.0,23,2,0,0,0.96,5.86
2026-06-03 23:30:00,Counter_4,1.0,2.0,23,2,0,0,1.0,1.12
2026-06-03 23:30:00,Counter_5,1.0,1.0,23,2,0,0,1.27,1.42
2026-06-03 23:35:00,Counter_1,3.0,2.0,23,2,0,0,1.36,4.3
2026-06-03 23:35:00,Counter_2,,2.0,23,2,0,0,1.03,0.11
2026-06-03 23:35:00,Counter_3,4.0,1.0,23,2,0,0,1.01,4.52
2026-06-03 23:35:00,Counter_4,0.0,1.0,23,2,0,0,1.28,0.14
2026-06-03 23:35:00,Counter_5,7.0,1.0,23,2,0,0,1.28,8.5
2026-06-03 23:40:00,Counter_1,6.0,1.0,23,2,0,0,1.07,6.46
2026-06-03 23:40:00,Counter_2,2.0,2.0,23,2,0,0,1.71,3.64
2026-06-03 23:40:00,Counter_3,1.0,2.0,23,2,0,0,1.3,1.02
2026-06-03 23:40:00,Counter_4,6.0,1.0,23,2,0,0,1.21,7.21
2026-06-03 23:40:00,Counter_5,0.0,2.0,23,2,0,0,1.15,0.09
2026-06-03 23:45:00,Counter_1,5.0,1.0,23,2,0,0,1.5,7.39
2026-06-03 23:45:00,Counter_2,0.0,1.0,23,2,0,0,1.39,0.18
2026-06-03 23:45:00,Counter_3,4.0,1.0,23,2,0,0,0.82,3.44
2026-06-03 23:45:00,Counter_4,0.0,2.0,23,2,0,0,1.08,0.12
2026-06-03 23:45:00,Counter_5,0.0,1.0,23,2,0,0,1.14,0.14
2026-06-03 23:50:00,Counter_1,5.0,2.0,23,2,0,0,1.25,6.06
2026-06-03 23:50:00,Counter_2,3.0,1.0,23,2,0,0,1.41,4.18
2026-06-03 23:50:00,Counter_3,0.0,2.0,23,2,0,0,0.98,0.04
2026-06-03 23:50:00,Counter_4,3.0,1.0,23,2,0,0,1.23,3.9
2026-06-03 23:50:00,Counter_5,6.0,1.0,23,2,0,0,1.67,10.08
2026-06-03 23:55:00,Counter_1,0.0,2.0,23,2,0,0,1.26,0.01
2026-06-03 23:55:00,Counter_2,3.0,2.0,23,2,0,0,1.08,3.48
2026-06-03 23:55:00,Counter_3,2.0,1.0,23,2,0,0,0.92,1.96
2026-06-03 23:55:00,Counter_4,,2.0,23,2,0,0,1.13,0.14
2026-06-03 23:55:00,Counter_5,0.0,1.0,23,2,0,0,0.98,0.2
2026-06-04 00:00:00,Counter_1,1.0,2.0,0,3,0,0,1.15,1.16
2026-06-04 00:00:00,Counter_2,0.0,2.0,0,3,0,0,1.39,0.01
2026-06-04 00:00:00,Counter_3,4.0,2.0,0,3,0,0,1.26,5.28
2026-06-04 00:00:00,Counter_4,1.0,2.0,0,3,0,0,1.13,1.09
2026-06-04 00:00:00,Counter_5,3.0,1.0,0,3,0,0,0.8,2.58
2026-06-04 00:05:00,Counter_1,3.0,2.0,0,3,0,0,1.46,4.64
2026-06-04 00:05:00,Counter_2,1.0,2.0,0,3,0,0,1.16,1.17
2026-06-04 00:05:00,Counter_3,4.0,2.0,0,3,0,0,1.28,5.21
2026-06-04 00:05:00,Counter_4,3.0,1.0,0,3,0,0,1.02,3.2
2026-06-04 00:05:00,Counter_5,2.0,2.0,0,3,0,0,1.15,2.39
2026-06-04 00:10:00,Counter_1,3.0,2.0,0,3,0,0,1.11,3.51
2026-06-04 00:10:00,Counter_2,2.0,2.0,0,3,0,0,0.92,1.63
2026-06-04 00:10:00,Counter_3,1.0,2.0,0,3,0,0,1.02,0.89
2026-06-04 00:10:00,Counter_4,1.0,2.0,0,3,0,0,1.25,1.0
2026-06-04 00:10:00,Counter_5,1.0,2.0,0,3,0,0,1.32,1.66
2026-06-04 00:15:00,Counter_1,4.0,1.0,0,3,0,0,1.08,3.98
2026-06-04 00:15:00,Counter_2,3.0,1.0,0,3,0,0,0.95,3.11
2026-06-04 00:15:00,Counter_3,5.0,1.0,0,3,0,0,1.16,5.89
2026-06-04 00:15:00,Counter_4,2.0,1.0,0,3,0,0,1.44,2.7
2026-06-04 00:15:00,Counter_5,4.0,1.0,0,3,0,0,1.02,3.83
2026-06-04 00:20:00,Counter_1,4.0,1.0,0,3,0,0,1.25,4.99
2026-06-04 00:20:00,Counter_2,2.0,2.0,0,3,0,0,1.08,2.12
2026-06-04 00:20:00,Counter_3,0.0,2.0,0,3,0,0,1.53,0.01
2026-06-04 00:20:00,Counter_4,1.0,2.0,0,3,0,0,1.12,0.68
2026-06-04 00:20:00,Counter_5,1.0,2.0,0,3,0,0,1.42,1.38
2026-06-04 00:25:00,Counter_1,1.0,2.0,0,3,0,0,1.5,1.32
2026-06-04 00:25:00,Counter_2,3.0,,0,3,0,0,1.64,5.18
2026-06-04 00:25:00,Counter_3,4.0,2.0,0,3,0,0,0.91,3.72
2026-06-04 00:25:00,Counter_4,5.0,1.0,0,3,0,0,0.9,4.4
2026-06-04 00:25:00,Counter_5,0.0,2.0,0,3,0,0,1.54,0.16
2026-06-04 00:30:00,Counter_1,2.0,2.0,0,3,0,0,1.5,2.91
2026-06-04 00:30:00,Counter_2,2.0,1.0,0,3,0,0,1.1,2.18
2026-06-04 00:30:00,Counter_3,2.0,1.0,0,3,0,0,0.6,1.25
2026-06-04 00:30:00,Counter_4,1.0,1.0,0,3,0,0,1.27,1.45
2026-06-04 00:30:00,Counter_5,6.0,1.0,0,3,0,0,0.87,5.22
2026-06-04 00:35:00,Counter_1,0.0,1.0,0,3,0,0,1.04,0.18
2026-06-04 00:35:00,Counter_2,0.0,2.0,0,3,0,0,1.3,0.03
2026-06-04 00:35:00,Counter_3,2.0,1.0,0,3,0,0,1.33,2.46
2026-06-04 00:35:00,Counter_4,,2.0,0,3,0,0,1.65,1.97
2026-06-04 00:35:00,Counter_5,0.0,2.0,0,3,0,0,1.16,0.03
2026-06-04 00:40:00,Counter_1,2.0,2.0,0,3,0,0,1.01,2.14
2026-06-04 00:40:00,Counter_2,2.0,1.0,0,3,0,0,1.48,3.11
2026-06-04 00:40:00,Counter_3,1.0,1.0,0,3,0,0,1.34,1.76
2026-06-04 00:40:00,Counter_4,5.0,1.0,0,3,0,0,1.16,5.74
2026-06-04 00:40:00,Counter_5,0.0,2.0,0,3,0,0,1.26,0.01
2026-06-04 00:45:00,Counter_1,1.0,2.0,0,3,0,0,1.16,1.0
2026-06-04 00:45:00,Counter_2,1.0,2.0,0,3,0,0,1.42,1.32
2026-06-04 00:45:00,Counter_3,4.0,1.0,0,3,0,0,1.67,6.53
2026-06-04 00:45:00,Counter_4,7.0,1.0,0,3,0,0,1.07,7.66
2026-06-04 00:45:00,Counter_5,1.0,2.0,0,3,0,0,1.36,1.54
2026-06-04 00:50:00,Counter_1,4.0,2.0,0,3,0,0,0.87,3.55
2026-06-04 00:50:00,Counter_2,2.0,2.0,0,3,0,0,0.98,1.8
2026-06-04 00:50:00,Counter_3,3.0,2.0,0,3,0,0,1.39,4.04
2026-06-04 00:50:00,Counter_4,0.0,2.0,0,3,0,0,1.23,0.03
2026-06-04 00:50:00,Counter_5,0.0,1.0,0,3,0,0,0.97,0.01
2026-06-04 00:55:00,Counter_1,1.0,1.0,0,3,0,0,1.25,0.93
2026-06-04 00:55:00,Counter_2,6.0,1.0,0,3,0,0,1.47,8.74
2026-06-04 00:55:00,Counter_3,0.0,2.0,0,3,0,0,0.89,0.03
2026-06-04 00:55:00,Counter_4,0.0,1.0,0,3,0,0,1.69,0.12
2026-06-04 00:55:00,Counter_5,0.0,2.0,0,3,0,0,1.39,0.06
2026-06-04 01:00:00,Counter_1,1.0,2.0,1,3,0,0,1.4,1.79
2026-06-04 01:00:00,Counter_2,2.0,2.0,1,3,0,0,1.25,2.71
2026-06-04 01:00:00,Counter_3,3.0,2.0,1,3,0,0,1.69,5.05
2026-06-04 01:00:00,Counter_4,2.0,1.0,1,3,0,0,1.49,3.06
2026-06-04 01:00:00,Counter_5,7.0,1.0,1,3,0,0,1.16,8.21
2026-06-04 01:05:00,Counter_1,0.0,2.0,1,3,0,0,1.44,0.0
2026-06-04 01:05:00,Counter_2,0.0,2.0,1,3,0,0,1.07,0.07
2026-06-04 01:05:00,Counter_3,2.0,2.0,1,3,0,0,1.18,2.34
2026-06-04 01:05:00,Counter_4,3.0,1.0,1,3,0,0,1.62,4.71
2026-06-04 01:05:00,Counter_5,2.0,1.0,1,3,0,0,1.35,2.81
2026-06-04 01:10:00,Counter_1,3.0,2.0,1,3,0,0,1.42,4.04
2026-06-04 01:10:00,Counter_2,1.0,2.0,1,3,0,0,1.54,1.67
2026-06-04 01:10:00,Counter_3,0.0,1.0,1,3,0,0,1.39,0.15
2026-06-04 01:10:00,Counter_4,2.0,1.0,1,3,0,0,1.05,1.97
2026-06-04 01:10:00,Counter_5,0.0,2.0,1,3,0,0,1.67,0.08
2026-06-04 01:15:00,Counter_1,0.0,2.0,1,3,0,0,1.38,0.04
2026-06-04 01:15:00,Counter_2,1.0,,1,3,0,0,1.4,1.34
2026-06-04 01:15:00,Counter_3,0.0,2.0,1,3,0,0,1.26,0.04
2026-06-04 01:15:00,Counter_4,3.0,1.0,1,3,0,0,1.53,4.32
2026-06-04 01:15:00,Counter_5,0.0,2.0,1,3,0,0,1.73,0.09
2026-06-04 01:20:00,Counter_1,4.0,1.0,1,3,0,0,,4.35
2026-06-04 01:20:00,Counter_2,3.0,1.0,1,3,0,0,1.52,4.59
2026-06-04 01:20:00,Counter_3,1.0,1.0,1,3,0,0,1.26,1.4
2026-06-04 01:20:00,Counter_4,6.0,1.0,1,3,0,0,0.75,4.57
2026-06-04 01:20:00,Counter_5,1.0,2.0,1,3,0,0,0.9,1.21
2026-06-04 01:25:00,Counter_1,1.0,2.0,1,3,0,0,1.36,1.2
2026-06-04 01:25:00,Counter_2,3.0,2.0,1,3,0,0,1.5,4.58
2026-06-04 01:25:00,Counter_3,0.0,2.0,1,3,0,0,1.4,0.08
2026-06-04 01:25:00,Counter_4,10.0,1.0,1,3,0,0,1.44,14.3
2026-06-04 01:25:00,Counter_5,2.0,2.0,1,3,0,0,,3.74
2026-06-04 01:30:00,Counter_1,0.0,2.0,1,3,0,0,1.38,0.07
2026-06-04 01:30:00,Counter_2,3.0,2.0,1,3,0,0,1.18,3.54
2026-06-04 01:30:00,Counter_3,3.0,1.0,1,3,0,0,1.22,3.84
2026-06-04 01:30:00,Counter_4,0.0,2.0,1,3,0,0,1.66,0.03
2026-06-04 01:30:00,Counter_5,5.0,,1,3,0,0,0.93,4.58
2026-06-04 01:35:00,Counter_1,2.0,1.0,1,3,0,0,1.56,2.95
2026-06-04 01:35:00,Counter_2,1.0,2.0,1,3,0,0,1.25,1.05
2026-06-04 01:35:00,Counter_3,3.0,1.0,1,3,0,0,1.04,2.93
2026-06-04 01:35:00,Counter_4,1.0,2.0,1,3,0,0,0.89,0.77
2026-06-04 01:35:00,Counter_5,2.0,2.0,1,3,0,0,1.62,3.65
2026-06-04 01:40:00,Counter_1,1.0,1.0,1,3,0,0,1.04,1.03
2026-06-04 01:40:00,Counter_2,,2.0,1,3,0,0,1.27,3.54
2026-06-04 01:40:00,Counter_3,0.0,2.0,1,3,0,0,1.01,0.27
2026-06-04 01:40:00,Counter_4,0.0,1.0,1,3,0,0,1.74,0.01
2026-06-04 01:40:00,Counter_5,2.0,2.0,1,3,0,0,1.27,2.4
2026-06-04 01:45:00,Counter_1,3.0,1.0,1,3,0,0,0.91,3.03
2026-06-04 01:45:00,Counter_2,2.0,2.0,1,3,0,0,1.14,2.49
2026-06-04 01:45:00,Counter_3,1.0,2.0,1,3,0,0,1.6,1.56
2026-06-04 01:45:00,Counter_4,4.0,1.0,1,3,0,0,1.01,3.91
2026-06-04 01:45:00,Counter_5,3.0,2.0,1,3,0,0,1.16,3.29
2026-06-04 01:50:00,Counter_1,0.0,2.0,1,3,0,0,1.55,0.14
2026-06-04 01:50:00,Counter_2,2.0,1.0,1,3,0,0,1.34,2.76
2026-06-04 01:50:00,Counter_3,1.0,1.0,1,3,0,0,0.95,1.22
2026-06-04 01:50:00,Counter_4,1.0,1.0,1,3,0,0,1.31,1.38
2026-06-04 01:50:00,Counter_5,2.0,1.0,1,3,0,0,1.21,2.35
2026-06-04 01:55:00,Counter_1,2.0,1.0,1,3,0,0,1.26,2.79
2026-06-04 01:55:00,Counter_2,4.0,1.0,1,3,0,0,1.49,6.12
2026-06-04 01:55:00,Counter_3,4.0,1.0,1,3,0,0,1.31,5.1
2026-06-04 01:55:00,Counter_4,8.0,1.0,1,3,0,0,1.23,9.82
2026-06-04 01:55:00,Counter_5,0.0,2.0,1,3,0,0,1.21,0.05
2026-06-04 02:00:00,Counter_1,1.0,2.0,2,3,0,0,1.52,1.58
2026-06-04 02:00:00,Counter_2,1.0,2.0,2,3,0,0,1.07,0.87
2026-06-04 02:00:00,Counter_3,,1.0,2,3,0,0,0.71,0.29
2026-06-04 02:00:00,Counter_4,0.0,2.0,2,3,0,0,1.19,0.15
2026-06-04 02:00:00,Counter_5,,2.0,2,3,0,0,1.34,1.35
2026-06-04 02:05:00,Counter_1,1.0,2.0,2,3,0,0,1.15,0.89
2026-06-04 02:05:00,Counter_2,2.0,2.0,2,3,0,0,1.12,2.06
2026-06-04 02:05:00,Counter_3,2.0,2.0,2,3,0,0,1.16,2.74
2026-06-04 02:05:00,Counter_4,4.0,1.0,2,3,0,0,1.24,4.87
2026-06-04 02:05:00,Counter_5,5.0,1.0,2,3,0,0,0.93,4.87
2026-06-04 02:10:00,Counter_1,1.0,2.0,2,3,0,0,1.42,1.39
2026-06-04 02:10:00,Counter_2,2.0,1.0,2,3,0,0,0.6,0.96
2026-06-04 02:10:00,Counter_3,1.0,2.0,2,3,0,0,1.39,1.17
2026-06-04 02:10:00,Counter_4,5.0,1.0,2,3,0,0,1.33,6.49
2026-06-04 02:10:00,Counter_5,3.0,2.0,2,3,0,0,1.37,4.54
2026-06-04 02:15:00,Counter_1,2.0,2.0,2,3,0,0,0.77,1.49
2026-06-04 02:15:00,Counter_2,1.0,2.0,2,3,0,0,1.32,1.36
2026-06-04 02:15:00,Counter_3,6.0,1.0,2,3,0,0,1.11,6.8
2026-06-04 02:15:00,Counter_4,3.0,1.0,2,3,0,0,1.65,5.05
2026-06-04 02:15:00,Counter_5,3.0,2.0,2,3,0,0,,4.19
2026-06-04 02:20:00,Counter_1,3.0,2.0,2,3,0,0,0.96,2.77
2026-06-04 02:20:00,Counter_2,2.0,2.0,2,3,0,0,0.83,1.42
2026-06-04 02:20:00,Counter_3,1.0,1.0,2,3,0,0,1.1,0.91
2026-06-04 02:20:00,Counter_4,7.0,1.0,2,3,0,0,1.45,9.84
2026-06-04 02:20:00,Counter_5,1.0,1.0,2,3,0,0,1.54,1.44
2026-06-04 02:25:00,Counter_1,2.0,1.0,2,3,0,0,1.3,1.85
2026-06-04 02:25:00,Counter_2,0.0,,2,3,0,0,1.27,0.09
2026-06-04 02:25:00,Counter_3,0.0,1.0,2,3,0,0,1.17,0.06
2026-06-04 02:25:00,Counter_4,2.0,2.0,2,3,0,0,1.24,2.28
2026-06-04 02:25:00,Counter_5,1.0,2.0,2,3,0,0,1.55,1.27
2026-06-04 02:30:00,Counter_1,3.0,1.0,2,3,0,0,1.16,3.79
2026-06-04 02:30:00,Counter_2,6.0,2.0,2,3,0,0,1.41,8.65
2026-06-04 02:30:00,Counter_3,3.0,2.0,2,3,0,0,1.12,3.31
2026-06-04 02:30:00,Counter_4,5.0,1.0,2,3,0,0,1.5,7.36
2026-06-04 02:30:00,Counter_5,2.0,2.0,2,3,0,0,1.39,2.79
2026-06-04 02:35:00,Counter_1,6.0,1.0,2,3,0,0,1.49,8.65
2026-06-04 02:35:00,Counter_2,1.0,2.0,2,3,0,0,1.72,1.78
2026-06-04 02:35:00,Counter_3,2.0,2.0,2,3,0,0,0.6,0.96
2026-06-04 02:35:00,Counter_4,3.0,2.0,2,3,0,0,1.44,3.84
2026-06-04 02:35:00,Counter_5,3.0,2.0,2,3,0,0,1.37,3.95
2026-06-04 02:40:00,Counter_1,4.0,2.0,2,3,0,0,1.36,5.24
2026-06-04 02:40:00,Counter_2,1.0,2.0,2,3,0,0,1.31,1.67
2026-06-04 02:40:00,Counter_3,3.0,1.0,2,3,0,0,1.31,4.26
2026-06-04 02:40:00,Counter_4,0.0,2.0,2,3,0,0,1.33,0.13
2026-06-04 02:40:00,Counter_5,1.0,2.0,2,3,0,0,1.48,1.46
2026-06-04 02:45:00,Counter_1,1.0,2.0,2,3,0,0,1.46,1.33
2026-06-04 02:45:00,Counter_2,4.0,1.0,2,3,0,0,,5.33
2026-06-04 02:45:00,Counter_3,0.0,2.0,2,3,0,0,1.2,0.0
2026-06-04 02:45:00,Counter_4,2.0,2.0,2,3,0,0,1.26,2.61
2026-06-04 02:45:00,Counter_5,3.0,1.0,2,3,0,0,1.15,3.71
2026-06-04 02:50:00,Counter_1,0.0,2.0,2,3,0,0,1.7,0.2
2026-06-04 02:50:00,Counter_2,2.0,1.0,2,3,0,0,0.93,1.86
2026-06-04 02:50:00,Counter_3,2.0,1.0,2,3,0,0,1.44,3.09
2026-06-04 02:50:00,Counter_4,11.0,1.0,2,3,0,0,1.44,15.62
2026-06-04 02:50:00,Counter_5,8.0,1.0,2,3,0,0,1.12,9.09
2026-06-04 02:55:00,Counter_1,2.0,2.0,2,3,0,0,1.32,2.33
2026-06-04 02:55:00,Counter_2,1.0,1.0,2,3,0,0,1.57,1.25
2026-06-04 02:55:00,Counter_3,1.0,1.0,2,3,0,0,1.17,1.34
2026-06-04 02:55:00,Counter_4,1.0,2.0,2,3,0,0,1.58,1.39
2026-06-04 02:55:00,Counter_5,1.0,1.0,2,3,0,0,1.53,1.57
2026-06-04 03:00:00,Counter_1,2.0,1.0,3,3,0,0,1.07,1.9
2026-06-04 03:00:00,Counter_2,,1.0,3,3,0,0,,2.97
2026-06-04 03:00:00,Counter_3,4.0,2.0,3,3,0,0,1.29,4.83
2026-06-04 03:00:00,Counter_4,2.0,1.0,3,3,0,0,0.94,2.14
2026-06-04 03:00:00,Counter_5,1.0,1.0,3,3,0,0,0.6,0.76
2026-06-04 03:05:00,Counter_1,4.0,2.0,3,3,0,0,1.13,4.4
2026-06-04 03:05:00,Counter_2,8.0,1.0,3,3,0,0,1.79,13.95
2026-06-04 03:05:00,Counter_3,0.0,2.0,3,3,0,0,1.14,0.1
2026-06-04 03:05:00,Counter_4,7.0,1.0,3,3,0,0,1.34,9.31
2026-06-04 03:05:00,Counter_5,0.0,2.0,3,3,0,0,1.42,0.02
2026-06-04 03:10:00,Counter_1,2.0,2.0,3,3,0,0,1.24,2.69
2026-06-04 03:10:00,Counter_2,3.0,2.0,3,3,0,0,1.17,3.75
2026-06-04 03:10:00,Counter_3,1.0,2.0,3,3,0,0,1.56,1.65
2026-06-04 03:10:00,Counter_4,2.0,2.0,3,3,0,0,1.26,2.82
2026-06-04 03:10:00,Counter_5,0.0,2.0,3,3,0,0,1.23,0.05
2026-06-04 03:15:00,Counter_1,2.0,1.0,3,3,0,0,1.45,2.84
2026-06-04 03:15:00,Counter_2,1.0,2.0,3,3,0,0,0.99,0.92
2026-06-04 03:15:00,Counter_3,6.0,1.0,3,3,0,0,0.93,5.75
2026-06-04 03:15:00,Counter_4,0.0,2.0,3,3,0,0,0.84,0.03
2026-06-04 03:15:00,Counter_5,7.0,1.0,3,3,0,0,1.39,9.84
2026-06-04 03:20:00,Counter_1,2.0,2.0,3,3,0,0,1.21,2.32
2026-06-04 03:20:00,Counter_2,2.0,2.0,3,3,0,0,1.46,2.79
2026-06-04 03:20:00,Counter_3,2.0,1.0,3,3,0,0,1.26,2.68
2026-06-04 03:20:00,Counter_4,3.0,2.0,3,3,0,0,0.91,2.73
2026-06-04 03:20:00,Counter_5,1.0,1.0,3,3,0,0,1.16,1.22
2026-06-04 03:25:00,Counter_1,8.0,1.0,3,3,0,0,1.47,11.51
2026-06-04 03:25:00,Counter_2,3.0,2.0,3,3,0,0,1.18,3.68
2026-06-04 03:25:00,Counter_3,3.0,1.0,3,3,0,0,1.55,4.43
2026-06-04 03:25:00,Counter_4,2.0,2.0,3,3,0,0,1.14,2.62
2026-06-04 03:25:00,Counter_5,2.0,1.0,3,3,0,0,1.43,2.81
2026-06-04 03:30:00,Counter_1,,2.0,3,3,0,0,0.8,0.72
2026-06-04 03:30:00,Counter_2,2.0,2.0,3,3,0,0,1.19,2.56
2026-06-04 03:30:00,Counter_3,5.0,,3,3,0,0,1.15,5.74
2026-06-04 03:30:00,Counter_4,1.0,2.0,3,3,0,0,0.9,1.04
2026-06-04 03:30:00,Counter_5,3.0,1.0,3,3,0,0,1.53,4.53
2026-06-04 03:35:00,Counter_1,0.0,1.0,3,3,0,0,1.09,0.03
2026-06-04 03:35:00,Counter_2,3.0,2.0,3,3,0,0,1.06,3.16
2026-06-04 03:35:00,Counter_3,2.0,2.0,3,3,0,0,1.58,3.33
2026-06-04 03:35:00,Counter_4,2.0,2.0,3,3,0,0,1.29,2.81
2026-06-04 03:35:00,Counter_5,0.0,2.0,3,3,0,0,1.44,0.11
2026-06-04 03:40:00,Counter_1,7.0,1.0,3,3,0,0,0.82,5.81
2026-06-04 03:40:00,Counter_2,0.0,2.0,3,3,0,0,1.05,0.0
2026-06-04 03:40:00,Counter_3,0.0,2.0,3,3,0,0,1.77,0.05
2026-06-04 03:40:00,Counter_4,2.0,1.0,3,3,0,0,1.46,3.41
2026-06-04 03:40:00,Counter_5,1.0,2.0,3,3,0,0,0.98,0.79
2026-06-04 03:45:00,Counter_1,1.0,1.0,3,3,0,0,1.31,1.36
2026-06-04 03:45:00,Counter_2,3.0,2.0,3,3,0,0,1.0,3.1
2026-06-04 03:45:00,Counter_3,0.0,1.0,3,3,0,0,1.6,0.06
2026-06-04 03:45:00,Counter_4,3.0,2.0,3,3,0,0,,1.79
2026-06-04 03:45:00,Counter_5,5.0,1.0,3,3,0,0,1.32,7.03
2026-06-04 03:50:00,Counter_1,6.0,1.0,3,3,0,0,1.32,8.14
2026-06-04 03:50:00,Counter_2,0.0,2.0,3,3,0,0,0.97,0.07
2026-06-04 03:50:00,Counter_3,1.0,2.0,3,3,0,0,,1.19
2026-06-04 03:50:00,Counter_4,2.0,2.0,3,3,0,0,1.34,2.71
2026-06-04 03:50:00,Counter_5,0.0,2.0,3,3,0,0,0.81,0.03
2026-06-04 03:55:00,Counter_1,4.0,1.0,3,3,0,0,0.93,4.01
2026-06-04 03:55:00,Counter_2,0.0,1.0,3,3,0,0,1.21,0.04
2026-06-04 03:55:00,Counter_3,1.0,1.0,3,3,0,0,1.04,1.06
2026-06-04 03:55:00,Counter_4,3.0,2.0,3,3,0,0,1.13,3.32
2026-06-04 03:55:00,Counter_5,0.0,2.0,3,3,0,0,1.24,0.08
2026-06-04 04:00:00,Counter_1,4.0,1.0,4,3,0,0,1.02,3.96
2026-06-04 04:00:00,Counter_2,3.0,2.0,4,3,0,0,1.24,3.76
2026-06-04 04:00:00,Counter_3,3.0,1.0,4,3,0,0,1.32,3.9
2026-06-04 04:00:00,Counter_4,2.0,1.0,4,3,0,0,1.44,2.89
2026-06-04 04:00:00,Counter_5,2.0,2.0,4,3,0,0,0.94,2.02
2026-06-04 04:05:00,Counter_1,3.0,1.0,4,3,0,0,1.09,3.5
2026-06-04 04:05:00,Counter_2,3.0,2.0,4,3,0,0,1.4,4.73
2026-06-04 04:05:00,Counter_3,10.0,1.0,4,3,0,0,0.88,8.95
2026-06-04 04:05:00,Counter_4,0.0,2.0,4,3,0,0,1.28,0.18
2026-06-04 04:05:00,Counter_5,2.0,2.0,4,3,0,0,1.26,2.74
2026-06-04 04:10:00,Counter_1,8.0,1.0,4,3,0,0,0.6,4.74
2026-06-04 04:10:00,Counter_2,3.0,1.0,4,3,0,0,1.13,3.25
2026-06-04 04:10:00,Counter_3,0.0,1.0,4,3,0,0,1.33,0.02
2026-06-04 04:10:00,Counter_4,6.0,1.0,4,3,0,0,1.2,7.48
2026-06-04 04:10:00,Counter_5,0.0,2.0,4,3,0,0,1.13,0.0
2026-06-04 04:15:00,Counter_1,0.0,2.0,4,3,0,0,1.29,0.02
2026-06-04 04:15:00,Counter_2,1.0,1.0,4,3,0,0,1.5,1.59
2026-06-04 04:15:00,Counter_3,0.0,,4,3,0,0,1.38,0.02
2026-06-04 04:15:00,Counter_4,5.0,1.0,4,3,0,0,1.06,5.01
2026-06-04 04:15:00,Counter_5,3.0,2.0,4,3,0,0,0.89,2.39
2026-06-04 04:20:00,Counter_1,3.0,1.0,4,3,0,0,1.38,4.4
2026-06-04 04:20:00,Counter_2,0.0,2.0,4,3,0,0,0.96,0.02
2026-06-04 04:20:00,Counter_3,2.0,2.0,4,3,0,0,1.12,2.11
2026-06-04 04:20:00,Counter_4,0.0,2.0,4,3,0,0,1.3,0.13
2026-06-04 04:20:00,Counter_5,5.0,1.0,4,3,0,0,1.54,7.96
2026-06-04 04:25:00,Counter_1,1.0,2.0,4,3,0,0,1.57,1.34
2026-06-04 04:25:00,Counter_2,0.0,2.0,4,3,0,0,1.27,0.14
2026-06-04 04:25:00,Counter_3,2.0,2.0,4,3,0,0,1.12,2.54
2026-06-04 04:25:00,Counter_4,6.0,1.0,4,3,0,0,0.95,5.8
2026-06-04 04:25:00,Counter_5,0.0,2.0,4,3,0,0,1.74,0.03
2026-06-04 04:30:00,Counter_1,1.0,2.0,4,3,0,0,,1.09
2026-06-04 04:30:00,Counter_2,1.0,1.0,4,3,0,0,1.42,1.22
2026-06-04 04:30:00,Counter_3,2.0,2.0,4,3,0,0,1.3,2.73
2026-06-04 04:30:00,Counter_4,2.0,1.0,4,3,0,0,1.13,2.46
2026-06-04 04:30:00,Counter_5,0.0,2.0,4,3,0,0,1.12,0.3
2026-06-04 04:35:00,Counter_1,4.0,2.0,4,3,0,0,0.9,3.63
2026-06-04 04:35:00,Counter_2,6.0,1.0,4,3,0,0,1.53,9.26
2026-06-04 04:35:00,Counter_3,4.0,1.0,4,3,0,0,1.22,4.73
2026-06-04 04:35:00,Counter_4,6.0,1.0,4,3,0,0,1.61,9.57
2026-06-04 04:35:00,Counter_5,5.0,1.0,4,3,0,0,1.14,5.7
2026-06-04 04:40:00,Counter_1,1.0,1.0,4,3,0,0,1.18,1.12
2026-06-04 04:40:00,Counter_2,2.0,,4,3,0,0,0.97,1.94
2026-06-04 04:40:00,Counter_3,2.0,2.0,4,3,0,0,1.17,2.02
2026-06-04 04:40:00,Counter_4,2.0,2.0,4,3,0,0,0.94,2.06
2026-06-04 04:40:00,Counter_5,2.0,2.0,4,3,0,0,1.35,2.49
2026-06-04 04:45:00,Counter_1,2.0,1.0,4,3,0,0,1.28,2.14
2026-06-04 04:45:00,Counter_2,1.0,1.0,4,3,0,0,1.62,1.48
2026-06-04 04:45:00,Counter_3,0.0,2.0,4,3,0,0,0.89,0.08
2026-06-04 04:45:00,Counter_4,9.0,1.0,4,3,0,0,1.55,14.35
2026-06-04 04:45:00,Counter_5,0.0,1.0,4,3,0,0,1.01,0.05
2026-06-04 04:50:00,Counter_1,2.0,1.0,4,3,0,0,1.34,2.72
2026-06-04 04:50:00,Counter_2,2.0,2.0,4,3,0,0,0.96,1.98
2026-06-04 04:50:00,Counter_3,3.0,2.0,4,3,0,0,1.3,3.6
2026-06-04 04:50:00,Counter_4,1.0,2.0,4,3,0,0,0.62,0.6
2026-06-04 04:50:00,Counter_5,2.0,1.0,4,3,0,0,1.08,2.11
2026-06-04 04:55:00,Counter_1,2.0,2.0,4,3,0,0,1.28,2.58
2026-06-04 04:55:00,Counter_2,3.0,1.0,4,3,0,0,1.69,5.15
2026-06-04 04:55:00,Counter_3,,2.0,4,3,0,0,0.72,1.61
2026-06-04 04:55:00,Counter_4,3.0,1.0,4,3,0,0,1.25,3.58
2026-06-04 04:55:00,Counter_5,2.0,2.0,4,3,0,0,1.12,2.34
2026-06-04 05:00:00,Counter_1,2.0,2.0,5,3,0,0,0.77,1.39
2026-06-04 05:00:00,Counter_2,3.0,2.0,5,3,0,0,0.97,2.73
2026-06-04 05:00:00,Counter_3,4.0,2.0,5,3,0,0,1.13,4.87
2026-06-04 05:00:00,Counter_4,1.0,2.0,5,3,0,0,1.37,1.01
2026-06-04 05:00:00,Counter_5,2.0,1.0,5,3,0,0,1.27,2.44
2026-06-04 05:05:00,Counter_1,3.0,2.0,5,3,0,0,0.92,2.8
2026-06-04 05:05:00,Counter_2,1.0,2.0,5,3,0,0,0.79,0.67
2026-06-04 05:05:00,Counter_3,3.0,2.0,5,3,0,0,1.35,4.08
2026-06-04 05:05:00,Counter_4,4.0,1.0,5,3,0,0,1.2,4.53
2026-06-04 05:05:00,Counter_5,2.0,1.0,5,3,0,0,1.65,2.93
2026-06-04 05:10:00,Counter_1,2.0,2.0,5,3,0,0,1.16,2.15
2026-06-04 05:10:00,Counter_2,6.0,2.0,5,3,0,0,1.54,9.27
2026-06-04 05:10:00,Counter_3,5.0,1.0,5,3,0,0,1.39,6.92
2026-06-04 05:10:00,Counter_4,6.0,1.0,5,3,0,0,1.46,8.89
2026-06-04 05:10:00,Counter_5,0.0,2.0,5,3,0,0,1.36,0.0
2026-06-04 05:15:00,Counter_1,7.0,1.0,5,3,0,0,1.36,9.4
2026-06-04 05:15:00,Counter_2,1.0,2.0,5,3,0,0,0.68,0.67
2026-06-04 05:15:00,Counter_3,1.0,2.0,5,3,0,0,1.19,1.0
2026-06-04 05:15:00,Counter_4,5.0,1.0,5,3,0,0,1.08,5.43
2026-06-04 05:15:00,Counter_5,1.0,2.0,5,3,0,0,1.57,1.51
2026-06-04 05:20:00,Counter_1,3.0,1.0,5,3,0,0,1.0,3.1
2026-06-04 05:20:00,Counter_2,1.0,2.0,5,3,0,0,1.18,1.24
2026-06-04 05:20:00,Counter_3,2.0,2.0,5,3,0,0,1.45,2.53
2026-06-04 05:20:00,Counter_4,4.0,2.0,5,3,0,0,1.33,5.61
2026-06-04 05:20:00,Counter_5,4.0,2.0,5,3,0,0,1.29,4.73
2026-06-04 05:25:00,Counter_1,1.0,2.0,5,3,0,0,1.53,1.22
2026-06-04 05:25:00,Counter_2,3.0,2.0,5,3,0,0,1.32,3.95
2026-06-04 05:25:00,Counter_3,0.0,2.0,5,3,0,0,1.11,0.04
2026-06-04 05:25:00,Counter_4,3.0,2.0,5,3,0,0,0.93,2.73
2026-06-04 05:25:00,Counter_5,3.0,2.0,5,3,0,0,1.37,4.0
2026-06-04 05:30:00,Counter_1,5.0,1.0,5,3,0,0,1.06,5.28
2026-06-04 05:30:00,Counter_2,1.0,2.0,5,3,0,0,1.19,1.3
2026-06-04 05:30:00,Counter_3,2.0,2.0,5,3,0,0,1.52,2.81
2026-06-04 05:30:00,Counter_4,3.0,2.0,5,3,0,0,1.19,3.35
2026-06-04 05:30:00,Counter_5,1.0,2.0,5,3,0,0,1.14,0.97
2026-06-04 05:35:00,Counter_1,3.0,2.0,5,3,0,0,1.18,3.8
2026-06-04 05:35:00,Counter_2,4.0,1.0,5,3,0,0,1.19,4.83
2026-06-04 05:35:00,Counter_3,1.0,2.0,5,3,0,0,1.0,1.11
2026-06-04 05:35:00,Counter_4,1.0,2.0,5,3,0,0,1.67,1.99
2026-06-04 05:35:00,Counter_5,1.0,2.0,5,3,0,0,1.11,1.27
2026-06-04 05:40:00,Counter_1,3.0,2.0,5,3,0,0,1.45,4.38
2026-06-04 05:40:00,Counter_2,0.0,2.0,5,3,0,0,1.0,0.09
2026-06-04 05:40:00,Counter_3,4.0,,5,3,0,0,1.39,5.37
2026-06-04 05:40:00,Counter_4,4.0,1.0,5,3,0,0,1.29,5.11
2026-06-04 05:40:00,Counter_5,2.0,2.0,5,3,0,0,1.26,2.75
2026-06-04 05:45:00,Counter_1,3.0,2.0,5,3,0,0,1.29,3.43
2026-06-04 05:45:00,Counter_2,4.0,1.0,5,3,0,0,1.35,5.24
2026-06-04 05:45:00,Counter_3,2.0,2.0,5,3,0,0,1.19,2.54
2026-06-04 05:45:00,Counter_4,9.0,1.0,5,3,0,0,1.21,10.91
2026-06-04 05:45:00,Counter_5,1.0,2.0,5,3,0,0,1.39,1.49
2026-06-04 05:50:00,Counter_1,1.0,2.0,5,3,0,0,0.96,0.58
2026-06-04 05:50:00,Counter_2,0.0,1.0,5,3,0,0,0.93,0.12
2026-06-04 05:50:00,Counter_3,4.0,2.0,5,3,0,0,1.29,5.29
2026-06-04 05:50:00,Counter_4,0.0,1.0,5,3,0,0,0.75,0.25
2026-06-04 05:50:00,Counter_5,1.0,2.0,5,3,0,0,0.83,0.99
2026-06-04 05:55:00,Counter_1,0.0,2.0,5,3,0,0,1.7,0.05
2026-06-04 05:55:00,Counter_2,1.0,2.0,5,3,0,0,1.64,1.41
2026-06-04 05:55:00,Counter_3,1.0,2.0,5,3,0,0,1.11,1.18
2026-06-04 05:55:00,Counter_4,2.0,2.0,5,3,0,0,1.5,3.15
2026-06-04 05:55:00,Counter_5,8.0,1.0,5,3,0,0,1.51,12.15
2026-06-04 06:00:00,Counter_1,1.0,2.0,6,3,0,0,1.37,1.48
2026-06-04 06:00:00,Counter_2,3.0,2.0,6,3,0,0,1.23,3.34
2026-06-04 06:00:00,Counter_3,3.0,1.0,6,3,0,0,1.41,4.68
2026-06-04 06:00:00,Counter_4,4.0,1.0,6,3,0,0,1.45,6.36
2026-06-04 06:00:00,Counter_5,1.0,1.0,6,3,0,0,1.41,1.7
2026-06-04 06:05:00,Counter_1,2.0,1.0,6,3,0,0,0.86,1.74
2026-06-04 06:05:00,Counter_2,3.0,2.0,6,3,0,0,1.76,5.2
2026-06-04 06:05:00,Counter_3,2.0,2.0,6,3,0,0,1.85,3.62
2026-06-04 06:05:00,Counter_4,1.0,2.0,6,3,0,0,0.77,0.93
2026-06-04 06:05:00,Counter_5,1.0,1.0,6,3,0,0,1.38,1.59
2026-06-04 06:10:00,Counter_1,4.0,2.0,6,3,0,0,1.76,6.91
2026-06-04 06:10:00,Counter_2,3.0,2.0,6,3,0,0,1.5,4.5
2026-06-04 06:10:00,Counter_3,1.0,2.0,6,3,0,0,1.5,1.75
2026-06-04 06:10:00,Counter_4,3.0,1.0,6,3,0,0,0.89,2.65
2026-06-04 06:10:00,Counter_5,4.0,2.0,6,3,0,0,1.45,5.82
2026-06-04 06:15:00,Counter_1,1.0,2.0,6,3,0,0,1.31,1.59
2026-06-04 06:15:00,Counter_2,2.0,2.0,6,3,0,0,1.44,3.12
2026-06-04 06:15:00,Counter_3,2.0,2.0,6,3,0,0,0.99,2.14
2026-06-04 06:15:00,Counter_4,2.0,2.0,6,3,0,0,0.98,1.75
2026-06-04 06:15:00,Counter_5,2.0,2.0,6,3,0,0,1.21,2.21
2026-06-04 06:20:00,Counter_1,3.0,1.0,6,3,0,0,1.16,3.33
2026-06-04 06:20:00,Counter_2,3.0,1.0,6,3,0,0,1.21,3.53
2026-06-04 06:20:00,Counter_3,2.0,1.0,6,3,0,0,1.13,2.3
2026-06-04 06:20:00,Counter_4,3.0,2.0,6,3,0,0,1.2,3.58
2026-06-04 06:20:00,Counter_5,3.0,2.0,6,3,0,0,1.08,3.21
2026-06-04 06:25:00,Counter_1,3.0,2.0,6,3,0,0,1.24,3.67
2026-06-04 06:25:00,Counter_2,3.0,1.0,6,3,0,0,0.89,2.49
2026-06-04 06:25:00,Counter_3,3.0,1.0,6,3,0,0,1.38,4.05
2026-06-04 06:25:00,Counter_4,8.0,1.0,6,3,0,0,1.32,11.05
2026-06-04 06:25:00,Counter_5,4.0,1.0,6,3,0,0,,3.86
2026-06-04 06:30:00,Counter_1,4.0,1.0,6,3,0,0,1.58,6.32
2026-06-04 06:30:00,Counter_2,5.0,1.0,6,3,0,0,1.04,4.9
2026-06-04 06:30:00,Counter_3,6.0,1.0,6,3,0,0,1.55,9.1
2026-06-04 06:30:00,Counter_4,3.0,2.0,6,3,0,0,1.33,3.98
2026-06-04 06:30:00,Counter_5,2.0,1.0,6,3,0,0,1.5,3.27
2026-06-04 06:35:00,Counter_1,0.0,1.0,6,3,0,0,1.29,0.07
2026-06-04 06:35:00,Counter_2,11.0,1.0,6,3,0,0,1.39,15.33
2026-06-04 06:35:00,Counter_3,3.0,2.0,6,3,0,0,1.5,4.72
2026-06-04 06:35:00,Counter_4,2.0,2.0,6,3,0,0,1.73,3.27
2026-06-04 06:35:00,Counter_5,0.0,2.0,6,3,0,0,1.52,0.22
2026-06-04 06:40:00,Counter_1,0.0,2.0,6,3,0,0,1.36,0.09
2026-06-04 06:40:00,Counter_2,1.0,2.0,6,3,0,0,0.91,1.14
2026-06-04 06:40:00,Counter_3,0.0,1.0,6,3,0,0,0.65,0.02
2026-06-04 06:40:00,Counter_4,,1.0,6,3,0,0,1.22,1.04
2026-06-04 06:40:00,Counter_5,1.0,2.0,6,3,0,0,1.07,1.07
2026-06-04 06:45:00,Counter_1,,2.0,6,3,0,0,1.08,0.1
2026-06-04 06:45:00,Counter_2,1.0,2.0,6,3,0,0,1.23,1.17
2026-06-04 06:45:00,Counter_3,1.0,2.0,6,3,0,0,,1.37
2026-06-04 06:45:00,Counter_4,5.0,1.0,6,3,0,0,1.09,5.37
2026-06-04 06:45:00,Counter_5,2.0,1.0,6,3,0,0,1.47,2.57
2026-06-04 06:50:00,Counter_1,13.0,1.0,6,3,0,0,1.26,16.59
2026-06-04 06:50:00,Counter_2,1.0,1.0,6,3,0,0,1.26,1.06
2026-06-04 06:50:00,Counter_3,1.0,1.0,6,3,0,0,1.72,1.26
2026-06-04 06:50:00,Counter_4,9.0,1.0,6,3,0,0,1.29,11.82
2026-06-04 06:50:00,Counter_5,1.0,2.0,6,3,0,0,1.24,1.34
2026-06-04 06:55:00,Counter_1,3.0,1.0,6,3,0,0,1.38,3.88
2026-06-04 06:55:00,Counter_2,3.0,1.0,6,3,0,0,1.7,5.32
2026-06-04 06:55:00,Counter_3,2.0,1.0,6,3,0,0,1.24,2.61
2026-06-04 06:55:00,Counter_4,5.0,1.0,6,3,0,0,1.36,6.8
2026-06-04 06:55:00,Counter_5,4.0,1.0,6,3,0,0,1.22,4.81
2026-06-04 07:00:00,Counter_1,0.0,1.0,7,3,0,0,1.22,0.18
2026-06-04 07:00:00,Counter_2,1.0,2.0,7,3,0,0,1.13,1.17
2026-06-04 07:00:00,Counter_3,,2.0,7,3,0,0,,2.06
2026-06-04 07:00:00,Counter_4,3.0,1.0,7,3,0,0,1.67,5.23
2026-06-04 07:00:00,Counter_5,2.0,2.0,7,3,0,0,1.11,2.33
2026-06-04 07:05:00,Counter_1,6.0,1.0,7,3,0,0,0.86,5.13
2026-06-04 07:05:00,Counter_2,4.0,1.0,7,3,0,0,1.28,5.47
2026-06-04 07:05:00,Counter_3,3.0,1.0,7,3,0,0,1.5,4.44
2026-06-04 07:05:00,Counter_4,5.0,1.0,7,3,0,0,1.56,8.11
2026-06-04 07:05:00,Counter_5,1.0,2.0,7,3,0,0,0.95,1.01
2026-06-04 07:10:00,Counter_1,1.0,2.0,7,3,0,0,1.53,1.68
2026-06-04 07:10:00,Counter_2,4.0,1.0,7,3,0,0,1.76,6.97
2026-06-04 07:10:00,Counter_3,0.0,2.0,7,3,0,0,1.08,0.08
2026-06-04 07:10:00,Counter_4,4.0,1.0,7,3,0,0,1.21,4.94
2026-06-04 07:10:00,Counter_5,4.0,1.0,7,3,0,0,0.94,3.52
2026-06-04 07:15:00,Counter_1,6.0,1.0,7,3,0,0,1.71,10.14
2026-06-04 07:15:00,Counter_2,1.0,2.0,7,3,0,0,0.88,0.9
2026-06-04 07:15:00,Counter_3,5.0,1.0,7,3,0,0,1.15,5.62
2026-06-04 07:15:00,Counter_4,0.0,2.0,7,3,0,0,1.45,0.0
2026-06-04 07:15:00,Counter_5,0.0,2.0,7,3,0,0,1.08,0.06
2026-06-04 07:20:00,Counter_1,1.0,2.0,7,3,0,0,1.0,0.71
2026-06-04 07:20:00,Counter_2,5.0,1.0,7,3,0,0,1.24,6.25
2026-06-04 07:20:00,Counter_3,3.0,1.0,7,3,0,0,1.85,5.43
2026-06-04 07:20:00,Counter_4,1.0,1.0,7,3,0,0,1.19,0.98
2026-06-04 07:20:00,Counter_5,1.0,2.0,7,3,0,0,1.2,0.8
2026-06-04 07:25:00,Counter_1,2.0,2.0,7,3,0,0,0.97,1.63
2026-06-04 07:25:00,Counter_2,2.0,2.0,7,3,0,0,1.35,2.7
2026-06-04 07:25:00,Counter_3,2.0,2.0,7,3,0,0,1.47,2.95
2026-06-04 07:25:00,Counter_4,2.0,2.0,7,3,0,0,1.1,2.3
2026-06-04 07:25:00,Counter_5,2.0,1.0,7,3,0,0,1.38,3.1
2026-06-04 07:30:00,Counter_1,3.0,2.0,7,3,0,0,1.1,3.57
2026-06-04 07:30:00,Counter_2,1.0,2.0,7,3,0,0,0.78,0.98
2026-06-04 07:30:00,Counter_3,7.0,1.0,7,3,0,0,1.36,9.76
2026-06-04 07:30:00,Counter_4,1.0,1.0,7,3,0,0,1.77,1.81
2026-06-04 07:30:00,Counter_5,0.0,2.0,7,3,0,0,0.95,0.03
2026-06-04 07:35:00,Counter_1,3.0,1.0,7,3,0,0,1.29,4.18
2026-06-04 07:35:00,Counter_2,3.0,2.0,7,3,0,0,1.58,4.78
2026-06-04 07:35:00,Counter_3,1.0,2.0,7,3,0,0,1.22,1.27
2026-06-04 07:35:00,Counter_4,2.0,2.0,7,3,0,0,0.89,2.01
2026-06-04 07:35:00,Counter_5,4.0,2.0,7,3,0,0,1.26,4.98
2026-06-04 07:40:00,Counter_1,3.0,2.0,7,3,0,0,1.62,4.83
2026-06-04 07:40:00,Counter_2,0.0,1.0,7,3,0,0,1.12,0.12
2026-06-04 07:40:00,Counter_3,0.0,2.0,7,3,0,0,1.31,0.01
2026-06-04 07:40:00,Counter_4,1.0,2.0,7,3,0,0,0.99,0.92
2026-06-04 07:40:00,Counter_5,3.0,2.0,7,3,0,0,1.23,3.64
2026-06-04 07:45:00,Counter_1,0.0,2.0,7,3,0,0,1.35,0.08
2026-06-04 07:45:00,Counter_2,4.0,2.0,7,3,0,0,1.28,4.92
2026-06-04 07:45:00,Counter_3,2.0,2.0,7,3,0,0,1.14,2.58
2026-06-04 07:45:00,Counter_4,3.0,2.0,7,3,0,0,1.36,3.67
2026-06-04 07:45:00,Counter_5,2.0,1.0,7,3,0,0,1.42,2.96
2026-06-04 07:50:00,Counter_1,3.0,1.0,7,3,0,0,1.43,4.45
2026-06-04 07:50:00,Counter_2,3.0,2.0,7,3,0,0,1.18,3.68
2026-06-04 07:50:00,Counter_3,2.0,1.0,7,3,0,0,1.09,2.4
2026-06-04 07:50:00,Counter_4,4.0,2.0,7,3,0,0,1.74,6.92
2026-06-04 07:50:00,Counter_5,1.0,1.0,7,3,0,0,1.28,1.53
2026-06-04 07:55:00,Counter_1,0.0,2.0,7,3,0,0,1.19,0.04
2026-06-04 07:55:00,Counter_2,0.0,2.0,7,3,0,0,0.88,0.12
2026-06-04 07:55:00,Counter_3,2.0,2.0,7,3,0,0,1.02,2.45
2026-06-04 07:55:00,Counter_4,1.0,2.0,7,3,0,0,1.09,1.13
2026-06-04 07:55:00,Counter_5,0.0,1.0,7,3,0,0,1.36,0.01
2026-06-04 08:00:00,Counter_1,5.0,2.0,8,3,0,0,1.16,5.9
2026-06-04 08:00:00,Counter_2,2.0,2.0,8,3,0,0,1.25,2.64
2026-06-04 08:00:00,Counter_3,2.0,2.0,8,3,0,0,0.89,1.38
2026-06-04 08:00:00,Counter_4,1.0,1.0,8,3,0,0,1.6,1.68
2026-06-04 08:00:00,Counter_5,4.0,2.0,8,3,0,0,1.07,4.28
2026-06-04 08:05:00,Counter_1,8.0,1.0,8,3,0,0,1.31,10.67
2026-06-04 08:05:00,Counter_2,2.0,2.0,8,3,0,0,1.12,2.08
2026-06-04 08:05:00,Counter_3,3.0,2.0,8,3,0,0,1.17,3.75
2026-06-04 08:05:00,Counter_4,1.0,2.0,8,3,0,0,1.05,0.81
2026-06-04 08:05:00,Counter_5,0.0,1.0,8,3,0,0,1.32,0.01
2026-06-04 08:10:00,Counter_1,7.0,1.0,8,3,0,0,1.0,6.68
2026-06-04 08:10:00,Counter_2,11.0,1.0,8,3,0,0,1.33,14.41
2026-06-04 08:10:00,Counter_3,3.0,2.0,8,3,0,0,1.22,3.66
2026-06-04 08:10:00,Counter_4,2.0,2.0,8,3,0,0,1.41,3.09
2026-06-04 08:10:00,Counter_5,0.0,2.0,8,3,0,0,1.43,0.17
2026-06-04 08:15:00,Counter_1,2.0,1.0,8,3,0,0,1.17,2.08
2026-06-04 08:15:00,Counter_2,1.0,2.0,8,3,0,0,1.34,0.92
2026-06-04 08:15:00,Counter_3,1.0,2.0,8,3,0,0,1.14,1.27
2026-06-04 08:15:00,Counter_4,3.0,2.0,8,3,0,0,1.58,4.61
2026-06-04 08:15:00,Counter_5,6.0,1.0,8,3,0,0,1.16,6.86
2026-06-04 08:20:00,Counter_1,3.0,2.0,8,3,0,0,1.2,3.82
2026-06-04 08:20:00,Counter_2,2.0,2.0,8,3,0,0,1.13,2.23
2026-06-04 08:20:00,Counter_3,1.0,2.0,8,3,0,0,1.07,1.01
2026-06-04 08:20:00,Counter_4,2.0,2.0,8,3,0,0,1.76,3.55
2026-06-04 08:20:00,Counter_5,2.0,2.0,8,3,0,0,1.37,3.04
2026-06-04 08:25:00,Counter_1,2.0,1.0,8,3,0,0,1.27,2.59
2026-06-04 08:25:00,Counter_2,5.0,2.0,8,3,0,0,1.13,5.22
2026-06-04 08:25:00,Counter_3,0.0,2.0,8,3,0,0,1.53,0.26
2026-06-04 08:25:00,Counter_4,,1.0,8,3,0,0,1.11,0.01
2026-06-04 08:25:00,Counter_5,2.0,1.0,8,3,0,0,1.28,2.73
2026-06-04 08:30:00,Counter_1,4.0,1.0,8,3,0,0,1.8,6.95
2026-06-04 08:30:00,Counter_2,6.0,2.0,8,3,0,0,1.01,6.09
2026-06-04 08:30:00,Counter_3,2.0,1.0,8,3,0,0,1.38,2.74
2026-06-04 08:30:00,Counter_4,2.0,2.0,8,3,0,0,1.32,2.84
2026-06-04 08:30:00,Counter_5,1.0,2.0,8,3,0,0,1.38,1.18
2026-06-04 08:35:00,Counter_1,3.0,1.0,8,3,0,0,1.18,3.57
2026-06-04 08:35:00,Counter_2,2.0,2.0,8,3,0,0,1.1,2.51
2026-06-04 08:35:00,Counter_3,0.0,2.0,8,3,0,0,1.31,0.06
2026-06-04 08:35:00,Counter_4,2.0,1.0,8,3,0,0,1.14,2.4
2026-06-04 08:35:00,Counter_5,6.0,1.0,8,3,0,0,0.67,3.96
2026-06-04 08:40:00,Counter_1,0.0,1.0,8,3,0,0,1.04,0.13
2026-06-04 08:40:00,Counter_2,4.0,1.0,8,3,0,0,1.17,4.66
2026-06-04 08:40:00,Counter_3,3.0,2.0,8,3,0,0,0.98,3.11
2026-06-04 08:40:00,Counter_4,1.0,2.0,8,3,0,0,1.29,1.4
2026-06-04 08:40:00,Counter_5,2.0,2.0,8,3,0,0,1.06,1.99
2026-06-04 08:45:00,Counter_1,3.0,2.0,8,3,0,0,1.24,4.07
2026-06-04 08:45:00,Counter_2,4.0,2.0,8,3,0,0,,7.4
2026-06-04 08:45:00,Counter_3,3.0,1.0,8,3,0,0,1.56,4.51
2026-06-04 08:45:00,Counter_4,4.0,2.0,8,3,0,0,1.4,5.53
2026-06-04 08:45:00,Counter_5,0.0,2.0,8,3,0,0,1.7,0.01
2026-06-04 08:50:00,Counter_1,3.0,1.0,8,3,0,0,1.23,3.85
2026-06-04 08:50:00,Counter_2,1.0,2.0,8,3,0,0,1.23,1.07
2026-06-04 08:50:00,Counter_3,,2.0,8,3,0,0,0.99,1.85
2026-06-04 08:50:00,Counter_4,0.0,2.0,8,3,0,0,1.57,0.03
2026-06-04 08:50:00,Counter_5,1.0,2.0,8,3,0,0,1.74,1.85
2026-06-04 08:55:00,Counter_1,2.0,1.0,8,3,0,0,1.48,2.57
2026-06-04 08:55:00,Counter_2,3.0,2.0,8,3,0,0,1.61,4.96
2026-06-04 08:55:00,Counter_3,3.0,1.0,8,3,0,0,0.6,1.51
2026-06-04 08:55:00,Counter_4,1.0,2.0,8,3,0,0,1.83,1.7
2026-06-04 08:55:00,Counter_5,3.0,2.0,8,3,0,0,1.22,3.59
2026-06-04 09:00:00,Counter_1,9.0,1.0,9,3,0,0,1.84,16.47
2026-06-04 09:00:00,Counter_2,6.0,2.0,9,3,0,0,1.68,9.95
2026-06-04 09:00:00,Counter_3,11.0,1.0,9,3,0,0,1.44,15.63
2026-06-04 09:00:00,Counter_4,15.0,1.0,9,3,0,0,,17.5
2026-06-04 09:00:00,Counter_5,3.0,2.0,9,3,0,0,1.29,3.55
2026-06-04 09:05:00,Counter_1,1.0,2.0,9,3,0,0,0.77,0.66
2026-06-04 09:05:00,Counter_2,14.0,1.0,9,3,0,0,1.48,20.88
2026-06-04 09:05:00,Counter_3,1.0,2.0,9,3,0,0,,0.69
2026-06-04 09:05:00,Counter_4,3.0,2.0,9,3,0,0,1.18,3.26
2026-06-04 09:05:00,Counter_5,9.0,1.0,9,3,0,0,1.64,14.37
2026-06-04 09:10:00,Counter_1,2.0,2.0,9,3,0,0,1.43,2.64
2026-06-04 09:10:00,Counter_2,1.0,2.0,9,3,0,0,0.87,0.43
2026-06-04 09:10:00,Counter_3,6.0,2.0,9,3,0,0,0.91,5.48
2026-06-04 09:10:00,Counter_4,4.0,2.0,9,3,0,0,1.1,4.31
2026-06-04 09:10:00,Counter_5,4.0,1.0,9,3,0,0,1.27,5.0
2026-06-04 09:15:00,Counter_1,12.0,1.0,9,3,0,0,1.47,17.74
2026-06-04 09:15:00,Counter_2,5.0,2.0,9,3,0,0,1.4,7.17
2026-06-04 09:15:00,Counter_3,10.0,1.0,9,3,0,0,0.99,9.95
2026-06-04 09:15:00,Counter_4,7.0,2.0,9,3,0,0,1.4,9.76
2026-06-04 09:15:00,Counter_5,17.0,1.0,9,3,0,0,1.43,24.17
2026-06-04 09:20:00,Counter_1,11.0,1.0,9,3,0,0,1.37,15.0
2026-06-04 09:20:00,Counter_2,5.0,1.0,9,3,0,0,1.87,9.39
2026-06-04 09:20:00,Counter_3,1.0,2.0,9,3,0,0,1.43,1.62
2026-06-04 09:20:00,Counter_4,4.0,2.0,9,3,0,0,1.49,5.68
2026-06-04 09:20:00,Counter_5,4.0,1.0,9,3,0,0,1.72,6.65
2026-06-04 09:25:00,Counter_1,2.0,2.0,9,3,0,0,1.46,2.92
2026-06-04 09:25:00,Counter_2,4.0,1.0,9,3,0,0,1.11,4.02
2026-06-04 09:25:00,Counter_3,13.0,1.0,9,3,0,0,1.56,20.34
2026-06-04 09:25:00,Counter_4,3.0,1.0,9,3,0,0,1.15,3.66
2026-06-04 09:25:00,Counter_5,3.0,2.0,9,3,0,0,1.0,3.47
2026-06-04 09:30:00,Counter_1,3.0,2.0,9,3,0,0,1.03,3.11
2026-06-04 09:30:00,Counter_2,2.0,2.0,9,3,0,0,1.56,3.29
2026-06-04 09:30:00,Counter_3,5.0,,9,3,0,0,1.41,7.05
2026-06-04 09:30:00,Counter_4,1.0,2.0,9,3,0,0,1.52,1.84
2026-06-04 09:30:00,Counter_5,5.0,2.0,9,3,0,0,1.41,6.97
2026-06-04 09:35:00,Counter_1,6.0,1.0,9,3,0,0,1.3,7.87
2026-06-04 09:35:00,Counter_2,9.0,1.0,9,3,0,0,1.33,12.09
2026-06-04 09:35:00,Counter_3,5.0,2.0,9,3,0,0,1.4,7.08
2026-06-04 09:35:00,Counter_4,7.0,1.0,9,3,0,0,1.1,7.55
2026-06-04 09:35:00,Counter_5,4.0,2.0,9,3,0,0,0.93,3.45
2026-06-04 09:40:00,Counter_1,9.0,1.0,9,3,0,0,1.13,10.37
2026-06-04 09:40:00,Counter_2,6.0,2.0,9,3,0,0,1.39,8.39
2026-06-04 09:40:00,Counter_3,12.0,1.0,9,3,0,0,1.09,13.1
2026-06-04 09:40:00,Counter_4,16.0,1.0,9,3,0,0,1.78,28.66
2026-06-04 09:40:00,Counter_5,11.0,2.0,9,3,0,0,1.36,15.13
2026-06-04 09:45:00,Counter_1,4.0,2.0,9,3,0,0,1.28,5.19
2026-06-04 09:45:00,Counter_2,7.0,2.0,9,3,0,0,1.1,7.83
2026-06-04 09:45:00,Counter_3,15.0,1.0,9,3,0,0,1.48,22.09
2026-06-04 09:45:00,Counter_4,3.0,1.0,9,3,0,0,0.95,2.96
2026-06-04 09:45:00,Counter_5,4.0,2.0,9,3,0,0,1.33,5.01
2026-06-04 09:50:00,Counter_1,7.0,2.0,9,3,0,0,1.14,7.98
2026-06-04 09:50:00,Counter_2,3.0,2.0,9,3,0,0,1.28,3.99
2026-06-04 09:50:00,Counter_3,4.0,2.0,9,3,0,0,1.37,5.34
2026-06-04 09:50:00,Counter_4,3.0,2.0,9,3,0,0,0.96,2.91
2026-06-04 09:50:00,Counter_5,3.0,2.0,9,3,0,0,0.83,2.55
2026-06-04 09:55:00,Counter_1,5.0,1.0,9,3,0,0,1.02,4.92
2026-06-04 09:55:00,Counter_2,,2.0,9,3,0,0,1.47,4.64
2026-06-04 09:55:00,Counter_3,4.0,2.0,9,3,0,0,1.34,5.42
2026-06-04 09:55:00,Counter_4,8.0,2.0,9,3,0,0,1.15,8.86
2026-06-04 09:55:00,Counter_5,0.0,1.0,9,3,0,0,1.74,0.07
2026-06-04 10:00:00,Counter_1,7.0,1.0,10,3,0,0,1.57,11.28
2026-06-04 10:00:00,Counter_2,,2.0,10,3,0,0,1.51,4.53
2026-06-04 10:00:00,Counter_3,5.0,2.0,10,3,0,0,1.07,5.22
2026-06-04 10:00:00,Counter_4,6.0,2.0,10,3,0,0,1.51,8.95
2026-06-04 10:00:00,Counter_5,2.0,2.0,10,3,0,0,1.34,2.65
2026-06-04 10:05:00,Counter_1,5.0,2.0,10,3,0,0,1.07,5.11
2026-06-04 10:05:00,Counter_2,7.0,1.0,10,3,0,0,1.22,8.82
2026-06-04 10:05:00,Counter_3,12.0,1.0,10,3,0,0,0.99,12.06
2026-06-04 10:05:00,Counter_4,5.0,2.0,10,3,0,0,1.07,5.57
2026-06-04 10:05:00,Counter_5,5.0,2.0,10,3,0,0,0.96,4.5
2026-06-04 10:10:00,Counter_1,2.0,2.0,10,3,0,0,1.49,3.01
2026-06-04 10:10:00,Counter_2,4.0,2.0,10,3,0,0,1.23,5.14
2026-06-04 10:10:00,Counter_3,4.0,2.0,10,3,0,0,1.01,3.85
2026-06-04 10:10:00,Counter_4,8.0,1.0,10,3,0,0,1.38,11.03
2026-06-04 10:10:00,Counter_5,5.0,2.0,10,3,0,0,1.25,6.03
2026-06-04 10:15:00,Counter_1,8.0,1.0,10,3,0,0,1.51,12.25
2026-06-04 10:15:00,Counter_2,5.0,1.0,10,3,0,0,1.28,6.36
2026-06-04 10:15:00,Counter_3,0.0,2.0,10,3,0,0,0.89,0.13
2026-06-04 10:15:00,Counter_4,4.0,2.0,10,3,0,0,1.13,4.29
2026-06-04 10:15:00,Counter_5,2.0,2.0,10,3,0,0,0.96,2.23
2026-06-04 10:20:00,Counter_1,4.0,2.0,10,3,0,0,1.39,5.57
2026-06-04 10:20:00,Counter_2,3.0,1.0,10,3,0,0,1.52,4.72
2026-06-04 10:20:00,Counter_3,13.0,1.0,10,3,0,0,0.86,11.26
2026-06-04 10:20:00,Counter_4,7.0,1.0,10,3,0,0,1.22,8.36
2026-06-04 10:20:00,Counter_5,1.0,1.0,10,3,0,0,1.54,1.21
2026-06-04 10:25:00,Counter_1,4.0,1.0,10,3,0,0,0.86,3.4
2026-06-04 10:25:00,Counter_2,10.0,1.0,10,3,0,0,1.14,11.62
2026-06-04 10:25:00,Counter_3,5.0,2.0,10,3,0,0,1.25,5.86
2026-06-04 10:25:00,Counter_4,7.0,1.0,10,3,0,0,1.52,11.03
2026-06-04 10:25:00,Counter_5,4.0,2.0,10,3,0,0,1.39,5.73
2026-06-04 10:30:00,Counter_1,3.0,,10,3,0,0,1.44,4.36
2026-06-04 10:30:00,Counter_2,4.0,2.0,10,3,0,0,1.4,5.58
2026-06-04 10:30:00,Counter_3,3.0,2.0,10,3,0,0,,3.65
2026-06-04 10:30:00,Counter_4,1.0,2.0,10,3,0,0,1.66,1.42
2026-06-04 10:30:00,Counter_5,5.0,1.0,10,3,0,0,1.08,5.49
2026-06-04 10:35:00,Counter_1,3.0,2.0,10,3,0,0,0.6,1.86
2026-06-04 10:35:00,Counter_2,6.0,2.0,10,3,0,0,0.8,5.16
2026-06-04 10:35:00,Counter_3,12.0,1.0,10,3,0,0,1.22,14.57
2026-06-04 10:35:00,Counter_4,4.0,2.0,10,3,0,0,1.17,4.69
2026-06-04 10:35:00,Counter_5,2.0,2.0,10,3,0,0,1.12,2.23
2026-06-04 10:40:00,Counter_1,5.0,1.0,10,3,0,0,1.29,6.35
2026-06-04 10:40:00,Counter_2,5.0,2.0,10,3,0,0,1.55,8.05
2026-06-04 10:40:00,Counter_3,6.0,2.0,10,3,0,0,1.36,7.97
2026-06-04 10:40:00,Counter_4,8.0,2.0,10,3,0,0,1.41,10.98
2026-06-04 10:40:00,Counter_5,8.0,1.0,10,3,0,0,0.98,7.89
2026-06-04 10:45:00,Counter_1,2.0,2.0,10,3,0,0,,2.1
2026-06-04 10:45:00,Counter_2,6.0,2.0,10,3,0,0,1.43,8.63
2026-06-04 10:45:00,Counter_3,3.0,2.0,10,3,0,0,1.28,3.97
2026-06-04 10:45:00,Counter_4,4.0,2.0,10,3,0,0,1.37,5.51
2026-06-04 10:45:00,Counter_5,4.0,2.0,10,3,0,0,1.4,5.6
2026-06-04 10:50:00,Counter_1,10.0,1.0,10,3,0,0,1.29,12.49
2026-06-04 10:50:00,Counter_2,14.0,1.0,10,3,0,0,1.65,23.21
2026-06-04 10:50:00,Counter_3,10.0,1.0,10,3,0,0,1.12,11.24
2026-06-04 10:50:00,Counter_4,4.0,2.0,10,3,0,0,1.05,4.57
2026-06-04 10:50:00,Counter_5,3.0,1.0,10,3,0,0,0.81,2.66
2026-06-04 10:55:00,Counter_1,5.0,2.0,10,3,0,0,1.44,6.9
2026-06-04 10:55:00,Counter_2,3.0,1.0,10,3,0,0,1.11,3.54
2026-06-04 10:55:00,Counter_3,5.0,2.0,10,3,0,0,1.57,7.59
2026-06-04 10:55:00,Counter_4,6.0,1.0,10,3,0,0,1.31,8.03
2026-06-04 10:55:00,Counter_5,7.0,1.0,10,3,0,0,1.17,8.48
2026-06-04 11:00:00,Counter_1,10.0,3.0,11,3,0,0,0.99,10.27
2026-06-04 11:00:00,Counter_2,6.0,5.0,11,3,0,0,1.46,8.68
2026-06-04 11:00:00,Counter_3,6.0,4.0,11,3,0,0,1.24,7.58
2026-06-04 11:00:00,Counter_4,7.0,4.0,11,3,0,0,1.32,9.44
2026-06-04 11:00:00,Counter_5,6.0,5.0,11,3,0,0,1.4,8.49
2026-06-04 11:05:00,Counter_1,5.0,5.0,11,3,0,0,1.32,6.27
2026-06-04 11:05:00,Counter_2,7.0,4.0,11,3,0,0,1.04,7.31
2026-06-04 11:05:00,Counter_3,5.0,5.0,11,3,0,0,1.38,7.01
2026-06-04 11:05:00,Counter_4,6.0,5.0,11,3,0,0,1.46,8.76
2026-06-04 11:05:00,Counter_5,5.0,4.0,11,3,0,0,1.34,6.53
2026-06-04 11:10:00,Counter_1,4.0,5.0,11,3,0,0,1.41,5.6
2026-06-04 11:10:00,Counter_2,6.0,5.0,11,3,0,0,1.43,8.76
2026-06-04 11:10:00,Counter_3,5.0,5.0,11,3,0,0,1.15,5.83
2026-06-04 11:10:00,Counter_4,6.0,4.0,11,3,0,0,1.14,6.93
2026-06-04 11:10:00,Counter_5,5.0,5.0,11,3,0,0,1.81,9.0
2026-06-04 11:15:00,Counter_1,10.0,3.0,11,3,0,0,1.58,15.89
2026-06-04 11:15:00,Counter_2,6.0,5.0,11,3,0,0,1.24,7.02
2026-06-04 11:15:00,Counter_3,9.0,3.0,11,3,0,0,1.42,12.77
2026-06-04 11:15:00,Counter_4,5.0,4.0,11,3,0,0,1.02,5.02
2026-06-04 11:15:00,Counter_5,7.0,5.0,11,3,0,0,1.1,7.71
2026-06-04 11:20:00,Counter_1,10.0,3.0,11,3,0,0,0.94,9.17
2026-06-04 11:20:00,Counter_2,6.0,3.0,11,3,0,0,1.32,7.99
2026-06-04 11:20:00,Counter_3,9.0,4.0,11,3,0,0,1.32,12.26
2026-06-04 11:20:00,Counter_4,4.0,5.0,11,3,0,0,1.52,6.1
2026-06-04 11:20:00,Counter_5,9.0,3.0,11,3,0,0,1.2,10.81
2026-06-04 11:25:00,Counter_1,4.0,4.0,11,3,0,0,1.52,6.58
2026-06-04 11:25:00,Counter_2,5.0,4.0,11,3,0,0,1.41,6.86
2026-06-04 11:25:00,Counter_3,7.0,3.0,11,3,0,0,1.86,13.12
2026-06-04 11:25:00,Counter_4,8.0,4.0,11,3,0,0,1.67,13.68
2026-06-04 11:25:00,Counter_5,7.0,3.0,11,3,0,0,1.62,11.26
2026-06-04 11:30:00,Counter_1,5.0,4.0,11,3,0,0,1.46,7.47
2026-06-04 11:30:00,Counter_2,2.0,5.0,11,3,0,0,1.03,2.09
2026-06-04 11:30:00,Counter_3,5.0,5.0,11,3,0,0,1.32,6.39
2026-06-04 11:30:00,Counter_4,6.0,4.0,11,3,0,0,1.81,10.83
2026-06-04 11:30:00,Counter_5,4.0,3.0,11,3,0,0,1.38,5.51
2026-06-04 11:35:00,Counter_1,3.0,4.0,11,3,0,0,1.04,2.99
2026-06-04 11:35:00,Counter_2,5.0,5.0,11,3,0,0,1.33,6.33
2026-06-04 11:35:00,Counter_3,3.0,4.0,11,3,0,0,1.0,2.92
2026-06-04 11:35:00,Counter_4,8.0,4.0,11,3,0,0,1.04,8.02
2026-06-04 11:35:00,Counter_5,5.0,5.0,11,3,0,0,1.35,6.86
2026-06-04 11:40:00,Counter_1,6.0,4.0,11,3,0,0,1.43,8.69
2026-06-04 11:40:00,Counter_2,3.0,5.0,11,3,0,0,1.05,2.9
2026-06-04 11:40:00,Counter_3,8.0,4.0,11,3,0,0,1.11,8.9
2026-06-04 11:40:00,Counter_4,6.0,3.0,11,3,0,0,0.89,5.07
2026-06-04 11:40:00,Counter_5,8.0,3.0,11,3,0,0,1.22,9.69
2026-06-04 11:45:00,Counter_1,5.0,4.0,11,3,0,0,0.76,3.67
2026-06-04 11:45:00,Counter_2,6.0,4.0,11,3,0,0,1.18,7.18
2026-06-04 11:45:00,Counter_3,5.0,4.0,11,3,0,0,1.27,6.03
2026-06-04 11:45:00,Counter_4,6.0,3.0,11,3,0,0,0.81,5.06
2026-06-04 11:45:00,Counter_5,5.0,5.0,11,3,0,0,1.0,5.25
2026-06-04 11:50:00,Counter_1,6.0,5.0,11,3,0,0,,7.35
2026-06-04 11:50:00,Counter_2,4.0,4.0,11,3,0,0,1.2,4.53
2026-06-04 11:50:00,Counter_3,7.0,5.0,11,3,0,0,1.21,8.05
2026-06-04 11:50:00,Counter_4,9.0,3.0,11,3,0,0,1.32,12.1
2026-06-04 11:50:00,Counter_5,6.0,4.0,11,3,0,0,0.83,5.38
2026-06-04 11:55:00,Counter_1,6.0,4.0,11,3,0,0,1.43,8.59
2026-06-04 11:55:00,Counter_2,8.0,4.0,11,3,0,0,1.17,9.13
2026-06-04 11:55:00,Counter_3,5.0,4.0,11,3,0,0,1.1,5.28
2026-06-04 11:55:00,Counter_4,6.0,4.0,11,3,0,0,0.78,4.92
2026-06-04 11:55:00,Counter_5,10.0,3.0,11,3,0,0,1.18,11.83
2026-06-04 12:00:00,Counter_1,6.0,3.0,12,3,0,0,1.38,8.09
2026-06-04 12:00:00,Counter_2,4.0,5.0,12,3,0,0,1.29,5.62
2026-06-04 12:00:00,Counter_3,7.0,3.0,12,3,0,0,1.29,9.24
2026-06-04 12:00:00,Counter_4,9.0,3.0,12,3,0,0,1.17,10.64
2026-06-04 12:00:00,Counter_5,8.0,4.0,12,3,0,0,1.23,9.73
2026-06-04 12:05:00,Counter_1,,4.0,12,3,0,0,0.97,3.16
2026-06-04 12:05:00,Counter_2,4.0,4.0,12,3,0,0,1.25,5.18
2026-06-04 12:05:00,Counter_3,4.0,4.0,12,3,0,0,1.13,4.5
2026-06-04 12:05:00,Counter_4,7.0,3.0,12,3,0,0,0.97,7.01
2026-06-04 12:05:00,Counter_5,5.0,3.0,12,3,0,0,1.44,7.41
2026-06-04 12:10:00,Counter_1,9.0,3.0,12,3,0,0,0.86,7.79
2026-06-04 12:10:00,Counter_2,8.0,4.0,12,3,0,0,1.38,10.81
2026-06-04 12:10:00,Counter_3,6.0,5.0,12,3,0,0,1.4,8.2
2026-06-04 12:10:00,Counter_4,11.0,3.0,12,3,0,0,1.12,12.0
2026-06-04 12:10:00,Counter_5,1.0,4.0,12,3,0,0,1.51,1.77
2026-06-04 12:15:00,Counter_1,7.0,5.0,12,3,0,0,1.11,7.48
2026-06-04 12:15:00,Counter_2,7.0,3.0,12,3,0,0,1.1,7.71
2026-06-04 12:15:00,Counter_3,5.0,4.0,12,3,0,0,0.95,4.43
2026-06-04 12:15:00,Counter_4,2.0,4.0,12,3,0,0,1.25,2.84
2026-06-04 12:15:00,Counter_5,6.0,5.0,12,3,0,0,1.01,5.83
2026-06-04 12:20:00,Counter_1,4.0,5.0,12,3,0,0,1.05,4.26
2026-06-04 12:20:00,Counter_2,5.0,4.0,12,3,0,0,1.23,5.84
2026-06-04 12:20:00,Counter_3,7.0,3.0,12,3,0,0,1.24,8.85
2026-06-04 12:20:00,Counter_4,4.0,4.0,12,3,0,0,1.56,6.46
2026-06-04 12:20:00,Counter_5,10.0,,12,3,0,0,1.48,14.8
2026-06-04 12:25:00,Counter_1,4.0,4.0,12,3,0,0,1.39,5.55
2026-06-04 12:25:00,Counter_2,5.0,5.0,12,3,0,0,1.21,6.21
2026-06-04 12:25:00,Counter_3,4.0,4.0,12,3,0,0,1.15,4.48
2026-06-04 12:25:00,Counter_4,4.0,4.0,12,3,0,0,1.24,5.18
2026-06-04 12:25:00,Counter_5,5.0,3.0,12,3,0,0,1.11,5.61
2026-06-04 12:30:00,Counter_1,10.0,3.0,12,3,0,0,1.07,10.39
2026-06-04 12:30:00,Counter_2,6.0,3.0,12,3,0,0,1.23,7.75
2026-06-04 12:30:00,Counter_3,2.0,5.0,12,3,0,0,1.03,2.1
2026-06-04 12:30:00,Counter_4,2.0,5.0,12,3,0,0,1.05,2.03
2026-06-04 12:30:00,Counter_5,3.0,4.0,12,3,0,0,1.49,4.5
2026-06-04 12:35:00,Counter_1,10.0,3.0,12,3,0,0,0.91,8.96
2026-06-04 12:35:00,Counter_2,5.0,5.0,12,3,0,0,0.99,4.92
2026-06-04 12:35:00,Counter_3,4.0,5.0,12,3,0,0,1.57,6.44
2026-06-04 12:35:00,Counter_4,5.0,5.0,12,3,0,0,1.15,5.89
2026-06-04 12:35:00,Counter_5,5.0,4.0,12,3,0,0,1.59,8.07
2026-06-04 12:40:00,Counter_1,6.0,4.0,12,3,0,0,0.96,5.64
2026-06-04 12:40:00,Counter_2,6.0,4.0,12,3,0,0,1.27,7.45
2026-06-04 12:40:00,Counter_3,5.0,3.0,12,3,0,0,1.44,7.28
2026-06-04 12:40:00,Counter_4,2.0,4.0,12,3,0,0,1.02,2.19
2026-06-04 12:40:00,Counter_5,5.0,5.0,12,3,0,0,1.67,8.2
2026-06-04 12:45:00,Counter_1,6.0,5.0,12,3,0,0,1.15,6.85
2026-06-04 12:45:00,Counter_2,3.0,4.0,12,3,0,0,1.38,4.22
2026-06-04 12:45:00,Counter_3,8.0,5.0,12,3,0,0,1.08,8.62
2026-06-04 12:45:00,Counter_4,4.0,4.0,12,3,0,0,1.62,6.71
2026-06-04 12:45:00,Counter_5,11.0,3.0,12,3,0,0,1.33,14.37
2026-06-04 12:50:00,Counter_1,5.0,5.0,12,3,0,0,1.77,8.56
2026-06-04 12:50:00,Counter_2,9.0,4.0,12,3,0,0,1.54,14.08
2026-06-04 12:50:00,Counter_3,3.0,5.0,12,3,0,0,1.46,4.5
2026-06-04 12:50:00,Counter_4,7.0,4.0,12,3,0,0,1.01,7.09
2026-06-04 12:50:00,Counter_5,3.0,5.0,12,3,0,0,1.27,3.74
2026-06-04 12:55:00,Counter_1,7.0,4.0,12,3,0,0,1.17,8.28
2026-06-04 12:55:00,Counter_2,3.0,4.0,12,3,0,0,1.26,3.82
2026-06-04 12:55:00,Counter_3,4.0,5.0,12,3,0,0,1.29,5.22
2026-06-04 12:55:00,Counter_4,5.0,5.0,12,3,0,0,1.02,5.09
2026-06-04 12:55:00,Counter_5,5.0,4.0,12,3,0,0,1.21,6.16
2026-06-04 13:00:00,Counter_1,5.0,3.0,13,3,0,0,1.23,6.33
2026-06-04 13:00:00,Counter_2,5.0,5.0,13,3,0,0,1.0,5.18
2026-06-04 13:00:00,Counter_3,6.0,5.0,13,3,0,0,1.45,8.79
2026-06-04 13:00:00,Counter_4,9.0,3.0,13,3,0,0,1.31,11.79
2026-06-04 13:00:00,Counter_5,5.0,4.0,13,3,0,0,,7.34
2026-06-04 13:05:00,Counter_1,7.0,4.0,13,3,0,0,1.37,9.83
2026-06-04 13:05:00,Counter_2,7.0,3.0,13,3,0,0,0.82,5.71
2026-06-04 13:05:00,Counter_3,8.0,3.0,13,3,0,0,1.04,8.27
2026-06-04 13:05:00,Counter_4,4.0,4.0,13,3,0,0,1.66,6.74
2026-06-04 13:05:00,Counter_5,4.0,5.0,13,3,0,0,1.45,5.95
2026-06-04 13:10:00,Counter_1,7.0,3.0,13,3,0,0,0.84,5.86
2026-06-04 13:10:00,Counter_2,4.0,5.0,13,3,0,0,1.37,5.57
2026-06-04 13:10:00,Counter_3,8.0,5.0,13,3,0,0,1.04,8.15
2026-06-04 13:10:00,Counter_4,4.0,5.0,13,3,0,0,0.73,2.92
2026-06-04 13:10:00,Counter_5,7.0,4.0,13,3,0,0,1.66,11.93
2026-06-04 13:15:00,Counter_1,7.0,4.0,13,3,0,0,1.27,9.01
2026-06-04 13:15:00,Counter_2,10.0,4.0,13,3,0,0,1.3,12.87
2026-06-04 13:15:00,Counter_3,4.0,5.0,13,3,0,0,0.94,3.66
2026-06-04 13:15:00,Counter_4,6.0,4.0,13,3,0,0,0.96,5.51
2026-06-04 13:15:00,Counter_5,6.0,3.0,13,3,0,0,0.85,5.42
2026-06-04 13:20:00,Counter_1,5.0,3.0,13,3,0,0,1.6,7.8
2026-06-04 13:20:00,Counter_2,8.0,4.0,13,3,0,0,0.84,6.21
2026-06-04 13:20:00,Counter_3,5.0,5.0,13,3,0,0,1.65,7.97
2026-06-04 13:20:00,Counter_4,6.0,4.0,13,3,0,0,1.0,6.01
2026-06-04 13:20:00,Counter_5,9.0,4.0,13,3,0,0,0.94,8.32
2026-06-04 13:25:00,Counter_1,10.0,3.0,13,3,0,0,1.24,12.43
2026-06-04 13:25:00,Counter_2,2.0,5.0,13,3,0,0,1.08,2.23
2026-06-04 13:25:00,Counter_3,9.0,4.0,13,3,0,0,1.27,11.31
2026-06-04 13:25:00,Counter_4,4.0,5.0,13,3,0,0,1.03,3.94
2026-06-04 13:25:00,Counter_5,4.0,4.0,13,3,0,0,1.17,4.86
2026-06-04 13:30:00,Counter_1,7.0,4.0,13,3,0,0,1.06,7.48
2026-06-04 13:30:00,Counter_2,5.0,4.0,13,3,0,0,1.47,6.81
2026-06-04 13:30:00,Counter_3,4.0,3.0,13,3,0,0,1.38,5.21
2026-06-04 13:30:00,Counter_4,6.0,3.0,13,3,0,0,1.31,7.5
2026-06-04 13:30:00,Counter_5,9.0,3.0,13,3,0,0,1.51,13.56
2026-06-04 13:35:00,Counter_1,8.0,4.0,13,3,0,0,1.32,10.6
2026-06-04 13:35:00,Counter_2,3.0,4.0,13,3,0,0,1.29,3.84
2026-06-04 13:35:00,Counter_3,11.0,3.0,13,3,0,0,1.22,13.29
2026-06-04 13:35:00,Counter_4,7.0,4.0,13,3,0,0,1.07,7.69
2026-06-04 13:35:00,Counter_5,5.0,4.0,13,3,0,0,1.07,5.41
2026-06-04 13:40:00,Counter_1,6.0,4.0,13,3,0,0,,7.56
2026-06-04 13:40:00,Counter_2,6.0,3.0,13,3,0,0,1.5,8.83
2026-06-04 13:40:00,Counter_3,7.0,4.0,13,3,0,0,1.39,9.58
2026-06-04 13:40:00,Counter_4,6.0,4.0,13,3,0,0,1.39,8.27
2026-06-04 13:40:00,Counter_5,10.0,3.0,13,3,0,0,0.97,9.71
2026-06-04 13:45:00,Counter_1,6.0,4.0,13,3,0,0,1.38,8.36
2026-06-04 13:45:00,Counter_2,8.0,3.0,13,3,0,0,1.15,9.04
2026-06-04 13:45:00,Counter_3,4.0,5.0,13,3,0,0,1.29,4.89
2026-06-04 13:45:00,Counter_4,9.0,5.0,13,3,0,0,1.39,12.59
2026-06-04 13:45:00,Counter_5,6.0,4.0,13,3,0,0,0.96,5.93
2026-06-04 13:50:00,Counter_1,6.0,4.0,13,3,0,0,1.29,8.08
2026-06-04 13:50:00,Counter_2,5.0,4.0,13,3,0,0,1.31,6.63
2026-06-04 13:50:00,Counter_3,3.0,4.0,13,3,0,0,1.5,4.35
2026-06-04 13:50:00,Counter_4,6.0,4.0,13,3,0,0,1.12,6.84
2026-06-04 13:50:00,Counter_5,9.0,3.0,13,3,0,0,1.23,11.04
2026-06-04 13:55:00,Counter_1,6.0,3.0,13,3,0,0,1.29,7.47
2026-06-04 13:55:00,Counter_2,7.0,3.0,13,3,0,0,1.12,7.83
2026-06-04 13:55:00,Counter_3,3.0,4.0,13,3,0,0,1.12,3.42
2026-06-04 13:55:00,Counter_4,5.0,5.0,13,3,0,0,1.11,5.84
2026-06-04 13:55:00,Counter_5,7.0,4.0,13,3,0,0,1.22,8.55
2026-06-04 14:00:00,Counter_1,5.0,1.0,14,3,0,0,1.69,8.29
2026-06-04 14:00:00,Counter_2,5.0,2.0,14,3,0,0,1.23,5.77
2026-06-04 14:00:00,Counter_3,6.0,2.0,14,3,0,0,1.37,7.97
2026-06-04 14:00:00,Counter_4,6.0,2.0,14,3,0,0,1.26,7.37
2026-06-04 14:00:00,Counter_5,5.0,2.0,14,3,0,0,1.17,6.18
2026-06-04 14:05:00,Counter_1,13.0,1.0,14,3,0,0,1.24,16.08
2026-06-04 14:05:00,Counter_2,8.0,2.0,14,3,0,0,1.44,11.5
2026-06-04 14:05:00,Counter_3,2.0,2.0,14,3,0,0,1.24,2.7
2026-06-04 14:05:00,Counter_4,4.0,2.0,14,3,0,0,1.21,4.96
2026-06-04 14:05:00,Counter_5,4.0,1.0,14,3,0,0,1.19,4.71
2026-06-04 14:10:00,Counter_1,6.0,2.0,14,3,0,0,1.0,6.23
2026-06-04 14:10:00,Counter_2,7.0,2.0,14,3,0,0,1.51,10.43
2026-06-04 14:10:00,Counter_3,9.0,1.0,14,3,0,0,1.14,10.32
2026-06-04 14:10:00,Counter_4,11.0,1.0,14,3,0,0,1.62,17.57
2026-06-04 14:10:00,Counter_5,5.0,2.0,14,3,0,0,1.31,6.6
2026-06-04 14:15:00,Counter_1,4.0,2.0,14,3,0,0,1.6,6.6
2026-06-04 14:15:00,Counter_2,8.0,1.0,14,3,0,0,1.2,9.77
2026-06-04 14:15:00,Counter_3,3.0,2.0,14,3,0,0,1.07,3.39
2026-06-04 14:15:00,Counter_4,6.0,,14,3,0,0,1.51,9.64
2026-06-04 14:15:00,Counter_5,5.0,2.0,14,3,0,0,1.11,5.5
2026-06-04 14:20:00,Counter_1,6.0,1.0,14,3,0,0,1.57,9.24
2026-06-04 14:20:00,Counter_2,13.0,1.0,14,3,0,0,1.39,18.16
2026-06-04 14:20:00,Counter_3,5.0,2.0,14,3,0,0,1.62,7.92
2026-06-04 14:20:00,Counter_4,5.0,2.0,14,3,0,0,1.01,4.82
2026-06-04 14:20:00,Counter_5,7.0,2.0,14,3,0,0,1.49,10.38
2026-06-04 14:25:00,Counter_1,15.0,1.0,14,3,0,0,1.06,16.3
2026-06-04 14:25:00,Counter_2,2.0,2.0,14,3,0,0,0.65,1.44
2026-06-04 14:25:00,Counter_3,15.0,1.0,14,3,0,0,1.47,22.13
2026-06-04 14:25:00,Counter_4,13.0,1.0,14,3,0,0,1.25,15.92
2026-06-04 14:25:00,Counter_5,14.0,1.0,14,3,0,0,1.49,20.74
2026-06-04 14:30:00,Counter_1,5.0,1.0,14,3,0,0,1.27,6.64
2026-06-04 14:30:00,Counter_2,3.0,2.0,14,3,0,0,1.26,3.73
2026-06-04 14:30:00,Counter_3,11.0,1.0,14,3,0,0,1.62,18.26
2026-06-04 14:30:00,Counter_4,5.0,2.0,14,3,0,0,1.28,6.49
2026-06-04 14:30:00,Counter_5,8.0,2.0,14,3,0,0,1.13,9.01
2026-06-04 14:35:00,Counter_1,5.0,1.0,14,3,0,0,1.23,6.09
2026-06-04 14:35:00,Counter_2,4.0,2.0,14,3,0,0,1.29,5.15
2026-06-04 14:35:00,Counter_3,4.0,1.0,14,3,0,0,0.6,2.11
2026-06-04 14:35:00,Counter_4,7.0,2.0,14,3,0,0,1.37,9.78
2026-06-04 14:35:00,Counter_5,6.0,2.0,14,3,0,0,1.59,9.63
2026-06-04 14:40:00,Counter_1,0.0,2.0,14,3,0,0,1.24,0.18
2026-06-04 14:40:00,Counter_2,2.0,2.0,14,3,0,0,1.14,2.26
2026-06-04 14:40:00,Counter_3,7.0,1.0,14,3,0,0,1.35,9.61
2026-06-04 14:40:00,Counter_4,7.0,1.0,14,3,0,0,1.69,12.24
2026-06-04 14:40:00,Counter_5,5.0,2.0,14,3,0,0,1.37,7.16
2026-06-04 14:45:00,Counter_1,12.0,1.0,14,3,0,0,1.3,15.64
2026-06-04 14:45:00,Counter_2,4.0,2.0,14,3,0,0,1.15,4.44
2026-06-04 14:45:00,Counter_3,10.0,2.0,14,3,0,0,0.98,9.49
2026-06-04 14:45:00,Counter_4,15.0,1.0,14,3,0,0,1.26,18.92
2026-06-04 14:45:00,Counter_5,8.0,1.0,14,3,0,0,1.26,9.92
2026-06-04 14:50:00,Counter_1,7.0,1.0,14,3,0,0,0.77,5.42
2026-06-04 14:50:00,Counter_2,3.0,2.0,14,3,0,0,1.07,3.27
2026-06-04 14:50:00,Counter_3,18.0,1.0,14,3,0,0,1.54,27.86
2026-06-04 14:50:00,Counter_4,4.0,,14,3,0,0,1.19,4.53
2026-06-04 14:50:00,Counter_5,8.0,2.0,14,3,0,0,0.64,4.94
2026-06-04 14:55:00,Counter_1,6.0,1.0,14,3,0,0,1.65,9.84
2026-06-04 14:55:00,Counter_2,3.0,2.0,14,3,0,0,1.03,3.14
2026-06-04 14:55:00,Counter_3,2.0,2.0,14,3,0,0,1.13,2.3
2026-06-04 14:55:00,Counter_4,2.0,2.0,14,3,0,0,1.52,3.56
2026-06-04 14:55:00,Counter_5,4.0,2.0,14,3,0,0,1.06,3.79
2026-06-04 15:00:00,Counter_1,3.0,1.0,15,3,0,0,0.76,2.5
2026-06-04 15:00:00,Counter_2,6.0,2.0,15,3,0,0,1.3,8.01
2026-06-04 15:00:00,Counter_3,4.0,2.0,15,3,0,0,1.45,5.62
2026-06-04 15:00:00,Counter_4,8.0,1.0,15,3,0,0,1.13,8.95
2026-06-04 15:00:00,Counter_5,1.0,2.0,15,3,0,0,1.22,1.57
2026-06-04 15:05:00,Counter_1,6.0,2.0,15,3,0,0,0.96,5.64
2026-06-04 15:05:00,Counter_2,6.0,2.0,15,3,0,0,1.0,5.88
2026-06-04 15:05:00,Counter_3,6.0,1.0,15,3,0,0,1.17,7.04
2026-06-04 15:05:00,Counter_4,1.0,2.0,15,3,0,0,1.41,1.51
2026-06-04 15:05:00,Counter_5,13.0,1.0,15,3,0,0,1.27,16.71
2026-06-04 15:10:00,Counter_1,5.0,2.0,15,3,0,0,1.51,7.76
2026-06-04 15:10:00,Counter_2,5.0,,15,3,0,0,1.66,8.46
2026-06-04 15:10:00,Counter_3,7.0,2.0,15,3,0,0,1.47,9.91
2026-06-04 15:10:00,Counter_4,3.0,2.0,15,3,0,0,0.85,2.54
2026-06-04 15:10:00,Counter_5,8.0,1.0,15,3,0,0,1.18,9.57
2026-06-04 15:15:00,Counter_1,10.0,1.0,15,3,0,0,1.47,14.84
2026-06-04 15:15:00,Counter_2,11.0,1.0,15,3,0,0,1.22,13.28
2026-06-04 15:15:00,Counter_3,6.0,1.0,15,3,0,0,0.85,4.9
2026-06-04 15:15:00,Counter_4,3.0,2.0,15,3,0,0,1.11,3.11
2026-06-04 15:15:00,Counter_5,4.0,2.0,15,3,0,0,0.68,2.81
2026-06-04 15:20:00,Counter_1,3.0,1.0,15,3,0,0,1.18,3.74
2026-06-04 15:20:00,Counter_2,4.0,2.0,15,3,0,0,1.08,4.35
2026-06-04 15:20:00,Counter_3,2.0,2.0,15,3,0,0,1.16,2.11
2026-06-04 15:20:00,Counter_4,2.0,1.0,15,3,0,0,1.55,3.14
2026-06-04 15:20:00,Counter_5,4.0,1.0,15,3,0,0,0.92,3.49
2026-06-04 15:25:00,Counter_1,5.0,2.0,15,3,0,0,,5.2
2026-06-04 15:25:00,Counter_2,0.0,1.0,15,3,0,0,0.96,0.09
2026-06-04 15:25:00,Counter_3,8.0,2.0,15,3,0,0,1.52,12.0
2026-06-04 15:25:00,Counter_4,3.0,2.0,15,3,0,0,1.53,4.36
2026-06-04 15:25:00,Counter_5,3.0,2.0,15,3,0,0,1.34,4.33
2026-06-04 15:30:00,Counter_1,2.0,1.0,15,3,0,0,1.33,2.28
2026-06-04 15:30:00,Counter_2,4.0,2.0,15,3,0,0,0.95,3.68
2026-06-04 15:30:00,Counter_3,5.0,2.0,15,3,0,0,1.3,6.46
2026-06-04 15:30:00,Counter_4,3.0,1.0,15,3,0,0,0.97,3.16
2026-06-04 15:30:00,Counter_5,5.0,1.0,15,3,0,0,1.26,6.36
2026-06-04 15:35:00,Counter_1,3.0,2.0,15,3,0,0,1.16,3.42
2026-06-04 15:35:00,Counter_2,4.0,2.0,15,3,0,0,1.1,4.25
2026-06-04 15:35:00,Counter_3,5.0,2.0,15,3,0,0,1.26,6.53
2026-06-04 15:35:00,Counter_4,4.0,2.0,15,3,0,0,1.42,5.52
2026-06-04 15:35:00,Counter_5,4.0,2.0,15,3,0,0,1.69,6.8
2026-06-04 15:40:00,Counter_1,5.0,1.0,15,3,0,0,1.39,6.92
2026-06-04 15:40:00,Counter_2,,2.0,15,3,0,0,1.82,5.56
2026-06-04 15:40:00,Counter_3,7.0,1.0,15,3,0,0,1.3,9.41
2026-06-04 15:40:00,Counter_4,5.0,1.0,15,3,0,0,1.7,8.64
2026-06-04 15:40:00,Counter_5,5.0,2.0,15,3,0,0,1.36,6.77
2026-06-04 15:45:00,Counter_1,3.0,2.0,15,3,0,0,1.31,4.27
2026-06-04 15:45:00,Counter_2,5.0,,15,3,0,0,1.21,6.37
2026-06-04 15:45:00,Counter_3,9.0,1.0,15,3,0,0,1.32,12.11
2026-06-04 15:45:00,Counter_4,7.0,1.0,15,3,0,0,1.36,9.58
2026-06-04 15:45:00,Counter_5,4.0,2.0,15,3,0,0,0.9,3.45
2026-06-04 15:50:00,Counter_1,4.0,1.0,15,3,0,0,1.43,5.25
2026-06-04 15:50:00,Counter_2,8.0,1.0,15,3,0,0,0.88,7.08
2026-06-04 15:50:00,Counter_3,2.0,2.0,15,3,0,0,1.43,3.01
2026-06-04 15:50:00,Counter_4,16.0,,15,3,0,0,1.4,22.13
2026-06-04 15:50:00,Counter_5,7.0,2.0,15,3,0,0,,11.35
2026-06-04 15:55:00,Counter_1,3.0,2.0,15,3,0,0,1.03,3.0
2026-06-04 15:55:00,Counter_2,2.0,2.0,15,3,0,0,1.0,2.1
2026-06-04 15:55:00,Counter_3,4.0,2.0,15,3,0,0,1.53,6.0
2026-06-04 15:55:00,Counter_4,6.0,1.0,15,3,0,0,0.98,5.73
2026-06-04 15:55:00,Counter_5,5.0,2.0,15,3,0,0,0.96,4.79
2026-06-04 16:00:00,Counter_1,6.0,1.0,16,3,0,0,1.3,7.56
2026-06-04 16:00:00,Counter_2,9.0,1.0,16,3,0,0,1.24,11.35
2026-06-04 16:00:00,Counter_3,4.0,2.0,16,3,0,0,1.29,5.16
2026-06-04 16:00:00,Counter_4,16.0,1.0,16,3,0,0,1.38,21.85
2026-06-04 16:00:00,Counter_5,5.0,1.0,16,3,0,0,1.39,6.83
2026-06-04 16:05:00,Counter_1,0.0,1.0,16,3,0,0,1.23,0.03
2026-06-04 16:05:00,Counter_2,7.0,1.0,16,3,0,0,1.26,8.76
2026-06-04 16:05:00,Counter_3,4.0,2.0,16,3,0,0,1.23,5.06
2026-06-04 16:05:00,Counter_4,3.0,2.0,16,3,0,0,1.26,3.58
2026-06-04 16:05:00,Counter_5,3.0,2.0,16,3,0,0,0.9,2.64
2026-06-04 16:10:00,Counter_1,8.0,2.0,16,3,0,0,1.44,11.51
2026-06-04 16:10:00,Counter_2,14.0,1.0,16,3,0,0,1.51,21.59
2026-06-04 16:10:00,Counter_3,9.0,1.0,16,3,0,0,1.41,12.54
2026-06-04 16:10:00,Counter_4,10.0,1.0,16,3,0,0,1.39,14.03
2026-06-04 16:10:00,Counter_5,0.0,2.0,16,3,0,0,1.0,0.21
2026-06-04 16:15:00,Counter_1,5.0,2.0,16,3,0,0,0.9,4.85
2026-06-04 16:15:00,Counter_2,1.0,2.0,16,3,0,0,,1.73
2026-06-04 16:15:00,Counter_3,2.0,2.0,16,3,0,0,1.26,2.43
2026-06-04 16:15:00,Counter_4,20.0,1.0,16,3,0,0,1.29,25.59
2026-06-04 16:15:00,Counter_5,7.0,1.0,16,3,0,0,1.3,8.82
2026-06-04 16:20:00,Counter_1,3.0,2.0,16,3,0,0,1.31,3.98
2026-06-04 16:20:00,Counter_2,5.0,2.0,16,3,0,0,1.41,7.25
2026-06-04 16:20:00,Counter_3,9.0,1.0,16,3,0,0,1.23,11.3
2026-06-04 16:20:00,Counter_4,4.0,2.0,16,3,0,0,0.77,3.03
2026-06-04 16:20:00,Counter_5,7.0,2.0,16,3,0,0,1.42,9.95
2026-06-04 16:25:00,Counter_1,8.0,2.0,16,3,0,0,1.39,11.41
2026-06-04 16:25:00,Counter_2,6.0,2.0,16,3,0,0,0.93,5.43
2026-06-04 16:25:00,Counter_3,4.0,2.0,16,3,0,0,0.96,3.34
2026-06-04 16:25:00,Counter_4,6.0,1.0,16,3,0,0,1.47,9.05
2026-06-04 16:25:00,Counter_5,9.0,1.0,16,3,0,0,1.53,13.54
2026-06-04 16:30:00,Counter_1,12.0,1.0,16,3,0,0,0.6,7.14
2026-06-04 16:30:00,Counter_2,9.0,1.0,16,3,0,0,1.36,12.33
2026-06-04 16:30:00,Counter_3,3.0,2.0,16,3,0,0,1.19,3.48
2026-06-04 16:30:00,Counter_4,10.0,1.0,16,3,0,0,1.27,12.92
2026-06-04 16:30:00,Counter_5,4.0,2.0,16,3,0,0,1.28,5.65
2026-06-04 16:35:00,Counter_1,4.0,2.0,16,3,0,0,1.06,4.08
2026-06-04 16:35:00,Counter_2,2.0,2.0,16,3,0,0,1.41,2.85
2026-06-04 16:35:00,Counter_3,6.0,2.0,16,3,0,0,1.08,6.48
2026-06-04 16:35:00,Counter_4,4.0,2.0,16,3,0,0,1.44,5.82
2026-06-04 16:35:00,Counter_5,4.0,2.0,16,3,0,0,1.49,5.84
2026-06-04 16:40:00,Counter_1,2.0,2.0,16,3,0,0,1.03,1.93
2026-06-04 16:40:00,Counter_2,6.0,1.0,16,3,0,0,1.04,6.11
2026-06-04 16:40:00,Counter_3,6.0,1.0,16,3,0,0,1.28,7.59
2026-06-04 16:40:00,Counter_4,7.0,2.0,16,3,0,0,1.63,11.32
2026-06-04 16:40:00,Counter_5,7.0,1.0,16,3,0,0,1.1,7.2
2026-06-04 16:45:00,Counter_1,0.0,2.0,16,3,0,0,1.15,0.03
2026-06-04 16:45:00,Counter_2,9.0,2.0,16,3,0,0,1.33,11.91
2026-06-04 16:45:00,Counter_3,6.0,2.0,16,3,0,0,1.41,8.32
2026-06-04 16:45:00,Counter_4,7.0,2.0,16,3,0,0,1.38,9.68
2026-06-04 16:45:00,Counter_5,11.0,1.0,16,3,0,0,1.26,13.86
2026-06-04 16:50:00,Counter_1,4.0,1.0,16,3,0,0,1.17,4.6
2026-06-04 16:50:00,Counter_2,4.0,2.0,16,3,0,0,1.33,5.32
2026-06-04 16:50:00,Counter_3,4.0,2.0,16,3,0,0,0.6,2.28
2026-06-04 16:50:00,Counter_4,3.0,2.0,16,3,0,0,1.72,4.93
2026-06-04 16:50:00,Counter_5,4.0,2.0,16,3,0,0,1.2,5.19
2026-06-04 16:55:00,Counter_1,5.0,2.0,16,3,0,0,1.3,6.4
2026-06-04 16:55:00,Counter_2,4.0,2.0,16,3,0,0,1.77,7.13
2026-06-04 16:55:00,Counter_3,11.0,1.0,16,3,0,0,1.06,12.18
2026-06-04 16:55:00,Counter_4,3.0,2.0,16,3,0,0,1.83,5.41
2026-06-04 16:55:00,Counter_5,2.0,2.0,16,3,0,0,1.43,2.95
2026-06-04 17:00:00,Counter_1,11.0,3.0,17,3,0,0,1.56,17.63
2026-06-04 17:00:00,Counter_2,14.0,3.0,17,3,0,0,1.61,22.21
2026-06-04 17:00:00,Counter_3,8.0,4.0,17,3,0,0,1.24,10.19
2026-06-04 17:00:00,Counter_4,5.0,3.0,17,3,0,0,1.04,5.24
2026-06-04 17:00:00,Counter_5,7.0,4.0,17,3,0,0,1.15,7.95
2026-06-04 17:05:00,Counter_1,12.0,3.0,17,3,0,0,1.72,20.65
2026-06-04 17:05:00,Counter_2,9.0,4.0,17,3,0,0,1.22,10.91
2026-06-04 17:05:00,Counter_3,7.0,4.0,17,3,0,0,1.04,7.6
2026-06-04 17:05:00,Counter_4,5.0,5.0,17,3,0,0,1.43,7.15
2026-06-04 17:05:00,Counter_5,6.0,4.0,17,3,0,0,1.59,9.68
2026-06-04 17:10:00,Counter_1,9.0,3.0,17,3,0,0,1.46,13.03
2026-06-04 17:10:00,Counter_2,5.0,5.0,17,3,0,0,1.6,8.06
2026-06-04 17:10:00,Counter_3,14.0,3.0,17,3,0,0,1.74,24.28
2026-06-04 17:10:00,Counter_4,7.0,4.0,17,3,0,0,1.59,10.85
2026-06-04 17:10:00,Counter_5,8.0,3.0,17,3,0,0,1.41,11.54
2026-06-04 17:15:00,Counter_1,10.0,3.0,17,3,0,0,1.31,13.17
2026-06-04 17:15:00,Counter_2,9.0,4.0,17,3,0,0,1.64,14.91
2026-06-04 17:15:00,Counter_3,6.0,3.0,17,3,0,0,1.52,8.97
2026-06-04 17:15:00,Counter_4,8.0,4.0,17,3,0,0,1.23,10.08
2026-06-04 17:15:00,Counter_5,6.0,4.0,17,3,0,0,1.78,10.77
2026-06-04 17:20:00,Counter_1,8.0,5.0,17,3,0,0,,12.19
2026-06-04 17:20:00,Counter_2,7.0,4.0,17,3,0,0,1.61,11.48
2026-06-04 17:20:00,Counter_3,6.0,4.0,17,3,0,0,1.35,8.03
2026-06-04 17:20:00,Counter_4,7.0,5.0,17,3,0,0,1.73,12.37
2026-06-04 17:20:00,Counter_5,17.0,3.0,17,3,0,0,1.05,17.72
2026-06-04 17:25:00,Counter_1,8.0,5.0,17,3,0,0,1.87,14.97
2026-06-04 17:25:00,Counter_2,7.0,5.0,17,3,0,0,0.97,6.6
2026-06-04 17:25:00,Counter_3,8.0,5.0,17,3,0,0,1.11,8.65
2026-06-04 17:25:00,Counter_4,8.0,4.0,17,3,0,0,1.51,11.99
2026-06-04 17:25:00,Counter_5,5.0,4.0,17,3,0,0,1.32,6.57
2026-06-04 17:30:00,Counter_1,6.0,5.0,17,3,0,0,1.37,8.33
2026-06-04 17:30:00,Counter_2,12.0,3.0,17,3,0,0,1.32,15.71
2026-06-04 17:30:00,Counter_3,10.0,3.0,17,3,0,0,1.25,12.62
2026-06-04 17:30:00,Counter_4,4.0,4.0,17,3,0,0,1.53,6.06
2026-06-04 17:30:00,Counter_5,5.0,5.0,17,3,0,0,1.44,7.1
2026-06-04 17:35:00,Counter_1,13.0,3.0,17,3,0,0,1.67,21.84
2026-06-04 17:35:00,Counter_2,3.0,4.0,17,3,0,0,1.47,4.3
2026-06-04 17:35:00,Counter_3,13.0,3.0,17,3,0,0,1.35,17.92
2026-06-04 17:35:00,Counter_4,9.0,4.0,17,3,0,0,1.64,14.85
2026-06-04 17:35:00,Counter_5,7.0,4.0,17,3,0,0,0.99,6.66
2026-06-04 17:40:00,Counter_1,12.0,3.0,17,3,0,0,0.8,9.58
2026-06-04 17:40:00,Counter_2,8.0,3.0,17,3,0,0,1.05,8.27
2026-06-04 17:40:00,Counter_3,11.0,3.0,17,3,0,0,1.36,14.63
2026-06-04 17:40:00,Counter_4,6.0,3.0,17,3,0,0,1.55,9.51
2026-06-04 17:40:00,Counter_5,7.0,4.0,17,3,0,0,0.78,5.68
2026-06-04 17:45:00,Counter_1,6.0,5.0,17,3,0,0,1.45,8.56
2026-06-04 17:45:00,Counter_2,6.0,4.0,17,3,0,0,1.36,8.3
2026-06-04 17:45:00,Counter_3,8.0,5.0,17,3,0,0,1.48,12.02
2026-06-04 17:45:00,Counter_4,6.0,5.0,17,3,0,0,0.97,5.82
2026-06-04 17:45:00,Counter_5,6.0,4.0,17,3,0,0,2.1,12.79
2026-06-04 17:50:00,Counter_1,8.0,3.0,17,3,0,0,1.46,11.74
2026-06-04 17:50:00,Counter_2,2.0,5.0,17,3,0,0,1.15,2.53
2026-06-04 17:50:00,Counter_3,9.0,4.0,17,3,0,0,1.48,13.09
2026-06-04 17:50:00,Counter_4,7.0,5.0,17,3,0,0,1.82,12.77
2026-06-04 17:50:00,Counter_5,8.0,4.0,17,3,0,0,1.13,9.08
2026-06-04 17:55:00,Counter_1,5.0,5.0,17,3,0,0,1.08,5.17
2026-06-04 17:55:00,Counter_2,6.0,5.0,17,3,0,0,1.42,8.31
2026-06-04 17:55:00,Counter_3,8.0,5.0,17,3,0,0,1.44,11.2
2026-06-04 17:55:00,Counter_4,7.0,4.0,17,3,0,0,1.63,11.42
2026-06-04 17:55:00,Counter_5,8.0,4.0,17,3,0,0,1.82,14.47
2026-06-04 18:00:00,Counter_1,8.0,5.0,18,3,0,0,1.65,12.94
2026-06-04 18:00:00,Counter_2,9.0,5.0,18,3,0,0,1.1,10.14
2026-06-04 18:00:00,Counter_3,4.0,4.0,18,3,0,0,1.18,4.8
2026-06-04 18:00:00,Counter_4,6.0,4.0,18,3,0,0,1.25,7.36
2026-06-04 18:00:00,Counter_5,9.0,4.0,18,3,0,0,1.64,14.8
2026-06-04 18:05:00,Counter_1,13.0,3.0,18,3,0,0,1.6,20.75
2026-06-04 18:05:00,Counter_2,9.0,3.0,18,3,0,0,1.77,15.62
2026-06-04 18:05:00,Counter_3,9.0,3.0,18,3,0,0,1.59,14.36
2026-06-04 18:05:00,Counter_4,9.0,5.0,18,3,0,0,1.29,11.94
2026-06-04 18:05:00,Counter_5,8.0,,18,3,0,0,1.4,11.48
2026-06-04 18:10:00,Counter_1,6.0,4.0,18,3,0,0,1.08,6.5
2026-06-04 18:10:00,Counter_2,5.0,5.0,18,3,0,0,1.61,7.96
2026-06-04 18:10:00,Counter_3,7.0,3.0,18,3,0,0,1.29,9.14
2026-06-04 18:10:00,Counter_4,10.0,3.0,18,3,0,0,1.76,17.65
2026-06-04 18:10:00,Counter_5,6.0,5.0,18,3,0,0,1.6,9.57
2026-06-04 18:15:00,Counter_1,7.0,5.0,18,3,0,0,1.93,13.88
2026-06-04 18:15:00,Counter_2,14.0,3.0,18,3,0,0,1.55,21.62
2026-06-04 18:15:00,Counter_3,5.0,5.0,18,3,0,0,1.55,7.94
2026-06-04 18:15:00,Counter_4,5.0,5.0,18,3,0,0,1.4,7.03
2026-06-04 18:15:00,Counter_5,7.0,5.0,18,3,0,0,1.35,9.48
2026-06-04 18:20:00,Counter_1,13.0,3.0,18,3,0,0,1.39,17.74
2026-06-04 18:20:00,Counter_2,11.0,4.0,18,3,0,0,1.7,18.92
2026-06-04 18:20:00,Counter_3,12.0,4.0,18,3,0,0,1.11,13.49
2026-06-04 18:20:00,Counter_4,8.0,4.0,18,3,0,0,1.47,11.8
2026-06-04 18:20:00,Counter_5,10.0,,18,3,0,0,1.03,10.51
2026-06-04 18:25:00,Counter_1,12.0,3.0,18,3,0,0,,18.56
2026-06-04 18:25:00,Counter_2,7.0,4.0,18,3,0,0,1.34,9.12
2026-06-04 18:25:00,Counter_3,11.0,,18,3,0,0,1.58,17.19
2026-06-04 18:25:00,Counter_4,10.0,3.0,18,3,0,0,1.26,12.59
2026-06-04 18:25:00,Counter_5,,5.0,18,3,0,0,1.39,8.0
2026-06-04 18:30:00,Counter_1,8.0,4.0,18,3,0,0,1.61,13.1
2026-06-04 18:30:00,Counter_2,11.0,4.0,18,3,0,0,1.48,16.24
2026-06-04 18:30:00,Counter_3,6.0,5.0,18,3,0,0,1.84,11.07
2026-06-04 18:30:00,Counter_4,7.0,4.0,18,3,0,0,1.33,9.11
2026-06-04 18:30:00,Counter_5,11.0,4.0,18,3,0,0,1.31,14.54
2026-06-04 18:35:00,Counter_1,13.0,3.0,18,3,0,0,1.76,22.85
2026-06-04 18:35:00,Counter_2,8.0,3.0,18,3,0,0,1.36,10.81
2026-06-04 18:35:00,Counter_3,6.0,4.0,18,3,0,0,1.35,8.38
2026-06-04 18:35:00,Counter_4,7.0,5.0,18,3,0,0,1.55,11.11
2026-06-04 18:35:00,Counter_5,8.0,3.0,18,3,0,0,1.41,11.43
2026-06-04 18:40:00,Counter_1,5.0,4.0,18,3,0,0,1.37,6.89
2026-06-04 18:40:00,Counter_2,6.0,3.0,18,3,0,0,1.28,7.58
2026-06-04 18:40:00,Counter_3,6.0,4.0,18,3,0,0,1.79,10.68
2026-06-04 18:40:00,Counter_4,15.0,3.0,18,3,0,0,1.41,21.08
2026-06-04 18:40:00,Counter_5,8.0,5.0,18,3,0,0,1.31,10.56
2026-06-04 18:45:00,Counter_1,8.0,4.0,18,3,0,0,1.38,11.03
2026-06-04 18:45:00,Counter_2,13.0,3.0,18,3,0,0,1.54,20.02
2026-06-04 18:45:00,Counter_3,7.0,5.0,18,3,0,0,1.82,13.05
2026-06-04 18:45:00,Counter_4,10.0,3.0,18,3,0,0,1.41,14.33
2026-06-04 18:45:00,Counter_5,8.0,3.0,18,3,0,0,1.23,9.68
2026-06-04 18:50:00,Counter_1,7.0,3.0,18,3,0,0,1.93,13.57
2026-06-04 18:50:00,Counter_2,7.0,5.0,18,3,0,0,1.48,10.2
2026-06-04 18:50:00,Counter_3,14.0,3.0,18,3,0,0,1.42,20.0
2026-06-04 18:50:00,Counter_4,7.0,5.0,18,3,0,0,1.47,10.68
2026-06-04 18:50:00,Counter_5,11.0,3.0,18,3,0,0,1.14,12.47
2026-06-04 18:55:00,Counter_1,11.0,3.0,18,3,0,0,1.44,16.0
2026-06-04 18:55:00,Counter_2,4.0,5.0,18,3,0,0,1.64,6.88
2026-06-04 18:55:00,Counter_3,8.0,4.0,18,3,0,0,1.76,14.05
2026-06-04 18:55:00,Counter_4,5.0,4.0,18,3,0,0,1.36,6.9
2026-06-04 18:55:00,Counter_5,7.0,4.0,18,3,0,0,1.5,10.84
2026-06-04 19:00:00,Counter_1,14.0,3.0,19,3,0,0,1.76,24.45
2026-06-04 19:00:00,Counter_2,4.0,4.0,19,3,0,0,1.46,5.63
2026-06-04 19:00:00,Counter_3,6.0,4.0,19,3,0,0,1.63,9.53
2026-06-04 19:00:00,Counter_4,7.0,3.0,19,3,0,0,1.56,11.07
2026-06-04 19:00:00,Counter_5,5.0,5.0,19,3,0,0,1.28,6.2
2026-06-04 19:05:00,Counter_1,7.0,4.0,19,3,0,0,1.22,8.65
2026-06-04 19:05:00,Counter_2,13.0,,19,3,0,0,1.71,22.5
2026-06-04 19:05:00,Counter_3,5.0,4.0,19,3,0,0,0.78,3.77
2026-06-04 19:05:00,Counter_4,6.0,5.0,19,3,0,0,1.28,7.53
2026-06-04 19:05:00,Counter_5,6.0,4.0,19,3,0,0,1.1,6.73
2026-06-04 19:10:00,Counter_1,9.0,4.0,19,3,0,0,1.72,15.49
2026-06-04 19:10:00,Counter_2,9.0,5.0,19,3,0,0,1.79,15.64
2026-06-04 19:10:00,Counter_3,7.0,4.0,19,3,0,0,1.27,9.2
2026-06-04 19:10:00,Counter_4,6.0,4.0,19,3,0,0,2.14,12.95
2026-06-04 19:10:00,Counter_5,11.0,3.0,19,3,0,0,1.79,19.61
2026-06-04 19:15:00,Counter_1,7.0,4.0,19,3,0,0,1.5,10.42
2026-06-04 19:15:00,Counter_2,4.0,4.0,19,3,0,0,1.82,7.42
2026-06-04 19:15:00,Counter_3,7.0,5.0,19,3,0,0,1.29,9.02
2026-06-04 19:15:00,Counter_4,9.0,3.0,19,3,0,0,1.38,12.43
2026-06-04 19:15:00,Counter_5,10.0,3.0,19,3,0,0,1.57,15.73
2026-06-04 19:20:00,Counter_1,12.0,3.0,19,3,0,0,1.28,15.2
2026-06-04 19:20:00,Counter_2,6.0,4.0,19,3,0,0,1.13,6.71
2026-06-04 19:20:00,Counter_3,12.0,3.0,19,3,0,0,1.22,14.6
2026-06-04 19:20:00,Counter_4,6.0,5.0,19,3,0,0,1.4,8.25
2026-06-04 19:20:00,Counter_5,7.0,5.0,19,3,0,0,1.57,11.04
2026-06-04 19:25:00,Counter_1,9.0,4.0,19,3,0,0,1.37,12.43
2026-06-04 19:25:00,Counter_2,9.0,3.0,19,3,0,0,1.04,9.7
2026-06-04 19:25:00,Counter_3,6.0,4.0,19,3,0,0,1.57,9.27
2026-06-04 19:25:00,Counter_4,4.0,5.0,19,3,0,0,1.77,7.26
2026-06-04 19:25:00,Counter_5,12.0,3.0,19,3,0,0,1.29,15.76
2026-06-04 19:30:00,Counter_1,9.0,,19,3,0,0,1.87,17.02
2026-06-04 19:30:00,Counter_2,7.0,4.0,19,3,0,0,1.67,11.59
2026-06-04 19:30:00,Counter_3,6.0,5.0,19,3,0,0,1.19,7.08
2026-06-04 19:30:00,Counter_4,12.0,3.0,19,3,0,0,1.29,15.78
2026-06-04 19:30:00,Counter_5,6.0,3.0,19,3,0,0,1.37,8.18
2026-06-04 19:35:00,Counter_1,3.0,5.0,19,3,0,0,1.4,4.19
2026-06-04 19:35:00,Counter_2,8.0,4.0,19,3,0,0,0.84,6.62
2026-06-04 19:35:00,Counter_3,9.0,4.0,19,3,0,0,1.26,11.49
2026-06-04 19:35:00,Counter_4,9.0,3.0,19,3,0,0,1.31,11.3
2026-06-04 19:35:00,Counter_5,8.0,4.0,19,3,0,0,1.92,15.2
2026-06-04 19:40:00,Counter_1,12.0,4.0,19,3,0,0,1.51,17.92
2026-06-04 19:40:00,Counter_2,9.0,4.0,19,3,0,0,1.25,11.57
2026-06-04 19:40:00,Counter_3,6.0,5.0,19,3,0,0,1.34,8.09
2026-06-04 19:40:00,Counter_4,3.0,5.0,19,3,0,0,1.56,4.64
2026-06-04 19:40:00,Counter_5,5.0,5.0,19,3,0,0,1.36,6.76
2026-06-04 19:45:00,Counter_1,8.0,5.0,19,3,0,0,1.3,10.12
2026-06-04 19:45:00,Counter_2,4.0,4.0,19,3,0,0,1.31,5.51
2026-06-04 19:45:00,Counter_3,9.0,3.0,19,3,0,0,1.57,14.06
2026-06-04 19:45:00,Counter_4,7.0,4.0,19,3,0,0,1.1,7.82
2026-06-04 19:45:00,Counter_5,8.0,3.0,19,3,0,0,1.18,9.31
2026-06-04 19:50:00,Counter_1,8.0,3.0,19,3,0,0,1.22,9.75
2026-06-04 19:50:00,Counter_2,8.0,5.0,19,3,0,0,1.17,9.18
2026-06-04 19:50:00,Counter_3,8.0,4.0,19,3,0,0,1.24,9.87
2026-06-04 19:50:00,Counter_4,7.0,4.0,19,3,0,0,1.67,11.9
2026-06-04 19:50:00,Counter_5,7.0,5.0,19,3,0,0,1.71,11.99
2026-06-04 19:55:00,Counter_1,5.0,5.0,19,3,0,0,1.52,7.67
2026-06-04 19:55:00,Counter_2,11.0,4.0,19,3,0,0,1.5,16.51
2026-06-04 19:55:00,Counter_3,6.0,4.0,19,3,0,0,1.28,8.01
2026-06-04 19:55:00,Counter_4,10.0,3.0,19,3,0,0,0.93,9.14
2026-06-04 19:55:00,Counter_5,7.0,5.0,19,3,0,0,1.49,10.4
2026-06-04 20:00:00,Counter_1,8.0,3.0,20,3,0,0,1.52,12.2
2026-06-04 20:00:00,Counter_2,9.0,5.0,20,3,0,0,1.28,11.32
2026-06-04 20:00:00,Counter_3,7.0,5.0,20,3,0,0,1.18,8.29
2026-06-04 20:00:00,Counter_4,8.0,5.0,20,3,0,0,1.13,9.05
2026-06-04 20:00:00,Counter_5,9.0,5.0,20,3,0,0,1.49,13.43
2026-06-04 20:05:00,Counter_1,6.0,4.0,20,3,0,0,1.47,8.84
2026-06-04 20:05:00,Counter_2,5.0,5.0,20,3,0,0,1.75,8.62
2026-06-04 20:05:00,Counter_3,5.0,5.0,20,3,0,0,1.25,5.93
2026-06-04 20:05:00,Counter_4,8.0,4.0,20,3,0,0,1.38,11.08
2026-06-04 20:05:00,Counter_5,12.0,3.0,20,3,0,0,1.45,17.22
2026-06-04 20:10:00,Counter_1,6.0,4.0,20,3,0,0,1.31,7.84
2026-06-04 20:10:00,Counter_2,7.0,5.0,20,3,0,0,1.66,11.47
2026-06-04 20:10:00,Counter_3,6.0,5.0,20,3,0,0,1.76,10.26
2026-06-04 20:10:00,Counter_4,6.0,5.0,20,3,0,0,1.17,7.09
2026-06-04 20:10:00,Counter_5,6.0,3.0,20,3,0,0,1.34,8.18
2026-06-04 20:15:00,Counter_1,7.0,4.0,20,3,0,0,1.78,12.68
2026-06-04 20:15:00,Counter_2,7.0,4.0,20,3,0,0,1.53,10.62
2026-06-04 20:15:00,Counter_3,8.0,4.0,20,3,0,0,1.48,11.85
2026-06-04 20:15:00,Counter_4,8.0,4.0,20,3,0,0,1.54,12.39
2026-06-04 20:15:00,Counter_5,7.0,4.0,20,3,0,0,1.61,11.47
2026-06-04 20:20:00,Counter_1,6.0,4.0,20,3,0,0,1.55,8.95
2026-06-04 20:20:00,Counter_2,12.0,4.0,20,3,0,0,1.5,17.71
2026-06-04 20:20:00,Counter_3,10.0,4.0,20,3,0,0,1.45,14.78
2026-06-04 20:20:00,Counter_4,7.0,4.0,20,3,0,0,1.79,12.19
2026-06-04 20:20:00,Counter_5,11.0,3.0,20,3,0,0,1.38,15.36
2026-06-04 20:25:00,Counter_1,7.0,5.0,20,3,0,0,1.45,10.42
2026-06-04 20:25:00,Counter_2,14.0,3.0,20,3,0,0,1.84,25.92
2026-06-04 20:25:00,Counter_3,7.0,5.0,20,3,0,0,1.53,10.51
2026-06-04 20:25:00,Counter_4,10.0,3.0,20,3,0,0,1.43,14.12
2026-06-04 20:25:00,Counter_5,5.0,4.0,20,3,0,0,1.61,8.04
2026-06-04 20:30:00,Counter_1,4.0,5.0,20,3,0,0,1.51,6.39
2026-06-04 20:30:00,Counter_2,15.0,,20,3,0,0,1.27,19.4
2026-06-04 20:30:00,Counter_3,8.0,5.0,20,3,0,0,1.51,12.14
2026-06-04 20:30:00,Counter_4,12.0,3.0,20,3,0,0,1.25,14.68
2026-06-04 20:30:00,Counter_5,8.0,3.0,20,3,0,0,1.91,15.31
2026-06-04 20:35:00,Counter_1,5.0,5.0,20,3,0,0,1.51,7.51
2026-06-04 20:35:00,Counter_2,7.0,5.0,20,3,0,0,1.22,8.54
2026-06-04 20:35:00,Counter_3,7.0,3.0,20,3,0,0,1.35,9.12
2026-06-04 20:35:00,Counter_4,4.0,5.0,20,3,0,0,1.64,6.61
2026-06-04 20:35:00,Counter_5,10.0,4.0,20,3,0,0,1.18,11.5
2026-06-04 20:40:00,Counter_1,12.0,3.0,20,3,0,0,2.13,25.05
2026-06-04 20:40:00,Counter_2,6.0,5.0,20,3,0,0,1.09,6.58
2026-06-04 20:40:00,Counter_3,7.0,4.0,20,3,0,0,,12.14
2026-06-04 20:40:00,Counter_4,15.0,3.0,20,3,0,0,1.33,19.78
2026-06-04 20:40:00,Counter_5,6.0,5.0,20,3,0,0,,7.41
2026-06-04 20:45:00,Counter_1,4.0,5.0,20,3,0,0,1.58,6.5
2026-06-04 20:45:00,Counter_2,6.0,4.0,20,3,0,0,1.34,8.27
2026-06-04 20:45:00,Counter_3,5.0,5.0,20,3,0,0,1.85,9.27
2026-06-04 20:45:00,Counter_4,7.0,5.0,20,3,0,0,1.1,7.56
2026-06-04 20:45:00,Counter_5,8.0,3.0,20,3,0,0,1.59,12.99
2026-06-04 20:50:00,Counter_1,7.0,5.0,20,3,0,0,1.38,9.41
2026-06-04 20:50:00,Counter_2,,4.0,20,3,0,0,1.52,10.54
2026-06-04 20:50:00,Counter_3,,4.0,20,3,0,0,1.58,11.18
2026-06-04 20:50:00,Counter_4,6.0,5.0,20,3,0,0,1.02,5.81
2026-06-04 20:50:00,Counter_5,3.0,,20,3,0,0,1.51,4.61
2026-06-04 20:55:00,Counter_1,7.0,4.0,20,3,0,0,1.72,12.27
2026-06-04 20:55:00,Counter_2,10.0,4.0,20,3,0,0,1.57,16.04
2026-06-04 20:55:00,Counter_3,7.0,4.0,20,3,0,0,1.36,9.44
2026-06-04 20:55:00,Counter_4,13.0,3.0,20,3,0,0,1.1,14.21
2026-06-04 20:55:00,Counter_5,7.0,5.0,20,3,0,0,1.58,11.2
2026-06-04 21:00:00,Counter_1,3.0,2.0,21,3,0,0,1.72,5.04
2026-06-04 21:00:00,Counter_2,3.0,2.0,21,3,0,0,1.42,4.2
2026-06-04 21:00:00,Counter_3,4.0,2.0,21,3,0,0,1.54,6.22
2026-06-04 21:00:00,Counter_4,5.0,2.0,21,3,0,0,1.48,7.47
2026-06-04 21:00:00,Counter_5,2.0,2.0,21,3,0,0,1.15,1.92
2026-06-04 21:05:00,Counter_1,10.0,,21,3,0,0,1.27,12.47
2026-06-04 21:05:00,Counter_2,6.0,2.0,21,3,0,0,1.47,8.45
2026-06-04 21:05:00,Counter_3,3.0,2.0,21,3,0,0,0.86,2.25
2026-06-04 21:05:00,Counter_4,1.0,2.0,21,3,0,0,1.41,1.19
2026-06-04 21:05:00,Counter_5,3.0,2.0,21,3,0,0,1.56,4.64
2026-06-04 21:10:00,Counter_1,6.0,2.0,21,3,0,0,1.24,7.41
2026-06-04 21:10:00,Counter_2,11.0,1.0,21,3,0,0,1.45,15.52
2026-06-04 21:10:00,Counter_3,7.0,2.0,21,3,0,0,1.11,7.58
2026-06-04 21:10:00,Counter_4,3.0,2.0,21,3,0,0,1.26,3.48
2026-06-04 21:10:00,Counter_5,5.0,2.0,21,3,0,0,1.18,5.86
2026-06-04 21:15:00,Counter_1,0.0,2.0,21,3,0,0,1.36,0.3
2026-06-04 21:15:00,Counter_2,,1.0,21,3,0,0,1.22,12.45
2026-06-04 21:15:00,Counter_3,4.0,2.0,21,3,0,0,0.83,3.29
2026-06-04 21:15:00,Counter_4,7.0,1.0,21,3,0,0,1.07,7.37
2026-06-04 21:15:00,Counter_5,6.0,1.0,21,3,0,0,1.74,10.39
2026-06-04 21:20:00,Counter_1,7.0,1.0,21,3,0,0,1.39,9.6
2026-06-04 21:20:00,Counter_2,2.0,1.0,21,3,0,0,0.73,1.73
2026-06-04 21:20:00,Counter_3,13.0,1.0,21,3,0,0,1.55,20.08
2026-06-04 21:20:00,Counter_4,9.0,1.0,21,3,0,0,0.96,8.73
2026-06-04 21:20:00,Counter_5,10.0,1.0,21,3,0,0,1.47,14.86
2026-06-04 21:25:00,Counter_1,8.0,1.0,21,3,0,0,1.57,12.43
2026-06-04 21:25:00,Counter_2,6.0,2.0,21,3,0,0,1.28,7.32
2026-06-04 21:25:00,Counter_3,13.0,1.0,21,3,0,0,1.0,12.9
2026-06-04 21:25:00,Counter_4,5.0,2.0,21,3,0,0,1.07,5.48
2026-06-04 21:25:00,Counter_5,0.0,1.0,21,3,0,0,1.41,0.04
2026-06-04 21:30:00,Counter_1,4.0,2.0,21,3,0,0,0.97,3.93
2026-06-04 21:30:00,Counter_2,10.0,1.0,21,3,0,0,1.1,11.17
2026-06-04 21:30:00,Counter_3,11.0,1.0,21,3,0,0,1.38,15.46
2026-06-04 21:30:00,Counter_4,1.0,2.0,21,3,0,0,1.09,1.23
2026-06-04 21:30:00,Counter_5,2.0,2.0,21,3,0,0,1.61,3.28
2026-06-04 21:35:00,Counter_1,14.0,1.0,21,3,0,0,0.99,13.9
2026-06-04 21:35:00,Counter_2,12.0,1.0,21,3,0,0,0.6,6.96
2026-06-04 21:35:00,Counter_3,6.0,2.0,21,3,0,0,1.06,6.17
2026-06-04 21:35:00,Counter_4,6.0,1.0,21,3,0,0,1.33,7.63
2026-06-04 21:35:00,Counter_5,3.0,1.0,21,3,0,0,1.47,4.42
2026-06-04 21:40:00,Counter_1,6.0,2.0,21,3,0,0,1.15,6.99
2026-06-04 21:40:00,Counter_2,3.0,2.0,21,3,0,0,1.18,3.56
2026-06-04 21:40:00,Counter_3,7.0,1.0,21,3,0,0,1.24,8.74
2026-06-04 21:40:00,Counter_4,7.0,2.0,21,3,0,0,1.69,11.98
2026-06-04 21:40:00,Counter_5,3.0,2.0,21,3,0,0,1.34,3.75
2026-06-04 21:45:00,Counter_1,4.0,1.0,21,3,0,0,1.13,4.53
2026-06-04 21:45:00,Counter_2,3.0,2.0,21,3,0,0,,5.33
2026-06-04 21:45:00,Counter_3,0.0,2.0,21,3,0,0,1.25,0.03
2026-06-04 21:45:00,Counter_4,6.0,2.0,21,3,0,0,0.73,3.95
2026-06-04 21:45:00,Counter_5,6.0,2.0,21,3,0,0,0.9,5.2
2026-06-04 21:50:00,Counter_1,4.0,1.0,21,3,0,0,1.39,5.46
2026-06-04 21:50:00,Counter_2,3.0,2.0,21,3,0,0,0.81,2.46
2026-06-04 21:50:00,Counter_3,4.0,2.0,21,3,0,0,1.37,5.49
2026-06-04 21:50:00,Counter_4,7.0,1.0,21,3,0,0,1.06,7.8
2026-06-04 21:50:00,Counter_5,5.0,2.0,21,3,0,0,1.54,7.89
2026-06-04 21:55:00,Counter_1,5.0,2.0,21,3,0,0,1.29,6.45
2026-06-04 21:55:00,Counter_2,7.0,2.0,21,3,0,0,0.84,5.9
2026-06-04 21:55:00,Counter_3,4.0,2.0,21,3,0,0,1.48,6.17
2026-06-04 21:55:00,Counter_4,0.0,2.0,21,3,0,0,1.59,0.06
2026-06-04 21:55:00,Counter_5,7.0,1.0,21,3,0,0,0.93,6.58
2026-06-04 22:00:00,Counter_1,1.0,,22,3,0,0,,1.4
2026-06-04 22:00:00,Counter_2,7.0,1.0,22,3,0,0,1.38,9.48
2026-06-04 22:00:00,Counter_3,4.0,1.0,22,3,0,0,1.42,5.67
2026-06-04 22:00:00,Counter_4,0.0,2.0,22,3,0,0,1.84,0.0
2026-06-04 22:00:00,Counter_5,0.0,2.0,22,3,0,0,1.47,0.18
2026-06-04 22:05:00,Counter_1,1.0,2.0,22,3,0,0,1.85,1.82
2026-06-04 22:05:00,Counter_2,3.0,2.0,22,3,0,0,1.25,3.77
2026-06-04 22:05:00,Counter_3,2.0,1.0,22,3,0,0,1.35,2.74
2026-06-04 22:05:00,Counter_4,3.0,1.0,22,3,0,0,1.11,3.66
2026-06-04 22:05:00,Counter_5,0.0,2.0,22,3,0,0,,0.23
2026-06-04 22:10:00,Counter_1,3.0,2.0,22,3,0,0,1.29,3.85
2026-06-04 22:10:00,Counter_2,4.0,1.0,22,3,0,0,1.1,4.06
2026-06-04 22:10:00,Counter_3,1.0,1.0,22,3,0,0,0.61,0.46
2026-06-04 22:10:00,Counter_4,4.0,1.0,22,3,0,0,1.08,4.33
2026-06-04 22:10:00,Counter_5,5.0,2.0,22,3,0,0,1.52,7.57
2026-06-04 22:15:00,Counter_1,0.0,2.0,22,3,0,0,1.27,0.15
2026-06-04 22:15:00,Counter_2,2.0,1.0,22,3,0,0,1.27,2.49
2026-06-04 22:15:00,Counter_3,5.0,1.0,22,3,0,0,1.06,5.47
2026-06-04 22:15:00,Counter_4,7.0,1.0,22,3,0,0,1.33,9.02
2026-06-04 22:15:00,Counter_5,1.0,1.0,22,3,0,0,1.66,1.56
2026-06-04 22:20:00,Counter_1,1.0,1.0,22,3,0,0,1.6,1.74
2026-06-04 22:20:00,Counter_2,6.0,1.0,22,3,0,0,1.34,8.45
2026-06-04 22:20:00,Counter_3,1.0,2.0,22,3,0,0,1.04,1.01
2026-06-04 22:20:00,Counter_4,6.0,1.0,22,3,0,0,1.69,10.31
2026-06-04 22:20:00,Counter_5,1.0,2.0,22,3,0,0,1.51,1.78
2026-06-04 22:25:00,Counter_1,12.0,1.0,22,3,0,0,0.88,10.75
2026-06-04 22:25:00,Counter_2,0.0,2.0,22,3,0,0,0.81,0.23
2026-06-04 22:25:00,Counter_3,1.0,2.0,22,3,0,0,0.89,0.82
2026-06-04 22:25:00,Counter_4,0.0,2.0,22,3,0,0,1.13,0.08
2026-06-04 22:25:00,Counter_5,0.0,1.0,22,3,0,0,1.48,0.13
2026-06-04 22:30:00,Counter_1,0.0,1.0,22,3,0,0,1.47,0.06
2026-06-04 22:30:00,Counter_2,2.0,1.0,22,3,0,0,1.34,3.05
2026-06-04 22:30:00,Counter_3,2.0,1.0,22,3,0,0,1.21,2.49
2026-06-04 22:30:00,Counter_4,2.0,2.0,22,3,0,0,1.84,3.43
2026-06-04 22:30:00,Counter_5,3.0,2.0,22,3,0,0,1.26,3.49
2026-06-04 22:35:00,Counter_1,1.0,1.0,22,3,0,0,1.23,0.93
2026-06-04 22:35:00,Counter_2,0.0,2.0,22,3,0,0,1.12,0.07
2026-06-04 22:35:00,Counter_3,2.0,1.0,22,3,0,0,1.8,3.58
2026-06-04 22:35:00,Counter_4,5.0,1.0,22,3,0,0,1.43,7.05
2026-06-04 22:35:00,Counter_5,2.0,2.0,22,3,0,0,0.99,2.31
2026-06-04 22:40:00,Counter_1,4.0,1.0,22,3,0,0,0.96,3.89
2026-06-04 22:40:00,Counter_2,0.0,2.0,22,3,0,0,0.83,0.29
2026-06-04 22:40:00,Counter_3,1.0,2.0,22,3,0,0,1.23,1.44
2026-06-04 22:40:00,Counter_4,2.0,2.0,22,3,0,0,0.88,1.88
2026-06-04 22:40:00,Counter_5,2.0,1.0,22,3,0,0,0.96,2.04
2026-06-04 22:45:00,Counter_1,2.0,2.0,22,3,0,0,1.52,2.99
2026-06-04 22:45:00,Counter_2,2.0,2.0,22,3,0,0,1.47,2.76
2026-06-04 22:45:00,Counter_3,3.0,2.0,22,3,0,0,1.62,4.66
2026-06-04 22:45:00,Counter_4,3.0,2.0,22,3,0,0,0.88,2.66
2026-06-04 22:45:00,Counter_5,8.0,1.0,22,3,0,0,1.0,8.0
2026-06-04 22:50:00,Counter_1,4.0,2.0,22,3,0,0,1.09,4.46
2026-06-04 22:50:00,Counter_2,5.0,1.0,22,3,0,0,1.66,8.22
2026-06-04 22:50:00,Counter_3,3.0,1.0,22,3,0,0,1.27,4.07
2026-06-04 22:50:00,Counter_4,1.0,1.0,22,3,0,0,1.71,1.44
2026-06-04 22:50:00,Counter_5,6.0,1.0,22,3,0,0,1.41,8.54
2026-06-04 22:55:00,Counter_1,2.0,2.0,22,3,0,0,1.22,2.26
2026-06-04 22:55:00,Counter_2,0.0,1.0,22,3,0,0,1.39,0.26
2026-06-04 22:55:00,Counter_3,5.0,2.0,22,3,0,0,0.82,3.92
2026-06-04 22:55:00,Counter_4,4.0,2.0,22,3,0,0,0.74,2.89
2026-06-04 22:55:00,Counter_5,2.0,2.0,22,3,0,0,1.31,2.41
2026-06-04 23:00:00,Counter_1,0.0,1.0,23,3,0,0,1.25,0.0
2026-06-04 23:00:00,Counter_2,0.0,2.0,23,3,0,0,1.73,0.17
2026-06-04 23:00:00,Counter_3,6.0,,23,3,0,0,0.91,5.18
2026-06-04 23:00:00,Counter_4,1.0,2.0,23,3,0,0,1.34,1.47
2026-06-04 23:00:00,Counter_5,4.0,1.0,23,3,0,0,1.42,5.85
2026-06-04 23:05:00,Counter_1,1.0,2.0,23,3,0,0,1.34,1.49
2026-06-04 23:05:00,Counter_2,2.0,2.0,23,3,0,0,1.52,3.03
2026-06-04 23:05:00,Counter_3,1.0,2.0,23,3,0,0,1.09,0.87
2026-06-04 23:05:00,Counter_4,2.0,2.0,23,3,0,0,1.46,2.61
2026-06-04 23:05:00,Counter_5,4.0,1.0,23,3,0,0,1.39,5.32
2026-06-04 23:10:00,Counter_1,0.0,1.0,23,3,0,0,1.54,0.04
2026-06-04 23:10:00,Counter_2,0.0,2.0,23,3,0,0,1.12,0.17
2026-06-04 23:10:00,Counter_3,1.0,1.0,23,3,0,0,0.95,0.67
2026-06-04 23:10:00,Counter_4,6.0,1.0,23,3,0,0,1.09,6.5
2026-06-04 23:10:00,Counter_5,4.0,1.0,23,3,0,0,0.98,3.93
2026-06-04 23:15:00,Counter_1,2.0,2.0,23,3,0,0,1.11,2.16
2026-06-04 23:15:00,Counter_2,0.0,2.0,23,3,0,0,1.17,0.01
2026-06-04 23:15:00,Counter_3,2.0,1.0,23,3,0,0,1.02,2.3
2026-06-04 23:15:00,Counter_4,2.0,1.0,23,3,0,0,1.25,2.6
2026-06-04 23:15:00,Counter_5,6.0,1.0,23,3,0,0,0.96,5.9
2026-06-04 23:20:00,Counter_1,3.0,2.0,23,3,0,0,1.23,3.62
2026-06-04 23:20:00,Counter_2,2.0,2.0,23,3,0,0,1.13,2.42
2026-06-04 23:20:00,Counter_3,3.0,1.0,23,3,0,0,1.22,3.72
2026-06-04 23:20:00,Counter_4,5.0,2.0,23,3,0,0,1.35,6.79
2026-06-04 23:20:00,Counter_5,2.0,1.0,23,3,0,0,1.15,2.22
2026-06-04 23:25:00,Counter_1,1.0,2.0,23,3,0,0,1.06,1.11
2026-06-04 23:25:00,Counter_2,0.0,2.0,23,3,0,0,1.09,0.03
2026-06-04 23:25:00,Counter_3,0.0,2.0,23,3,0,0,1.51,0.08
2026-06-04 23:25:00,Counter_4,0.0,1.0,23,3,0,0,1.57,0.01
2026-06-04 23:25:00,Counter_5,3.0,2.0,23,3,0,0,1.12,2.98
2026-06-04 23:30:00,Counter_1,9.0,1.0,23,3,0,0,1.21,10.9
2026-06-04 23:30:00,Counter_2,3.0,2.0,23,3,0,0,0.82,2.62
2026-06-04 23:30:00,Counter_3,1.0,1.0,23,3,0,0,1.2,1.28
2026-06-04 23:30:00,Counter_4,3.0,2.0,23,3,0,0,0.89,2.77
2026-06-04 23:30:00,Counter_5,6.0,2.0,23,3,0,0,1.13,6.7
2026-06-04 23:35:00,Counter_1,0.0,2.0,23,3,0,0,1.52,0.02
2026-06-04 23:35:00,Counter_2,3.0,2.0,23,3,0,0,0.87,2.29
2026-06-04 23:35:00,Counter_3,3.0,2.0,23,3,0,0,1.02,3.03
2026-06-04 23:35:00,Counter_4,4.0,1.0,23,3,0,0,1.03,4.14
2026-06-04 23:35:00,Counter_5,3.0,2.0,23,3,0,0,0.83,2.38
2026-06-04 23:40:00,Counter_1,0.0,2.0,23,3,0,0,1.47,0.06
2026-06-04 23:40:00,Counter_2,3.0,2.0,23,3,0,0,1.32,3.57
2026-06-04 23:40:00,Counter_3,0.0,2.0,23,3,0,0,1.7,0.03
2026-06-04 23:40:00,Counter_4,1.0,2.0,23,3,0,0,1.0,1.25
2026-06-04 23:40:00,Counter_5,0.0,2.0,23,3,0,0,0.81,0.09
2026-06-04 23:45:00,Counter_1,2.0,2.0,23,3,0,0,1.49,2.9
2026-06-04 23:45:00,Counter_2,6.0,1.0,23,3,0,0,1.16,7.16
2026-06-04 23:45:00,Counter_3,1.0,2.0,23,3,0,0,1.13,1.41
2026-06-04 23:45:00,Counter_4,4.0,1.0,23,3,0,0,1.62,6.84
2026-06-04 23:45:00,Counter_5,1.0,2.0,23,3,0,0,1.29,0.91
2026-06-04 23:50:00,Counter_1,2.0,1.0,23,3,0,0,1.48,3.24
2026-06-04 23:50:00,Counter_2,2.0,1.0,23,3,0,0,1.09,1.95
2026-06-04 23:50:00,Counter_3,,1.0,23,3,0,0,1.07,1.13
2026-06-04 23:50:00,Counter_4,10.0,1.0,23,3,0,0,1.16,11.72
2026-06-04 23:50:00,Counter_5,0.0,1.0,23,3,0,0,1.42,0.05
2026-06-04 23:55:00,Counter_1,2.0,2.0,23,3,0,0,1.26,2.61
2026-06-04 23:55:00,Counter_2,7.0,1.0,23,3,0,0,1.37,9.65
2026-06-04 23:55:00,Counter_3,3.0,2.0,23,3,0,0,0.6,1.63
2026-06-04 23:55:00,Counter_4,4.0,1.0,23,3,0,0,0.78,2.78
2026-06-04 23:55:00,Counter_5,2.0,1.0,23,3,0,0,0.71,1.25
2026-06-05 00:00:00,Counter_1,0.0,2.0,0,4,0,0,1.16,0.06
2026-06-05 00:00:00,Counter_2,2.0,2.0,0,4,0,0,0.9,1.81
2026-06-05 00:00:00,Counter_3,0.0,2.0,0,4,0,0,1.67,0.05
2026-06-05 00:00:00,Counter_4,0.0,2.0,0,4,0,0,1.24,0.03
2026-06-05 00:00:00,Counter_5,2.0,1.0,0,4,0,0,1.3,2.76
2026-06-05 00:05:00,Counter_1,0.0,1.0,0,4,0,0,0.98,0.0
2026-06-05 00:05:00,Counter_2,4.0,2.0,0,4,0,0,0.97,4.14
2026-06-05 00:05:00,Counter_3,1.0,2.0,0,4,0,0,1.64,1.6
2026-06-05 00:05:00,Counter_4,4.0,2.0,0,4,0,0,1.7,6.77
2026-06-05 00:05:00,Counter_5,7.0,1.0,0,4,0,0,1.35,9.69
2026-06-05 00:10:00,Counter_1,1.0,1.0,0,4,0,0,0.74,0.32
2026-06-05 00:10:00,Counter_2,7.0,1.0,0,4,0,0,1.14,7.95
2026-06-05 00:10:00,Counter_3,4.0,2.0,0,4,0,0,1.33,4.99
2026-06-05 00:10:00,Counter_4,4.0,1.0,0,4,0,0,1.19,4.75
2026-06-05 00:10:00,Counter_5,1.0,2.0,0,4,0,0,0.72,0.64
2026-06-05 00:15:00,Counter_1,2.0,2.0,0,4,0,0,1.71,3.54
2026-06-05 00:15:00,Counter_2,2.0,2.0,0,4,0,0,1.04,2.17
2026-06-05 00:15:00,Counter_3,3.0,1.0,0,4,0,0,0.91,2.67
2026-06-05 00:15:00,Counter_4,6.0,1.0,0,4,0,0,1.24,7.25
2026-06-05 00:15:00,Counter_5,0.0,2.0,0,4,0,0,1.55,0.06
2026-06-05 00:20:00,Counter_1,1.0,2.0,0,4,0,0,1.38,1.64
2026-06-05 00:20:00,Counter_2,1.0,2.0,0,4,0,0,0.92,0.72
2026-06-05 00:20:00,Counter_3,4.0,1.0,0,4,0,0,0.88,3.22
2026-06-05 00:20:00,Counter_4,2.0,2.0,0,4,0,0,0.7,1.03
2026-06-05 00:20:00,Counter_5,0.0,2.0,0,4,0,0,1.18,0.02
2026-06-05 00:25:00,Counter_1,1.0,2.0,0,4,0,0,1.13,1.13
2026-06-05 00:25:00,Counter_2,1.0,1.0,0,4,0,0,1.38,1.1
2026-06-05 00:25:00,Counter_3,1.0,1.0,0,4,0,0,1.08,1.01
2026-06-05 00:25:00,Counter_4,0.0,1.0,0,4,0,0,1.49,0.12
2026-06-05 00:25:00,Counter_5,3.0,2.0,0,4,0,0,1.41,3.8
2026-06-05 00:30:00,Counter_1,3.0,1.0,0,4,0,0,1.07,3.41
2026-06-05 00:30:00,Counter_2,3.0,1.0,0,4,0,0,1.35,4.34
2026-06-05 00:30:00,Counter_3,5.0,1.0,0,4,0,0,1.58,8.27
2026-06-05 00:30:00,Counter_4,3.0,2.0,0,4,0,0,1.01,3.32
2026-06-05 00:30:00,Counter_5,1.0,2.0,0,4,0,0,1.2,1.68
2026-06-05 00:35:00,Counter_1,2.0,2.0,0,4,0,0,,2.43
2026-06-05 00:35:00,Counter_2,1.0,2.0,0,4,0,0,1.16,1.32
2026-06-05 00:35:00,Counter_3,0.0,2.0,0,4,0,0,1.45,0.04
2026-06-05 00:35:00,Counter_4,0.0,1.0,0,4,0,0,1.47,0.3
2026-06-05 00:35:00,Counter_5,2.0,2.0,0,4,0,0,1.35,2.73
2026-06-05 00:40:00,Counter_1,5.0,2.0,0,4,0,0,1.34,6.37
2026-06-05 00:40:00,Counter_2,0.0,2.0,0,4,0,0,1.11,0.26
2026-06-05 00:40:00,Counter_3,1.0,1.0,0,4,0,0,1.33,1.69
2026-06-05 00:40:00,Counter_4,,1.0,0,4,0,0,0.93,3.75
2026-06-05 00:40:00,Counter_5,6.0,1.0,0,4,0,0,1.87,11.5
2026-06-05 00:45:00,Counter_1,1.0,1.0,0,4,0,0,1.59,1.48
2026-06-05 00:45:00,Counter_2,3.0,2.0,0,4,0,0,1.49,4.29
2026-06-05 00:45:00,Counter_3,3.0,1.0,0,4,0,0,1.35,4.03
2026-06-05 00:45:00,Counter_4,2.0,1.0,0,4,0,0,1.35,2.86
2026-06-05 00:45:00,Counter_5,1.0,2.0,0,4,0,0,0.83,1.11
2026-06-05 00:50:00,Counter_1,2.0,2.0,0,4,0,0,0.94,1.92
2026-06-05 00:50:00,Counter_2,0.0,2.0,0,4,0,0,0.97,0.03
2026-06-05 00:50:00,Counter_3,0.0,2.0,0,4,0,0,1.26,0.1
2026-06-05 00:50:00,Counter_4,2.0,2.0,0,4,0,0,1.18,2.65
2026-06-05 00:50:00,Counter_5,0.0,2.0,0,4,0,0,1.45,0.03
2026-06-05 00:55:00,Counter_1,4.0,2.0,0,4,0,0,1.01,3.88
2026-06-05 00:55:00,Counter_2,2.0,1.0,0,4,0,0,1.51,3.1
2026-06-05 00:55:00,Counter_3,3.0,1.0,0,4,0,0,1.04,2.92
2026-06-05 00:55:00,Counter_4,0.0,1.0,0,4,0,0,1.15,0.02
2026-06-05 00:55:00,Counter_5,2.0,2.0,0,4,0,0,1.47,2.86
2026-06-05 01:00:00,Counter_1,2.0,2.0,1,4,0,0,1.38,2.6
2026-06-05 01:00:00,Counter_2,1.0,2.0,1,4,0,0,0.94,0.53
2026-06-05 01:00:00,Counter_3,4.0,,1,4,0,0,1.52,6.3
2026-06-05 01:00:00,Counter_4,4.0,1.0,1,4,0,0,1.27,5.12
2026-06-05 01:00:00,Counter_5,1.0,2.0,1,4,0,0,0.71,0.76
2026-06-05 01:05:00,Counter_1,0.0,2.0,1,4,0,0,1.04,0.06
2026-06-05 01:05:00,Counter_2,2.0,2.0,1,4,0,0,1.15,2.15
2026-06-05 01:05:00,Counter_3,5.0,1.0,1,4,0,0,0.96,4.62
2026-06-05 01:05:00,Counter_4,1.0,2.0,1,4,0,0,1.59,1.7
2026-06-05 01:05:00,Counter_5,4.0,2.0,1,4,0,0,1.16,4.87
2026-06-05 01:10:00,Counter_1,2.0,2.0,1,4,0,0,1.37,2.85
2026-06-05 01:10:00,Counter_2,3.0,1.0,1,4,0,0,1.3,4.22
2026-06-05 01:10:00,Counter_3,2.0,2.0,1,4,0,0,1.43,2.97
2026-06-05 01:10:00,Counter_4,0.0,1.0,1,4,0,0,1.67,0.01
2026-06-05 01:10:00,Counter_5,0.0,2.0,1,4,0,0,1.42,0.02
2026-06-05 01:15:00,Counter_1,0.0,2.0,1,4,0,0,1.69,0.05
2026-06-05 01:15:00,Counter_2,4.0,1.0,1,4,0,0,1.43,5.47
2026-06-05 01:15:00,Counter_3,2.0,2.0,1,4,0,0,1.28,2.56
2026-06-05 01:15:00,Counter_4,2.0,2.0,1,4,0,0,1.33,2.8
2026-06-05 01:15:00,Counter_5,1.0,2.0,1,4,0,0,0.6,0.43
2026-06-05 01:20:00,Counter_1,0.0,1.0,1,4,0,0,1.14,0.1
2026-06-05 01:20:00,Counter_2,0.0,1.0,1,4,0,0,1.21,0.24
2026-06-05 01:20:00,Counter_3,0.0,2.0,1,4,0,0,1.36,0.07
2026-06-05 01:20:00,Counter_4,2.0,2.0,1,4,0,0,1.24,2.58
2026-06-05 01:20:00,Counter_5,1.0,2.0,1,4,0,0,1.33,1.3
2026-06-05 01:25:00,Counter_1,2.0,2.0,1,4,0,0,0.92,1.65
2026-06-05 01:25:00,Counter_2,2.0,2.0,1,4,0,0,0.85,1.76
2026-06-05 01:25:00,Counter_3,0.0,2.0,1,4,0,0,0.95,0.05
2026-06-05 01:25:00,Counter_4,,2.0,1,4,0,0,1.64,1.73
2026-06-05 01:25:00,Counter_5,2.0,2.0,1,4,0,0,0.93,2.36
2026-06-05 01:30:00,Counter_1,0.0,1.0,1,4,0,0,1.05,0.11
2026-06-05 01:30:00,Counter_2,0.0,2.0,1,4,0,0,,0.13
2026-06-05 01:30:00,Counter_3,1.0,2.0,1,4,0,0,0.85,0.57
2026-06-05 01:30:00,Counter_4,0.0,1.0,1,4,0,0,1.03,0.25
2026-06-05 01:30:00,Counter_5,4.0,1.0,1,4,0,0,1.42,5.59
2026-06-05 01:35:00,Counter_1,3.0,1.0,1,4,0,0,1.14,3.59
2026-06-05 01:35:00,Counter_2,4.0,1.0,1,4,0,0,1.67,6.56
2026-06-05 01:35:00,Counter_3,2.0,2.0,1,4,0,0,0.83,1.46
2026-06-05 01:35:00,Counter_4,1.0,1.0,1,4,0,0,1.16,1.27
2026-06-05 01:35:00,Counter_5,3.0,1.0,1,4,0,0,1.14,3.3
2026-06-05 01:40:00,Counter_1,1.0,2.0,1,4,0,0,1.25,1.37
2026-06-05 01:40:00,Counter_2,2.0,2.0,1,4,0,0,0.94,1.71
2026-06-05 01:40:00,Counter_3,0.0,2.0,1,4,0,0,1.1,0.06
2026-06-05 01:40:00,Counter_4,7.0,1.0,1,4,0,0,1.45,10.03
2026-06-05 01:40:00,Counter_5,0.0,2.0,1,4,0,0,1.18,0.04
2026-06-05 01:45:00,Counter_1,4.0,2.0,1,4,0,0,0.98,3.89
2026-06-05 01:45:00,Counter_2,3.0,2.0,1,4,0,0,1.77,5.07
2026-06-05 01:45:00,Counter_3,1.0,2.0,1,4,0,0,1.26,1.0
2026-06-05 01:45:00,Counter_4,1.0,1.0,1,4,0,0,1.4,1.34
2026-06-05 01:45:00,Counter_5,1.0,2.0,1,4,0,0,1.44,1.16
2026-06-05 01:50:00,Counter_1,1.0,2.0,1,4,0,0,1.23,1.15
2026-06-05 01:50:00,Counter_2,0.0,2.0,1,4,0,0,1.05,0.14
2026-06-05 01:50:00,Counter_3,2.0,1.0,1,4,0,0,1.3,2.36
2026-06-05 01:50:00,Counter_4,2.0,2.0,1,4,0,0,1.07,2.31
2026-06-05 01:50:00,Counter_5,3.0,2.0,1,4,0,0,1.34,4.3
2026-06-05 01:55:00,Counter_1,0.0,2.0,1,4,0,0,1.21,0.02
2026-06-05 01:55:00,Counter_2,2.0,2.0,1,4,0,0,1.51,3.15
2026-06-05 01:55:00,Counter_3,0.0,2.0,1,4,0,0,0.96,0.12
2026-06-05 01:55:00,Counter_4,0.0,2.0,1,4,0,0,1.43,0.26
2026-06-05 01:55:00,Counter_5,1.0,2.0,1,4,0,0,1.4,1.47
2026-06-05 02:00:00,Counter_1,1.0,2.0,2,4,0,0,1.19,1.07
2026-06-05 02:00:00,Counter_2,4.0,1.0,2,4,0,0,1.43,5.71
2026-06-05 02:00:00,Counter_3,4.0,1.0,2,4,0,0,1.35,5.43
2026-06-05 02:00:00,Counter_4,1.0,2.0,2,4,0,0,1.42,1.55
2026-06-05 02:00:00,Counter_5,7.0,1.0,2,4,0,0,1.4,9.48
2026-06-05 02:05:00,Counter_1,2.0,2.0,2,4,0,0,1.26,2.56
2026-06-05 02:05:00,Counter_2,1.0,2.0,2,4,0,0,1.1,1.31
2026-06-05 02:05:00,Counter_3,0.0,2.0,2,4,0,0,1.1,0.15
2026-06-05 02:05:00,Counter_4,4.0,1.0,2,4,0,0,1.2,4.78
2026-06-05 02:05:00,Counter_5,4.0,2.0,2,4,0,0,1.46,5.47
2026-06-05 02:10:00,Counter_1,2.0,2.0,2,4,0,0,1.41,2.83
2026-06-05 02:10:00,Counter_2,2.0,2.0,2,4,0,0,1.5,2.7
2026-06-05 02:10:00,Counter_3,4.0,,2,4,0,0,,6.01
2026-06-05 02:10:00,Counter_4,4.0,1.0,2,4,0,0,1.2,4.79
2026-06-05 02:10:00,Counter_5,4.0,2.0,2,4,0,0,1.74,6.84
2026-06-05 02:15:00,Counter_1,2.0,,2,4,0,0,1.22,2.41
2026-06-05 02:15:00,Counter_2,1.0,1.0,2,4,0,0,1.13,1.2
2026-06-05 02:15:00,Counter_3,6.0,2.0,2,4,0,0,1.33,7.97
2026-06-05 02:15:00,Counter_4,1.0,2.0,2,4,0,0,1.37,1.4
2026-06-05 02:15:00,Counter_5,4.0,1.0,2,4,0,0,1.06,3.87
2026-06-05 02:20:00,Counter_1,0.0,2.0,2,4,0,0,1.21,0.11
2026-06-05 02:20:00,Counter_2,6.0,2.0,2,4,0,0,1.14,6.4
2026-06-05 02:20:00,Counter_3,2.0,2.0,2,4,0,0,1.29,2.5
2026-06-05 02:20:00,Counter_4,6.0,1.0,2,4,0,0,1.45,9.07
2026-06-05 02:20:00,Counter_5,0.0,1.0,2,4,0,0,1.18,0.08
2026-06-05 02:25:00,Counter_1,0.0,2.0,2,4,0,0,1.39,0.07
2026-06-05 02:25:00,Counter_2,6.0,1.0,2,4,0,0,0.9,5.29
2026-06-05 02:25:00,Counter_3,4.0,2.0,2,4,0,0,1.47,5.84
2026-06-05 02:25:00,Counter_4,2.0,2.0,2,4,0,0,1.14,2.38
2026-06-05 02:25:00,Counter_5,0.0,2.0,2,4,0,0,1.13,0.07
2026-06-05 02:30:00,Counter_1,1.0,1.0,2,4,0,0,1.35,1.68
2026-06-05 02:30:00,Counter_2,2.0,2.0,2,4,0,0,1.36,2.53
2026-06-05 02:30:00,Counter_3,0.0,1.0,2,4,0,0,1.22,0.09
2026-06-05 02:30:00,Counter_4,3.0,2.0,2,4,0,0,1.03,2.74
2026-06-05 02:30:00,Counter_5,1.0,2.0,2,4,0,0,1.13,1.21
2026-06-05 02:35:00,Counter_1,0.0,1.0,2,4,0,0,1.27,0.03
2026-06-05 02:35:00,Counter_2,0.0,1.0,2,4,0,0,1.37,0.01
2026-06-05 02:35:00,Counter_3,2.0,2.0,2,4,0,0,1.04,2.21
2026-06-05 02:35:00,Counter_4,2.0,2.0,2,4,0,0,1.09,2.01
2026-06-05 02:35:00,Counter_5,1.0,2.0,2,4,0,0,1.32,1.06
2026-06-05 02:40:00,Counter_1,3.0,2.0,2,4,0,0,1.23,3.5
2026-06-05 02:40:00,Counter_2,2.0,1.0,2,4,0,0,1.29,2.65
2026-06-05 02:40:00,Counter_3,2.0,2.0,2,4,0,0,0.6,1.46
2026-06-05 02:40:00,Counter_4,0.0,1.0,2,4,0,0,1.18,0.01
2026-06-05 02:40:00,Counter_5,2.0,2.0,2,4,0,0,,2.78
2026-06-05 02:45:00,Counter_1,0.0,1.0,2,4,0,0,1.1,0.3
2026-06-05 02:45:00,Counter_2,3.0,2.0,2,4,0,0,1.37,4.8
2026-06-05 02:45:00,Counter_3,2.0,2.0,2,4,0,0,0.95,1.81
2026-06-05 02:45:00,Counter_4,6.0,1.0,2,4,0,0,0.86,5.35
2026-06-05 02:45:00,Counter_5,5.0,,2,4,0,0,1.35,6.71
2026-06-05 02:50:00,Counter_1,1.0,1.0,2,4,0,0,1.24,1.13
2026-06-05 02:50:00,Counter_2,0.0,2.0,2,4,0,0,1.17,0.04
2026-06-05 02:50:00,Counter_3,4.0,1.0,2,4,0,0,1.46,5.78
2026-06-05 02:50:00,Counter_4,2.0,2.0,2,4,0,0,1.17,2.51
2026-06-05 02:50:00,Counter_5,3.0,1.0,2,4,0,0,1.09,3.1
2026-06-05 02:55:00,Counter_1,4.0,2.0,2,4,0,0,1.06,4.26
2026-06-05 02:55:00,Counter_2,0.0,2.0,2,4,0,0,1.01,0.01
2026-06-05 02:55:00,Counter_3,3.0,1.0,2,4,0,0,1.37,4.03
2026-06-05 02:55:00,Counter_4,1.0,2.0,2,4,0,0,1.17,0.87
2026-06-05 02:55:00,Counter_5,2.0,2.0,2,4,0,0,1.54,3.54
2026-06-05 03:00:00,Counter_1,2.0,2.0,3,4,0,0,0.6,1.26
2026-06-05 03:00:00,Counter_2,0.0,2.0,3,4,0,0,1.48,0.06
2026-06-05 03:00:00,Counter_3,6.0,1.0,3,4,0,0,1.34,8.3
2026-06-05 03:00:00,Counter_4,2.0,1.0,3,4,0,0,1.23,2.44
2026-06-05 03:00:00,Counter_5,0.0,1.0,3,4,0,0,0.93,0.09
2026-06-05 03:05:00,Counter_1,2.0,,3,4,0,0,0.84,1.99
2026-06-05 03:05:00,Counter_2,2.0,2.0,3,4,0,0,1.44,3.17
2026-06-05 03:05:00,Counter_3,0.0,2.0,3,4,0,0,1.31,0.11
2026-06-05 03:05:00,Counter_4,0.0,2.0,3,4,0,0,1.31,0.15
2026-06-05 03:05:00,Counter_5,0.0,1.0,3,4,0,0,1.22,0.1
2026-06-05 03:10:00,Counter_1,4.0,2.0,3,4,0,0,1.46,5.62
2026-06-05 03:10:00,Counter_2,0.0,2.0,3,4,0,0,1.1,0.09
2026-06-05 03:10:00,Counter_3,1.0,2.0,3,4,0,0,1.17,1.11
2026-06-05 03:10:00,Counter_4,1.0,2.0,3,4,0,0,,1.31
2026-06-05 03:10:00,Counter_5,7.0,1.0,3,4,0,0,1.2,8.56
2026-06-05 03:15:00,Counter_1,3.0,1.0,3,4,0,0,1.58,4.97
2026-06-05 03:15:00,Counter_2,3.0,2.0,3,4,0,0,0.94,2.84
2026-06-05 03:15:00,Counter_3,4.0,1.0,3,4,0,0,0.76,2.83
2026-06-05 03:15:00,Counter_4,2.0,2.0,3,4,0,0,0.89,1.71
2026-06-05 03:15:00,Counter_5,1.0,1.0,3,4,0,0,1.42,1.21
2026-06-05 03:20:00,Counter_1,3.0,2.0,3,4,0,0,1.22,3.52
2026-06-05 03:20:00,Counter_2,1.0,2.0,3,4,0,0,0.85,0.99
2026-06-05 03:20:00,Counter_3,0.0,2.0,3,4,0,0,1.27,0.12
2026-06-05 03:20:00,Counter_4,1.0,2.0,3,4,0,0,1.17,1.06
2026-06-05 03:20:00,Counter_5,2.0,2.0,3,4,0,0,1.39,2.96
2026-06-05 03:25:00,Counter_1,0.0,2.0,3,4,0,0,1.45,0.1
2026-06-05 03:25:00,Counter_2,1.0,2.0,3,4,0,0,1.88,1.72
2026-06-05 03:25:00,Counter_3,1.0,2.0,3,4,0,0,0.95,0.77
2026-06-05 03:25:00,Counter_4,2.0,2.0,3,4,0,0,0.78,1.88
2026-06-05 03:25:00,Counter_5,4.0,1.0,3,4,0,0,1.4,5.67
2026-06-05 03:30:00,Counter_1,2.0,2.0,3,4,0,0,1.5,2.84
2026-06-05 03:30:00,Counter_2,0.0,2.0,3,4,0,0,0.93,0.05
2026-06-05 03:30:00,Counter_3,2.0,2.0,3,4,0,0,0.93,2.08
2026-06-05 03:30:00,Counter_4,1.0,1.0,3,4,0,0,1.34,1.16
2026-06-05 03:30:00,Counter_5,6.0,,3,4,0,0,1.68,9.9
2026-06-05 03:35:00,Counter_1,1.0,2.0,3,4,0,0,1.03,1.07
2026-06-05 03:35:00,Counter_2,2.0,2.0,3,4,0,0,1.27,2.27
2026-06-05 03:35:00,Counter_3,0.0,2.0,3,4,0,0,0.78,0.19
2026-06-05 03:35:00,Counter_4,4.0,1.0,3,4,0,0,1.2,4.71
2026-06-05 03:35:00,Counter_5,3.0,2.0,3,4,0,0,1.22,3.13
2026-06-05 03:40:00,Counter_1,0.0,2.0,3,4,0,0,1.62,0.13
2026-06-05 03:40:00,Counter_2,0.0,1.0,3,4,0,0,1.07,0.07
2026-06-05 03:40:00,Counter_3,1.0,2.0,3,4,0,0,1.42,1.81
2026-06-05 03:40:00,Counter_4,4.0,1.0,3,4,0,0,1.06,4.36
2026-06-05 03:40:00,Counter_5,0.0,1.0,3,4,0,0,1.27,0.13
2026-06-05 03:45:00,Counter_1,1.0,2.0,3,4,0,0,1.77,1.68
2026-06-05 03:45:00,Counter_2,3.0,2.0,3,4,0,0,1.7,5.47
2026-06-05 03:45:00,Counter_3,2.0,1.0,3,4,0,0,1.74,3.57
2026-06-05 03:45:00,Counter_4,3.0,1.0,3,4,0,0,1.35,4.26
2026-06-05 03:45:00,Counter_5,2.0,1.0,3,4,0,0,1.2,2.29
2026-06-05 03:50:00,Counter_1,0.0,2.0,3,4,0,0,1.32,0.12
2026-06-05 03:50:00,Counter_2,1.0,2.0,3,4,0,0,1.37,1.36
2026-06-05 03:50:00,Counter_3,2.0,2.0,3,4,0,0,1.35,2.88
2026-06-05 03:50:00,Counter_4,9.0,1.0,3,4,0,0,1.07,9.54
2026-06-05 03:50:00,Counter_5,5.0,1.0,3,4,0,0,1.06,5.42
2026-06-05 03:55:00,Counter_1,0.0,2.0,3,4,0,0,1.1,0.3
2026-06-05 03:55:00,Counter_2,5.0,1.0,3,4,0,0,1.52,7.36
2026-06-05 03:55:00,Counter_3,2.0,2.0,3,4,0,0,1.54,3.08
2026-06-05 03:55:00,Counter_4,3.0,2.0,3,4,0,0,2.05,6.37
2026-06-05 03:55:00,Counter_5,0.0,,3,4,0,0,1.36,0.21
2026-06-05 04:00:00,Counter_1,1.0,1.0,4,4,0,0,1.05,0.98
2026-06-05 04:00:00,Counter_2,2.0,1.0,4,4,0,0,1.13,2.54
2026-06-05 04:00:00,Counter_3,1.0,2.0,4,4,0,0,1.21,1.29
2026-06-05 04:00:00,Counter_4,1.0,2.0,4,4,0,0,1.63,1.35
2026-06-05 04:00:00,Counter_5,6.0,2.0,4,4,0,0,1.43,8.52
2026-06-05 04:05:00,Counter_1,2.0,1.0,4,4,0,0,0.91,1.87
2026-06-05 04:05:00,Counter_2,0.0,2.0,4,4,0,0,,0.24
2026-06-05 04:05:00,Counter_3,4.0,1.0,4,4,0,0,0.88,3.62
2026-06-05 04:05:00,Counter_4,4.0,1.0,4,4,0,0,1.4,5.57
2026-06-05 04:05:00,Counter_5,2.0,2.0,4,4,0,0,1.07,2.1
2026-06-05 04:10:00,Counter_1,2.0,2.0,4,4,0,0,1.1,2.2
2026-06-05 04:10:00,Counter_2,1.0,2.0,4,4,0,0,,0.94
2026-06-05 04:10:00,Counter_3,0.0,2.0,4,4,0,0,1.44,0.1
2026-06-05 04:10:00,Counter_4,0.0,2.0,4,4,0,0,1.55,0.21
2026-06-05 04:10:00,Counter_5,2.0,2.0,4,4,0,0,1.08,2.21
2026-06-05 04:15:00,Counter_1,1.0,2.0,4,4,0,0,1.21,1.1
2026-06-05 04:15:00,Counter_2,1.0,2.0,4,4,0,0,1.13,1.22
2026-06-05 04:15:00,Counter_3,5.0,1.0,4,4,0,0,1.2,6.07
2026-06-05 04:15:00,Counter_4,4.0,1.0,4,4,0,0,1.05,3.79
2026-06-05 04:15:00,Counter_5,2.0,2.0,4,4,0,0,0.97,1.95
2026-06-05 04:20:00,Counter_1,0.0,2.0,4,4,0,0,1.59,0.09
2026-06-05 04:20:00,Counter_2,2.0,2.0,4,4,0,0,0.6,1.5
2026-06-05 04:20:00,Counter_3,4.0,1.0,4,4,0,0,1.38,5.66
2026-06-05 04:20:00,Counter_4,1.0,2.0,4,4,0,0,1.32,1.57
2026-06-05 04:20:00,Counter_5,3.0,2.0,4,4,0,0,1.66,4.95
2026-06-05 04:25:00,Counter_1,2.0,2.0,4,4,0,0,1.19,2.49
2026-06-05 04:25:00,Counter_2,3.0,1.0,4,4,0,0,1.16,3.51
2026-06-05 04:25:00,Counter_3,3.0,2.0,4,4,0,0,1.05,3.28
2026-06-05 04:25:00,Counter_4,5.0,2.0,4,4,0,0,1.34,7.07
2026-06-05 04:25:00,Counter_5,1.0,2.0,4,4,0,0,1.07,1.27
2026-06-05 04:30:00,Counter_1,0.0,2.0,4,4,0,0,0.97,0.02
2026-06-05 04:30:00,Counter_2,2.0,2.0,4,4,0,0,1.07,2.46
2026-06-05 04:30:00,Counter_3,3.0,1.0,4,4,0,0,1.01,3.08
2026-06-05 04:30:00,Counter_4,2.0,1.0,4,4,0,0,1.0,2.13
2026-06-05 04:30:00,Counter_5,4.0,1.0,4,4,0,0,1.27,5.03
2026-06-05 04:35:00,Counter_1,1.0,2.0,4,4,0,0,1.2,1.35
2026-06-05 04:35:00,Counter_2,5.0,2.0,4,4,0,0,1.39,7.03
2026-06-05 04:35:00,Counter_3,2.0,1.0,4,4,0,0,1.29,2.81
2026-06-05 04:35:00,Counter_4,1.0,,4,4,0,0,0.95,0.85
2026-06-05 04:35:00,Counter_5,2.0,2.0,4,4,0,0,0.72,1.63
2026-06-05 04:40:00,Counter_1,0.0,2.0,4,4,0,0,0.99,0.04
2026-06-05 04:40:00,Counter_2,4.0,1.0,4,4,0,0,1.44,5.64
2026-06-05 04:40:00,Counter_3,2.0,2.0,4,4,0,0,1.44,2.61
2026-06-05 04:40:00,Counter_4,2.0,2.0,4,4,0,0,1.5,3.07
2026-06-05 04:40:00,Counter_5,3.0,1.0,4,4,0,0,1.46,4.57
2026-06-05 04:45:00,Counter_1,0.0,2.0,4,4,0,0,1.52,0.3
2026-06-05 04:45:00,Counter_2,3.0,1.0,4,4,0,0,1.35,4.32
2026-06-05 04:45:00,Counter_3,2.0,2.0,4,4,0,0,1.7,3.25
2026-06-05 04:45:00,Counter_4,9.0,1.0,4,4,0,0,1.32,11.6
2026-06-05 04:45:00,Counter_5,3.0,2.0,4,4,0,0,1.75,5.39
2026-06-05 04:50:00,Counter_1,0.0,2.0,4,4,0,0,1.09,0.06
2026-06-05 04:50:00,Counter_2,5.0,1.0,4,4,0,0,1.09,5.47
2026-06-05 04:50:00,Counter_3,0.0,1.0,4,4,0,0,1.2,0.06
2026-06-05 04:50:00,Counter_4,10.0,1.0,4,4,0,0,1.24,12.5
2026-06-05 04:50:00,Counter_5,2.0,2.0,4,4,0,0,1.17,2.42
2026-06-05 04:55:00,Counter_1,2.0,1.0,4,4,0,0,1.38,2.67
2026-06-05 04:55:00,Counter_2,3.0,2.0,4,4,0,0,1.22,3.4
2026-06-05 04:55:00,Counter_3,0.0,2.0,4,4,0,0,1.1,0.1
2026-06-05 04:55:00,Counter_4,4.0,2.0,4,4,0,0,1.15,4.92
2026-06-05 04:55:00,Counter_5,2.0,2.0,4,4,0,0,1.55,3.14
2026-06-05 05:00:00,Counter_1,2.0,2.0,5,4,0,0,1.33,2.58
2026-06-05 05:00:00,Counter_2,0.0,1.0,5,4,0,0,0.83,0.0
2026-06-05 05:00:00,Counter_3,0.0,2.0,5,4,0,0,1.63,0.2
2026-06-05 05:00:00,Counter_4,3.0,2.0,5,4,0,0,1.36,3.86
2026-06-05 05:00:00,Counter_5,0.0,2.0,5,4,0,0,1.41,0.18
2026-06-05 05:05:00,Counter_1,0.0,2.0,5,4,0,0,1.48,0.13
2026-06-05 05:05:00,Counter_2,3.0,1.0,5,4,0,0,1.5,4.45
2026-06-05 05:05:00,Counter_3,2.0,2.0,5,4,0,0,1.02,2.17
2026-06-05 05:05:00,Counter_4,1.0,2.0,5,4,0,0,0.98,0.79
2026-06-05 05:05:00,Counter_5,0.0,1.0,5,4,0,0,1.85,0.03
2026-06-05 05:10:00,Counter_1,2.0,2.0,5,4,0,0,1.08,1.85
2026-06-05 05:10:00,Counter_2,2.0,,5,4,0,0,1.34,2.66
2026-06-05 05:10:00,Counter_3,3.0,2.0,5,4,0,0,1.66,5.08
2026-06-05 05:10:00,Counter_4,2.0,2.0,5,4,0,0,1.14,2.44
2026-06-05 05:10:00,Counter_5,3.0,2.0,5,4,0,0,1.16,3.71
2026-06-05 05:15:00,Counter_1,7.0,1.0,5,4,0,0,1.48,10.49
2026-06-05 05:15:00,Counter_2,0.0,1.0,5,4,0,0,,0.02
2026-06-05 05:15:00,Counter_3,0.0,2.0,5,4,0,0,1.37,0.21
2026-06-05 05:15:00,Counter_4,6.0,1.0,5,4,0,0,1.23,7.58
2026-06-05 05:15:00,Counter_5,,1.0,5,4,0,0,,3.26
2026-06-05 05:20:00,Counter_1,1.0,2.0,5,4,0,0,1.17,0.88
2026-06-05 05:20:00,Counter_2,7.0,1.0,5,4,0,0,1.55,11.22
2026-06-05 05:20:00,Counter_3,2.0,2.0,5,4,0,0,1.18,2.35
2026-06-05 05:20:00,Counter_4,2.0,1.0,5,4,0,0,1.36,2.82
2026-06-05 05:20:00,Counter_5,3.0,2.0,5,4,0,0,1.01,3.08
2026-06-05 05:25:00,Counter_1,,1.0,5,4,0,0,1.76,1.76
2026-06-05 05:25:00,Counter_2,3.0,2.0,5,4,0,0,1.33,3.91
2026-06-05 05:25:00,Counter_3,3.0,2.0,5,4,0,0,1.33,3.87
2026-06-05 05:25:00,Counter_4,5.0,2.0,5,4,0,0,1.48,7.85
2026-06-05 05:25:00,Counter_5,0.0,2.0,5,4,0,0,1.13,0.08
2026-06-05 05:30:00,Counter_1,7.0,1.0,5,4,0,0,1.55,10.76
2026-06-05 05:30:00,Counter_2,0.0,1.0,5,4,0,0,0.87,0.18
2026-06-05 05:30:00,Counter_3,0.0,2.0,5,4,0,0,1.1,0.29
2026-06-05 05:30:00,Counter_4,0.0,2.0,5,4,0,0,1.05,0.05
2026-06-05 05:30:00,Counter_5,0.0,2.0,5,4,0,0,0.78,0.09
2026-06-05 05:35:00,Counter_1,3.0,2.0,5,4,0,0,1.12,3.49
2026-06-05 05:35:00,Counter_2,2.0,1.0,5,4,0,0,1.24,2.87
2026-06-05 05:35:00,Counter_3,1.0,2.0,5,4,0,0,0.98,0.81
2026-06-05 05:35:00,Counter_4,3.0,1.0,5,4,0,0,0.94,2.51
2026-06-05 05:35:00,Counter_5,7.0,1.0,5,4,0,0,1.26,8.83
2026-06-05 05:40:00,Counter_1,2.0,1.0,5,4,0,0,1.23,2.63
2026-06-05 05:40:00,Counter_2,0.0,2.0,5,4,0,0,1.18,0.08
2026-06-05 05:40:00,Counter_3,4.0,1.0,5,4,0,0,0.93,3.85
2026-06-05 05:40:00,Counter_4,4.0,1.0,5,4,0,0,,4.49
2026-06-05 05:40:00,Counter_5,4.0,,5,4,0,0,1.08,4.8
2026-06-05 05:45:00,Counter_1,3.0,1.0,5,4,0,0,1.27,3.93
2026-06-05 05:45:00,Counter_2,2.0,2.0,5,4,0,0,1.11,2.12
2026-06-05 05:45:00,Counter_3,0.0,2.0,5,4,0,0,1.24,0.3
2026-06-05 05:45:00,Counter_4,4.0,2.0,5,4,0,0,0.92,3.73
2026-06-05 05:45:00,Counter_5,3.0,2.0,5,4,0,0,0.9,2.83
2026-06-05 05:50:00,Counter_1,4.0,2.0,5,4,0,0,1.39,5.3
2026-06-05 05:50:00,Counter_2,6.0,1.0,5,4,0,0,1.44,8.64
2026-06-05 05:50:00,Counter_3,1.0,1.0,5,4,0,0,1.15,1.3
2026-06-05 05:50:00,Counter_4,4.0,2.0,5,4,0,0,1.26,5.11
2026-06-05 05:50:00,Counter_5,3.0,2.0,5,4,0,0,1.14,3.54
2026-06-05 05:55:00,Counter_1,1.0,2.0,5,4,0,0,1.52,1.82
2026-06-05 05:55:00,Counter_2,2.0,1.0,5,4,0,0,1.2,1.78
2026-06-05 05:55:00,Counter_3,2.0,2.0,5,4,0,0,1.13,2.3
2026-06-05 05:55:00,Counter_4,3.0,1.0,5,4,0,0,1.49,4.0
2026-06-05 05:55:00,Counter_5,6.0,1.0,5,4,0,0,1.06,6.35
2026-06-05 06:00:00,Counter_1,2.0,2.0,6,4,0,0,1.29,2.84
2026-06-05 06:00:00,Counter_2,1.0,1.0,6,4,0,0,0.99,0.96
2026-06-05 06:00:00,Counter_3,6.0,1.0,6,4,0,0,1.42,8.33
2026-06-05 06:00:00,Counter_4,1.0,1.0,6,4,0,0,1.45,1.62
2026-06-05 06:00:00,Counter_5,6.0,1.0,6,4,0,0,0.93,5.61
2026-06-05 06:05:00,Counter_1,10.0,1.0,6,4,0,0,0.89,8.94
2026-06-05 06:05:00,Counter_2,1.0,1.0,6,4,0,0,1.32,1.75
2026-06-05 06:05:00,Counter_3,1.0,2.0,6,4,0,0,1.74,1.44
2026-06-05 06:05:00,Counter_4,2.0,2.0,6,4,0,0,1.47,2.81
2026-06-05 06:05:00,Counter_5,2.0,2.0,6,4,0,0,1.2,2.48
2026-06-05 06:10:00,Counter_1,0.0,2.0,6,4,0,0,1.04,0.19
2026-06-05 06:10:00,Counter_2,5.0,1.0,6,4,0,0,0.95,4.56
2026-06-05 06:10:00,Counter_3,10.0,1.0,6,4,0,0,1.43,14.22
2026-06-05 06:10:00,Counter_4,1.0,2.0,6,4,0,0,1.48,1.47
2026-06-05 06:10:00,Counter_5,3.0,2.0,6,4,0,0,1.09,3.24
2026-06-05 06:15:00,Counter_1,1.0,1.0,6,4,0,0,1.19,1.33
2026-06-05 06:15:00,Counter_2,2.0,2.0,6,4,0,0,1.26,2.51
2026-06-05 06:15:00,Counter_3,2.0,2.0,6,4,0,0,1.7,3.53
2026-06-05 06:15:00,Counter_4,3.0,1.0,6,4,0,0,1.27,3.57
2026-06-05 06:15:00,Counter_5,2.0,2.0,6,4,0,0,1.0,2.03
2026-06-05 06:20:00,Counter_1,3.0,1.0,6,4,0,0,0.96,2.89
2026-06-05 06:20:00,Counter_2,2.0,2.0,6,4,0,0,1.02,2.21
2026-06-05 06:20:00,Counter_3,7.0,1.0,6,4,0,0,1.57,11.49
2026-06-05 06:20:00,Counter_4,3.0,1.0,6,4,0,0,1.38,4.33
2026-06-05 06:20:00,Counter_5,1.0,2.0,6,4,0,0,1.16,1.02
2026-06-05 06:25:00,Counter_1,3.0,1.0,6,4,0,0,0.6,1.93
2026-06-05 06:25:00,Counter_2,4.0,1.0,6,4,0,0,1.04,4.15
2026-06-05 06:25:00,Counter_3,3.0,2.0,6,4,0,0,1.34,3.95
2026-06-05 06:25:00,Counter_4,4.0,1.0,6,4,0,0,1.34,5.25
2026-06-05 06:25:00,Counter_5,2.0,2.0,6,4,0,0,1.34,2.56
2026-06-05 06:30:00,Counter_1,2.0,2.0,6,4,0,0,0.91,1.59
2026-06-05 06:30:00,Counter_2,3.0,2.0,6,4,0,0,1.29,3.61
2026-06-05 06:30:00,Counter_3,0.0,2.0,6,4,0,0,1.01,0.03
2026-06-05 06:30:00,Counter_4,1.0,2.0,6,4,0,0,1.25,1.18
2026-06-05 06:30:00,Counter_5,4.0,1.0,6,4,0,0,1.06,4.28
2026-06-05 06:35:00,Counter_1,2.0,2.0,6,4,0,0,1.52,2.87
2026-06-05 06:35:00,Counter_2,3.0,1.0,6,4,0,0,1.33,4.11
2026-06-05 06:35:00,Counter_3,3.0,1.0,6,4,0,0,1.21,3.49
2026-06-05 06:35:00,Counter_4,11.0,1.0,6,4,0,0,1.6,17.33
2026-06-05 06:35:00,Counter_5,6.0,,6,4,0,0,1.16,7.27
2026-06-05 06:40:00,Counter_1,3.0,1.0,6,4,0,0,,2.74
2026-06-05 06:40:00,Counter_2,3.0,2.0,6,4,0,0,1.51,4.47
2026-06-05 06:40:00,Counter_3,3.0,1.0,6,4,0,0,1.31,3.89
2026-06-05 06:40:00,Counter_4,2.0,1.0,6,4,0,0,1.17,2.27
2026-06-05 06:40:00,Counter_5,1.0,2.0,6,4,0,0,1.09,1.19
2026-06-05 06:45:00,Counter_1,3.0,2.0,6,4,0,0,1.38,3.83
2026-06-05 06:45:00,Counter_2,3.0,2.0,6,4,0,0,1.45,3.99
2026-06-05 06:45:00,Counter_3,3.0,2.0,6,4,0,0,1.06,3.2
2026-06-05 06:45:00,Counter_4,3.0,1.0,6,4,0,0,1.39,3.82
2026-06-05 06:45:00,Counter_5,4.0,2.0,6,4,0,0,1.31,4.86
2026-06-05 06:50:00,Counter_1,3.0,1.0,6,4,0,0,1.04,3.3
2026-06-05 06:50:00,Counter_2,3.0,2.0,6,4,0,0,1.25,3.78
2026-06-05 06:50:00,Counter_3,3.0,2.0,6,4,0,0,1.11,3.37
2026-06-05 06:50:00,Counter_4,1.0,2.0,6,4,0,0,1.56,1.34
2026-06-05 06:50:00,Counter_5,1.0,2.0,6,4,0,0,1.09,1.37
2026-06-05 06:55:00,Counter_1,0.0,2.0,6,4,0,0,1.63,0.04
2026-06-05 06:55:00,Counter_2,3.0,2.0,6,4,0,0,1.28,3.57
2026-06-05 06:55:00,Counter_3,1.0,2.0,6,4,0,0,0.81,0.79
2026-06-05 06:55:00,Counter_4,4.0,1.0,6,4,0,0,0.71,2.76
2026-06-05 06:55:00,Counter_5,3.0,2.0,6,4,0,0,1.2,3.59
2026-06-05 07:00:00,Counter_1,0.0,1.0,7,4,0,0,,0.03
2026-06-05 07:00:00,Counter_2,0.0,2.0,7,4,0,0,1.56,0.04
2026-06-05 07:00:00,Counter_3,1.0,2.0,7,4,0,0,1.29,1.49
2026-06-05 07:00:00,Counter_4,3.0,1.0,7,4,0,0,1.07,2.86
2026-06-05 07:00:00,Counter_5,0.0,2.0,7,4,0,0,1.15,0.07
2026-06-05 07:05:00,Counter_1,0.0,2.0,7,4,0,0,1.3,0.01
2026-06-05 07:05:00,Counter_2,0.0,2.0,7,4,0,0,1.52,0.03
2026-06-05 07:05:00,Counter_3,5.0,1.0,7,4,0,0,1.39,6.95
2026-06-05 07:05:00,Counter_4,0.0,2.0,7,4,0,0,1.49,0.14
2026-06-05 07:05:00,Counter_5,1.0,2.0,7,4,0,0,1.41,1.46
2026-06-05 07:10:00,Counter_1,2.0,2.0,7,4,0,0,1.48,3.14
2026-06-05 07:10:00,Counter_2,1.0,2.0,7,4,0,0,0.68,0.83
2026-06-05 07:10:00,Counter_3,1.0,2.0,7,4,0,0,1.03,0.73
2026-06-05 07:10:00,Counter_4,2.0,1.0,7,4,0,0,0.97,1.97
2026-06-05 07:10:00,Counter_5,3.0,,7,4,0,0,0.95,2.73
2026-06-05 07:15:00,Counter_1,1.0,2.0,7,4,0,0,1.25,1.41
2026-06-05 07:15:00,Counter_2,1.0,2.0,7,4,0,0,0.89,1.15
2026-06-05 07:15:00,Counter_3,0.0,2.0,7,4,0,0,1.01,0.07
2026-06-05 07:15:00,Counter_4,2.0,2.0,7,4,0,0,1.23,2.84
2026-06-05 07:15:00,Counter_5,2.0,2.0,7,4,0,0,0.85,1.85
2026-06-05 07:20:00,Counter_1,3.0,1.0,7,4,0,0,1.13,3.59
2026-06-05 07:20:00,Counter_2,4.0,1.0,7,4,0,0,1.41,5.48
2026-06-05 07:20:00,Counter_3,0.0,2.0,7,4,0,0,0.94,0.26
2026-06-05 07:20:00,Counter_4,,1.0,7,4,0,0,1.45,5.94
2026-06-05 07:20:00,Counter_5,0.0,1.0,7,4,0,0,1.05,0.02
2026-06-05 07:25:00,Counter_1,2.0,2.0,7,4,0,0,1.32,2.46
2026-06-05 07:25:00,Counter_2,2.0,2.0,7,4,0,0,0.97,1.76
2026-06-05 07:25:00,Counter_3,0.0,2.0,7,4,0,0,1.36,0.05
2026-06-05 07:25:00,Counter_4,3.0,2.0,7,4,0,0,1.17,3.58
2026-06-05 07:25:00,Counter_5,1.0,1.0,7,4,0,0,1.37,1.16
2026-06-05 07:30:00,Counter_1,9.0,1.0,7,4,0,0,1.11,10.12
2026-06-05 07:30:00,Counter_2,4.0,2.0,7,4,0,0,1.39,5.7
2026-06-05 07:30:00,Counter_3,6.0,2.0,7,4,0,0,1.46,8.8
2026-06-05 07:30:00,Counter_4,0.0,2.0,7,4,0,0,1.28,0.09
2026-06-05 07:30:00,Counter_5,2.0,1.0,7,4,0,0,1.13,2.46
2026-06-05 07:35:00,Counter_1,2.0,2.0,7,4,0,0,1.19,2.61
2026-06-05 07:35:00,Counter_2,1.0,2.0,7,4,0,0,0.93,0.48
2026-06-05 07:35:00,Counter_3,3.0,1.0,7,4,0,0,1.3,4.04
2026-06-05 07:35:00,Counter_4,5.0,1.0,7,4,0,0,1.41,7.15
2026-06-05 07:35:00,Counter_5,2.0,2.0,7,4,0,0,1.64,3.34
2026-06-05 07:40:00,Counter_1,2.0,1.0,7,4,0,0,1.58,3.25
2026-06-05 07:40:00,Counter_2,3.0,2.0,7,4,0,0,1.01,2.97
2026-06-05 07:40:00,Counter_3,3.0,1.0,7,4,0,0,1.3,3.42
2026-06-05 07:40:00,Counter_4,6.0,1.0,7,4,0,0,1.22,7.2
2026-06-05 07:40:00,Counter_5,2.0,1.0,7,4,0,0,1.55,2.73
2026-06-05 07:45:00,Counter_1,4.0,1.0,7,4,0,0,1.07,3.95
2026-06-05 07:45:00,Counter_2,1.0,1.0,7,4,0,0,1.47,1.68
2026-06-05 07:45:00,Counter_3,2.0,2.0,7,4,0,0,1.0,1.89
2026-06-05 07:45:00,Counter_4,8.0,1.0,7,4,0,0,1.22,9.81
2026-06-05 07:45:00,Counter_5,1.0,2.0,7,4,0,0,1.03,1.03
2026-06-05 07:50:00,Counter_1,3.0,2.0,7,4,0,0,0.76,2.55
2026-06-05 07:50:00,Counter_2,1.0,1.0,7,4,0,0,1.02,1.03
2026-06-05 07:50:00,Counter_3,1.0,1.0,7,4,0,0,1.19,1.07
2026-06-05 07:50:00,Counter_4,2.0,2.0,7,4,0,0,1.61,3.52
2026-06-05 07:50:00,Counter_5,7.0,1.0,7,4,0,0,0.98,6.76
2026-06-05 07:55:00,Counter_1,1.0,2.0,7,4,0,0,1.1,1.18
2026-06-05 07:55:00,Counter_2,4.0,2.0,7,4,0,0,0.89,3.66
2026-06-05 07:55:00,Counter_3,5.0,1.0,7,4,0,0,,7.45
2026-06-05 07:55:00,Counter_4,2.0,2.0,7,4,0,0,1.13,2.44
2026-06-05 07:55:00,Counter_5,4.0,2.0,7,4,0,0,1.17,4.95
2026-06-05 08:00:00,Counter_1,5.0,1.0,8,4,0,0,1.16,5.57
2026-06-05 08:00:00,Counter_2,1.0,1.0,8,4,0,0,,0.77
2026-06-05 08:00:00,Counter_3,1.0,2.0,8,4,0,0,0.88,1.15
2026-06-05 08:00:00,Counter_4,2.0,2.0,8,4,0,0,1.01,1.69
2026-06-05 08:00:00,Counter_5,0.0,1.0,8,4,0,0,1.4,0.11
2026-06-05 08:05:00,Counter_1,3.0,1.0,8,4,0,0,0.63,1.64
2026-06-05 08:05:00,Counter_2,5.0,1.0,8,4,0,0,1.39,6.89
2026-06-05 08:05:00,Counter_3,4.0,1.0,8,4,0,0,1.34,5.32
2026-06-05 08:05:00,Counter_4,0.0,1.0,8,4,0,0,0.8,0.08
2026-06-05 08:05:00,Counter_5,1.0,1.0,8,4,0,0,1.17,0.99
2026-06-05 08:10:00,Counter_1,1.0,2.0,8,4,0,0,1.54,1.53
2026-06-05 08:10:00,Counter_2,2.0,2.0,8,4,0,0,0.98,2.24
2026-06-05 08:10:00,Counter_3,3.0,2.0,8,4,0,0,1.11,3.43
2026-06-05 08:10:00,Counter_4,2.0,2.0,8,4,0,0,1.94,3.55
2026-06-05 08:10:00,Counter_5,7.0,1.0,8,4,0,0,1.33,9.4
2026-06-05 08:15:00,Counter_1,3.0,1.0,8,4,0,0,1.19,3.58
2026-06-05 08:15:00,Counter_2,0.0,2.0,8,4,0,0,1.13,0.17
2026-06-05 08:15:00,Counter_3,0.0,2.0,8,4,0,0,,0.04
2026-06-05 08:15:00,Counter_4,3.0,2.0,8,4,0,0,1.42,4.36
2026-06-05 08:15:00,Counter_5,2.0,1.0,8,4,0,0,0.71,1.11
2026-06-05 08:20:00,Counter_1,0.0,2.0,8,4,0,0,0.69,0.19
2026-06-05 08:20:00,Counter_2,8.0,1.0,8,4,0,0,1.0,7.77
2026-06-05 08:20:00,Counter_3,1.0,2.0,8,4,0,0,1.21,1.05
2026-06-05 08:20:00,Counter_4,5.0,1.0,8,4,0,0,1.27,6.42
2026-06-05 08:20:00,Counter_5,4.0,2.0,8,4,0,0,0.82,3.29
2026-06-05 08:25:00,Counter_1,7.0,1.0,8,4,0,0,1.2,8.53
2026-06-05 08:25:00,Counter_2,5.0,2.0,8,4,0,0,,5.7
2026-06-05 08:25:00,Counter_3,1.0,2.0,8,4,0,0,1.04,0.99
2026-06-05 08:25:00,Counter_4,3.0,2.0,8,4,0,0,1.12,3.34
2026-06-05 08:25:00,Counter_5,2.0,2.0,8,4,0,0,1.07,1.81
2026-06-05 08:30:00,Counter_1,0.0,1.0,8,4,0,0,1.37,0.0
2026-06-05 08:30:00,Counter_2,0.0,2.0,8,4,0,0,1.25,0.3
2026-06-05 08:30:00,Counter_3,3.0,2.0,8,4,0,0,0.96,2.94
2026-06-05 08:30:00,Counter_4,11.0,1.0,8,4,0,0,1.49,16.46
2026-06-05 08:30:00,Counter_5,5.0,2.0,8,4,0,0,0.91,4.16
2026-06-05 08:35:00,Counter_1,,1.0,8,4,0,0,0.82,1.51
2026-06-05 08:35:00,Counter_2,,2.0,8,4,0,0,1.19,0.16
2026-06-05 08:35:00,Counter_3,2.0,2.0,8,4,0,0,1.19,2.38
2026-06-05 08:35:00,Counter_4,1.0,2.0,8,4,0,0,1.27,1.18
2026-06-05 08:35:00,Counter_5,7.0,1.0,8,4,0,0,0.95,6.52
2026-06-05 08:40:00,Counter_1,3.0,,8,4,0,0,1.47,5.04
2026-06-05 08:40:00,Counter_2,0.0,1.0,8,4,0,0,1.68,0.3
2026-06-05 08:40:00,Counter_3,2.0,2.0,8,4,0,0,1.24,2.48
2026-06-05 08:40:00,Counter_4,1.0,2.0,8,4,0,0,1.33,1.43
2026-06-05 08:40:00,Counter_5,3.0,2.0,8,4,0,0,0.72,2.23
2026-06-05 08:45:00,Counter_1,6.0,2.0,8,4,0,0,1.14,6.96
2026-06-05 08:45:00,Counter_2,,2.0,8,4,0,0,1.08,0.04
2026-06-05 08:45:00,Counter_3,3.0,2.0,8,4,0,0,1.04,3.05
2026-06-05 08:45:00,Counter_4,6.0,2.0,8,4,0,0,1.09,6.54
2026-06-05 08:45:00,Counter_5,3.0,1.0,8,4,0,0,1.11,3.2
2026-06-05 08:50:00,Counter_1,4.0,1.0,8,4,0,0,0.89,3.41
2026-06-05 08:50:00,Counter_2,1.0,2.0,8,4,0,0,1.13,0.87
2026-06-05 08:50:00,Counter_3,4.0,2.0,8,4,0,0,0.99,4.12
2026-06-05 08:50:00,Counter_4,1.0,2.0,8,4,0,0,1.45,1.67
2026-06-05 08:50:00,Counter_5,0.0,2.0,8,4,0,0,1.33,0.04
2026-06-05 08:55:00,Counter_1,2.0,2.0,8,4,0,0,1.33,2.64
2026-06-05 08:55:00,Counter_2,1.0,2.0,8,4,0,0,1.49,1.81
2026-06-05 08:55:00,Counter_3,6.0,1.0,8,4,0,0,1.04,6.46
2026-06-05 08:55:00,Counter_4,1.0,1.0,8,4,0,0,1.32,1.5
2026-06-05 08:55:00,Counter_5,5.0,1.0,8,4,0,0,1.52,7.65
2026-06-05 09:00:00,Counter_1,4.0,2.0,9,4,0,0,1.03,3.99
2026-06-05 09:00:00,Counter_2,10.0,1.0,9,4,0,0,0.74,7.3
2026-06-05 09:00:00,Counter_3,3.0,2.0,9,4,0,0,1.08,3.29
2026-06-05 09:00:00,Counter_4,16.0,1.0,9,4,0,0,1.49,23.93
2026-06-05 09:00:00,Counter_5,2.0,1.0,9,4,0,0,1.01,1.83
2026-06-05 09:05:00,Counter_1,5.0,2.0,9,4,0,0,1.13,5.9
2026-06-05 09:05:00,Counter_2,7.0,1.0,9,4,0,0,1.06,7.7
2026-06-05 09:05:00,Counter_3,3.0,,9,4,0,0,1.2,3.76
2026-06-05 09:05:00,Counter_4,4.0,2.0,9,4,0,0,0.99,4.26
2026-06-05 09:05:00,Counter_5,3.0,2.0,9,4,0,0,0.88,2.77
2026-06-05 09:10:00,Counter_1,2.0,2.0,9,4,0,0,1.14,2.33
2026-06-05 09:10:00,Counter_2,1.0,2.0,9,4,0,0,1.18,1.19
2026-06-05 09:10:00,Counter_3,7.0,1.0,9,4,0,0,1.53,10.65
2026-06-05 09:10:00,Counter_4,3.0,2.0,9,4,0,0,1.27,3.81
2026-06-05 09:10:00,Counter_5,10.0,1.0,9,4,0,0,0.96,9.39
2026-06-05 09:15:00,Counter_1,10.0,1.0,9,4,0,0,1.07,10.68
2026-06-05 09:15:00,Counter_2,9.0,1.0,9,4,0,0,1.43,12.64
2026-06-05 09:15:00,Counter_3,4.0,2.0,9,4,0,0,1.14,4.4
2026-06-05 09:15:00,Counter_4,9.0,2.0,9,4,0,0,0.98,9.07
2026-06-05 09:15:00,Counter_5,6.0,2.0,9,4,0,0,1.27,7.86
2026-06-05 09:20:00,Counter_1,3.0,2.0,9,4,0,0,1.05,2.98
2026-06-05 09:20:00,Counter_2,4.0,1.0,9,4,0,0,1.37,5.65
2026-06-05 09:20:00,Counter_3,4.0,2.0,9,4,0,0,1.34,5.24
2026-06-05 09:20:00,Counter_4,5.0,2.0,9,4,0,0,0.96,4.67
2026-06-05 09:20:00,Counter_5,5.0,1.0,9,4,0,0,1.7,8.78
2026-06-05 09:25:00,Counter_1,4.0,1.0,9,4,0,0,1.22,4.66
2026-06-05 09:25:00,Counter_2,2.0,2.0,9,4,0,0,0.6,0.84
2026-06-05 09:25:00,Counter_3,5.0,2.0,9,4,0,0,1.35,6.62
2026-06-05 09:25:00,Counter_4,9.0,2.0,9,4,0,0,0.6,5.28
2026-06-05 09:25:00,Counter_5,7.0,2.0,9,4,0,0,1.51,10.5
2026-06-05 09:30:00,Counter_1,2.0,1.0,9,4,0,0,1.26,2.18
2026-06-05 09:30:00,Counter_2,13.0,1.0,9,4,0,0,1.21,15.8
2026-06-05 09:30:00,Counter_3,3.0,2.0,9,4,0,0,1.23,4.07
2026-06-05 09:30:00,Counter_4,4.0,1.0,9,4,0,0,1.38,5.58
2026-06-05 09:30:00,Counter_5,17.0,1.0,9,4,0,0,1.11,18.83
2026-06-05 09:35:00,Counter_1,2.0,2.0,9,4,0,0,1.23,2.59
2026-06-05 09:35:00,Counter_2,6.0,2.0,9,4,0,0,,7.57
2026-06-05 09:35:00,Counter_3,2.0,2.0,9,4,0,0,0.6,1.21
2026-06-05 09:35:00,Counter_4,5.0,2.0,9,4,0,0,1.38,6.88
2026-06-05 09:35:00,Counter_5,3.0,2.0,9,4,0,0,1.42,4.3
2026-06-05 09:40:00,Counter_1,15.0,1.0,9,4,0,0,1.34,20.02
2026-06-05 09:40:00,Counter_2,2.0,2.0,9,4,0,0,1.32,2.31
2026-06-05 09:40:00,Counter_3,5.0,2.0,9,4,0,0,1.63,8.52
2026-06-05 09:40:00,Counter_4,7.0,1.0,9,4,0,0,1.22,8.65
2026-06-05 09:40:00,Counter_5,5.0,2.0,9,4,0,0,1.23,6.01
2026-06-05 09:45:00,Counter_1,4.0,2.0,9,4,0,0,1.07,4.35
2026-06-05 09:45:00,Counter_2,5.0,2.0,9,4,0,0,0.75,3.52
2026-06-05 09:45:00,Counter_3,5.0,2.0,9,4,0,0,1.34,6.78
2026-06-05 09:45:00,Counter_4,8.0,2.0,9,4,0,0,1.09,8.87
2026-06-05 09:45:00,Counter_5,6.0,2.0,9,4,0,0,0.75,4.71
2026-06-05 09:50:00,Counter_1,2.0,2.0,9,4,0,0,1.21,2.53
2026-06-05 09:50:00,Counter_2,6.0,2.0,9,4,0,0,1.2,7.16
2026-06-05 09:50:00,Counter_3,3.0,2.0,9,4,0,0,1.17,3.71
2026-06-05 09:50:00,Counter_4,8.0,2.0,9,4,0,0,1.26,9.97
2026-06-05 09:50:00,Counter_5,4.0,2.0,9,4,0,0,0.84,3.42
2026-06-05 09:55:00,Counter_1,8.0,2.0,9,4,0,0,1.48,11.69
2026-06-05 09:55:00,Counter_2,5.0,1.0,9,4,0,0,1.34,6.75
2026-06-05 09:55:00,Counter_3,7.0,2.0,9,4,0,0,1.54,11.08
2026-06-05 09:55:00,Counter_4,11.0,1.0,9,4,0,0,1.09,12.14
2026-06-05 09:55:00,Counter_5,2.0,2.0,9,4,0,0,1.34,2.86
2026-06-05 10:00:00,Counter_1,9.0,1.0,10,4,0,0,0.76,7.06
2026-06-05 10:00:00,Counter_2,3.0,2.0,10,4,0,0,1.02,3.05
2026-06-05 10:00:00,Counter_3,5.0,2.0,10,4,0,0,,4.28
2026-06-05 10:00:00,Counter_4,4.0,2.0,10,4,0,0,1.29,4.79
2026-06-05 10:00:00,Counter_5,2.0,2.0,10,4,0,0,0.95,1.68
2026-06-05 10:05:00,Counter_1,1.0,2.0,10,4,0,0,1.12,1.14
2026-06-05 10:05:00,Counter_2,3.0,2.0,10,4,0,0,1.23,3.28
2026-06-05 10:05:00,Counter_3,9.0,1.0,10,4,0,0,1.13,10.21
2026-06-05 10:05:00,Counter_4,9.0,1.0,10,4,0,0,0.9,8.2
2026-06-05 10:05:00,Counter_5,5.0,2.0,10,4,0,0,1.64,7.89
2026-06-05 10:10:00,Counter_1,4.0,2.0,10,4,0,0,1.26,5.22
2026-06-05 10:10:00,Counter_2,4.0,2.0,10,4,0,0,1.64,6.48
2026-06-05 10:10:00,Counter_3,2.0,2.0,10,4,0,0,0.97,1.61
2026-06-05 10:10:00,Counter_4,4.0,2.0,10,4,0,0,1.13,4.18
2026-06-05 10:10:00,Counter_5,6.0,2.0,10,4,0,0,1.25,7.49
2026-06-05 10:15:00,Counter_1,9.0,1.0,10,4,0,0,1.61,14.51
2026-06-05 10:15:00,Counter_2,6.0,1.0,10,4,0,0,1.64,9.84
2026-06-05 10:15:00,Counter_3,7.0,,10,4,0,0,1.12,8.05
2026-06-05 10:15:00,Counter_4,2.0,2.0,10,4,0,0,1.05,2.11
2026-06-05 10:15:00,Counter_5,9.0,1.0,10,4,0,0,1.23,10.95
2026-06-05 10:20:00,Counter_1,7.0,2.0,10,4,0,0,1.53,10.65
2026-06-05 10:20:00,Counter_2,4.0,2.0,10,4,0,0,1.26,5.26
2026-06-05 10:20:00,Counter_3,5.0,1.0,10,4,0,0,1.31,6.33
2026-06-05 10:20:00,Counter_4,11.0,1.0,10,4,0,0,1.53,16.86
2026-06-05 10:20:00,Counter_5,6.0,2.0,10,4,0,0,,8.98
2026-06-05 10:25:00,Counter_1,8.0,1.0,10,4,0,0,1.5,12.2
2026-06-05 10:25:00,Counter_2,4.0,2.0,10,4,0,0,1.41,5.66
2026-06-05 10:25:00,Counter_3,0.0,2.0,10,4,0,0,1.59,0.0
2026-06-05 10:25:00,Counter_4,3.0,2.0,10,4,0,0,0.95,2.89
2026-06-05 10:25:00,Counter_5,3.0,2.0,10,4,0,0,1.81,5.57
2026-06-05 10:30:00,Counter_1,13.0,1.0,10,4,0,0,1.52,19.79
2026-06-05 10:30:00,Counter_2,13.0,1.0,10,4,0,0,1.21,15.95
2026-06-05 10:30:00,Counter_3,3.0,2.0,10,4,0,0,1.53,4.33
2026-06-05 10:30:00,Counter_4,16.0,1.0,10,4,0,0,1.16,18.53
2026-06-05 10:30:00,Counter_5,10.0,1.0,10,4,0,0,1.37,13.7
2026-06-05 10:35:00,Counter_1,1.0,2.0,10,4,0,0,1.4,1.55
2026-06-05 10:35:00,Counter_2,5.0,1.0,10,4,0,0,1.47,7.53
2026-06-05 10:35:00,Counter_3,,1.0,10,4,0,0,1.14,6.84
2026-06-05 10:35:00,Counter_4,4.0,2.0,10,4,0,0,1.47,5.81
2026-06-05 10:35:00,Counter_5,13.0,,10,4,0,0,1.14,14.86
2026-06-05 10:40:00,Counter_1,3.0,2.0,10,4,0,0,1.43,4.06
2026-06-05 10:40:00,Counter_2,3.0,2.0,10,4,0,0,1.25,3.65
2026-06-05 10:40:00,Counter_3,3.0,,10,4,0,0,0.79,2.48
2026-06-05 10:40:00,Counter_4,5.0,1.0,10,4,0,0,1.07,5.42
2026-06-05 10:40:00,Counter_5,2.0,2.0,10,4,0,0,,2.79
2026-06-05 10:45:00,Counter_1,7.0,1.0,10,4,0,0,1.17,8.03
2026-06-05 10:45:00,Counter_2,7.0,2.0,10,4,0,0,1.55,10.69
2026-06-05 10:45:00,Counter_3,4.0,2.0,10,4,0,0,0.95,3.65
2026-06-05 10:45:00,Counter_4,2.0,2.0,10,4,0,0,1.42,2.87
2026-06-05 10:45:00,Counter_5,6.0,,10,4,0,0,,7.68
2026-06-05 10:50:00,Counter_1,6.0,1.0,10,4,0,0,1.19,7.4
2026-06-05 10:50:00,Counter_2,2.0,2.0,10,4,0,0,0.96,1.74
2026-06-05 10:50:00,Counter_3,2.0,2.0,10,4,0,0,1.3,2.67
2026-06-05 10:50:00,Counter_4,4.0,2.0,10,4,0,0,1.0,4.06
2026-06-05 10:50:00,Counter_5,5.0,2.0,10,4,0,0,1.09,5.49
2026-06-05 10:55:00,Counter_1,12.0,1.0,10,4,0,0,1.21,14.32
2026-06-05 10:55:00,Counter_2,3.0,1.0,10,4,0,0,1.16,3.33
2026-06-05 10:55:00,Counter_3,5.0,2.0,10,4,0,0,1.51,7.62
2026-06-05 10:55:00,Counter_4,4.0,2.0,10,4,0,0,0.6,2.32
2026-06-05 10:55:00,Counter_5,7.0,1.0,10,4,0,0,1.21,8.49
2026-06-05 11:00:00,Counter_1,3.0,5.0,11,4,0,0,1.16,3.28
2026-06-05 11:00:00,Counter_2,5.0,5.0,11,4,0,0,1.25,6.15
2026-06-05 11:00:00,Counter_3,6.0,4.0,11,4,0,0,1.11,6.39
2026-06-05 11:00:00,Counter_4,5.0,3.0,11,4,0,0,1.51,7.6
2026-06-05 11:00:00,Counter_5,5.0,5.0,11,4,0,0,1.19,5.88
2026-06-05 11:05:00,Counter_1,6.0,4.0,11,4,0,0,1.28,7.73
2026-06-05 11:05:00,Counter_2,8.0,3.0,11,4,0,0,1.47,11.69
2026-06-05 11:05:00,Counter_3,7.0,5.0,11,4,0,0,1.26,8.87
2026-06-05 11:05:00,Counter_4,6.0,5.0,11,4,0,0,0.93,5.94
2026-06-05 11:05:00,Counter_5,5.0,4.0,11,4,0,0,1.14,5.6
2026-06-05 11:10:00,Counter_1,9.0,3.0,11,4,0,0,1.22,11.08
2026-06-05 11:10:00,Counter_2,6.0,3.0,11,4,0,0,0.84,4.91
2026-06-05 11:10:00,Counter_3,4.0,4.0,11,4,0,0,1.07,4.25
2026-06-05 11:10:00,Counter_4,6.0,4.0,11,4,0,0,1.23,7.47
2026-06-05 11:10:00,Counter_5,6.0,5.0,11,4,0,0,1.75,10.56
2026-06-05 11:15:00,Counter_1,4.0,5.0,11,4,0,0,1.34,5.5
2026-06-05 11:15:00,Counter_2,9.0,4.0,11,4,0,0,1.29,11.8
2026-06-05 11:15:00,Counter_3,5.0,4.0,11,4,0,0,1.67,8.48
2026-06-05 11:15:00,Counter_4,5.0,5.0,11,4,0,0,1.4,7.18
2026-06-05 11:15:00,Counter_5,6.0,5.0,11,4,0,0,1.43,8.62
2026-06-05 11:20:00,Counter_1,4.0,5.0,11,4,0,0,1.15,4.45
2026-06-05 11:20:00,Counter_2,6.0,5.0,11,4,0,0,0.93,5.74
2026-06-05 11:20:00,Counter_3,9.0,3.0,11,4,0,0,1.32,11.8
2026-06-05 11:20:00,Counter_4,,5.0,11,4,0,0,1.71,10.4
2026-06-05 11:20:00,Counter_5,5.0,3.0,11,4,0,0,1.63,7.9
2026-06-05 11:25:00,Counter_1,4.0,5.0,11,4,0,0,1.41,5.57
2026-06-05 11:25:00,Counter_2,4.0,5.0,11,4,0,0,1.08,4.18
2026-06-05 11:25:00,Counter_3,8.0,4.0,11,4,0,0,0.86,6.96
2026-06-05 11:25:00,Counter_4,4.0,4.0,11,4,0,0,1.04,4.04
2026-06-05 11:25:00,Counter_5,8.0,3.0,11,4,0,0,1.3,10.4
2026-06-05 11:30:00,Counter_1,5.0,3.0,11,4,0,0,1.13,5.62
2026-06-05 11:30:00,Counter_2,5.0,5.0,11,4,0,0,1.5,7.71
2026-06-05 11:30:00,Counter_3,7.0,4.0,11,4,0,0,0.88,6.25
2026-06-05 11:30:00,Counter_4,4.0,4.0,11,4,0,0,1.22,4.94
2026-06-05 11:30:00,Counter_5,6.0,5.0,11,4,0,0,1.06,6.36
2026-06-05 11:35:00,Counter_1,9.0,3.0,11,4,0,0,1.5,13.35
2026-06-05 11:35:00,Counter_2,5.0,5.0,11,4,0,0,1.39,6.77
2026-06-05 11:35:00,Counter_3,8.0,4.0,11,4,0,0,1.04,8.38
2026-06-05 11:35:00,Counter_4,8.0,3.0,11,4,0,0,1.46,11.4
2026-06-05 11:35:00,Counter_5,7.0,5.0,11,4,0,0,0.84,5.87
2026-06-05 11:40:00,Counter_1,7.0,4.0,11,4,0,0,0.8,5.62
2026-06-05 11:40:00,Counter_2,4.0,3.0,11,4,0,0,1.03,3.84
2026-06-05 11:40:00,Counter_3,8.0,4.0,11,4,0,0,0.75,5.99
2026-06-05 11:40:00,Counter_4,5.0,5.0,11,4,0,0,1.22,6.1
2026-06-05 11:40:00,Counter_5,9.0,3.0,11,4,0,0,1.23,11.49
2026-06-05 11:45:00,Counter_1,2.0,4.0,11,4,0,0,1.15,2.3
2026-06-05 11:45:00,Counter_2,5.0,5.0,11,4,0,0,1.38,7.08
2026-06-05 11:45:00,Counter_3,3.0,5.0,11,4,0,0,1.07,3.3
2026-06-05 11:45:00,Counter_4,4.0,5.0,11,4,0,0,0.93,3.77
2026-06-05 11:45:00,Counter_5,5.0,4.0,11,4,0,0,1.05,5.42
2026-06-05 11:50:00,Counter_1,5.0,4.0,11,4,0,0,0.94,4.41
2026-06-05 11:50:00,Counter_2,7.0,5.0,11,4,0,0,1.1,7.68
2026-06-05 11:50:00,Counter_3,7.0,3.0,11,4,0,0,1.4,9.86
2026-06-05 11:50:00,Counter_4,8.0,4.0,11,4,0,0,0.81,6.29
2026-06-05 11:50:00,Counter_5,6.0,5.0,11,4,0,0,1.17,7.01
2026-06-05 11:55:00,Counter_1,5.0,5.0,11,4,0,0,1.49,7.47
2026-06-05 11:55:00,Counter_2,6.0,3.0,11,4,0,0,1.52,9.09
2026-06-05 11:55:00,Counter_3,3.0,4.0,11,4,0,0,1.08,3.06
2026-06-05 11:55:00,Counter_4,5.0,4.0,11,4,0,0,1.8,8.85
2026-06-05 11:55:00,Counter_5,5.0,5.0,11,4,0,0,0.99,4.89
2026-06-05 12:00:00,Counter_1,6.0,5.0,12,4,0,0,1.19,7.22
2026-06-05 12:00:00,Counter_2,9.0,3.0,12,4,0,0,0.96,8.66
2026-06-05 12:00:00,Counter_3,6.0,3.0,12,4,0,0,1.36,8.2
2026-06-05 12:00:00,Counter_4,8.0,4.0,12,4,0,0,1.95,15.55
2026-06-05 12:00:00,Counter_5,,5.0,12,4,0,0,1.71,8.38
2026-06-05 12:05:00,Counter_1,7.0,5.0,12,4,0,0,1.46,10.16
2026-06-05 12:05:00,Counter_2,4.0,4.0,12,4,0,0,1.1,4.23
2026-06-05 12:05:00,Counter_3,4.0,5.0,12,4,0,0,1.21,4.23
2026-06-05 12:05:00,Counter_4,7.0,4.0,12,4,0,0,1.53,10.71
2026-06-05 12:05:00,Counter_5,4.0,4.0,12,4,0,0,1.44,5.71
2026-06-05 12:10:00,Counter_1,9.0,3.0,12,4,0,0,1.27,11.68
2026-06-05 12:10:00,Counter_2,5.0,,12,4,0,0,1.29,6.59
2026-06-05 12:10:00,Counter_3,9.0,4.0,12,4,0,0,1.51,13.69
2026-06-05 12:10:00,Counter_4,7.0,4.0,12,4,0,0,1.58,10.86
2026-06-05 12:10:00,Counter_5,10.0,3.0,12,4,0,0,0.87,8.9
2026-06-05 12:15:00,Counter_1,6.0,4.0,12,4,0,0,1.31,7.89
2026-06-05 12:15:00,Counter_2,7.0,3.0,12,4,0,0,1.39,9.66
2026-06-05 12:15:00,Counter_3,4.0,4.0,12,4,0,0,1.12,4.32
2026-06-05 12:15:00,Counter_4,6.0,5.0,12,4,0,0,1.57,9.29
2026-06-05 12:15:00,Counter_5,4.0,3.0,12,4,0,0,1.18,4.67
2026-06-05 12:20:00,Counter_1,9.0,4.0,12,4,0,0,1.58,14.01
2026-06-05 12:20:00,Counter_2,5.0,3.0,12,4,0,0,1.16,5.81
2026-06-05 12:20:00,Counter_3,5.0,5.0,12,4,0,0,1.31,6.52
2026-06-05 12:20:00,Counter_4,6.0,4.0,12,4,0,0,1.31,8.0
2026-06-05 12:20:00,Counter_5,10.0,3.0,12,4,0,0,1.67,16.67
2026-06-05 12:25:00,Counter_1,9.0,5.0,12,4,0,0,1.44,12.6
2026-06-05 12:25:00,Counter_2,6.0,,12,4,0,0,1.14,6.78
2026-06-05 12:25:00,Counter_3,3.0,5.0,12,4,0,0,1.18,3.31
2026-06-05 12:25:00,Counter_4,9.0,3.0,12,4,0,0,,10.5
2026-06-05 12:25:00,Counter_5,6.0,4.0,12,4,0,0,1.25,7.31
2026-06-05 12:30:00,Counter_1,6.0,5.0,12,4,0,0,1.01,6.48
2026-06-05 12:30:00,Counter_2,4.0,,12,4,0,0,1.23,4.85
2026-06-05 12:30:00,Counter_3,1.0,5.0,12,4,0,0,1.59,1.73
2026-06-05 12:30:00,Counter_4,7.0,4.0,12,4,0,0,1.58,11.0
2026-06-05 12:30:00,Counter_5,4.0,5.0,12,4,0,0,0.86,3.39
2026-06-05 12:35:00,Counter_1,7.0,5.0,12,4,0,0,0.82,5.64
2026-06-05 12:35:00,Counter_2,10.0,3.0,12,4,0,0,1.1,10.86
2026-06-05 12:35:00,Counter_3,7.0,4.0,12,4,0,0,0.81,5.54
2026-06-05 12:35:00,Counter_4,3.0,5.0,12,4,0,0,0.93,2.86
2026-06-05 12:35:00,Counter_5,8.0,3.0,12,4,0,0,1.34,10.71
2026-06-05 12:40:00,Counter_1,11.0,3.0,12,4,0,0,1.24,13.91
2026-06-05 12:40:00,Counter_2,6.0,,12,4,0,0,0.82,4.88
2026-06-05 12:40:00,Counter_3,4.0,,12,4,0,0,1.54,6.1
2026-06-05 12:40:00,Counter_4,4.0,5.0,12,4,0,0,1.14,4.57
2026-06-05 12:40:00,Counter_5,4.0,4.0,12,4,0,0,1.12,4.6
2026-06-05 12:45:00,Counter_1,5.0,5.0,12,4,0,0,1.5,7.52
2026-06-05 12:45:00,Counter_2,7.0,4.0,12,4,0,0,1.35,9.72
2026-06-05 12:45:00,Counter_3,6.0,5.0,12,4,0,0,1.24,7.96
2026-06-05 12:45:00,Counter_4,5.0,3.0,12,4,0,0,1.13,5.81
2026-06-05 12:45:00,Counter_5,4.0,5.0,12,4,0,0,1.39,5.64
2026-06-05 12:50:00,Counter_1,7.0,3.0,12,4,0,0,1.14,7.58
2026-06-05 12:50:00,Counter_2,11.0,3.0,12,4,0,0,1.19,13.37
2026-06-05 12:50:00,Counter_3,9.0,3.0,12,4,0,0,0.96,8.89
2026-06-05 12:50:00,Counter_4,5.0,4.0,12,4,0,0,1.54,8.01
2026-06-05 12:50:00,Counter_5,5.0,5.0,12,4,0,0,1.64,8.36
2026-06-05 12:55:00,Counter_1,4.0,4.0,12,4,0,0,1.3,5.01
2026-06-05 12:55:00,Counter_2,11.0,3.0,12,4,0,0,1.13,12.24
2026-06-05 12:55:00,Counter_3,3.0,5.0,12,4,0,0,1.48,4.22
2026-06-05 12:55:00,Counter_4,9.0,3.0,12,4,0,0,1.4,12.62
2026-06-05 12:55:00,Counter_5,2.0,5.0,12,4,0,0,1.14,2.14
2026-06-05 13:00:00,Counter_1,6.0,5.0,13,4,0,0,1.54,9.41
2026-06-05 13:00:00,Counter_2,10.0,4.0,13,4,0,0,1.14,11.29
2026-06-05 13:00:00,Counter_3,9.0,3.0,13,4,0,0,0.93,8.3
2026-06-05 13:00:00,Counter_4,4.0,4.0,13,4,0,0,1.23,4.97
2026-06-05 13:00:00,Counter_5,,5.0,13,4,0,0,1.52,5.98
2026-06-05 13:05:00,Counter_1,5.0,4.0,13,4,0,0,1.28,6.22
2026-06-05 13:05:00,Counter_2,8.0,3.0,13,4,0,0,0.96,7.32
2026-06-05 13:05:00,Counter_3,5.0,5.0,13,4,0,0,1.15,5.94
2026-06-05 13:05:00,Counter_4,5.0,4.0,13,4,0,0,1.55,7.57
2026-06-05 13:05:00,Counter_5,6.0,3.0,13,4,0,0,1.32,7.84
2026-06-05 13:10:00,Counter_1,4.0,5.0,13,4,0,0,1.25,4.93
2026-06-05 13:10:00,Counter_2,6.0,5.0,13,4,0,0,1.22,6.91
2026-06-05 13:10:00,Counter_3,5.0,4.0,13,4,0,0,1.52,7.66
2026-06-05 13:10:00,Counter_4,8.0,3.0,13,4,0,0,1.5,12.28
2026-06-05 13:10:00,Counter_5,7.0,4.0,13,4,0,0,0.9,6.49
2026-06-05 13:15:00,Counter_1,4.0,4.0,13,4,0,0,1.48,5.84
2026-06-05 13:15:00,Counter_2,10.0,3.0,13,4,0,0,1.38,14.01
2026-06-05 13:15:00,Counter_3,4.0,5.0,13,4,0,0,1.65,6.25
2026-06-05 13:15:00,Counter_4,4.0,,13,4,0,0,1.23,5.09
2026-06-05 13:15:00,Counter_5,5.0,4.0,13,4,0,0,1.53,7.5
2026-06-05 13:20:00,Counter_1,5.0,5.0,13,4,0,0,1.37,7.04
2026-06-05 13:20:00,Counter_2,7.0,3.0,13,4,0,0,0.97,6.8
2026-06-05 13:20:00,Counter_3,5.0,4.0,13,4,0,0,,7.31
2026-06-05 13:20:00,Counter_4,9.0,3.0,13,4,0,0,1.45,13.1
2026-06-05 13:20:00,Counter_5,6.0,3.0,13,4,0,0,1.09,6.54
2026-06-05 13:25:00,Counter_1,4.0,4.0,13,4,0,0,1.32,5.33
2026-06-05 13:25:00,Counter_2,3.0,5.0,13,4,0,0,1.78,5.18
2026-06-05 13:25:00,Counter_3,9.0,4.0,13,4,0,0,1.13,9.94
2026-06-05 13:25:00,Counter_4,12.0,4.0,13,4,0,0,1.43,17.28
2026-06-05 13:25:00,Counter_5,5.0,3.0,13,4,0,0,0.98,4.89
2026-06-05 13:30:00,Counter_1,6.0,5.0,13,4,0,0,1.11,6.77
2026-06-05 13:30:00,Counter_2,4.0,4.0,13,4,0,0,,5.91
2026-06-05 13:30:00,Counter_3,5.0,3.0,13,4,0,0,1.31,6.69
2026-06-05 13:30:00,Counter_4,5.0,3.0,13,4,0,0,1.2,6.32
2026-06-05 13:30:00,Counter_5,11.0,3.0,13,4,0,0,1.68,18.52
2026-06-05 13:35:00,Counter_1,6.0,4.0,13,4,0,0,1.02,5.92
2026-06-05 13:35:00,Counter_2,4.0,3.0,13,4,0,0,1.21,4.69
2026-06-05 13:35:00,Counter_3,5.0,5.0,13,4,0,0,1.37,6.79
2026-06-05 13:35:00,Counter_4,4.0,5.0,13,4,0,0,1.03,4.16
2026-06-05 13:35:00,Counter_5,11.0,3.0,13,4,0,0,1.38,15.46
2026-06-05 13:40:00,Counter_1,8.0,4.0,13,4,0,0,1.52,12.13
2026-06-05 13:40:00,Counter_2,5.0,4.0,13,4,0,0,1.22,6.44
2026-06-05 13:40:00,Counter_3,3.0,5.0,13,4,0,0,1.08,3.59
2026-06-05 13:40:00,Counter_4,5.0,3.0,13,4,0,0,,5.94
2026-06-05 13:40:00,Counter_5,6.0,4.0,13,4,0,0,0.6,3.73
2026-06-05 13:45:00,Counter_1,5.0,4.0,13,4,0,0,1.5,7.41
2026-06-05 13:45:00,Counter_2,4.0,4.0,13,4,0,0,1.32,5.62
2026-06-05 13:45:00,Counter_3,4.0,3.0,13,4,0,0,1.21,4.71
2026-06-05 13:45:00,Counter_4,3.0,3.0,13,4,0,0,0.83,2.73
2026-06-05 13:45:00,Counter_5,7.0,3.0,13,4,0,0,1.53,10.5
2026-06-05 13:50:00,Counter_1,8.0,3.0,13,4,0,0,1.14,9.25
2026-06-05 13:50:00,Counter_2,6.0,3.0,13,4,0,0,1.39,8.56
2026-06-05 13:50:00,Counter_3,5.0,4.0,13,4,0,0,1.25,6.43
2026-06-05 13:50:00,Counter_4,6.0,4.0,13,4,0,0,0.85,5.01
2026-06-05 13:50:00,Counter_5,3.0,4.0,13,4,0,0,1.57,4.66
2026-06-05 13:55:00,Counter_1,8.0,3.0,13,4,0,0,1.52,12.47
2026-06-05 13:55:00,Counter_2,9.0,3.0,13,4,0,0,,12.86
2026-06-05 13:55:00,Counter_3,3.0,5.0,13,4,0,0,1.33,3.9
2026-06-05 13:55:00,Counter_4,10.0,3.0,13,4,0,0,0.95,9.8
2026-06-05 13:55:00,Counter_5,6.0,5.0,13,4,0,0,1.47,8.81
2026-06-05 14:00:00,Counter_1,3.0,2.0,14,4,0,0,1.8,5.39
2026-06-05 14:00:00,Counter_2,5.0,2.0,14,4,0,0,1.28,6.77
2026-06-05 14:00:00,Counter_3,5.0,2.0,14,4,0,0,1.28,6.27
2026-06-05 14:00:00,Counter_4,8.0,1.0,14,4,0,0,0.97,7.61
2026-06-05 14:00:00,Counter_5,7.0,2.0,14,4,0,0,0.73,5.15
2026-06-05 14:05:00,Counter_1,7.0,2.0,14,4,0,0,1.16,8.13
2026-06-05 14:05:00,Counter_2,2.0,2.0,14,4,0,0,1.62,3.08
2026-06-05 14:05:00,Counter_3,10.0,1.0,14,4,0,0,1.59,16.06
2026-06-05 14:05:00,Counter_4,3.0,2.0,14,4,0,0,1.23,3.69
2026-06-05 14:05:00,Counter_5,10.0,1.0,14,4,0,0,1.36,13.61
2026-06-05 14:10:00,Counter_1,4.0,1.0,14,4,0,0,0.95,3.8
2026-06-05 14:10:00,Counter_2,7.0,1.0,14,4,0,0,1.28,8.75
2026-06-05 14:10:00,Counter_3,12.0,1.0,14,4,0,0,1.12,13.28
2026-06-05 14:10:00,Counter_4,6.0,2.0,14,4,0,0,1.26,7.24
2026-06-05 14:10:00,Counter_5,8.0,1.0,14,4,0,0,,9.67
2026-06-05 14:15:00,Counter_1,9.0,1.0,14,4,0,0,1.18,10.62
2026-06-05 14:15:00,Counter_2,4.0,2.0,14,4,0,0,1.5,6.2
2026-06-05 14:15:00,Counter_3,4.0,2.0,14,4,0,0,1.74,6.87
2026-06-05 14:15:00,Counter_4,5.0,2.0,14,4,0,0,1.21,6.28
2026-06-05 14:15:00,Counter_5,7.0,1.0,14,4,0,0,1.6,10.88
2026-06-05 14:20:00,Counter_1,4.0,1.0,14,4,0,0,0.94,3.95
2026-06-05 14:20:00,Counter_2,4.0,2.0,14,4,0,0,1.23,4.9
2026-06-05 14:20:00,Counter_3,5.0,1.0,14,4,0,0,0.93,4.37
2026-06-05 14:20:00,Counter_4,4.0,1.0,14,4,0,0,1.17,4.12
2026-06-05 14:20:00,Counter_5,4.0,2.0,14,4,0,0,1.43,5.82
2026-06-05 14:25:00,Counter_1,5.0,2.0,14,4,0,0,1.53,7.85
2026-06-05 14:25:00,Counter_2,6.0,2.0,14,4,0,0,1.06,6.37
2026-06-05 14:25:00,Counter_3,5.0,2.0,14,4,0,0,1.36,6.92
2026-06-05 14:25:00,Counter_4,3.0,2.0,14,4,0,0,1.56,4.77
2026-06-05 14:25:00,Counter_5,9.0,1.0,14,4,0,0,1.52,13.69
2026-06-05 14:30:00,Counter_1,10.0,1.0,14,4,0,0,1.31,13.29
2026-06-05 14:30:00,Counter_2,7.0,1.0,14,4,0,0,1.1,7.4
2026-06-05 14:30:00,Counter_3,,2.0,14,4,0,0,1.08,3.26
2026-06-05 14:30:00,Counter_4,3.0,2.0,14,4,0,0,1.04,3.26
2026-06-05 14:30:00,Counter_5,4.0,2.0,14,4,0,0,1.24,4.87
2026-06-05 14:35:00,Counter_1,6.0,1.0,14,4,0,0,1.04,6.29
2026-06-05 14:35:00,Counter_2,6.0,1.0,14,4,0,0,1.42,8.28
2026-06-05 14:35:00,Counter_3,4.0,2.0,14,4,0,0,1.31,5.26
2026-06-05 14:35:00,Counter_4,6.0,2.0,14,4,0,0,1.3,7.66
2026-06-05 14:35:00,Counter_5,6.0,1.0,14,4,0,0,0.79,4.64
2026-06-05 14:40:00,Counter_1,3.0,2.0,14,4,0,0,1.26,3.89
2026-06-05 14:40:00,Counter_2,6.0,1.0,14,4,0,0,1.14,6.49
2026-06-05 14:40:00,Counter_3,10.0,1.0,14,4,0,0,1.79,17.68
2026-06-05 14:40:00,Counter_4,5.0,1.0,14,4,0,0,0.93,4.79
2026-06-05 14:40:00,Counter_5,2.0,,14,4,0,0,1.2,2.37
2026-06-05 14:45:00,Counter_1,5.0,2.0,14,4,0,0,1.35,6.6
2026-06-05 14:45:00,Counter_2,5.0,2.0,14,4,0,0,1.01,5.14
2026-06-05 14:45:00,Counter_3,5.0,1.0,14,4,0,0,1.73,8.43
2026-06-05 14:45:00,Counter_4,4.0,2.0,14,4,0,0,1.74,6.73
2026-06-05 14:45:00,Counter_5,2.0,1.0,14,4,0,0,1.04,2.04
2026-06-05 14:50:00,Counter_1,4.0,1.0,14,4,0,0,1.1,4.37
2026-06-05 14:50:00,Counter_2,8.0,1.0,14,4,0,0,1.79,14.17
2026-06-05 14:50:00,Counter_3,6.0,2.0,14,4,0,0,1.6,9.55
2026-06-05 14:50:00,Counter_4,3.0,2.0,14,4,0,0,1.16,3.75
2026-06-05 14:50:00,Counter_5,7.0,1.0,14,4,0,0,,9.51
2026-06-05 14:55:00,Counter_1,9.0,1.0,14,4,0,0,0.9,7.87
2026-06-05 14:55:00,Counter_2,6.0,2.0,14,4,0,0,1.8,10.8
2026-06-05 14:55:00,Counter_3,5.0,1.0,14,4,0,0,1.27,5.93
2026-06-05 14:55:00,Counter_4,5.0,2.0,14,4,0,0,1.4,7.32
2026-06-05 14:55:00,Counter_5,7.0,2.0,14,4,0,0,1.02,6.9
2026-06-05 15:00:00,Counter_1,2.0,2.0,15,4,0,0,0.97,1.98
2026-06-05 15:00:00,Counter_2,3.0,2.0,15,4,0,0,1.36,4.11
2026-06-05 15:00:00,Counter_3,4.0,2.0,15,4,0,0,1.73,6.76
2026-06-05 15:00:00,Counter_4,8.0,1.0,15,4,0,0,1.11,9.14
2026-06-05 15:00:00,Counter_5,12.0,1.0,15,4,0,0,1.01,12.53
2026-06-05 15:05:00,Counter_1,16.0,1.0,15,4,0,0,1.33,21.13
2026-06-05 15:05:00,Counter_2,2.0,2.0,15,4,0,0,1.66,3.46
2026-06-05 15:05:00,Counter_3,6.0,,15,4,0,0,1.09,6.34
2026-06-05 15:05:00,Counter_4,10.0,1.0,15,4,0,0,1.19,12.16
2026-06-05 15:05:00,Counter_5,3.0,2.0,15,4,0,0,1.46,4.63
2026-06-05 15:10:00,Counter_1,9.0,1.0,15,4,0,0,1.49,13.61
2026-06-05 15:10:00,Counter_2,9.0,2.0,15,4,0,0,1.18,10.29
2026-06-05 15:10:00,Counter_3,6.0,1.0,15,4,0,0,1.52,9.01
2026-06-05 15:10:00,Counter_4,2.0,2.0,15,4,0,0,1.38,2.65
2026-06-05 15:10:00,Counter_5,12.0,1.0,15,4,0,0,1.25,14.88
2026-06-05 15:15:00,Counter_1,4.0,2.0,15,4,0,0,1.48,6.19
2026-06-05 15:15:00,Counter_2,10.0,1.0,15,4,0,0,1.44,14.04
2026-06-05 15:15:00,Counter_3,8.0,1.0,15,4,0,0,0.99,8.0
2026-06-05 15:15:00,Counter_4,5.0,2.0,15,4,0,0,1.62,8.25
2026-06-05 15:15:00,Counter_5,2.0,2.0,15,4,0,0,1.34,2.54
2026-06-05 15:20:00,Counter_1,3.0,2.0,15,4,0,0,1.59,4.87
2026-06-05 15:20:00,Counter_2,4.0,2.0,15,4,0,0,1.26,5.13
2026-06-05 15:20:00,Counter_3,3.0,2.0,15,4,0,0,1.31,3.88
2026-06-05 15:20:00,Counter_4,5.0,2.0,15,4,0,0,1.35,6.97
2026-06-05 15:20:00,Counter_5,4.0,2.0,15,4,0,0,1.39,5.45
2026-06-05 15:25:00,Counter_1,4.0,2.0,15,4,0,0,1.63,6.74
2026-06-05 15:25:00,Counter_2,5.0,2.0,15,4,0,0,1.37,6.88
2026-06-05 15:25:00,Counter_3,3.0,2.0,15,4,0,0,1.24,3.66
2026-06-05 15:25:00,Counter_4,5.0,2.0,15,4,0,0,1.5,7.46
2026-06-05 15:25:00,Counter_5,3.0,2.0,15,4,0,0,1.36,3.8
2026-06-05 15:30:00,Counter_1,9.0,1.0,15,4,0,0,1.99,17.84
2026-06-05 15:30:00,Counter_2,6.0,2.0,15,4,0,0,1.32,7.7
2026-06-05 15:30:00,Counter_3,5.0,1.0,15,4,0,0,1.56,7.85
2026-06-05 15:30:00,Counter_4,9.0,1.0,15,4,0,0,1.47,13.41
2026-06-05 15:30:00,Counter_5,6.0,2.0,15,4,0,0,0.74,4.53
2026-06-05 15:35:00,Counter_1,0.0,2.0,15,4,0,0,1.07,0.08
2026-06-05 15:35:00,Counter_2,2.0,2.0,15,4,0,0,1.14,2.23
2026-06-05 15:35:00,Counter_3,3.0,2.0,15,4,0,0,0.88,2.7
2026-06-05 15:35:00,Counter_4,20.0,1.0,15,4,0,0,1.15,23.07
2026-06-05 15:35:00,Counter_5,5.0,1.0,15,4,0,0,0.91,4.88
2026-06-05 15:40:00,Counter_1,4.0,1.0,15,4,0,0,0.97,4.0
2026-06-05 15:40:00,Counter_2,10.0,1.0,15,4,0,0,1.31,13.13
2026-06-05 15:40:00,Counter_3,5.0,2.0,15,4,0,0,1.73,8.67
2026-06-05 15:40:00,Counter_4,7.0,2.0,15,4,0,0,0.91,6.3
2026-06-05 15:40:00,Counter_5,10.0,1.0,15,4,0,0,0.95,9.5
2026-06-05 15:45:00,Counter_1,6.0,1.0,15,4,0,0,1.12,6.86
2026-06-05 15:45:00,Counter_2,2.0,2.0,15,4,0,0,1.21,2.28
2026-06-05 15:45:00,Counter_3,1.0,2.0,15,4,0,0,0.86,0.94
2026-06-05 15:45:00,Counter_4,8.0,1.0,15,4,0,0,1.08,8.62
2026-06-05 15:45:00,Counter_5,7.0,1.0,15,4,0,0,1.05,7.69
2026-06-05 15:50:00,Counter_1,1.0,2.0,15,4,0,0,1.33,1.39
2026-06-05 15:50:00,Counter_2,3.0,1.0,15,4,0,0,1.36,4.15
2026-06-05 15:50:00,Counter_3,6.0,2.0,15,4,0,0,,7.09
2026-06-05 15:50:00,Counter_4,5.0,2.0,15,4,0,0,1.16,6.09
2026-06-05 15:50:00,Counter_5,4.0,2.0,15,4,0,0,1.07,4.38
2026-06-05 15:55:00,Counter_1,6.0,2.0,15,4,0,0,1.26,7.83
2026-06-05 15:55:00,Counter_2,2.0,1.0,15,4,0,0,1.01,1.98
2026-06-05 15:55:00,Counter_3,11.0,1.0,15,4,0,0,1.64,18.04
2026-06-05 15:55:00,Counter_4,4.0,2.0,15,4,0,0,0.88,3.25
2026-06-05 15:55:00,Counter_5,12.0,1.0,15,4,0,0,1.09,13.45
2026-06-05 16:00:00,Counter_1,16.0,1.0,16,4,0,0,1.47,23.59
2026-06-05 16:00:00,Counter_2,1.0,1.0,16,4,0,0,1.15,1.52
2026-06-05 16:00:00,Counter_3,4.0,2.0,16,4,0,0,1.42,5.61
2026-06-05 16:00:00,Counter_4,3.0,2.0,16,4,0,0,1.68,5.13
2026-06-05 16:00:00,Counter_5,9.0,1.0,16,4,0,0,1.46,13.34
2026-06-05 16:05:00,Counter_1,1.0,2.0,16,4,0,0,0.95,1.02
2026-06-05 16:05:00,Counter_2,3.0,2.0,16,4,0,0,0.96,2.81
2026-06-05 16:05:00,Counter_3,6.0,2.0,16,4,0,0,1.2,7.11
2026-06-05 16:05:00,Counter_4,6.0,2.0,16,4,0,0,1.36,8.09
2026-06-05 16:05:00,Counter_5,5.0,2.0,16,4,0,0,1.55,8.28
2026-06-05 16:10:00,Counter_1,1.0,2.0,16,4,0,0,1.05,0.93
2026-06-05 16:10:00,Counter_2,5.0,2.0,16,4,0,0,1.13,5.25
2026-06-05 16:10:00,Counter_3,6.0,2.0,16,4,0,0,,7.15
2026-06-05 16:10:00,Counter_4,9.0,1.0,16,4,0,0,1.18,10.62
2026-06-05 16:10:00,Counter_5,7.0,2.0,16,4,0,0,1.62,11.28
2026-06-05 16:15:00,Counter_1,7.0,1.0,16,4,0,0,1.22,8.42
2026-06-05 16:15:00,Counter_2,3.0,2.0,16,4,0,0,1.29,3.82
2026-06-05 16:15:00,Counter_3,5.0,1.0,16,4,0,0,1.48,7.14
2026-06-05 16:15:00,Counter_4,4.0,1.0,16,4,0,0,1.65,6.96
2026-06-05 16:15:00,Counter_5,6.0,1.0,16,4,0,0,1.24,7.49
2026-06-05 16:20:00,Counter_1,4.0,2.0,16,4,0,0,1.56,6.26
2026-06-05 16:20:00,Counter_2,6.0,1.0,16,4,0,0,1.71,10.47
2026-06-05 16:20:00,Counter_3,2.0,2.0,16,4,0,0,1.22,2.98
2026-06-05 16:20:00,Counter_4,6.0,1.0,16,4,0,0,1.11,6.58
2026-06-05 16:20:00,Counter_5,2.0,2.0,16,4,0,0,1.8,3.66
2026-06-05 16:25:00,Counter_1,14.0,1.0,16,4,0,0,1.53,21.58
2026-06-05 16:25:00,Counter_2,3.0,1.0,16,4,0,0,1.25,3.89
2026-06-05 16:25:00,Counter_3,5.0,2.0,16,4,0,0,1.41,7.23
2026-06-05 16:25:00,Counter_4,8.0,1.0,16,4,0,0,0.99,8.1
2026-06-05 16:25:00,Counter_5,9.0,1.0,16,4,0,0,1.53,13.69
2026-06-05 16:30:00,Counter_1,4.0,2.0,16,4,0,0,0.8,3.44
2026-06-05 16:30:00,Counter_2,,2.0,16,4,0,0,1.52,13.66
2026-06-05 16:30:00,Counter_3,3.0,2.0,16,4,0,0,1.07,3.27
2026-06-05 16:30:00,Counter_4,3.0,2.0,16,4,0,0,0.84,2.64
2026-06-05 16:30:00,Counter_5,4.0,2.0,16,4,0,0,0.75,2.86
2026-06-05 16:35:00,Counter_1,4.0,2.0,16,4,0,0,1.13,4.61
2026-06-05 16:35:00,Counter_2,3.0,2.0,16,4,0,0,1.43,4.41
2026-06-05 16:35:00,Counter_3,4.0,2.0,16,4,0,0,0.9,3.22
2026-06-05 16:35:00,Counter_4,7.0,1.0,16,4,0,0,0.94,6.86
2026-06-05 16:35:00,Counter_5,4.0,2.0,16,4,0,0,1.13,4.36
2026-06-05 16:40:00,Counter_1,5.0,1.0,16,4,0,0,1.45,7.3
2026-06-05 16:40:00,Counter_2,3.0,2.0,16,4,0,0,1.48,4.75
2026-06-05 16:40:00,Counter_3,9.0,1.0,16,4,0,0,1.28,11.65
2026-06-05 16:40:00,Counter_4,3.0,1.0,16,4,0,0,1.5,4.71
2026-06-05 16:40:00,Counter_5,7.0,2.0,16,4,0,0,1.42,10.16
2026-06-05 16:45:00,Counter_1,8.0,1.0,16,4,0,0,1.15,9.1
2026-06-05 16:45:00,Counter_2,9.0,1.0,16,4,0,0,1.48,13.11
2026-06-05 16:45:00,Counter_3,20.0,1.0,16,4,0,0,0.93,18.68
2026-06-05 16:45:00,Counter_4,7.0,1.0,16,4,0,0,1.37,9.73
2026-06-05 16:45:00,Counter_5,12.0,1.0,16,4,0,0,0.96,11.74
2026-06-05 16:50:00,Counter_1,6.0,2.0,16,4,0,0,1.29,7.9
2026-06-05 16:50:00,Counter_2,3.0,2.0,16,4,0,0,1.55,4.55
2026-06-05 16:50:00,Counter_3,6.0,2.0,16,4,0,0,1.3,7.98
2026-06-05 16:50:00,Counter_4,2.0,2.0,16,4,0,0,1.25,2.08
2026-06-05 16:50:00,Counter_5,3.0,2.0,16,4,0,0,1.31,4.18
2026-06-05 16:55:00,Counter_1,9.0,1.0,16,4,0,0,1.42,12.6
2026-06-05 16:55:00,Counter_2,2.0,2.0,16,4,0,0,1.78,3.38
2026-06-05 16:55:00,Counter_3,5.0,2.0,16,4,0,0,1.41,7.55
2026-06-05 16:55:00,Counter_4,9.0,1.0,16,4,0,0,1.12,10.09
2026-06-05 16:55:00,Counter_5,4.0,2.0,16,4,0,0,1.2,4.75
2026-06-05 17:00:00,Counter_1,7.0,5.0,17,4,0,0,1.22,8.31
2026-06-05 17:00:00,Counter_2,8.0,3.0,17,4,0,0,1.14,9.21
2026-06-05 17:00:00,Counter_3,8.0,5.0,17,4,0,0,0.84,6.88
2026-06-05 17:00:00,Counter_4,6.0,4.0,17,4,0,0,1.33,7.91
2026-06-05 17:00:00,Counter_5,9.0,4.0,17,4,0,0,1.1,9.47
2026-06-05 17:05:00,Counter_1,5.0,,17,4,0,0,1.47,7.68
2026-06-05 17:05:00,Counter_2,6.0,4.0,17,4,0,0,1.32,7.86
2026-06-05 17:05:00,Counter_3,6.0,5.0,17,4,0,0,1.18,7.02
2026-06-05 17:05:00,Counter_4,6.0,4.0,17,4,0,0,0.92,5.51
2026-06-05 17:05:00,Counter_5,7.0,5.0,17,4,0,0,1.36,9.36
2026-06-05 17:10:00,Counter_1,5.0,4.0,17,4,0,0,1.01,5.3
2026-06-05 17:10:00,Counter_2,14.0,3.0,17,4,0,0,1.63,22.97
2026-06-05 17:10:00,Counter_3,,3.0,17,4,0,0,1.51,15.2
2026-06-05 17:10:00,Counter_4,7.0,5.0,17,4,0,0,1.39,10.19
2026-06-05 17:10:00,Counter_5,7.0,3.0,17,4,0,0,1.81,12.53
2026-06-05 17:15:00,Counter_1,8.0,4.0,17,4,0,0,1.45,11.86
2026-06-05 17:15:00,Counter_2,8.0,4.0,17,4,0,0,1.55,11.96
2026-06-05 17:15:00,Counter_3,14.0,3.0,17,4,0,0,1.62,22.81
2026-06-05 17:15:00,Counter_4,8.0,3.0,17,4,0,0,1.32,11.01
2026-06-05 17:15:00,Counter_5,11.0,3.0,17,4,0,0,1.32,14.31
2026-06-05 17:20:00,Counter_1,8.0,4.0,17,4,0,0,1.46,12.01
2026-06-05 17:20:00,Counter_2,6.0,5.0,17,4,0,0,1.11,6.38
2026-06-05 17:20:00,Counter_3,6.0,4.0,17,4,0,0,1.9,11.82
2026-06-05 17:20:00,Counter_4,6.0,4.0,17,4,0,0,1.49,8.85
2026-06-05 17:20:00,Counter_5,7.0,4.0,17,4,0,0,1.4,9.65
2026-06-05 17:25:00,Counter_1,5.0,5.0,17,4,0,0,1.97,9.74
2026-06-05 17:25:00,Counter_2,8.0,4.0,17,4,0,0,1.17,9.37
2026-06-05 17:25:00,Counter_3,,3.0,17,4,0,0,1.83,20.1
2026-06-05 17:25:00,Counter_4,3.0,4.0,17,4,0,0,1.65,4.94
2026-06-05 17:25:00,Counter_5,6.0,5.0,17,4,0,0,1.73,10.44
2026-06-05 17:30:00,Counter_1,4.0,5.0,17,4,0,0,1.41,5.69
2026-06-05 17:30:00,Counter_2,5.0,5.0,17,4,0,0,1.46,7.3
2026-06-05 17:30:00,Counter_3,9.0,3.0,17,4,0,0,,12.15
2026-06-05 17:30:00,Counter_4,4.0,5.0,17,4,0,0,1.7,6.89
2026-06-05 17:30:00,Counter_5,12.0,3.0,17,4,0,0,1.55,18.68
2026-06-05 17:35:00,Counter_1,13.0,3.0,17,4,0,0,1.31,17.1
2026-06-05 17:35:00,Counter_2,6.0,4.0,17,4,0,0,1.32,7.92
2026-06-05 17:35:00,Counter_3,11.0,3.0,17,4,0,0,1.45,15.81
2026-06-05 17:35:00,Counter_4,8.0,4.0,17,4,0,0,1.37,10.97
2026-06-05 17:35:00,Counter_5,7.0,5.0,17,4,0,0,1.81,12.61
2026-06-05 17:40:00,Counter_1,6.0,5.0,17,4,0,0,1.65,9.49
2026-06-05 17:40:00,Counter_2,8.0,4.0,17,4,0,0,1.65,13.4
2026-06-05 17:40:00,Counter_3,7.0,4.0,17,4,0,0,1.51,10.62
2026-06-05 17:40:00,Counter_4,9.0,5.0,17,4,0,0,1.24,11.16
2026-06-05 17:40:00,Counter_5,3.0,4.0,17,4,0,0,1.62,4.96
2026-06-05 17:45:00,Counter_1,5.0,5.0,17,4,0,0,0.93,4.5
2026-06-05 17:45:00,Counter_2,5.0,5.0,17,4,0,0,1.49,7.72
2026-06-05 17:45:00,Counter_3,7.0,3.0,17,4,0,0,1.25,8.99
2026-06-05 17:45:00,Counter_4,10.0,3.0,17,4,0,0,1.23,12.07
2026-06-05 17:45:00,Counter_5,10.0,4.0,17,4,0,0,1.33,13.17
2026-06-05 17:50:00,Counter_1,7.0,5.0,17,4,0,0,1.43,10.15
2026-06-05 17:50:00,Counter_2,4.0,5.0,17,4,0,0,1.44,5.81
2026-06-05 17:50:00,Counter_3,11.0,4.0,17,4,0,0,1.65,18.15
2026-06-05 17:50:00,Counter_4,6.0,3.0,17,4,0,0,1.41,8.55
2026-06-05 17:50:00,Counter_5,11.0,3.0,17,4,0,0,1.42,15.25
2026-06-05 17:55:00,Counter_1,6.0,5.0,17,4,0,0,1.1,6.42
2026-06-05 17:55:00,Counter_2,8.0,4.0,17,4,0,0,1.13,8.92
2026-06-05 17:55:00,Counter_3,6.0,4.0,17,4,0,0,1.52,9.27
2026-06-05 17:55:00,Counter_4,8.0,5.0,17,4,0,0,1.61,12.45
2026-06-05 17:55:00,Counter_5,8.0,5.0,17,4,0,0,1.38,11.08
2026-06-05 18:00:00,Counter_1,5.0,4.0,18,4,0,0,1.68,8.32
2026-06-05 18:00:00,Counter_2,13.0,4.0,18,4,0,0,1.1,14.43
2026-06-05 18:00:00,Counter_3,6.0,5.0,18,4,0,0,1.55,9.46
2026-06-05 18:00:00,Counter_4,5.0,4.0,18,4,0,0,1.24,6.54
2026-06-05 18:00:00,Counter_5,4.0,4.0,18,4,0,0,1.22,4.65
2026-06-05 18:05:00,Counter_1,9.0,3.0,18,4,0,0,1.26,11.18
2026-06-05 18:05:00,Counter_2,6.0,5.0,18,4,0,0,1.43,8.59
2026-06-05 18:05:00,Counter_3,4.0,5.0,18,4,0,0,1.56,6.52
2026-06-05 18:05:00,Counter_4,9.0,5.0,18,4,0,0,1.54,13.95
2026-06-05 18:05:00,Counter_5,12.0,4.0,18,4,0,0,1.38,16.58
2026-06-05 18:10:00,Counter_1,8.0,4.0,18,4,0,0,1.61,13.12
2026-06-05 18:10:00,Counter_2,5.0,3.0,18,4,0,0,1.87,9.27
2026-06-05 18:10:00,Counter_3,9.0,4.0,18,4,0,0,1.42,13.01
2026-06-05 18:10:00,Counter_4,7.0,4.0,18,4,0,0,1.47,10.64
2026-06-05 18:10:00,Counter_5,5.0,5.0,18,4,0,0,1.3,6.47
2026-06-05 18:15:00,Counter_1,13.0,,18,4,0,0,1.35,17.24
2026-06-05 18:15:00,Counter_2,6.0,,18,4,0,0,1.76,10.59
2026-06-05 18:15:00,Counter_3,12.0,4.0,18,4,0,0,1.76,21.45
2026-06-05 18:15:00,Counter_4,12.0,3.0,18,4,0,0,1.4,16.9
2026-06-05 18:15:00,Counter_5,10.0,3.0,18,4,0,0,1.57,15.42
2026-06-05 18:20:00,Counter_1,8.0,4.0,18,4,0,0,1.68,13.69
2026-06-05 18:20:00,Counter_2,8.0,,18,4,0,0,1.34,10.88
2026-06-05 18:20:00,Counter_3,10.0,4.0,18,4,0,0,1.12,11.4
2026-06-05 18:20:00,Counter_4,9.0,4.0,18,4,0,0,1.62,14.81
2026-06-05 18:20:00,Counter_5,10.0,,18,4,0,0,1.67,16.59
2026-06-05 18:25:00,Counter_1,11.0,3.0,18,4,0,0,1.64,18.25
2026-06-05 18:25:00,Counter_2,9.0,3.0,18,4,0,0,1.36,12.11
2026-06-05 18:25:00,Counter_3,10.0,3.0,18,4,0,0,1.83,18.06
2026-06-05 18:25:00,Counter_4,7.0,5.0,18,4,0,0,1.52,10.47
2026-06-05 18:25:00,Counter_5,12.0,3.0,18,4,0,0,1.16,14.06
2026-06-05 18:30:00,Counter_1,6.0,3.0,18,4,0,0,1.05,6.22
2026-06-05 18:30:00,Counter_2,15.0,3.0,18,4,0,0,1.38,21.0
2026-06-05 18:30:00,Counter_3,8.0,4.0,18,4,0,0,1.51,12.3
2026-06-05 18:30:00,Counter_4,8.0,4.0,18,4,0,0,1.38,11.17
2026-06-05 18:30:00,Counter_5,10.0,3.0,18,4,0,0,1.95,19.78
2026-06-05 18:35:00,Counter_1,9.0,3.0,18,4,0,0,1.55,13.71
2026-06-05 18:35:00,Counter_2,8.0,5.0,18,4,0,0,1.21,9.87
2026-06-05 18:35:00,Counter_3,6.0,5.0,18,4,0,0,0.88,5.39
2026-06-05 18:35:00,Counter_4,8.0,5.0,18,4,0,0,1.51,11.83
2026-06-05 18:35:00,Counter_5,8.0,3.0,18,4,0,0,1.7,13.46
2026-06-05 18:40:00,Counter_1,8.0,4.0,18,4,0,0,1.92,15.33
2026-06-05 18:40:00,Counter_2,4.0,4.0,18,4,0,0,1.4,5.56
2026-06-05 18:40:00,Counter_3,9.0,3.0,18,4,0,0,1.88,16.91
2026-06-05 18:40:00,Counter_4,4.0,4.0,18,4,0,0,1.11,4.32
2026-06-05 18:40:00,Counter_5,7.0,4.0,18,4,0,0,1.36,9.82
2026-06-05 18:45:00,Counter_1,6.0,4.0,18,4,0,0,1.2,6.95
2026-06-05 18:45:00,Counter_2,8.0,4.0,18,4,0,0,1.65,12.96
2026-06-05 18:45:00,Counter_3,7.0,4.0,18,4,0,0,1.12,7.65
2026-06-05 18:45:00,Counter_4,7.0,5.0,18,4,0,0,1.55,10.72
2026-06-05 18:45:00,Counter_5,10.0,5.0,18,4,0,0,1.14,11.26
2026-06-05 18:50:00,Counter_1,8.0,4.0,18,4,0,0,1.89,15.46
2026-06-05 18:50:00,Counter_2,8.0,4.0,18,4,0,0,1.36,10.75
2026-06-05 18:50:00,Counter_3,7.0,5.0,18,4,0,0,1.54,10.76
2026-06-05 18:50:00,Counter_4,9.0,5.0,18,4,0,0,1.0,8.75
2026-06-05 18:50:00,Counter_5,7.0,4.0,18,4,0,0,1.08,7.47
2026-06-05 18:55:00,Counter_1,5.0,4.0,18,4,0,0,1.26,6.42
2026-06-05 18:55:00,Counter_2,8.0,5.0,18,4,0,0,1.66,13.42
2026-06-05 18:55:00,Counter_3,12.0,4.0,18,4,0,0,1.61,19.52
2026-06-05 18:55:00,Counter_4,9.0,5.0,18,4,0,0,1.72,15.28
2026-06-05 18:55:00,Counter_5,5.0,5.0,18,4,0,0,1.07,5.22
2026-06-05 19:00:00,Counter_1,6.0,5.0,19,4,0,0,1.58,9.64
2026-06-05 19:00:00,Counter_2,7.0,4.0,19,4,0,0,1.31,9.17
2026-06-05 19:00:00,Counter_3,9.0,3.0,19,4,0,0,1.25,11.24
2026-06-05 19:00:00,Counter_4,6.0,4.0,19,4,0,0,1.32,8.04
2026-06-05 19:00:00,Counter_5,11.0,3.0,19,4,0,0,1.42,15.82
2026-06-05 19:05:00,Counter_1,7.0,4.0,19,4,0,0,1.62,11.2
2026-06-05 19:05:00,Counter_2,6.0,5.0,19,4,0,0,1.73,10.36
2026-06-05 19:05:00,Counter_3,6.0,4.0,19,4,0,0,1.58,9.46
2026-06-05 19:05:00,Counter_4,10.0,3.0,19,4,0,0,1.61,15.91
2026-06-05 19:05:00,Counter_5,9.0,4.0,19,4,0,0,1.91,17.25
2026-06-05 19:10:00,Counter_1,9.0,3.0,19,4,0,0,1.62,14.47
2026-06-05 19:10:00,Counter_2,4.0,5.0,19,4,0,0,1.4,5.6
2026-06-05 19:10:00,Counter_3,4.0,5.0,19,4,0,0,1.6,6.53
2026-06-05 19:10:00,Counter_4,6.0,5.0,19,4,0,0,1.88,11.33
2026-06-05 19:10:00,Counter_5,8.0,3.0,19,4,0,0,1.23,9.66
2026-06-05 19:15:00,Counter_1,9.0,3.0,19,4,0,0,1.34,12.1
2026-06-05 19:15:00,Counter_2,7.0,5.0,19,4,0,0,1.81,12.7
2026-06-05 19:15:00,Counter_3,12.0,,19,4,0,0,1.38,16.45
2026-06-05 19:15:00,Counter_4,10.0,4.0,19,4,0,0,1.64,16.23
2026-06-05 19:15:00,Counter_5,3.0,5.0,19,4,0,0,1.77,5.34
2026-06-05 19:20:00,Counter_1,12.0,4.0,19,4,0,0,1.14,13.4
2026-06-05 19:20:00,Counter_2,8.0,4.0,19,4,0,0,1.35,10.59
2026-06-05 19:20:00,Counter_3,6.0,3.0,19,4,0,0,1.75,10.24
2026-06-05 19:20:00,Counter_4,4.0,5.0,19,4,0,0,1.42,5.44
2026-06-05 19:20:00,Counter_5,5.0,4.0,19,4,0,0,0.95,4.65
2026-06-05 19:25:00,Counter_1,8.0,3.0,19,4,0,0,1.32,10.77
2026-06-05 19:25:00,Counter_2,6.0,4.0,19,4,0,0,1.65,10.02
2026-06-05 19:25:00,Counter_3,10.0,3.0,19,4,0,0,1.77,17.92
2026-06-05 19:25:00,Counter_4,6.0,4.0,19,4,0,0,1.46,8.64
2026-06-05 19:25:00,Counter_5,7.0,4.0,19,4,0,0,1.57,10.59
2026-06-05 19:30:00,Counter_1,10.0,3.0,19,4,0,0,1.36,13.48
2026-06-05 19:30:00,Counter_2,9.0,3.0,19,4,0,0,1.68,15.35
2026-06-05 19:30:00,Counter_3,11.0,3.0,19,4,0,0,1.81,19.83
2026-06-05 19:30:00,Counter_4,12.0,3.0,19,4,0,0,1.64,19.68
2026-06-05 19:30:00,Counter_5,6.0,4.0,19,4,0,0,1.42,8.48
2026-06-05 19:35:00,Counter_1,5.0,5.0,19,4,0,0,1.56,7.94
2026-06-05 19:35:00,Counter_2,10.0,3.0,19,4,0,0,1.69,17.07
2026-06-05 19:35:00,Counter_3,9.0,3.0,19,4,0,0,1.46,12.83
2026-06-05 19:35:00,Counter_4,7.0,4.0,19,4,0,0,1.65,11.06
2026-06-05 19:35:00,Counter_5,8.0,4.0,19,4,0,0,1.54,12.45
2026-06-05 19:40:00,Counter_1,7.0,5.0,19,4,0,0,1.8,12.56
2026-06-05 19:40:00,Counter_2,8.0,5.0,19,4,0,0,1.63,13.17
2026-06-05 19:40:00,Counter_3,6.0,4.0,19,4,0,0,1.33,7.92
2026-06-05 19:40:00,Counter_4,4.0,3.0,19,4,0,0,1.8,7.3
2026-06-05 19:40:00,Counter_5,12.0,3.0,19,4,0,0,1.57,18.81
2026-06-05 19:45:00,Counter_1,8.0,3.0,19,4,0,0,1.42,11.22
2026-06-05 19:45:00,Counter_2,9.0,5.0,19,4,0,0,1.11,9.91
2026-06-05 19:45:00,Counter_3,6.0,4.0,19,4,0,0,1.51,9.03
2026-06-05 19:45:00,Counter_4,,3.0,19,4,0,0,1.91,21.13
2026-06-05 19:45:00,Counter_5,9.0,5.0,19,4,0,0,0.77,6.9
2026-06-05 19:50:00,Counter_1,7.0,,19,4,0,0,,5.25
2026-06-05 19:50:00,Counter_2,8.0,5.0,19,4,0,0,1.64,13.45
2026-06-05 19:50:00,Counter_3,11.0,3.0,19,4,0,0,1.51,16.67
2026-06-05 19:50:00,Counter_4,13.0,3.0,19,4,0,0,1.62,21.33
2026-06-05 19:50:00,Counter_5,11.0,3.0,19,4,0,0,1.32,14.3
2026-06-05 19:55:00,Counter_1,5.0,4.0,19,4,0,0,0.91,4.5
2026-06-05 19:55:00,Counter_2,4.0,4.0,19,4,0,0,1.24,5.0
2026-06-05 19:55:00,Counter_3,3.0,5.0,19,4,0,0,1.84,5.65
2026-06-05 19:55:00,Counter_4,11.0,3.0,19,4,0,0,1.34,14.36
2026-06-05 19:55:00,Counter_5,8.0,4.0,19,4,0,0,1.34,10.35
2026-06-05 20:00:00,Counter_1,3.0,5.0,20,4,0,0,0.79,2.24
2026-06-05 20:00:00,Counter_2,5.0,3.0,20,4,0,0,1.0,5.11
2026-06-05 20:00:00,Counter_3,11.0,3.0,20,4,0,0,1.73,18.9
2026-06-05 20:00:00,Counter_4,10.0,4.0,20,4,0,0,1.39,13.87
2026-06-05 20:00:00,Counter_5,5.0,5.0,20,4,0,0,1.7,8.51
2026-06-05 20:05:00,Counter_1,4.0,5.0,20,4,0,0,1.26,4.87
2026-06-05 20:05:00,Counter_2,5.0,5.0,20,4,0,0,1.08,5.69
2026-06-05 20:05:00,Counter_3,7.0,5.0,20,4,0,0,1.38,9.5
2026-06-05 20:05:00,Counter_4,6.0,4.0,20,4,0,0,1.31,7.45
2026-06-05 20:05:00,Counter_5,11.0,3.0,20,4,0,0,1.24,13.44
2026-06-05 20:10:00,Counter_1,7.0,5.0,20,4,0,0,1.25,8.58
2026-06-05 20:10:00,Counter_2,6.0,5.0,20,4,0,0,1.42,8.55
2026-06-05 20:10:00,Counter_3,4.0,4.0,20,4,0,0,1.33,5.37
2026-06-05 20:10:00,Counter_4,7.0,4.0,20,4,0,0,1.22,8.66
2026-06-05 20:10:00,Counter_5,6.0,4.0,20,4,0,0,1.9,11.78
2026-06-05 20:15:00,Counter_1,4.0,5.0,20,4,0,0,1.56,6.25
2026-06-05 20:15:00,Counter_2,12.0,3.0,20,4,0,0,1.49,18.05
2026-06-05 20:15:00,Counter_3,6.0,5.0,20,4,0,0,1.43,8.49
2026-06-05 20:15:00,Counter_4,6.0,5.0,20,4,0,0,1.62,9.78
2026-06-05 20:15:00,Counter_5,7.0,5.0,20,4,0,0,1.58,10.99
2026-06-05 20:20:00,Counter_1,10.0,4.0,20,4,0,0,1.19,11.87
2026-06-05 20:20:00,Counter_2,7.0,5.0,20,4,0,0,1.07,7.52
2026-06-05 20:20:00,Counter_3,11.0,3.0,20,4,0,0,0.88,9.88
2026-06-05 20:20:00,Counter_4,12.0,3.0,20,4,0,0,1.9,22.79
2026-06-05 20:20:00,Counter_5,8.0,4.0,20,4,0,0,1.34,10.71
2026-06-05 20:25:00,Counter_1,10.0,3.0,20,4,0,0,1.6,16.06
2026-06-05 20:25:00,Counter_2,9.0,4.0,20,4,0,0,1.5,13.68
2026-06-05 20:25:00,Counter_3,11.0,3.0,20,4,0,0,1.68,18.2
2026-06-05 20:25:00,Counter_4,7.0,5.0,20,4,0,0,1.43,10.06
2026-06-05 20:25:00,Counter_5,7.0,4.0,20,4,0,0,1.12,7.57
2026-06-05 20:30:00,Counter_1,8.0,5.0,20,4,0,0,1.19,9.78
2026-06-05 20:30:00,Counter_2,11.0,3.0,20,4,0,0,1.36,15.03
2026-06-05 20:30:00,Counter_3,9.0,3.0,20,4,0,0,1.05,9.7
2026-06-05 20:30:00,Counter_4,12.0,3.0,20,4,0,0,1.24,14.55
2026-06-05 20:30:00,Counter_5,13.0,3.0,20,4,0,0,1.15,14.92
2026-06-05 20:35:00,Counter_1,15.0,3.0,20,4,0,0,1.37,20.72
2026-06-05 20:35:00,Counter_2,3.0,3.0,20,4,0,0,1.33,4.27
2026-06-05 20:35:00,Counter_3,5.0,4.0,20,4,0,0,1.48,7.47
2026-06-05 20:35:00,Counter_4,11.0,3.0,20,4,0,0,1.66,18.17
2026-06-05 20:35:00,Counter_5,9.0,4.0,20,4,0,0,1.39,12.46
2026-06-05 20:40:00,Counter_1,12.0,3.0,20,4,0,0,1.07,12.63
2026-06-05 20:40:00,Counter_2,5.0,5.0,20,4,0,0,0.94,4.99
2026-06-05 20:40:00,Counter_3,8.0,3.0,20,4,0,0,1.49,12.05
2026-06-05 20:40:00,Counter_4,7.0,4.0,20,4,0,0,1.28,8.92
2026-06-05 20:40:00,Counter_5,6.0,4.0,20,4,0,0,1.41,8.57
2026-06-05 20:45:00,Counter_1,11.0,5.0,20,4,0,0,1.53,16.81
2026-06-05 20:45:00,Counter_2,8.0,4.0,20,4,0,0,1.81,14.42
2026-06-05 20:45:00,Counter_3,8.0,4.0,20,4,0,0,1.01,7.93
2026-06-05 20:45:00,Counter_4,8.0,4.0,20,4,0,0,1.2,9.45
2026-06-05 20:45:00,Counter_5,6.0,4.0,20,4,0,0,1.43,8.66
2026-06-05 20:50:00,Counter_1,12.0,3.0,20,4,0,0,1.16,14.13
2026-06-05 20:50:00,Counter_2,7.0,4.0,20,4,0,0,1.08,7.49
2026-06-05 20:50:00,Counter_3,4.0,5.0,20,4,0,0,1.78,6.96
2026-06-05 20:50:00,Counter_4,4.0,4.0,20,4,0,0,1.19,4.95
2026-06-05 20:50:00,Counter_5,,4.0,20,4,0,0,1.12,12.34
2026-06-05 20:55:00,Counter_1,9.0,3.0,20,4,0,0,1.16,9.99
2026-06-05 20:55:00,Counter_2,2.0,5.0,20,4,0,0,1.72,3.3
2026-06-05 20:55:00,Counter_3,8.0,3.0,20,4,0,0,1.28,10.33
2026-06-05 20:55:00,Counter_4,8.0,3.0,20,4,0,0,1.1,8.64
2026-06-05 20:55:00,Counter_5,6.0,4.0,20,4,0,0,1.24,7.45
2026-06-05 21:00:00,Counter_1,5.0,2.0,21,4,0,0,1.24,5.95
2026-06-05 21:00:00,Counter_2,3.0,2.0,21,4,0,0,1.47,4.33
2026-06-05 21:00:00,Counter_3,14.0,1.0,21,4,0,0,1.45,20.08
2026-06-05 21:00:00,Counter_4,5.0,1.0,21,4,0,0,1.06,5.05
2026-06-05 21:00:00,Counter_5,1.0,2.0,21,4,0,0,1.12,0.97
2026-06-05 21:05:00,Counter_1,10.0,1.0,21,4,0,0,1.78,17.97
2026-06-05 21:05:00,Counter_2,8.0,1.0,21,4,0,0,1.5,12.08
2026-06-05 21:05:00,Counter_3,5.0,2.0,21,4,0,0,1.19,6.36
2026-06-05 21:05:00,Counter_4,9.0,1.0,21,4,0,0,0.68,6.0
2026-06-05 21:05:00,Counter_5,5.0,2.0,21,4,0,0,1.14,5.9
2026-06-05 21:10:00,Counter_1,4.0,2.0,21,4,0,0,0.92,4.05
2026-06-05 21:10:00,Counter_2,3.0,2.0,21,4,0,0,1.03,3.31
2026-06-05 21:10:00,Counter_3,3.0,2.0,21,4,0,0,1.01,3.26
2026-06-05 21:10:00,Counter_4,4.0,2.0,21,4,0,0,1.19,4.78
2026-06-05 21:10:00,Counter_5,9.0,1.0,21,4,0,0,1.27,11.48
2026-06-05 21:15:00,Counter_1,,1.0,21,4,0,0,1.07,3.03
2026-06-05 21:15:00,Counter_2,3.0,2.0,21,4,0,0,,2.26
2026-06-05 21:15:00,Counter_3,4.0,2.0,21,4,0,0,1.21,4.88
2026-06-05 21:15:00,Counter_4,10.0,1.0,21,4,0,0,1.13,11.11
2026-06-05 21:15:00,Counter_5,5.0,1.0,21,4,0,0,0.78,3.81
2026-06-05 21:20:00,Counter_1,7.0,2.0,21,4,0,0,1.4,9.63
2026-06-05 21:20:00,Counter_2,2.0,2.0,21,4,0,0,1.07,2.2
2026-06-05 21:20:00,Counter_3,7.0,1.0,21,4,0,0,1.18,8.22
2026-06-05 21:20:00,Counter_4,3.0,2.0,21,4,0,0,1.2,3.85
2026-06-05 21:20:00,Counter_5,3.0,2.0,21,4,0,0,1.25,3.61
2026-06-05 21:25:00,Counter_1,6.0,2.0,21,4,0,0,1.29,7.78
2026-06-05 21:25:00,Counter_2,4.0,1.0,21,4,0,0,0.92,3.64
2026-06-05 21:25:00,Counter_3,13.0,1.0,21,4,0,0,1.33,17.23
2026-06-05 21:25:00,Counter_4,6.0,2.0,21,4,0,0,1.16,6.94
2026-06-05 21:25:00,Counter_5,0.0,2.0,21,4,0,0,1.52,0.3
2026-06-05 21:30:00,Counter_1,5.0,2.0,21,4,0,0,1.45,7.42
2026-06-05 21:30:00,Counter_2,4.0,2.0,21,4,0,0,1.58,6.23
2026-06-05 21:30:00,Counter_3,6.0,1.0,21,4,0,0,1.02,6.0
2026-06-05 21:30:00,Counter_4,2.0,2.0,21,4,0,0,1.57,2.98
2026-06-05 21:30:00,Counter_5,3.0,2.0,21,4,0,0,1.27,3.83
2026-06-05 21:35:00,Counter_1,5.0,2.0,21,4,0,0,1.42,6.8
2026-06-05 21:35:00,Counter_2,4.0,2.0,21,4,0,0,1.42,5.64
2026-06-05 21:35:00,Counter_3,4.0,2.0,21,4,0,0,1.36,5.52
2026-06-05 21:35:00,Counter_4,2.0,2.0,21,4,0,0,0.98,1.81
2026-06-05 21:35:00,Counter_5,2.0,2.0,21,4,0,0,1.49,2.99
2026-06-05 21:40:00,Counter_1,1.0,2.0,21,4,0,0,1.34,1.39
2026-06-05 21:40:00,Counter_2,6.0,1.0,21,4,0,0,0.88,4.93
2026-06-05 21:40:00,Counter_3,3.0,,21,4,0,0,1.13,3.43
2026-06-05 21:40:00,Counter_4,2.0,2.0,21,4,0,0,0.95,1.81
2026-06-05 21:40:00,Counter_5,4.0,2.0,21,4,0,0,0.89,3.93
2026-06-05 21:45:00,Counter_1,5.0,2.0,21,4,0,0,1.46,7.34
2026-06-05 21:45:00,Counter_2,3.0,2.0,21,4,0,0,0.88,2.46
2026-06-05 21:45:00,Counter_3,5.0,2.0,21,4,0,0,0.92,4.24
2026-06-05 21:45:00,Counter_4,7.0,1.0,21,4,0,0,,12.17
2026-06-05 21:45:00,Counter_5,4.0,2.0,21,4,0,0,1.14,4.82
2026-06-05 21:50:00,Counter_1,5.0,2.0,21,4,0,0,1.41,6.93
2026-06-05 21:50:00,Counter_2,2.0,2.0,21,4,0,0,1.53,3.12
2026-06-05 21:50:00,Counter_3,5.0,2.0,21,4,0,0,1.44,7.35
2026-06-05 21:50:00,Counter_4,5.0,2.0,21,4,0,0,1.29,6.59
2026-06-05 21:50:00,Counter_5,4.0,2.0,21,4,0,0,1.24,4.96
2026-06-05 21:55:00,Counter_1,10.0,1.0,21,4,0,0,1.38,13.67
2026-06-05 21:55:00,Counter_2,3.0,2.0,21,4,0,0,1.19,3.52
2026-06-05 21:55:00,Counter_3,7.0,1.0,21,4,0,0,1.42,9.73
2026-06-05 21:55:00,Counter_4,8.0,1.0,21,4,0,0,1.19,9.33
2026-06-05 21:55:00,Counter_5,,2.0,21,4,0,0,1.21,6.25
2026-06-05 22:00:00,Counter_1,4.0,2.0,22,4,0,0,1.72,6.95
2026-06-05 22:00:00,Counter_2,0.0,2.0,22,4,0,0,1.13,0.17
2026-06-05 22:00:00,Counter_3,6.0,1.0,22,4,0,0,1.25,7.36
2026-06-05 22:00:00,Counter_4,0.0,2.0,22,4,0,0,1.36,0.1
2026-06-05 22:00:00,Counter_5,4.0,2.0,22,4,0,0,1.37,5.43
2026-06-05 22:05:00,Counter_1,2.0,1.0,22,4,0,0,1.32,2.67
2026-06-05 22:05:00,Counter_2,2.0,1.0,22,4,0,0,0.94,2.11
2026-06-05 22:05:00,Counter_3,1.0,2.0,22,4,0,0,1.29,1.15
2026-06-05 22:05:00,Counter_4,1.0,2.0,22,4,0,0,1.31,1.18
2026-06-05 22:05:00,Counter_5,5.0,1.0,22,4,0,0,1.53,7.86
2026-06-05 22:10:00,Counter_1,,2.0,22,4,0,0,1.43,3.02
2026-06-05 22:10:00,Counter_2,3.0,2.0,22,4,0,0,1.55,4.72
2026-06-05 22:10:00,Counter_3,4.0,1.0,22,4,0,0,1.0,3.56
2026-06-05 22:10:00,Counter_4,,2.0,22,4,0,0,1.0,1.26
2026-06-05 22:10:00,Counter_5,2.0,2.0,22,4,0,0,1.33,2.54
2026-06-05 22:15:00,Counter_1,4.0,1.0,22,4,0,0,1.53,6.0
2026-06-05 22:15:00,Counter_2,2.0,2.0,22,4,0,0,1.2,2.36
2026-06-05 22:15:00,Counter_3,0.0,2.0,22,4,0,0,1.06,0.05
2026-06-05 22:15:00,Counter_4,5.0,1.0,22,4,0,0,0.85,4.49
2026-06-05 22:15:00,Counter_5,1.0,2.0,22,4,0,0,1.34,1.37
2026-06-05 22:20:00,Counter_1,4.0,1.0,22,4,0,0,1.22,5.02
2026-06-05 22:20:00,Counter_2,1.0,1.0,22,4,0,0,1.14,0.99
2026-06-05 22:20:00,Counter_3,2.0,1.0,22,4,0,0,1.48,3.16
2026-06-05 22:20:00,Counter_4,5.0,2.0,22,4,0,0,1.23,6.43
2026-06-05 22:20:00,Counter_5,3.0,1.0,22,4,0,0,1.25,3.5
2026-06-05 22:25:00,Counter_1,2.0,1.0,22,4,0,0,1.47,2.72
2026-06-05 22:25:00,Counter_2,3.0,1.0,22,4,0,0,1.8,5.24
2026-06-05 22:25:00,Counter_3,1.0,2.0,22,4,0,0,1.14,1.32
2026-06-05 22:25:00,Counter_4,0.0,2.0,22,4,0,0,1.03,0.06
2026-06-05 22:25:00,Counter_5,5.0,1.0,22,4,0,0,1.0,4.99
2026-06-05 22:30:00,Counter_1,1.0,2.0,22,4,0,0,1.37,1.44
2026-06-05 22:30:00,Counter_2,3.0,2.0,22,4,0,0,0.98,3.33
2026-06-05 22:30:00,Counter_3,2.0,2.0,22,4,0,0,1.16,1.97
2026-06-05 22:30:00,Counter_4,1.0,2.0,22,4,0,0,1.18,1.12
2026-06-05 22:30:00,Counter_5,1.0,1.0,22,4,0,0,1.64,1.02
2026-06-05 22:35:00,Counter_1,1.0,2.0,22,4,0,0,1.55,1.65
2026-06-05 22:35:00,Counter_2,9.0,1.0,22,4,0,0,0.87,8.05
2026-06-05 22:35:00,Counter_3,1.0,2.0,22,4,0,0,1.65,1.59
2026-06-05 22:35:00,Counter_4,1.0,2.0,22,4,0,0,0.95,1.08
2026-06-05 22:35:00,Counter_5,4.0,2.0,22,4,0,0,1.29,4.85
2026-06-05 22:40:00,Counter_1,2.0,1.0,22,4,0,0,1.04,2.18
2026-06-05 22:40:00,Counter_2,4.0,2.0,22,4,0,0,1.15,5.09
2026-06-05 22:40:00,Counter_3,0.0,2.0,22,4,0,0,1.0,0.01
2026-06-05 22:40:00,Counter_4,6.0,1.0,22,4,0,0,1.67,10.1
2026-06-05 22:40:00,Counter_5,1.0,1.0,22,4,0,0,1.21,1.09
2026-06-05 22:45:00,Counter_1,3.0,1.0,22,4,0,0,1.31,3.97
2026-06-05 22:45:00,Counter_2,1.0,1.0,22,4,0,0,0.98,1.2
2026-06-05 22:45:00,Counter_3,7.0,1.0,22,4,0,0,0.9,6.42
2026-06-05 22:45:00,Counter_4,0.0,2.0,22,4,0,0,1.14,0.3
2026-06-05 22:45:00,Counter_5,2.0,2.0,22,4,0,0,1.38,2.74
2026-06-05 22:50:00,Counter_1,1.0,2.0,22,4,0,0,1.22,0.98
2026-06-05 22:50:00,Counter_2,2.0,2.0,22,4,0,0,1.49,3.18
2026-06-05 22:50:00,Counter_3,0.0,1.0,22,4,0,0,1.28,0.12
2026-06-05 22:50:00,Counter_4,0.0,2.0,22,4,0,0,1.25,0.13
2026-06-05 22:50:00,Counter_5,1.0,2.0,22,4,0,0,1.38,1.42
2026-06-05 22:55:00,Counter_1,2.0,,22,4,0,0,1.28,2.37
2026-06-05 22:55:00,Counter_2,4.0,1.0,22,4,0,0,1.49,5.87
2026-06-05 22:55:00,Counter_3,0.0,2.0,22,4,0,0,1.39,0.06
2026-06-05 22:55:00,Counter_4,0.0,1.0,22,4,0,0,1.48,0.3
2026-06-05 22:55:00,Counter_5,3.0,1.0,22,4,0,0,1.43,4.43
2026-06-05 23:00:00,Counter_1,0.0,2.0,23,4,0,0,1.59,0.06
2026-06-05 23:00:00,Counter_2,,2.0,23,4,0,0,1.46,5.93
2026-06-05 23:00:00,Counter_3,0.0,1.0,23,4,0,0,1.69,0.11
2026-06-05 23:00:00,Counter_4,1.0,2.0,23,4,0,0,1.11,1.26
2026-06-05 23:00:00,Counter_5,2.0,2.0,23,4,0,0,1.46,2.92
2026-06-05 23:05:00,Counter_1,1.0,2.0,23,4,0,0,0.9,0.81
2026-06-05 23:05:00,Counter_2,2.0,1.0,23,4,0,0,1.49,2.83
2026-06-05 23:05:00,Counter_3,3.0,1.0,23,4,0,0,1.26,3.92
2026-06-05 23:05:00,Counter_4,4.0,2.0,23,4,0,0,1.48,5.89
2026-06-05 23:05:00,Counter_5,0.0,2.0,23,4,0,0,1.67,0.06
2026-06-05 23:10:00,Counter_1,5.0,1.0,23,4,0,0,,7.15
2026-06-05 23:10:00,Counter_2,2.0,2.0,23,4,0,0,1.15,2.05
2026-06-05 23:10:00,Counter_3,0.0,1.0,23,4,0,0,0.98,0.18
2026-06-05 23:10:00,Counter_4,4.0,1.0,23,4,0,0,1.38,5.58
2026-06-05 23:10:00,Counter_5,4.0,2.0,23,4,0,0,1.18,4.42
2026-06-05 23:15:00,Counter_1,5.0,1.0,23,4,0,0,1.42,6.88
2026-06-05 23:15:00,Counter_2,2.0,2.0,23,4,0,0,1.12,1.91
2026-06-05 23:15:00,Counter_3,4.0,1.0,23,4,0,0,1.02,4.32
2026-06-05 23:15:00,Counter_4,1.0,1.0,23,4,0,0,1.19,1.31
2026-06-05 23:15:00,Counter_5,3.0,2.0,23,4,0,0,1.38,4.36
2026-06-05 23:20:00,Counter_1,0.0,2.0,23,4,0,0,1.28,0.04
2026-06-05 23:20:00,Counter_2,1.0,2.0,23,4,0,0,1.05,1.14
2026-06-05 23:20:00,Counter_3,1.0,2.0,23,4,0,0,1.7,1.69
2026-06-05 23:20:00,Counter_4,3.0,1.0,23,4,0,0,1.22,3.7
2026-06-05 23:20:00,Counter_5,1.0,2.0,23,4,0,0,0.68,0.55
2026-06-05 23:25:00,Counter_1,7.0,1.0,23,4,0,0,1.48,10.2
2026-06-05 23:25:00,Counter_2,1.0,2.0,23,4,0,0,1.25,1.17
2026-06-05 23:25:00,Counter_3,1.0,2.0,23,4,0,0,1.21,1.16
2026-06-05 23:25:00,Counter_4,0.0,1.0,23,4,0,0,1.2,0.09
2026-06-05 23:25:00,Counter_5,1.0,2.0,23,4,0,0,1.2,0.95
2026-06-05 23:30:00,Counter_1,1.0,2.0,23,4,0,0,1.67,1.42
2026-06-05 23:30:00,Counter_2,,2.0,23,4,0,0,1.37,3.85
2026-06-05 23:30:00,Counter_3,1.0,1.0,23,4,0,0,1.32,1.45
2026-06-05 23:30:00,Counter_4,0.0,2.0,23,4,0,0,1.18,0.08
2026-06-05 23:30:00,Counter_5,1.0,2.0,23,4,0,0,1.68,1.64
2026-06-05 23:35:00,Counter_1,2.0,2.0,23,4,0,0,1.46,3.0
2026-06-05 23:35:00,Counter_2,1.0,2.0,23,4,0,0,1.5,1.66
2026-06-05 23:35:00,Counter_3,0.0,1.0,23,4,0,0,1.32,0.26
2026-06-05 23:35:00,Counter_4,1.0,1.0,23,4,0,0,1.5,1.83
2026-06-05 23:35:00,Counter_5,3.0,2.0,23,4,0,0,1.35,4.06
2026-06-05 23:40:00,Counter_1,3.0,1.0,23,4,0,0,1.16,3.52
2026-06-05 23:40:00,Counter_2,4.0,2.0,23,4,0,0,1.34,5.24
2026-06-05 23:40:00,Counter_3,2.0,1.0,23,4,0,0,1.77,3.16
2026-06-05 23:40:00,Counter_4,2.0,2.0,23,4,0,0,1.3,2.62
2026-06-05 23:40:00,Counter_5,1.0,1.0,23,4,0,0,1.57,1.74
2026-06-05 23:45:00,Counter_1,5.0,1.0,23,4,0,0,1.55,7.6
2026-06-05 23:45:00,Counter_2,,2.0,23,4,0,0,1.39,1.29
2026-06-05 23:45:00,Counter_3,1.0,2.0,23,4,0,0,1.66,1.85
2026-06-05 23:45:00,Counter_4,1.0,2.0,23,4,0,0,0.71,0.7
2026-06-05 23:45:00,Counter_5,4.0,1.0,23,4,0,0,0.79,2.98
2026-06-05 23:50:00,Counter_1,4.0,1.0,23,4,0,0,1.68,6.53
2026-06-05 23:50:00,Counter_2,2.0,2.0,23,4,0,0,1.09,2.31
2026-06-05 23:50:00,Counter_3,1.0,2.0,23,4,0,0,1.28,1.25
2026-06-05 23:50:00,Counter_4,1.0,2.0,23,4,0,0,1.69,1.66
2026-06-05 23:50:00,Counter_5,6.0,1.0,23,4,0,0,1.3,7.52
2026-06-05 23:55:00,Counter_1,4.0,2.0,23,4,0,0,1.67,6.78
2026-06-05 23:55:00,Counter_2,1.0,1.0,23,4,0,0,1.15,1.36
2026-06-05 23:55:00,Counter_3,2.0,2.0,23,4,0,0,1.4,2.73
2026-06-05 23:55:00,Counter_4,2.0,1.0,23,4,0,0,1.26,2.6
2026-06-05 23:55:00,Counter_5,7.0,1.0,23,4,0,0,1.62,11.26
2026-06-06 00:00:00,Counter_1,6.0,2.0,0,5,1,0,1.18,7.2
2026-06-06 00:00:00,Counter_2,7.0,1.0,0,5,1,0,1.01,7.17
2026-06-06 00:00:00,Counter_3,2.0,,0,5,1,0,1.13,2.18
2026-06-06 00:00:00,Counter_4,3.0,2.0,0,5,1,0,1.14,2.99
2026-06-06 00:00:00,Counter_5,3.0,2.0,0,5,1,0,1.09,3.11
2026-06-06 00:05:00,Counter_1,8.0,1.0,0,5,1,0,1.08,8.71
2026-06-06 00:05:00,Counter_2,3.0,1.0,0,5,1,0,1.53,4.77
2026-06-06 00:05:00,Counter_3,1.0,2.0,0,5,1,0,1.6,1.48
2026-06-06 00:05:00,Counter_4,9.0,1.0,0,5,1,0,1.35,12.42
2026-06-06 00:05:00,Counter_5,2.0,1.0,0,5,1,0,1.09,2.48
2026-06-06 00:10:00,Counter_1,3.0,2.0,0,5,1,0,1.1,3.44
2026-06-06 00:10:00,Counter_2,1.0,2.0,0,5,1,0,0.73,0.5
2026-06-06 00:10:00,Counter_3,1.0,2.0,0,5,1,0,1.34,1.48
2026-06-06 00:10:00,Counter_4,0.0,2.0,0,5,1,0,1.08,0.03
2026-06-06 00:10:00,Counter_5,3.0,2.0,0,5,1,0,1.62,4.74
2026-06-06 00:15:00,Counter_1,5.0,1.0,0,5,1,0,0.91,4.64
2026-06-06 00:15:00,Counter_2,4.0,2.0,0,5,1,0,1.1,4.49
2026-06-06 00:15:00,Counter_3,3.0,2.0,0,5,1,0,1.23,3.78
2026-06-06 00:15:00,Counter_4,0.0,2.0,0,5,1,0,1.37,0.1
2026-06-06 00:15:00,Counter_5,1.0,2.0,0,5,1,0,1.7,1.69
2026-06-06 00:20:00,Counter_1,1.0,2.0,0,5,1,0,0.91,0.62
2026-06-06 00:20:00,Counter_2,3.0,2.0,0,5,1,0,1.17,3.93
2026-06-06 00:20:00,Counter_3,6.0,1.0,0,5,1,0,0.89,5.26
2026-06-06 00:20:00,Counter_4,3.0,2.0,0,5,1,0,1.45,4.21
2026-06-06 00:20:00,Counter_5,4.0,2.0,0,5,1,0,1.09,4.12
2026-06-06 00:25:00,Counter_1,5.0,1.0,0,5,1,0,1.22,6.13
2026-06-06 00:25:00,Counter_2,6.0,1.0,0,5,1,0,1.21,7.27
2026-06-06 00:25:00,Counter_3,3.0,1.0,0,5,1,0,1.28,3.82
2026-06-06 00:25:00,Counter_4,0.0,1.0,0,5,1,0,1.21,0.15
2026-06-06 00:25:00,Counter_5,2.0,2.0,0,5,1,0,1.01,2.15
2026-06-06 00:30:00,Counter_1,5.0,1.0,0,5,1,0,1.27,6.15
2026-06-06 00:30:00,Counter_2,3.0,2.0,0,5,1,0,1.05,3.56
2026-06-06 00:30:00,Counter_3,0.0,2.0,0,5,1,0,1.45,0.09
2026-06-06 00:30:00,Counter_4,6.0,1.0,0,5,1,0,1.26,7.54
2026-06-06 00:30:00,Counter_5,2.0,1.0,0,5,1,0,0.99,1.83
2026-06-06 00:35:00,Counter_1,0.0,1.0,0,5,1,0,1.85,0.25
2026-06-06 00:35:00,Counter_2,,1.0,0,5,1,0,1.66,11.75
2026-06-06 00:35:00,Counter_3,6.0,1.0,0,5,1,0,1.86,11.08
2026-06-06 00:35:00,Counter_4,1.0,2.0,0,5,1,0,1.16,1.37
2026-06-06 00:35:00,Counter_5,3.0,2.0,0,5,1,0,1.04,3.16
2026-06-06 00:40:00,Counter_1,,2.0,0,5,1,0,1.45,6.09
2026-06-06 00:40:00,Counter_2,1.0,2.0,0,5,1,0,1.53,1.72
2026-06-06 00:40:00,Counter_3,2.0,2.0,0,5,1,0,1.3,2.51
2026-06-06 00:40:00,Counter_4,3.0,2.0,0,5,1,0,0.72,2.37
2026-06-06 00:40:00,Counter_5,2.0,2.0,0,5,1,0,1.0,1.87
2026-06-06 00:45:00,Counter_1,1.0,1.0,0,5,1,0,1.36,1.49
2026-06-06 00:45:00,Counter_2,0.0,2.0,0,5,1,0,1.08,0.05
2026-06-06 00:45:00,Counter_3,2.0,2.0,0,5,1,0,0.91,1.72
2026-06-06 00:45:00,Counter_4,3.0,1.0,0,5,1,0,1.19,3.17
2026-06-06 00:45:00,Counter_5,6.0,1.0,0,5,1,0,0.6,3.9
2026-06-06 00:50:00,Counter_1,2.0,1.0,0,5,1,0,1.1,2.28
2026-06-06 00:50:00,Counter_2,6.0,1.0,0,5,1,0,1.14,6.84
2026-06-06 00:50:00,Counter_3,9.0,1.0,0,5,1,0,1.33,11.97
2026-06-06 00:50:00,Counter_4,5.0,1.0,0,5,1,0,1.39,7.14
2026-06-06 00:50:00,Counter_5,3.0,2.0,0,5,1,0,,4.46
2026-06-06 00:55:00,Counter_1,5.0,2.0,0,5,1,0,1.47,7.53
2026-06-06 00:55:00,Counter_2,0.0,2.0,0,5,1,0,1.21,0.1
2026-06-06 00:55:00,Counter_3,1.0,1.0,0,5,1,0,0.89,0.95
2026-06-06 00:55:00,Counter_4,1.0,1.0,0,5,1,0,1.26,1.33
2026-06-06 00:55:00,Counter_5,4.0,1.0,0,5,1,0,1.03,3.92
2026-06-06 01:00:00,Counter_1,3.0,2.0,1,5,1,0,0.91,2.85
2026-06-06 01:00:00,Counter_2,5.0,1.0,1,5,1,0,1.39,6.69
2026-06-06 01:00:00,Counter_3,2.0,2.0,1,5,1,0,0.9,1.89
2026-06-06 01:00:00,Counter_4,2.0,1.0,1,5,1,0,1.42,2.75
2026-06-06 01:00:00,Counter_5,1.0,1.0,1,5,1,0,0.93,1.1
2026-06-06 01:05:00,Counter_1,10.0,1.0,1,5,1,0,1.18,11.88
2026-06-06 01:05:00,Counter_2,3.0,2.0,1,5,1,0,1.11,3.26
2026-06-06 01:05:00,Counter_3,3.0,1.0,1,5,1,0,1.53,4.39
2026-06-06 01:05:00,Counter_4,3.0,1.0,1,5,1,0,1.4,4.5
2026-06-06 01:05:00,Counter_5,4.0,1.0,1,5,1,0,1.04,4.14
2026-06-06 01:10:00,Counter_1,1.0,2.0,1,5,1,0,,1.56
2026-06-06 01:10:00,Counter_2,1.0,,1,5,1,0,1.58,1.33
2026-06-06 01:10:00,Counter_3,1.0,2.0,1,5,1,0,1.62,1.57
2026-06-06 01:10:00,Counter_4,1.0,2.0,1,5,1,0,,0.46
2026-06-06 01:10:00,Counter_5,7.0,1.0,1,5,1,0,1.58,11.21
2026-06-06 01:15:00,Counter_1,3.0,2.0,1,5,1,0,1.56,4.85
2026-06-06 01:15:00,Counter_2,3.0,2.0,1,5,1,0,1.29,3.75
2026-06-06 01:15:00,Counter_3,2.0,2.0,1,5,1,0,1.23,2.33
2026-06-06 01:15:00,Counter_4,4.0,2.0,1,5,1,0,1.11,4.36
2026-06-06 01:15:00,Counter_5,3.0,2.0,1,5,1,0,0.94,2.77
2026-06-06 01:20:00,Counter_1,6.0,1.0,1,5,1,0,1.33,7.87
2026-06-06 01:20:00,Counter_2,8.0,1.0,1,5,1,0,1.21,9.9
2026-06-06 01:20:00,Counter_3,1.0,2.0,1,5,1,0,1.36,1.27
2026-06-06 01:20:00,Counter_4,3.0,1.0,1,5,1,0,1.36,3.7
2026-06-06 01:20:00,Counter_5,1.0,2.0,1,5,1,0,1.88,1.83
2026-06-06 01:25:00,Counter_1,2.0,2.0,1,5,1,0,1.55,3.0
2026-06-06 01:25:00,Counter_2,4.0,2.0,1,5,1,0,1.39,5.3
2026-06-06 01:25:00,Counter_3,1.0,2.0,1,5,1,0,0.72,0.76
2026-06-06 01:25:00,Counter_4,1.0,2.0,1,5,1,0,1.35,0.96
2026-06-06 01:25:00,Counter_5,3.0,,1,5,1,0,1.65,5.03
2026-06-06 01:30:00,Counter_1,0.0,2.0,1,5,1,0,1.14,0.0
2026-06-06 01:30:00,Counter_2,6.0,1.0,1,5,1,0,1.8,10.69
2026-06-06 01:30:00,Counter_3,6.0,1.0,1,5,1,0,1.39,8.11
2026-06-06 01:30:00,Counter_4,4.0,2.0,1,5,1,0,1.32,4.99
2026-06-06 01:30:00,Counter_5,2.0,2.0,1,5,1,0,1.0,2.18
2026-06-06 01:35:00,Counter_1,1.0,2.0,1,5,1,0,1.63,1.57
2026-06-06 01:35:00,Counter_2,0.0,2.0,1,5,1,0,1.04,0.01
2026-06-06 01:35:00,Counter_3,6.0,1.0,1,5,1,0,1.11,6.66
2026-06-06 01:35:00,Counter_4,1.0,2.0,1,5,1,0,0.78,0.73
2026-06-06 01:35:00,Counter_5,8.0,1.0,1,5,1,0,1.47,12.04
2026-06-06 01:40:00,Counter_1,2.0,2.0,1,5,1,0,1.4,2.72
2026-06-06 01:40:00,Counter_2,5.0,2.0,1,5,1,0,1.25,6.45
2026-06-06 01:40:00,Counter_3,8.0,,1,5,1,0,1.44,11.48
2026-06-06 01:40:00,Counter_4,1.0,2.0,1,5,1,0,1.41,1.17
2026-06-06 01:40:00,Counter_5,4.0,2.0,1,5,1,0,1.16,4.73
2026-06-06 01:45:00,Counter_1,3.0,2.0,1,5,1,0,1.05,3.39
2026-06-06 01:45:00,Counter_2,1.0,2.0,1,5,1,0,0.82,1.0
2026-06-06 01:45:00,Counter_3,6.0,2.0,1,5,1,0,1.21,7.32
2026-06-06 01:45:00,Counter_4,3.0,1.0,1,5,1,0,0.92,2.96
2026-06-06 01:45:00,Counter_5,1.0,2.0,1,5,1,0,1.29,1.32
2026-06-06 01:50:00,Counter_1,3.0,2.0,1,5,1,0,1.21,3.65
2026-06-06 01:50:00,Counter_2,1.0,2.0,1,5,1,0,1.15,0.86
2026-06-06 01:50:00,Counter_3,7.0,1.0,1,5,1,0,1.51,10.61
2026-06-06 01:50:00,Counter_4,1.0,1.0,1,5,1,0,1.0,1.3
2026-06-06 01:50:00,Counter_5,4.0,1.0,1,5,1,0,0.79,2.83
2026-06-06 01:55:00,Counter_1,0.0,1.0,1,5,1,0,1.19,0.05
2026-06-06 01:55:00,Counter_2,1.0,1.0,1,5,1,0,1.07,1.0
2026-06-06 01:55:00,Counter_3,3.0,2.0,1,5,1,0,1.28,3.57
2026-06-06 01:55:00,Counter_4,3.0,2.0,1,5,1,0,1.02,3.2
2026-06-06 01:55:00,Counter_5,3.0,2.0,1,5,1,0,1.36,3.73
2026-06-06 02:00:00,Counter_1,4.0,2.0,2,5,1,0,1.01,4.18
2026-06-06 02:00:00,Counter_2,5.0,1.0,2,5,1,0,1.0,5.2
2026-06-06 02:00:00,Counter_3,4.0,2.0,2,5,1,0,1.4,5.73
2026-06-06 02:00:00,Counter_4,5.0,2.0,2,5,1,0,1.24,6.2
2026-06-06 02:00:00,Counter_5,0.0,2.0,2,5,1,0,0.95,0.01
2026-06-06 02:05:00,Counter_1,0.0,1.0,2,5,1,0,1.01,0.09
2026-06-06 02:05:00,Counter_2,4.0,2.0,2,5,1,0,1.16,4.69
2026-06-06 02:05:00,Counter_3,2.0,1.0,2,5,1,0,0.96,1.8
2026-06-06 02:05:00,Counter_4,1.0,1.0,2,5,1,0,1.18,1.36
2026-06-06 02:05:00,Counter_5,2.0,2.0,2,5,1,0,1.19,2.52
2026-06-06 02:10:00,Counter_1,4.0,2.0,2,5,1,0,1.02,3.92
2026-06-06 02:10:00,Counter_2,2.0,2.0,2,5,1,0,1.41,2.89
2026-06-06 02:10:00,Counter_3,1.0,1.0,2,5,1,0,0.99,1.07
2026-06-06 02:10:00,Counter_4,1.0,2.0,2,5,1,0,1.56,1.47
2026-06-06 02:10:00,Counter_5,0.0,2.0,2,5,1,0,1.2,0.19
2026-06-06 02:15:00,Counter_1,4.0,,2,5,1,0,1.09,4.46
2026-06-06 02:15:00,Counter_2,2.0,2.0,2,5,1,0,1.38,2.67
2026-06-06 02:15:00,Counter_3,4.0,1.0,2,5,1,0,1.26,4.86
2026-06-06 02:15:00,Counter_4,5.0,2.0,2,5,1,0,1.44,7.25
2026-06-06 02:15:00,Counter_5,3.0,1.0,2,5,1,0,0.75,2.55
2026-06-06 02:20:00,Counter_1,4.0,2.0,2,5,1,0,1.38,5.49
2026-06-06 02:20:00,Counter_2,5.0,1.0,2,5,1,0,,5.53
2026-06-06 02:20:00,Counter_3,8.0,1.0,2,5,1,0,1.26,9.92
2026-06-06 02:20:00,Counter_4,10.0,1.0,2,5,1,0,1.23,12.53
2026-06-06 02:20:00,Counter_5,0.0,2.0,2,5,1,0,1.59,0.01
2026-06-06 02:25:00,Counter_1,4.0,2.0,2,5,1,0,0.78,3.09
2026-06-06 02:25:00,Counter_2,2.0,1.0,2,5,1,0,,3.14
2026-06-06 02:25:00,Counter_3,4.0,1.0,2,5,1,0,1.43,5.56
2026-06-06 02:25:00,Counter_4,4.0,2.0,2,5,1,0,1.29,4.99
2026-06-06 02:25:00,Counter_5,3.0,2.0,2,5,1,0,0.89,2.57
2026-06-06 02:30:00,Counter_1,2.0,2.0,2,5,1,0,0.83,1.55
2026-06-06 02:30:00,Counter_2,1.0,2.0,2,5,1,0,1.11,0.96
2026-06-06 02:30:00,Counter_3,2.0,2.0,2,5,1,0,1.41,3.04
2026-06-06 02:30:00,Counter_4,5.0,1.0,2,5,1,0,1.25,6.57
2026-06-06 02:30:00,Counter_5,3.0,2.0,2,5,1,0,,3.95
2026-06-06 02:35:00,Counter_1,1.0,2.0,2,5,1,0,,0.77
2026-06-06 02:35:00,Counter_2,2.0,1.0,2,5,1,0,1.26,2.33
2026-06-06 02:35:00,Counter_3,3.0,2.0,2,5,1,0,1.52,4.62
2026-06-06 02:35:00,Counter_4,2.0,2.0,2,5,1,0,1.61,3.15
2026-06-06 02:35:00,Counter_5,1.0,2.0,2,5,1,0,0.94,0.73
2026-06-06 02:40:00,Counter_1,5.0,2.0,2,5,1,0,1.16,6.13
2026-06-06 02:40:00,Counter_2,6.0,1.0,2,5,1,0,1.16,7.06
2026-06-06 02:40:00,Counter_3,5.0,1.0,2,5,1,0,1.09,5.25
2026-06-06 02:40:00,Counter_4,1.0,1.0,2,5,1,0,1.48,1.78
2026-06-06 02:40:00,Counter_5,0.0,2.0,2,5,1,0,1.97,0.23
2026-06-06 02:45:00,Counter_1,1.0,2.0,2,5,1,0,0.97,1.09
2026-06-06 02:45:00,Counter_2,3.0,1.0,2,5,1,0,1.36,4.56
2026-06-06 02:45:00,Counter_3,2.0,1.0,2,5,1,0,1.32,2.61
2026-06-06 02:45:00,Counter_4,1.0,1.0,2,5,1,0,1.33,1.27
2026-06-06 02:45:00,Counter_5,2.0,1.0,2,5,1,0,1.58,3.19
2026-06-06 02:50:00,Counter_1,6.0,1.0,2,5,1,0,1.34,8.49
2026-06-06 02:50:00,Counter_2,4.0,1.0,2,5,1,0,0.72,3.18
2026-06-06 02:50:00,Counter_3,3.0,2.0,2,5,1,0,0.89,2.58
2026-06-06 02:50:00,Counter_4,2.0,2.0,2,5,1,0,0.98,2.02
2026-06-06 02:50:00,Counter_5,1.0,1.0,2,5,1,0,1.06,1.24
2026-06-06 02:55:00,Counter_1,2.0,2.0,2,5,1,0,1.22,2.35
2026-06-06 02:55:00,Counter_2,3.0,2.0,2,5,1,0,1.2,3.37
2026-06-06 02:55:00,Counter_3,2.0,1.0,2,5,1,0,0.79,1.8
2026-06-06 02:55:00,Counter_4,5.0,2.0,2,5,1,0,0.85,4.35
2026-06-06 02:55:00,Counter_5,1.0,1.0,2,5,1,0,0.72,0.78
2026-06-06 03:00:00,Counter_1,5.0,1.0,3,5,1,0,0.86,4.52
2026-06-06 03:00:00,Counter_2,4.0,1.0,3,5,1,0,1.5,5.77
2026-06-06 03:00:00,Counter_3,1.0,2.0,3,5,1,0,1.18,1.13
2026-06-06 03:00:00,Counter_4,3.0,2.0,3,5,1,0,1.01,3.56
2026-06-06 03:00:00,Counter_5,2.0,2.0,3,5,1,0,0.77,1.65
2026-06-06 03:05:00,Counter_1,4.0,2.0,3,5,1,0,1.0,4.13
2026-06-06 03:05:00,Counter_2,5.0,1.0,3,5,1,0,1.4,7.02
2026-06-06 03:05:00,Counter_3,2.0,2.0,3,5,1,0,1.37,2.37
2026-06-06 03:05:00,Counter_4,1.0,2.0,3,5,1,0,1.19,1.03
2026-06-06 03:05:00,Counter_5,1.0,2.0,3,5,1,0,1.18,1.36
2026-06-06 03:10:00,Counter_1,2.0,2.0,3,5,1,0,0.81,1.51
2026-06-06 03:10:00,Counter_2,2.0,2.0,3,5,1,0,1.06,2.09
2026-06-06 03:10:00,Counter_3,5.0,2.0,3,5,1,0,1.39,7.01
2026-06-06 03:10:00,Counter_4,2.0,2.0,3,5,1,0,1.08,1.96
2026-06-06 03:10:00,Counter_5,7.0,1.0,3,5,1,0,1.66,11.36
2026-06-06 03:15:00,Counter_1,3.0,1.0,3,5,1,0,1.55,4.65
2026-06-06 03:15:00,Counter_2,3.0,1.0,3,5,1,0,1.14,3.35
2026-06-06 03:15:00,Counter_3,3.0,1.0,3,5,1,0,1.18,3.59
2026-06-06 03:15:00,Counter_4,1.0,1.0,3,5,1,0,1.81,1.52
2026-06-06 03:15:00,Counter_5,1.0,1.0,3,5,1,0,1.46,1.35
2026-06-06 03:20:00,Counter_1,5.0,1.0,3,5,1,0,1.27,6.49
2026-06-06 03:20:00,Counter_2,1.0,2.0,3,5,1,0,1.3,1.89
2026-06-06 03:20:00,Counter_3,1.0,2.0,3,5,1,0,1.29,1.31
2026-06-06 03:20:00,Counter_4,1.0,1.0,3,5,1,0,1.25,1.38
2026-06-06 03:20:00,Counter_5,0.0,1.0,3,5,1,0,0.98,0.03
2026-06-06 03:25:00,Counter_1,1.0,1.0,3,5,1,0,1.15,1.21
2026-06-06 03:25:00,Counter_2,2.0,2.0,3,5,1,0,0.89,1.92
2026-06-06 03:25:00,Counter_3,4.0,2.0,3,5,1,0,1.43,5.53
2026-06-06 03:25:00,Counter_4,2.0,2.0,3,5,1,0,1.22,2.37
2026-06-06 03:25:00,Counter_5,2.0,2.0,3,5,1,0,1.44,2.93
2026-06-06 03:30:00,Counter_1,3.0,2.0,3,5,1,0,0.93,2.6
2026-06-06 03:30:00,Counter_2,5.0,1.0,3,5,1,0,1.61,8.14
2026-06-06 03:30:00,Counter_3,4.0,2.0,3,5,1,0,1.57,5.9
2026-06-06 03:30:00,Counter_4,1.0,2.0,3,5,1,0,0.86,1.02
2026-06-06 03:30:00,Counter_5,2.0,1.0,3,5,1,0,1.12,2.21
2026-06-06 03:35:00,Counter_1,3.0,2.0,3,5,1,0,1.15,3.59
2026-06-06 03:35:00,Counter_2,3.0,1.0,3,5,1,0,0.89,2.87
2026-06-06 03:35:00,Counter_3,7.0,1.0,3,5,1,0,1.19,8.61
2026-06-06 03:35:00,Counter_4,0.0,2.0,3,5,1,0,1.39,0.01
2026-06-06 03:35:00,Counter_5,1.0,2.0,3,5,1,0,1.13,0.78
2026-06-06 03:40:00,Counter_1,2.0,2.0,3,5,1,0,0.82,1.29
2026-06-06 03:40:00,Counter_2,5.0,2.0,3,5,1,0,1.44,6.95
2026-06-06 03:40:00,Counter_3,5.0,2.0,3,5,1,0,1.05,5.39
2026-06-06 03:40:00,Counter_4,4.0,2.0,3,5,1,0,1.08,4.04
2026-06-06 03:40:00,Counter_5,0.0,2.0,3,5,1,0,1.67,0.02
2026-06-06 03:45:00,Counter_1,5.0,2.0,3,5,1,0,1.35,6.67
2026-06-06 03:45:00,Counter_2,3.0,2.0,3,5,1,0,1.05,3.22
2026-06-06 03:45:00,Counter_3,3.0,2.0,3,5,1,0,0.95,2.99
2026-06-06 03:45:00,Counter_4,2.0,1.0,3,5,1,0,1.49,3.0
2026-06-06 03:45:00,Counter_5,5.0,1.0,3,5,1,0,1.47,7.51
2026-06-06 03:50:00,Counter_1,5.0,1.0,3,5,1,0,1.12,5.38
2026-06-06 03:50:00,Counter_2,6.0,1.0,3,5,1,0,0.94,5.84
2026-06-06 03:50:00,Counter_3,2.0,1.0,3,5,1,0,1.35,2.73
2026-06-06 03:50:00,Counter_4,2.0,1.0,3,5,1,0,1.4,2.95
2026-06-06 03:50:00,Counter_5,4.0,1.0,3,5,1,0,1.16,4.54
2026-06-06 03:55:00,Counter_1,1.0,2.0,3,5,1,0,0.97,0.56
2026-06-06 03:55:00,Counter_2,3.0,1.0,3,5,1,0,1.26,3.91
2026-06-06 03:55:00,Counter_3,4.0,2.0,3,5,1,0,1.37,5.45
2026-06-06 03:55:00,Counter_4,6.0,1.0,3,5,1,0,1.13,7.02
2026-06-06 03:55:00,Counter_5,1.0,2.0,3,5,1,0,1.32,1.4
2026-06-06 04:00:00,Counter_1,4.0,2.0,4,5,1,0,1.34,5.95
2026-06-06 04:00:00,Counter_2,1.0,1.0,4,5,1,0,1.54,1.79
2026-06-06 04:00:00,Counter_3,2.0,2.0,4,5,1,0,1.14,2.23
2026-06-06 04:00:00,Counter_4,7.0,2.0,4,5,1,0,0.97,6.47
2026-06-06 04:00:00,Counter_5,6.0,1.0,4,5,1,0,1.23,7.21
2026-06-06 04:05:00,Counter_1,2.0,1.0,4,5,1,0,1.67,3.15
2026-06-06 04:05:00,Counter_2,1.0,2.0,4,5,1,0,0.81,0.71
2026-06-06 04:05:00,Counter_3,5.0,2.0,4,5,1,0,0.67,3.32
2026-06-06 04:05:00,Counter_4,16.0,1.0,4,5,1,0,1.22,19.58
2026-06-06 04:05:00,Counter_5,2.0,2.0,4,5,1,0,1.16,2.59
2026-06-06 04:10:00,Counter_1,2.0,2.0,4,5,1,0,1.2,2.23
2026-06-06 04:10:00,Counter_2,5.0,2.0,4,5,1,0,1.19,5.67
2026-06-06 04:10:00,Counter_3,2.0,2.0,4,5,1,0,1.5,3.17
2026-06-06 04:10:00,Counter_4,2.0,2.0,4,5,1,0,1.24,2.75
2026-06-06 04:10:00,Counter_5,9.0,1.0,4,5,1,0,1.45,12.95
2026-06-06 04:15:00,Counter_1,3.0,2.0,4,5,1,0,0.63,2.1
2026-06-06 04:15:00,Counter_2,1.0,2.0,4,5,1,0,1.12,1.27
2026-06-06 04:15:00,Counter_3,6.0,1.0,4,5,1,0,1.05,5.96
2026-06-06 04:15:00,Counter_4,5.0,1.0,4,5,1,0,0.68,3.27
2026-06-06 04:15:00,Counter_5,10.0,1.0,4,5,1,0,1.28,12.7
2026-06-06 04:20:00,Counter_1,7.0,1.0,4,5,1,0,1.22,8.94
2026-06-06 04:20:00,Counter_2,2.0,1.0,4,5,1,0,1.13,2.36
2026-06-06 04:20:00,Counter_3,2.0,2.0,4,5,1,0,1.22,2.34
2026-06-06 04:20:00,Counter_4,1.0,2.0,4,5,1,0,1.28,1.14
2026-06-06 04:20:00,Counter_5,4.0,1.0,4,5,1,0,1.5,5.69
2026-06-06 04:25:00,Counter_1,4.0,2.0,4,5,1,0,1.41,5.85
2026-06-06 04:25:00,Counter_2,2.0,2.0,4,5,1,0,1.33,2.74
2026-06-06 04:25:00,Counter_3,5.0,1.0,4,5,1,0,1.83,9.27
2026-06-06 04:25:00,Counter_4,3.0,1.0,4,5,1,0,1.07,2.95
2026-06-06 04:25:00,Counter_5,3.0,1.0,4,5,1,0,0.91,2.88
2026-06-06 04:30:00,Counter_1,1.0,2.0,4,5,1,0,1.54,1.49
2026-06-06 04:30:00,Counter_2,0.0,1.0,4,5,1,0,1.72,0.3
2026-06-06 04:30:00,Counter_3,3.0,1.0,4,5,1,0,1.09,3.37
2026-06-06 04:30:00,Counter_4,8.0,1.0,4,5,1,0,1.59,12.48
2026-06-06 04:30:00,Counter_5,2.0,2.0,4,5,1,0,1.12,2.28
2026-06-06 04:35:00,Counter_1,0.0,2.0,4,5,1,0,1.4,0.02
2026-06-06 04:35:00,Counter_2,0.0,2.0,4,5,1,0,1.41,0.03
2026-06-06 04:35:00,Counter_3,2.0,2.0,4,5,1,0,1.09,2.36
2026-06-06 04:35:00,Counter_4,4.0,1.0,4,5,1,0,1.71,6.86
2026-06-06 04:35:00,Counter_5,1.0,2.0,4,5,1,0,1.74,1.8
2026-06-06 04:40:00,Counter_1,0.0,1.0,4,5,1,0,0.99,0.08
2026-06-06 04:40:00,Counter_2,5.0,1.0,4,5,1,0,1.3,6.5
2026-06-06 04:40:00,Counter_3,1.0,2.0,4,5,1,0,1.48,1.32
2026-06-06 04:40:00,Counter_4,3.0,2.0,4,5,1,0,,2.24
2026-06-06 04:40:00,Counter_5,3.0,1.0,4,5,1,0,1.26,3.54
2026-06-06 04:45:00,Counter_1,2.0,1.0,4,5,1,0,0.84,1.87
2026-06-06 04:45:00,Counter_2,1.0,1.0,4,5,1,0,1.42,1.5
2026-06-06 04:45:00,Counter_3,0.0,2.0,4,5,1,0,1.27,0.06
2026-06-06 04:45:00,Counter_4,4.0,1.0,4,5,1,0,1.16,4.5
2026-06-06 04:45:00,Counter_5,3.0,2.0,4,5,1,0,0.86,2.63
2026-06-06 04:50:00,Counter_1,2.0,2.0,4,5,1,0,1.1,1.92
2026-06-06 04:50:00,Counter_2,5.0,1.0,4,5,1,0,1.38,6.69
2026-06-06 04:50:00,Counter_3,2.0,2.0,4,5,1,0,1.24,2.48
2026-06-06 04:50:00,Counter_4,1.0,1.0,4,5,1,0,1.55,2.04
2026-06-06 04:50:00,Counter_5,3.0,2.0,4,5,1,0,1.53,4.68
2026-06-06 04:55:00,Counter_1,4.0,2.0,4,5,1,0,1.52,6.12
2026-06-06 04:55:00,Counter_2,1.0,2.0,4,5,1,0,1.12,0.89
2026-06-06 04:55:00,Counter_3,3.0,1.0,4,5,1,0,1.32,3.77
2026-06-06 04:55:00,Counter_4,6.0,2.0,4,5,1,0,1.01,6.33
2026-06-06 04:55:00,Counter_5,3.0,1.0,4,5,1,0,0.94,2.73
2026-06-06 05:00:00,Counter_1,9.0,2.0,5,5,1,0,1.55,13.96
2026-06-06 05:00:00,Counter_2,1.0,1.0,5,5,1,0,0.95,1.07
2026-06-06 05:00:00,Counter_3,0.0,2.0,5,5,1,0,0.93,0.05
2026-06-06 05:00:00,Counter_4,3.0,2.0,5,5,1,0,1.28,3.74
2026-06-06 05:00:00,Counter_5,1.0,2.0,5,5,1,0,1.18,0.84
2026-06-06 05:05:00,Counter_1,4.0,1.0,5,5,1,0,1.2,4.56
2026-06-06 05:05:00,Counter_2,2.0,2.0,5,5,1,0,1.83,3.78
2026-06-06 05:05:00,Counter_3,2.0,1.0,5,5,1,0,,1.91
2026-06-06 05:05:00,Counter_4,5.0,1.0,5,5,1,0,1.37,6.98
2026-06-06 05:05:00,Counter_5,2.0,2.0,5,5,1,0,1.27,2.22
2026-06-06 05:10:00,Counter_1,3.0,2.0,5,5,1,0,1.5,4.66
2026-06-06 05:10:00,Counter_2,6.0,1.0,5,5,1,0,1.05,6.29
2026-06-06 05:10:00,Counter_3,1.0,2.0,5,5,1,0,1.19,0.9
2026-06-06 05:10:00,Counter_4,4.0,2.0,5,5,1,0,1.28,5.35
2026-06-06 05:10:00,Counter_5,6.0,1.0,5,5,1,0,0.89,5.06
2026-06-06 05:15:00,Counter_1,0.0,2.0,5,5,1,0,0.8,0.09
2026-06-06 05:15:00,Counter_2,0.0,2.0,5,5,1,0,1.24,0.02
2026-06-06 05:15:00,Counter_3,2.0,2.0,5,5,1,0,1.58,2.98
2026-06-06 05:15:00,Counter_4,1.0,2.0,5,5,1,0,1.16,1.53
2026-06-06 05:15:00,Counter_5,6.0,1.0,5,5,1,0,1.2,7.28
2026-06-06 05:20:00,Counter_1,4.0,2.0,5,5,1,0,1.54,6.4
2026-06-06 05:20:00,Counter_2,1.0,2.0,5,5,1,0,1.21,1.3
2026-06-06 05:20:00,Counter_3,0.0,2.0,5,5,1,0,1.44,0.16
2026-06-06 05:20:00,Counter_4,6.0,2.0,5,5,1,0,1.92,11.35
2026-06-06 05:20:00,Counter_5,4.0,1.0,5,5,1,0,1.11,4.4
2026-06-06 05:25:00,Counter_1,4.0,1.0,5,5,1,0,1.21,4.87
2026-06-06 05:25:00,Counter_2,8.0,1.0,5,5,1,0,1.35,10.96
2026-06-06 05:25:00,Counter_3,0.0,2.0,5,5,1,0,1.62,0.06
2026-06-06 05:25:00,Counter_4,3.0,2.0,5,5,1,0,1.22,3.76
2026-06-06 05:25:00,Counter_5,1.0,2.0,5,5,1,0,1.43,1.77
2026-06-06 05:30:00,Counter_1,5.0,1.0,5,5,1,0,1.34,6.73
2026-06-06 05:30:00,Counter_2,1.0,2.0,5,5,1,0,1.23,0.84
2026-06-06 05:30:00,Counter_3,4.0,1.0,5,5,1,0,1.14,4.57
2026-06-06 05:30:00,Counter_4,7.0,1.0,5,5,1,0,1.1,7.68
2026-06-06 05:30:00,Counter_5,3.0,1.0,5,5,1,0,2.02,6.03
2026-06-06 05:35:00,Counter_1,1.0,2.0,5,5,1,0,0.86,0.54
2026-06-06 05:35:00,Counter_2,1.0,2.0,5,5,1,0,0.89,0.95
2026-06-06 05:35:00,Counter_3,4.0,1.0,5,5,1,0,1.31,5.13
2026-06-06 05:35:00,Counter_4,1.0,2.0,5,5,1,0,1.3,1.28
2026-06-06 05:35:00,Counter_5,4.0,2.0,5,5,1,0,1.36,5.63
2026-06-06 05:40:00,Counter_1,9.0,1.0,5,5,1,0,1.03,9.11
2026-06-06 05:40:00,Counter_2,0.0,2.0,5,5,1,0,0.99,0.05
2026-06-06 05:40:00,Counter_3,1.0,2.0,5,5,1,0,1.18,1.14
2026-06-06 05:40:00,Counter_4,3.0,2.0,5,5,1,0,1.48,4.41
2026-06-06 05:40:00,Counter_5,3.0,2.0,5,5,1,0,1.0,2.91
2026-06-06 05:45:00,Counter_1,2.0,2.0,5,5,1,0,1.29,2.5
2026-06-06 05:45:00,Counter_2,3.0,2.0,5,5,1,0,1.12,3.7
2026-06-06 05:45:00,Counter_3,3.0,1.0,5,5,1,0,0.87,2.53
2026-06-06 05:45:00,Counter_4,2.0,2.0,5,5,1,0,0.93,1.91
2026-06-06 05:45:00,Counter_5,0.0,2.0,5,5,1,0,1.48,0.0
2026-06-06 05:50:00,Counter_1,2.0,2.0,5,5,1,0,1.1,2.21
2026-06-06 05:50:00,Counter_2,5.0,1.0,5,5,1,0,1.56,7.9
2026-06-06 05:50:00,Counter_3,7.0,1.0,5,5,1,0,1.24,8.55
2026-06-06 05:50:00,Counter_4,7.0,1.0,5,5,1,0,0.91,6.65
2026-06-06 05:50:00,Counter_5,0.0,2.0,5,5,1,0,1.37,0.05
2026-06-06 05:55:00,Counter_1,4.0,2.0,5,5,1,0,1.05,4.17
2026-06-06 05:55:00,Counter_2,4.0,1.0,5,5,1,0,1.16,4.4
2026-06-06 05:55:00,Counter_3,3.0,1.0,5,5,1,0,1.53,4.77
2026-06-06 05:55:00,Counter_4,3.0,2.0,5,5,1,0,0.93,2.61
2026-06-06 05:55:00,Counter_5,1.0,2.0,5,5,1,0,1.14,1.29
2026-06-06 06:00:00,Counter_1,4.0,,6,5,1,0,0.98,3.97
2026-06-06 06:00:00,Counter_2,5.0,1.0,6,5,1,0,0.95,4.79
2026-06-06 06:00:00,Counter_3,3.0,2.0,6,5,1,0,1.13,3.61
2026-06-06 06:00:00,Counter_4,2.0,2.0,6,5,1,0,1.04,1.96
2026-06-06 06:00:00,Counter_5,7.0,1.0,6,5,1,0,1.18,8.55
2026-06-06 06:05:00,Counter_1,4.0,1.0,6,5,1,0,1.41,5.56
2026-06-06 06:05:00,Counter_2,6.0,1.0,6,5,1,0,1.06,6.45
2026-06-06 06:05:00,Counter_3,3.0,1.0,6,5,1,0,0.88,2.6
2026-06-06 06:05:00,Counter_4,4.0,2.0,6,5,1,0,1.41,5.76
2026-06-06 06:05:00,Counter_5,1.0,1.0,6,5,1,0,1.06,0.86
2026-06-06 06:10:00,Counter_1,3.0,2.0,6,5,1,0,1.71,5.15
2026-06-06 06:10:00,Counter_2,,2.0,6,5,1,0,1.15,1.15
2026-06-06 06:10:00,Counter_3,5.0,1.0,6,5,1,0,1.22,6.19
2026-06-06 06:10:00,Counter_4,2.0,2.0,6,5,1,0,0.67,1.42
2026-06-06 06:10:00,Counter_5,,1.0,6,5,1,0,0.96,2.71
2026-06-06 06:15:00,Counter_1,5.0,,6,5,1,0,0.68,3.66
2026-06-06 06:15:00,Counter_2,2.0,2.0,6,5,1,0,1.32,2.63
2026-06-06 06:15:00,Counter_3,6.0,1.0,6,5,1,0,1.23,7.53
2026-06-06 06:15:00,Counter_4,9.0,1.0,6,5,1,0,,12.44
2026-06-06 06:15:00,Counter_5,4.0,2.0,6,5,1,0,1.45,5.72
2026-06-06 06:20:00,Counter_1,2.0,2.0,6,5,1,0,1.49,3.2
2026-06-06 06:20:00,Counter_2,3.0,2.0,6,5,1,0,1.19,3.9
2026-06-06 06:20:00,Counter_3,3.0,2.0,6,5,1,0,1.27,3.89
2026-06-06 06:20:00,Counter_4,6.0,1.0,6,5,1,0,1.39,8.32
2026-06-06 06:20:00,Counter_5,0.0,2.0,6,5,1,0,1.05,0.02
2026-06-06 06:25:00,Counter_1,2.0,2.0,6,5,1,0,1.02,2.2
2026-06-06 06:25:00,Counter_2,5.0,1.0,6,5,1,0,1.64,8.26
2026-06-06 06:25:00,Counter_3,1.0,2.0,6,5,1,0,0.8,0.33
2026-06-06 06:25:00,Counter_4,4.0,1.0,6,5,1,0,1.38,5.17
2026-06-06 06:25:00,Counter_5,0.0,1.0,6,5,1,0,1.34,0.1
2026-06-06 06:30:00,Counter_1,3.0,2.0,6,5,1,0,0.97,2.74
2026-06-06 06:30:00,Counter_2,3.0,2.0,6,5,1,0,1.08,3.03
2026-06-06 06:30:00,Counter_3,3.0,2.0,6,5,1,0,1.16,3.46
2026-06-06 06:30:00,Counter_4,2.0,2.0,6,5,1,0,1.3,2.67
2026-06-06 06:30:00,Counter_5,0.0,2.0,6,5,1,0,1.34,0.06
2026-06-06 06:35:00,Counter_1,6.0,1.0,6,5,1,0,1.24,7.28
2026-06-06 06:35:00,Counter_2,3.0,1.0,6,5,1,0,1.3,3.99
2026-06-06 06:35:00,Counter_3,0.0,2.0,6,5,1,0,,0.03
2026-06-06 06:35:00,Counter_4,3.0,2.0,6,5,1,0,1.4,4.1
2026-06-06 06:35:00,Counter_5,4.0,1.0,6,5,1,0,1.63,6.56
2026-06-06 06:40:00,Counter_1,2.0,2.0,6,5,1,0,1.51,2.99
2026-06-06 06:40:00,Counter_2,2.0,1.0,6,5,1,0,1.25,2.23
2026-06-06 06:40:00,Counter_3,3.0,2.0,6,5,1,0,1.41,4.33
2026-06-06 06:40:00,Counter_4,2.0,2.0,6,5,1,0,1.36,2.87
2026-06-06 06:40:00,Counter_5,1.0,2.0,6,5,1,0,1.29,1.76
2026-06-06 06:45:00,Counter_1,3.0,1.0,6,5,1,0,1.03,3.13
2026-06-06 06:45:00,Counter_2,5.0,1.0,6,5,1,0,1.29,6.48
2026-06-06 06:45:00,Counter_3,2.0,1.0,6,5,1,0,0.73,1.52
2026-06-06 06:45:00,Counter_4,4.0,2.0,6,5,1,0,1.52,5.81
2026-06-06 06:45:00,Counter_5,1.0,2.0,6,5,1,0,1.34,1.08
2026-06-06 06:50:00,Counter_1,2.0,2.0,6,5,1,0,1.21,2.4
2026-06-06 06:50:00,Counter_2,2.0,2.0,6,5,1,0,1.14,1.82
2026-06-06 06:50:00,Counter_3,1.0,1.0,6,5,1,0,1.41,1.18
2026-06-06 06:50:00,Counter_4,1.0,2.0,6,5,1,0,1.71,1.61
2026-06-06 06:50:00,Counter_5,1.0,2.0,6,5,1,0,1.34,1.54
2026-06-06 06:55:00,Counter_1,2.0,1.0,6,5,1,0,1.73,3.51
2026-06-06 06:55:00,Counter_2,4.0,1.0,6,5,1,0,1.45,5.5
2026-06-06 06:55:00,Counter_3,1.0,,6,5,1,0,1.05,1.04
2026-06-06 06:55:00,Counter_4,3.0,2.0,6,5,1,0,1.37,4.23
2026-06-06 06:55:00,Counter_5,1.0,2.0,6,5,1,0,1.35,1.49
2026-06-06 07:00:00,Counter_1,1.0,2.0,7,5,1,0,1.05,1.26
2026-06-06 07:00:00,Counter_2,0.0,1.0,7,5,1,0,1.15,0.01
2026-06-06 07:00:00,Counter_3,1.0,2.0,7,5,1,0,1.14,1.25
2026-06-06 07:00:00,Counter_4,4.0,,7,5,1,0,1.28,5.22
2026-06-06 07:00:00,Counter_5,4.0,1.0,7,5,1,0,1.18,4.77
2026-06-06 07:05:00,Counter_1,6.0,1.0,7,5,1,0,1.32,8.09
2026-06-06 07:05:00,Counter_2,2.0,2.0,7,5,1,0,1.36,2.56
2026-06-06 07:05:00,Counter_3,5.0,1.0,7,5,1,0,1.57,7.81
2026-06-06 07:05:00,Counter_4,2.0,2.0,7,5,1,0,1.39,2.64
2026-06-06 07:05:00,Counter_5,0.0,1.0,7,5,1,0,1.07,0.11
2026-06-06 07:10:00,Counter_1,1.0,2.0,7,5,1,0,1.78,1.73
2026-06-06 07:10:00,Counter_2,,2.0,7,5,1,0,1.08,2.36
2026-06-06 07:10:00,Counter_3,5.0,1.0,7,5,1,0,1.15,5.76
2026-06-06 07:10:00,Counter_4,3.0,1.0,7,5,1,0,1.4,4.41
2026-06-06 07:10:00,Counter_5,1.0,1.0,7,5,1,0,1.97,1.55
2026-06-06 07:15:00,Counter_1,7.0,1.0,7,5,1,0,1.35,9.31
2026-06-06 07:15:00,Counter_2,1.0,2.0,7,5,1,0,1.09,1.28
2026-06-06 07:15:00,Counter_3,2.0,1.0,7,5,1,0,0.84,1.68
2026-06-06 07:15:00,Counter_4,4.0,2.0,7,5,1,0,0.82,3.49
2026-06-06 07:15:00,Counter_5,4.0,2.0,7,5,1,0,1.25,5.05
2026-06-06 07:20:00,Counter_1,3.0,1.0,7,5,1,0,1.39,3.98
2026-06-06 07:20:00,Counter_2,2.0,2.0,7,5,1,0,0.9,2.16
2026-06-06 07:20:00,Counter_3,1.0,2.0,7,5,1,0,1.31,1.18
2026-06-06 07:20:00,Counter_4,4.0,1.0,7,5,1,0,0.92,3.53
2026-06-06 07:20:00,Counter_5,1.0,2.0,7,5,1,0,1.02,1.18
2026-06-06 07:25:00,Counter_1,0.0,1.0,7,5,1,0,1.41,0.05
2026-06-06 07:25:00,Counter_2,10.0,1.0,7,5,1,0,1.06,10.34
2026-06-06 07:25:00,Counter_3,0.0,1.0,7,5,1,0,1.58,0.12
2026-06-06 07:25:00,Counter_4,5.0,1.0,7,5,1,0,1.1,5.66
2026-06-06 07:25:00,Counter_5,3.0,2.0,7,5,1,0,1.53,5.02
2026-06-06 07:30:00,Counter_1,1.0,2.0,7,5,1,0,1.82,1.82
2026-06-06 07:30:00,Counter_2,6.0,1.0,7,5,1,0,1.06,6.22
2026-06-06 07:30:00,Counter_3,0.0,2.0,7,5,1,0,1.87,0.07
2026-06-06 07:30:00,Counter_4,4.0,2.0,7,5,1,0,1.25,4.88
2026-06-06 07:30:00,Counter_5,5.0,1.0,7,5,1,0,1.09,5.36
2026-06-06 07:35:00,Counter_1,2.0,2.0,7,5,1,0,1.18,2.44
2026-06-06 07:35:00,Counter_2,5.0,1.0,7,5,1,0,1.15,5.98
2026-06-06 07:35:00,Counter_3,5.0,2.0,7,5,1,0,1.6,8.01
2026-06-06 07:35:00,Counter_4,5.0,1.0,7,5,1,0,1.58,7.83
2026-06-06 07:35:00,Counter_5,1.0,2.0,7,5,1,0,1.58,2.04
2026-06-06 07:40:00,Counter_1,3.0,2.0,7,5,1,0,0.93,2.66
2026-06-06 07:40:00,Counter_2,2.0,2.0,7,5,1,0,1.3,2.49
2026-06-06 07:40:00,Counter_3,10.0,1.0,7,5,1,0,0.86,8.52
2026-06-06 07:40:00,Counter_4,3.0,2.0,7,5,1,0,1.5,4.61
2026-06-06 07:40:00,Counter_5,4.0,1.0,7,5,1,0,1.13,4.43
2026-06-06 07:45:00,Counter_1,0.0,2.0,7,5,1,0,1.38,0.06
2026-06-06 07:45:00,Counter_2,1.0,2.0,7,5,1,0,1.12,1.11
2026-06-06 07:45:00,Counter_3,0.0,2.0,7,5,1,0,0.81,0.3
2026-06-06 07:45:00,Counter_4,4.0,1.0,7,5,1,0,1.47,5.77
2026-06-06 07:45:00,Counter_5,2.0,2.0,7,5,1,0,1.49,2.97
2026-06-06 07:50:00,Counter_1,3.0,1.0,7,5,1,0,1.28,3.93
2026-06-06 07:50:00,Counter_2,1.0,1.0,7,5,1,0,0.72,0.71
2026-06-06 07:50:00,Counter_3,4.0,2.0,7,5,1,0,1.44,5.81
2026-06-06 07:50:00,Counter_4,5.0,2.0,7,5,1,0,1.07,5.19
2026-06-06 07:50:00,Counter_5,3.0,2.0,7,5,1,0,1.38,4.0
2026-06-06 07:55:00,Counter_1,,1.0,7,5,1,0,1.13,5.65
2026-06-06 07:55:00,Counter_2,2.0,2.0,7,5,1,0,1.15,2.32
2026-06-06 07:55:00,Counter_3,4.0,2.0,7,5,1,0,1.37,5.49
2026-06-06 07:55:00,Counter_4,3.0,1.0,7,5,1,0,1.04,3.0
2026-06-06 07:55:00,Counter_5,2.0,2.0,7,5,1,0,1.21,2.43
2026-06-06 08:00:00,Counter_1,3.0,2.0,8,5,1,0,1.38,4.15
2026-06-06 08:00:00,Counter_2,4.0,1.0,8,5,1,0,1.79,7.14
2026-06-06 08:00:00,Counter_3,3.0,2.0,8,5,1,0,1.23,3.56
2026-06-06 08:00:00,Counter_4,2.0,2.0,8,5,1,0,1.46,3.02
2026-06-06 08:00:00,Counter_5,2.0,1.0,8,5,1,0,0.96,1.92
2026-06-06 08:05:00,Counter_1,0.0,1.0,8,5,1,0,1.67,0.12
2026-06-06 08:05:00,Counter_2,,2.0,8,5,1,0,1.05,2.08
2026-06-06 08:05:00,Counter_3,11.0,1.0,8,5,1,0,1.22,13.3
2026-06-06 08:05:00,Counter_4,4.0,2.0,8,5,1,0,1.38,5.52
2026-06-06 08:05:00,Counter_5,4.0,1.0,8,5,1,0,1.06,4.53
2026-06-06 08:10:00,Counter_1,3.0,2.0,8,5,1,0,1.52,4.59
2026-06-06 08:10:00,Counter_2,1.0,2.0,8,5,1,0,1.08,1.12
2026-06-06 08:10:00,Counter_3,2.0,2.0,8,5,1,0,1.46,3.2
2026-06-06 08:10:00,Counter_4,0.0,1.0,8,5,1,0,1.52,0.03
2026-06-06 08:10:00,Counter_5,1.0,2.0,8,5,1,0,1.39,1.48
2026-06-06 08:15:00,Counter_1,5.0,2.0,8,5,1,0,1.43,7.18
2026-06-06 08:15:00,Counter_2,1.0,2.0,8,5,1,0,1.88,1.8
2026-06-06 08:15:00,Counter_3,8.0,1.0,8,5,1,0,1.35,10.89
2026-06-06 08:15:00,Counter_4,3.0,2.0,8,5,1,0,1.28,4.18
2026-06-06 08:15:00,Counter_5,9.0,1.0,8,5,1,0,1.33,11.71
2026-06-06 08:20:00,Counter_1,4.0,2.0,8,5,1,0,1.57,6.19
2026-06-06 08:20:00,Counter_2,0.0,2.0,8,5,1,0,1.83,0.18
2026-06-06 08:20:00,Counter_3,2.0,2.0,8,5,1,0,1.21,2.27
2026-06-06 08:20:00,Counter_4,2.0,,8,5,1,0,1.02,2.28
2026-06-06 08:20:00,Counter_5,7.0,1.0,8,5,1,0,1.54,10.75
2026-06-06 08:25:00,Counter_1,1.0,2.0,8,5,1,0,0.91,1.05
2026-06-06 08:25:00,Counter_2,3.0,1.0,8,5,1,0,1.31,3.8
2026-06-06 08:25:00,Counter_3,5.0,1.0,8,5,1,0,1.33,6.52
2026-06-06 08:25:00,Counter_4,5.0,1.0,8,5,1,0,1.22,5.9
2026-06-06 08:25:00,Counter_5,2.0,2.0,8,5,1,0,1.24,2.77
2026-06-06 08:30:00,Counter_1,6.0,1.0,8,5,1,0,0.84,5.2
2026-06-06 08:30:00,Counter_2,1.0,2.0,8,5,1,0,1.03,0.82
2026-06-06 08:30:00,Counter_3,4.0,2.0,8,5,1,0,1.48,6.15
2026-06-06 08:30:00,Counter_4,2.0,2.0,8,5,1,0,0.74,1.43
2026-06-06 08:30:00,Counter_5,3.0,1.0,8,5,1,0,1.23,3.78
2026-06-06 08:35:00,Counter_1,3.0,2.0,8,5,1,0,1.17,3.52
2026-06-06 08:35:00,Counter_2,5.0,1.0,8,5,1,0,0.75,3.46
2026-06-06 08:35:00,Counter_3,5.0,1.0,8,5,1,0,1.67,8.18
2026-06-06 08:35:00,Counter_4,2.0,,8,5,1,0,0.99,2.25
2026-06-06 08:35:00,Counter_5,4.0,1.0,8,5,1,0,1.39,5.75
2026-06-06 08:40:00,Counter_1,0.0,2.0,8,5,1,0,1.13,0.01
2026-06-06 08:40:00,Counter_2,3.0,2.0,8,5,1,0,1.04,3.16
2026-06-06 08:40:00,Counter_3,4.0,1.0,8,5,1,0,1.19,4.72
2026-06-06 08:40:00,Counter_4,1.0,2.0,8,5,1,0,1.16,1.39
2026-06-06 08:40:00,Counter_5,1.0,2.0,8,5,1,0,1.2,1.16
2026-06-06 08:45:00,Counter_1,4.0,2.0,8,5,1,0,1.05,4.05
2026-06-06 08:45:00,Counter_2,7.0,1.0,8,5,1,0,1.0,7.15
2026-06-06 08:45:00,Counter_3,6.0,1.0,8,5,1,0,1.5,9.24
2026-06-06 08:45:00,Counter_4,0.0,1.0,8,5,1,0,1.25,0.1
2026-06-06 08:45:00,Counter_5,2.0,1.0,8,5,1,0,1.23,2.57
2026-06-06 08:50:00,Counter_1,2.0,2.0,8,5,1,0,1.03,1.82
2026-06-06 08:50:00,Counter_2,2.0,2.0,8,5,1,0,1.64,3.02
2026-06-06 08:50:00,Counter_3,1.0,1.0,8,5,1,0,,0.96
2026-06-06 08:50:00,Counter_4,0.0,2.0,8,5,1,0,0.78,0.12
2026-06-06 08:50:00,Counter_5,,1.0,8,5,1,0,1.32,0.19
2026-06-06 08:55:00,Counter_1,4.0,1.0,8,5,1,0,1.06,4.41
2026-06-06 08:55:00,Counter_2,4.0,1.0,8,5,1,0,1.48,5.8
2026-06-06 08:55:00,Counter_3,0.0,2.0,8,5,1,0,1.51,0.1
2026-06-06 08:55:00,Counter_4,1.0,2.0,8,5,1,0,1.48,1.32
2026-06-06 08:55:00,Counter_5,3.0,2.0,8,5,1,0,,3.32
2026-06-06 09:00:00,Counter_1,4.0,2.0,9,5,1,0,1.22,4.54
2026-06-06 09:00:00,Counter_2,4.0,2.0,9,5,1,0,1.31,5.18
2026-06-06 09:00:00,Counter_3,13.0,1.0,9,5,1,0,1.47,19.03
2026-06-06 09:00:00,Counter_4,6.0,1.0,9,5,1,0,0.99,5.6
2026-06-06 09:00:00,Counter_5,5.0,2.0,9,5,1,0,1.27,6.43
2026-06-06 09:05:00,Counter_1,,2.0,9,5,1,0,1.72,8.71
2026-06-06 09:05:00,Counter_2,5.0,2.0,9,5,1,0,1.12,5.47
2026-06-06 09:05:00,Counter_3,1.0,2.0,9,5,1,0,1.24,1.0
2026-06-06 09:05:00,Counter_4,7.0,1.0,9,5,1,0,1.9,13.65
2026-06-06 09:05:00,Counter_5,4.0,2.0,9,5,1,0,1.19,4.81
2026-06-06 09:10:00,Counter_1,10.0,1.0,9,5,1,0,0.87,8.22
2026-06-06 09:10:00,Counter_2,9.0,1.0,9,5,1,0,1.24,11.07
2026-06-06 09:10:00,Counter_3,9.0,1.0,9,5,1,0,1.67,14.9
2026-06-06 09:10:00,Counter_4,5.0,2.0,9,5,1,0,1.51,7.4
2026-06-06 09:10:00,Counter_5,4.0,2.0,9,5,1,0,1.01,4.26
2026-06-06 09:15:00,Counter_1,4.0,2.0,9,5,1,0,1.35,5.45
2026-06-06 09:15:00,Counter_2,5.0,2.0,9,5,1,0,1.21,6.18
2026-06-06 09:15:00,Counter_3,3.0,2.0,9,5,1,0,1.45,4.32
2026-06-06 09:15:00,Counter_4,9.0,1.0,9,5,1,0,1.1,10.07
2026-06-06 09:15:00,Counter_5,6.0,2.0,9,5,1,0,1.37,8.15
2026-06-06 09:20:00,Counter_1,4.0,2.0,9,5,1,0,1.73,6.97
2026-06-06 09:20:00,Counter_2,7.0,2.0,9,5,1,0,0.6,4.3
2026-06-06 09:20:00,Counter_3,6.0,2.0,9,5,1,0,1.4,8.28
2026-06-06 09:20:00,Counter_4,5.0,2.0,9,5,1,0,1.58,7.48
2026-06-06 09:20:00,Counter_5,14.0,1.0,9,5,1,0,0.86,11.7
2026-06-06 09:25:00,Counter_1,,2.0,9,5,1,0,1.07,3.67
2026-06-06 09:25:00,Counter_2,9.0,1.0,9,5,1,0,1.15,10.48
2026-06-06 09:25:00,Counter_3,,2.0,9,5,1,0,1.07,5.49
2026-06-06 09:25:00,Counter_4,5.0,2.0,9,5,1,0,1.05,5.53
2026-06-06 09:25:00,Counter_5,4.0,1.0,9,5,1,0,1.16,4.42
2026-06-06 09:30:00,Counter_1,4.0,2.0,9,5,1,0,1.46,5.7
2026-06-06 09:30:00,Counter_2,8.0,2.0,9,5,1,0,1.62,12.74
2026-06-06 09:30:00,Counter_3,11.0,1.0,9,5,1,0,1.58,17.85
2026-06-06 09:30:00,Counter_4,2.0,2.0,9,5,1,0,1.5,2.8
2026-06-06 09:30:00,Counter_5,5.0,2.0,9,5,1,0,1.71,8.8
2026-06-06 09:35:00,Counter_1,5.0,2.0,9,5,1,0,1.76,8.67
2026-06-06 09:35:00,Counter_2,8.0,2.0,9,5,1,0,1.29,10.34
2026-06-06 09:35:00,Counter_3,6.0,2.0,9,5,1,0,1.61,9.91
2026-06-06 09:35:00,Counter_4,6.0,2.0,9,5,1,0,1.36,8.22
2026-06-06 09:35:00,Counter_5,8.0,2.0,9,5,1,0,1.2,9.57
2026-06-06 09:40:00,Counter_1,14.0,1.0,9,5,1,0,1.24,17.81
2026-06-06 09:40:00,Counter_2,7.0,1.0,9,5,1,0,1.5,10.13
2026-06-06 09:40:00,Counter_3,4.0,1.0,9,5,1,0,1.62,6.29
2026-06-06 09:40:00,Counter_4,9.0,2.0,9,5,1,0,1.4,12.54
2026-06-06 09:40:00,Counter_5,7.0,1.0,9,5,1,0,1.15,8.26
2026-06-06 09:45:00,Counter_1,9.0,1.0,9,5,1,0,1.13,10.07
2026-06-06 09:45:00,Counter_2,7.0,2.0,9,5,1,0,0.79,5.72
2026-06-06 09:45:00,Counter_3,4.0,,9,5,1,0,1.34,5.02
2026-06-06 09:45:00,Counter_4,3.0,2.0,9,5,1,0,1.32,4.19
2026-06-06 09:45:00,Counter_5,11.0,1.0,9,5,1,0,0.99,11.07
2026-06-06 09:50:00,Counter_1,11.0,1.0,9,5,1,0,1.37,14.86
2026-06-06 09:50:00,Counter_2,5.0,1.0,9,5,1,0,1.36,6.79
2026-06-06 09:50:00,Counter_3,6.0,2.0,9,5,1,0,0.88,5.23
2026-06-06 09:50:00,Counter_4,6.0,2.0,9,5,1,0,1.17,7.11
2026-06-06 09:50:00,Counter_5,7.0,2.0,9,5,1,0,1.6,11.43
2026-06-06 09:55:00,Counter_1,7.0,1.0,9,5,1,0,1.09,7.49
2026-06-06 09:55:00,Counter_2,5.0,2.0,9,5,1,0,1.25,6.32
2026-06-06 09:55:00,Counter_3,8.0,1.0,9,5,1,0,1.29,10.37
2026-06-06 09:55:00,Counter_4,10.0,1.0,9,5,1,0,1.24,12.42
2026-06-06 09:55:00,Counter_5,9.0,2.0,9,5,1,0,1.42,13.07
2026-06-06 10:00:00,Counter_1,9.0,1.0,10,5,1,0,1.48,13.35
2026-06-06 10:00:00,Counter_2,5.0,2.0,10,5,1,0,1.57,7.61
2026-06-06 10:00:00,Counter_3,11.0,1.0,10,5,1,0,1.17,13.02
2026-06-06 10:00:00,Counter_4,17.0,1.0,10,5,1,0,1.38,23.78
2026-06-06 10:00:00,Counter_5,3.0,2.0,10,5,1,0,1.46,4.41
2026-06-06 10:05:00,Counter_1,16.0,1.0,10,5,1,0,1.22,19.79
2026-06-06 10:05:00,Counter_2,15.0,1.0,10,5,1,0,1.07,15.97
2026-06-06 10:05:00,Counter_3,6.0,2.0,10,5,1,0,1.29,7.82
2026-06-06 10:05:00,Counter_4,8.0,1.0,10,5,1,0,1.1,8.49
2026-06-06 10:05:00,Counter_5,4.0,2.0,10,5,1,0,1.07,4.16
2026-06-06 10:10:00,Counter_1,7.0,2.0,10,5,1,0,1.31,9.2
2026-06-06 10:10:00,Counter_2,3.0,2.0,10,5,1,0,1.2,3.73
2026-06-06 10:10:00,Counter_3,12.0,1.0,10,5,1,0,,15.57
2026-06-06 10:10:00,Counter_4,3.0,2.0,10,5,1,0,0.86,2.84
2026-06-06 10:10:00,Counter_5,7.0,2.0,10,5,1,0,1.21,8.16
2026-06-06 10:15:00,Counter_1,8.0,1.0,10,5,1,0,0.68,5.73
2026-06-06 10:15:00,Counter_2,9.0,1.0,10,5,1,0,0.99,8.77
2026-06-06 10:15:00,Counter_3,4.0,2.0,10,5,1,0,1.23,4.67
2026-06-06 10:15:00,Counter_4,5.0,2.0,10,5,1,0,1.55,7.96
2026-06-06 10:15:00,Counter_5,4.0,2.0,10,5,1,0,1.38,5.3
2026-06-06 10:20:00,Counter_1,11.0,1.0,10,5,1,0,1.27,14.25
2026-06-06 10:20:00,Counter_2,5.0,2.0,10,5,1,0,1.16,5.36
2026-06-06 10:20:00,Counter_3,6.0,1.0,10,5,1,0,1.19,6.99
2026-06-06 10:20:00,Counter_4,7.0,2.0,10,5,1,0,1.58,11.24
2026-06-06 10:20:00,Counter_5,16.0,1.0,10,5,1,0,0.97,15.65
2026-06-06 10:25:00,Counter_1,3.0,2.0,10,5,1,0,1.07,2.68
2026-06-06 10:25:00,Counter_2,20.0,1.0,10,5,1,0,1.52,30.27
2026-06-06 10:25:00,Counter_3,6.0,2.0,10,5,1,0,1.16,6.62
2026-06-06 10:25:00,Counter_4,6.0,2.0,10,5,1,0,1.73,10.41
2026-06-06 10:25:00,Counter_5,7.0,1.0,10,5,1,0,1.42,9.95
2026-06-06 10:30:00,Counter_1,9.0,1.0,10,5,1,0,1.54,13.81
2026-06-06 10:30:00,Counter_2,7.0,2.0,10,5,1,0,0.84,5.86
2026-06-06 10:30:00,Counter_3,11.0,1.0,10,5,1,0,1.51,16.39
2026-06-06 10:30:00,Counter_4,5.0,2.0,10,5,1,0,1.04,5.05
2026-06-06 10:30:00,Counter_5,20.0,1.0,10,5,1,0,1.43,28.81
2026-06-06 10:35:00,Counter_1,6.0,2.0,10,5,1,0,1.16,6.86
2026-06-06 10:35:00,Counter_2,14.0,1.0,10,5,1,0,1.31,18.23
2026-06-06 10:35:00,Counter_3,1.0,2.0,10,5,1,0,0.97,1.2
2026-06-06 10:35:00,Counter_4,12.0,1.0,10,5,1,0,0.82,9.6
2026-06-06 10:35:00,Counter_5,5.0,2.0,10,5,1,0,1.29,6.75
2026-06-06 10:40:00,Counter_1,16.0,1.0,10,5,1,0,1.18,19.19
2026-06-06 10:40:00,Counter_2,1.0,2.0,10,5,1,0,1.03,0.83
2026-06-06 10:40:00,Counter_3,10.0,1.0,10,5,1,0,0.83,8.48
2026-06-06 10:40:00,Counter_4,13.0,1.0,10,5,1,0,0.6,7.37
2026-06-06 10:40:00,Counter_5,7.0,,10,5,1,0,1.38,9.68
2026-06-06 10:45:00,Counter_1,12.0,,10,5,1,0,1.19,14.08
2026-06-06 10:45:00,Counter_2,6.0,2.0,10,5,1,0,1.1,6.7
2026-06-06 10:45:00,Counter_3,5.0,2.0,10,5,1,0,1.3,6.56
2026-06-06 10:45:00,Counter_4,3.0,2.0,10,5,1,0,1.5,4.44
2026-06-06 10:45:00,Counter_5,10.0,1.0,10,5,1,0,1.32,12.98
2026-06-06 10:50:00,Counter_1,4.0,2.0,10,5,1,0,1.14,4.74
2026-06-06 10:50:00,Counter_2,7.0,1.0,10,5,1,0,1.78,12.45
2026-06-06 10:50:00,Counter_3,5.0,2.0,10,5,1,0,1.09,5.31
2026-06-06 10:50:00,Counter_4,12.0,1.0,10,5,1,0,0.9,10.7
2026-06-06 10:50:00,Counter_5,10.0,1.0,10,5,1,0,1.27,12.68
2026-06-06 10:55:00,Counter_1,13.0,1.0,10,5,1,0,1.19,15.45
2026-06-06 10:55:00,Counter_2,8.0,2.0,10,5,1,0,1.49,11.98
2026-06-06 10:55:00,Counter_3,3.0,2.0,10,5,1,0,1.12,3.55
2026-06-06 10:55:00,Counter_4,12.0,1.0,10,5,1,0,1.21,14.73
2026-06-06 10:55:00,Counter_5,5.0,2.0,10,5,1,0,1.03,5.1
2026-06-06 11:00:00,Counter_1,8.0,4.0,11,5,1,0,1.45,11.69
2026-06-06 11:00:00,Counter_2,9.0,5.0,11,5,1,0,1.29,11.57
2026-06-06 11:00:00,Counter_3,13.0,3.0,11,5,1,0,1.18,15.58
2026-06-06 11:00:00,Counter_4,9.0,4.0,11,5,1,0,1.21,10.86
2026-06-06 11:00:00,Counter_5,10.0,3.0,11,5,1,0,1.24,12.42
2026-06-06 11:05:00,Counter_1,6.0,5.0,11,5,1,0,0.89,5.33
2026-06-06 11:05:00,Counter_2,14.0,4.0,11,5,1,0,1.54,21.65
2026-06-06 11:05:00,Counter_3,8.0,,11,5,1,0,1.53,12.37
2026-06-06 11:05:00,Counter_4,8.0,4.0,11,5,1,0,1.26,10.36
2026-06-06 11:05:00,Counter_5,7.0,4.0,11,5,1,0,1.23,8.85
2026-06-06 11:10:00,Counter_1,6.0,4.0,11,5,1,0,1.0,6.01
2026-06-06 11:10:00,Counter_2,9.0,4.0,11,5,1,0,1.68,15.11
2026-06-06 11:10:00,Counter_3,13.0,4.0,11,5,1,0,1.62,21.01
2026-06-06 11:10:00,Counter_4,11.0,4.0,11,5,1,0,1.35,15.05
2026-06-06 11:10:00,Counter_5,5.0,5.0,11,5,1,0,1.46,7.35
2026-06-06 11:15:00,Counter_1,,4.0,11,5,1,0,1.56,12.97
2026-06-06 11:15:00,Counter_2,6.0,5.0,11,5,1,0,1.51,9.05
2026-06-06 11:15:00,Counter_3,10.0,,11,5,1,0,1.04,10.7
2026-06-06 11:15:00,Counter_4,14.0,3.0,11,5,1,0,1.17,16.69
2026-06-06 11:15:00,Counter_5,7.0,4.0,11,5,1,0,1.37,9.89
2026-06-06 11:20:00,Counter_1,,3.0,11,5,1,0,1.3,14.23
2026-06-06 11:20:00,Counter_2,6.0,4.0,11,5,1,0,1.44,8.62
2026-06-06 11:20:00,Counter_3,9.0,3.0,11,5,1,0,1.41,12.66
2026-06-06 11:20:00,Counter_4,10.0,5.0,11,5,1,0,1.31,13.39
2026-06-06 11:20:00,Counter_5,11.0,,11,5,1,0,0.6,6.51
2026-06-06 11:25:00,Counter_1,7.0,4.0,11,5,1,0,1.54,10.66
2026-06-06 11:25:00,Counter_2,5.0,5.0,11,5,1,0,1.46,7.44
2026-06-06 11:25:00,Counter_3,11.0,3.0,11,5,1,0,1.77,19.2
2026-06-06 11:25:00,Counter_4,6.0,5.0,11,5,1,0,,6.93
2026-06-06 11:25:00,Counter_5,8.0,4.0,11,5,1,0,0.79,6.09
2026-06-06 11:30:00,Counter_1,10.0,3.0,11,5,1,0,1.2,11.92
2026-06-06 11:30:00,Counter_2,7.0,5.0,11,5,1,0,1.36,9.75
2026-06-06 11:30:00,Counter_3,12.0,4.0,11,5,1,0,1.14,13.57
2026-06-06 11:30:00,Counter_4,9.0,4.0,11,5,1,0,1.59,14.37
2026-06-06 11:30:00,Counter_5,7.0,5.0,11,5,1,0,1.08,7.8
2026-06-06 11:35:00,Counter_1,6.0,5.0,11,5,1,0,1.22,7.09
2026-06-06 11:35:00,Counter_2,7.0,5.0,11,5,1,0,1.19,8.36
2026-06-06 11:35:00,Counter_3,12.0,4.0,11,5,1,0,1.94,23.41
2026-06-06 11:35:00,Counter_4,8.0,5.0,11,5,1,0,1.02,7.88
2026-06-06 11:35:00,Counter_5,13.0,3.0,11,5,1,0,1.4,17.99
2026-06-06 11:40:00,Counter_1,6.0,5.0,11,5,1,0,0.95,6.02
2026-06-06 11:40:00,Counter_2,6.0,4.0,11,5,1,0,1.34,7.81
2026-06-06 11:40:00,Counter_3,10.0,4.0,11,5,1,0,1.01,10.03
2026-06-06 11:40:00,Counter_4,8.0,5.0,11,5,1,0,1.52,11.76
2026-06-06 11:40:00,Counter_5,6.0,5.0,11,5,1,0,1.48,8.72
2026-06-06 11:45:00,Counter_1,8.0,5.0,11,5,1,0,1.32,10.72
2026-06-06 11:45:00,Counter_2,9.0,4.0,11,5,1,0,0.9,8.29
2026-06-06 11:45:00,Counter_3,7.0,3.0,11,5,1,0,1.24,8.84
2026-06-06 11:45:00,Counter_4,6.0,5.0,11,5,1,0,1.17,7.01
2026-06-06 11:45:00,Counter_5,9.0,4.0,11,5,1,0,1.46,12.92
2026-06-06 11:50:00,Counter_1,6.0,5.0,11,5,1,0,1.02,6.2
2026-06-06 11:50:00,Counter_2,4.0,5.0,11,5,1,0,1.54,6.07
2026-06-06 11:50:00,Counter_3,9.0,5.0,11,5,1,0,1.49,13.09
2026-06-06 11:50:00,Counter_4,5.0,4.0,11,5,1,0,0.91,4.56
2026-06-06 11:50:00,Counter_5,6.0,5.0,11,5,1,0,1.2,7.45
2026-06-06 11:55:00,Counter_1,14.0,3.0,11,5,1,0,1.24,17.58
2026-06-06 11:55:00,Counter_2,3.0,5.0,11,5,1,0,1.5,4.74
2026-06-06 11:55:00,Counter_3,10.0,3.0,11,5,1,0,1.08,10.86
2026-06-06 11:55:00,Counter_4,13.0,3.0,11,5,1,0,1.3,16.71
2026-06-06 11:55:00,Counter_5,9.0,4.0,11,5,1,0,1.52,13.8
2026-06-06 12:00:00,Counter_1,,5.0,12,5,1,0,1.31,7.89
2026-06-06 12:00:00,Counter_2,7.0,5.0,12,5,1,0,0.79,5.48
2026-06-06 12:00:00,Counter_3,9.0,4.0,12,5,1,0,1.13,10.3
2026-06-06 12:00:00,Counter_4,3.0,5.0,12,5,1,0,1.48,4.53
2026-06-06 12:00:00,Counter_5,3.0,5.0,12,5,1,0,1.44,4.2
2026-06-06 12:05:00,Counter_1,10.0,4.0,12,5,1,0,,6.77
2026-06-06 12:05:00,Counter_2,7.0,4.0,12,5,1,0,1.3,8.87
2026-06-06 12:05:00,Counter_3,8.0,4.0,12,5,1,0,1.49,11.97
2026-06-06 12:05:00,Counter_4,4.0,5.0,12,5,1,0,1.38,5.7
2026-06-06 12:05:00,Counter_5,6.0,5.0,12,5,1,0,1.41,8.34
2026-06-06 12:10:00,Counter_1,12.0,3.0,12,5,1,0,1.77,21.03
2026-06-06 12:10:00,Counter_2,13.0,3.0,12,5,1,0,1.24,16.22
2026-06-06 12:10:00,Counter_3,10.0,3.0,12,5,1,0,1.33,13.62
2026-06-06 12:10:00,Counter_4,,4.0,12,5,1,0,1.02,12.64
2026-06-06 12:10:00,Counter_5,4.0,4.0,12,5,1,0,1.09,4.66
2026-06-06 12:15:00,Counter_1,7.0,4.0,12,5,1,0,1.17,8.18
2026-06-06 12:15:00,Counter_2,7.0,4.0,12,5,1,0,1.46,10.04
2026-06-06 12:15:00,Counter_3,7.0,4.0,12,5,1,0,1.06,7.54
2026-06-06 12:15:00,Counter_4,12.0,3.0,12,5,1,0,1.56,18.71
2026-06-06 12:15:00,Counter_5,10.0,4.0,12,5,1,0,0.98,9.76
2026-06-06 12:20:00,Counter_1,9.0,3.0,12,5,1,0,1.41,13.07
2026-06-06 12:20:00,Counter_2,6.0,5.0,12,5,1,0,1.39,8.62
2026-06-06 12:20:00,Counter_3,12.0,4.0,12,5,1,0,,15.85
2026-06-06 12:20:00,Counter_4,12.0,4.0,12,5,1,0,1.5,17.98
2026-06-06 12:20:00,Counter_5,9.0,4.0,12,5,1,0,1.06,9.54
2026-06-06 12:25:00,Counter_1,6.0,4.0,12,5,1,0,1.13,6.47
2026-06-06 12:25:00,Counter_2,7.0,4.0,12,5,1,0,1.01,7.28
2026-06-06 12:25:00,Counter_3,14.0,3.0,12,5,1,0,1.25,17.76
2026-06-06 12:25:00,Counter_4,7.0,4.0,12,5,1,0,1.22,8.39
2026-06-06 12:25:00,Counter_5,11.0,3.0,12,5,1,0,1.46,15.93
2026-06-06 12:30:00,Counter_1,,4.0,12,5,1,0,1.35,13.7
2026-06-06 12:30:00,Counter_2,5.0,5.0,12,5,1,0,1.42,7.04
2026-06-06 12:30:00,Counter_3,8.0,4.0,12,5,1,0,1.2,9.83
2026-06-06 12:30:00,Counter_4,,5.0,12,5,1,0,1.35,6.59
2026-06-06 12:30:00,Counter_5,12.0,3.0,12,5,1,0,1.7,20.34
2026-06-06 12:35:00,Counter_1,9.0,3.0,12,5,1,0,0.91,8.29
2026-06-06 12:35:00,Counter_2,11.0,3.0,12,5,1,0,0.79,8.63
2026-06-06 12:35:00,Counter_3,12.0,3.0,12,5,1,0,1.41,16.84
2026-06-06 12:35:00,Counter_4,10.0,4.0,12,5,1,0,1.04,10.32
2026-06-06 12:35:00,Counter_5,7.0,4.0,12,5,1,0,,6.44
2026-06-06 12:40:00,Counter_1,4.0,5.0,12,5,1,0,1.38,5.71
2026-06-06 12:40:00,Counter_2,6.0,5.0,12,5,1,0,1.0,6.1
2026-06-06 12:40:00,Counter_3,9.0,4.0,12,5,1,0,1.63,14.53
2026-06-06 12:40:00,Counter_4,8.0,4.0,12,5,1,0,1.29,10.59
2026-06-06 12:40:00,Counter_5,9.0,3.0,12,5,1,0,1.2,10.85
2026-06-06 12:45:00,Counter_1,8.0,4.0,12,5,1,0,1.04,8.53
2026-06-06 12:45:00,Counter_2,9.0,3.0,12,5,1,0,1.3,11.44
2026-06-06 12:45:00,Counter_3,8.0,4.0,12,5,1,0,0.85,7.03
2026-06-06 12:45:00,Counter_4,4.0,5.0,12,5,1,0,0.63,2.45
2026-06-06 12:45:00,Counter_5,10.0,4.0,12,5,1,0,0.86,8.51
2026-06-06 12:50:00,Counter_1,10.0,3.0,12,5,1,0,1.53,15.38
2026-06-06 12:50:00,Counter_2,6.0,5.0,12,5,1,0,1.02,5.71
2026-06-06 12:50:00,Counter_3,10.0,3.0,12,5,1,0,0.89,8.97
2026-06-06 12:50:00,Counter_4,5.0,,12,5,1,0,1.23,6.09
2026-06-06 12:50:00,Counter_5,6.0,5.0,12,5,1,0,1.81,11.14
2026-06-06 12:55:00,Counter_1,7.0,4.0,12,5,1,0,1.52,10.69
2026-06-06 12:55:00,Counter_2,10.0,3.0,12,5,1,0,1.05,10.3
2026-06-06 12:55:00,Counter_3,7.0,5.0,12,5,1,0,1.05,7.19
2026-06-06 12:55:00,Counter_4,10.0,4.0,12,5,1,0,1.05,10.01
2026-06-06 12:55:00,Counter_5,5.0,3.0,12,5,1,0,1.02,5.59
2026-06-06 13:00:00,Counter_1,7.0,4.0,13,5,1,0,1.39,9.23
2026-06-06 13:00:00,Counter_2,10.0,4.0,13,5,1,0,1.17,11.59
2026-06-06 13:00:00,Counter_3,11.0,3.0,13,5,1,0,0.97,10.82
2026-06-06 13:00:00,Counter_4,14.0,3.0,13,5,1,0,0.92,13.17
2026-06-06 13:00:00,Counter_5,11.0,3.0,13,5,1,0,1.83,20.49
2026-06-06 13:05:00,Counter_1,15.0,3.0,13,5,1,0,1.43,21.43
2026-06-06 13:05:00,Counter_2,13.0,3.0,13,5,1,0,1.04,13.62
2026-06-06 13:05:00,Counter_3,12.0,3.0,13,5,1,0,1.55,18.54
2026-06-06 13:05:00,Counter_4,,3.0,13,5,1,0,0.96,15.05
2026-06-06 13:05:00,Counter_5,7.0,,13,5,1,0,1.22,8.33
2026-06-06 13:10:00,Counter_1,7.0,5.0,13,5,1,0,1.19,7.99
2026-06-06 13:10:00,Counter_2,7.0,4.0,13,5,1,0,1.3,9.16
2026-06-06 13:10:00,Counter_3,6.0,4.0,13,5,1,0,1.01,5.99
2026-06-06 13:10:00,Counter_4,8.0,4.0,13,5,1,0,1.28,10.2
2026-06-06 13:10:00,Counter_5,15.0,3.0,13,5,1,0,0.81,12.28
2026-06-06 13:15:00,Counter_1,11.0,5.0,13,5,1,0,1.16,12.81
2026-06-06 13:15:00,Counter_2,7.0,4.0,13,5,1,0,1.58,11.19
2026-06-06 13:15:00,Counter_3,9.0,4.0,13,5,1,0,1.51,13.95
2026-06-06 13:15:00,Counter_4,10.0,5.0,13,5,1,0,1.08,10.64
2026-06-06 13:15:00,Counter_5,5.0,5.0,13,5,1,0,0.87,3.98
2026-06-06 13:20:00,Counter_1,11.0,4.0,13,5,1,0,0.7,7.58
2026-06-06 13:20:00,Counter_2,8.0,5.0,13,5,1,0,1.4,11.16
2026-06-06 13:20:00,Counter_3,4.0,5.0,13,5,1,0,1.32,5.37
2026-06-06 13:20:00,Counter_4,7.0,5.0,13,5,1,0,1.35,9.59
2026-06-06 13:20:00,Counter_5,10.0,3.0,13,5,1,0,1.67,16.49
2026-06-06 13:25:00,Counter_1,6.0,5.0,13,5,1,0,1.29,7.5
2026-06-06 13:25:00,Counter_2,7.0,4.0,13,5,1,0,1.31,9.44
2026-06-06 13:25:00,Counter_3,9.0,4.0,13,5,1,0,0.9,8.16
2026-06-06 13:25:00,Counter_4,11.0,3.0,13,5,1,0,1.66,18.33
2026-06-06 13:25:00,Counter_5,14.0,3.0,13,5,1,0,1.21,16.99
2026-06-06 13:30:00,Counter_1,9.0,3.0,13,5,1,0,1.05,9.48
2026-06-06 13:30:00,Counter_2,,4.0,13,5,1,0,1.3,14.26
2026-06-06 13:30:00,Counter_3,11.0,3.0,13,5,1,0,1.75,19.11
2026-06-06 13:30:00,Counter_4,12.0,3.0,13,5,1,0,1.78,21.25
2026-06-06 13:30:00,Counter_5,7.0,5.0,13,5,1,0,1.01,7.5
2026-06-06 13:35:00,Counter_1,9.0,5.0,13,5,1,0,1.54,14.22
2026-06-06 13:35:00,Counter_2,12.0,,13,5,1,0,1.33,16.15
2026-06-06 13:35:00,Counter_3,5.0,5.0,13,5,1,0,1.5,7.49
2026-06-06 13:35:00,Counter_4,8.0,4.0,13,5,1,0,1.32,10.67
2026-06-06 13:35:00,Counter_5,11.0,3.0,13,5,1,0,1.4,15.12
2026-06-06 13:40:00,Counter_1,9.0,4.0,13,5,1,0,1.58,14.42
2026-06-06 13:40:00,Counter_2,7.0,4.0,13,5,1,0,0.81,5.62
2026-06-06 13:40:00,Counter_3,15.0,3.0,13,5,1,0,1.34,20.1
2026-06-06 13:40:00,Counter_4,8.0,4.0,13,5,1,0,0.96,7.7
2026-06-06 13:40:00,Counter_5,7.0,4.0,13,5,1,0,1.13,7.87
2026-06-06 13:45:00,Counter_1,9.0,,13,5,1,0,1.25,11.41
2026-06-06 13:45:00,Counter_2,15.0,3.0,13,5,1,0,1.0,15.32
2026-06-06 13:45:00,Counter_3,5.0,5.0,13,5,1,0,1.1,5.67
2026-06-06 13:45:00,Counter_4,3.0,4.0,13,5,1,0,0.9,2.71
2026-06-06 13:45:00,Counter_5,6.0,4.0,13,5,1,0,,6.39
2026-06-06 13:50:00,Counter_1,4.0,5.0,13,5,1,0,1.38,5.53
2026-06-06 13:50:00,Counter_2,7.0,5.0,13,5,1,0,1.47,10.27
2026-06-06 13:50:00,Counter_3,6.0,5.0,13,5,1,0,1.06,6.52
2026-06-06 13:50:00,Counter_4,13.0,3.0,13,5,1,0,1.58,20.41
2026-06-06 13:50:00,Counter_5,5.0,5.0,13,5,1,0,1.39,6.77
2026-06-06 13:55:00,Counter_1,8.0,4.0,13,5,1,0,1.61,12.94
2026-06-06 13:55:00,Counter_2,7.0,5.0,13,5,1,0,0.81,5.85
2026-06-06 13:55:00,Counter_3,5.0,5.0,13,5,1,0,1.33,6.68
2026-06-06 13:55:00,Counter_4,,4.0,13,5,1,0,1.4,14.19
2026-06-06 13:55:00,Counter_5,11.0,4.0,13,5,1,0,0.82,8.76
2026-06-06 14:00:00,Counter_1,11.0,1.0,14,5,1,0,,20.44
2026-06-06 14:00:00,Counter_2,6.0,2.0,14,5,1,0,1.09,6.28
2026-06-06 14:00:00,Counter_3,11.0,1.0,14,5,1,0,,15.82
2026-06-06 14:00:00,Counter_4,20.0,1.0,14,5,1,0,1.48,29.87
2026-06-06 14:00:00,Counter_5,10.0,2.0,14,5,1,0,1.28,12.88
2026-06-06 14:05:00,Counter_1,4.0,2.0,14,5,1,0,1.6,6.08
2026-06-06 14:05:00,Counter_2,7.0,1.0,14,5,1,0,1.75,11.97
2026-06-06 14:05:00,Counter_3,18.0,1.0,14,5,1,0,0.97,17.84
2026-06-06 14:05:00,Counter_4,3.0,2.0,14,5,1,0,1.28,3.61
2026-06-06 14:05:00,Counter_5,15.0,1.0,14,5,1,0,1.48,22.3
2026-06-06 14:10:00,Counter_1,8.0,1.0,14,5,1,0,0.84,7.08
2026-06-06 14:10:00,Counter_2,12.0,1.0,14,5,1,0,1.52,18.26
2026-06-06 14:10:00,Counter_3,3.0,2.0,14,5,1,0,1.68,4.8
2026-06-06 14:10:00,Counter_4,6.0,2.0,14,5,1,0,1.57,9.06
2026-06-06 14:10:00,Counter_5,7.0,2.0,14,5,1,0,1.36,9.6
2026-06-06 14:15:00,Counter_1,6.0,2.0,14,5,1,0,1.63,9.56
2026-06-06 14:15:00,Counter_2,8.0,2.0,14,5,1,0,1.34,10.72
2026-06-06 14:15:00,Counter_3,5.0,2.0,14,5,1,0,0.92,4.39
2026-06-06 14:15:00,Counter_4,5.0,2.0,14,5,1,0,1.12,5.48
2026-06-06 14:15:00,Counter_5,5.0,2.0,14,5,1,0,1.19,5.84
2026-06-06 14:20:00,Counter_1,9.0,2.0,14,5,1,0,1.23,11.02
2026-06-06 14:20:00,Counter_2,,1.0,14,5,1,0,1.23,14.61
2026-06-06 14:20:00,Counter_3,14.0,1.0,14,5,1,0,1.17,16.44
2026-06-06 14:20:00,Counter_4,8.0,2.0,14,5,1,0,1.3,10.6
2026-06-06 14:20:00,Counter_5,16.0,1.0,14,5,1,0,1.63,26.01
2026-06-06 14:25:00,Counter_1,9.0,1.0,14,5,1,0,1.3,11.75
2026-06-06 14:25:00,Counter_2,6.0,2.0,14,5,1,0,1.41,8.27
2026-06-06 14:25:00,Counter_3,8.0,1.0,14,5,1,0,0.7,5.29
2026-06-06 14:25:00,Counter_4,19.0,1.0,14,5,1,0,1.28,24.4
2026-06-06 14:25:00,Counter_5,6.0,1.0,14,5,1,0,1.52,9.3
2026-06-06 14:30:00,Counter_1,6.0,2.0,14,5,1,0,1.56,8.98
2026-06-06 14:30:00,Counter_2,17.0,1.0,14,5,1,0,1.54,26.16
2026-06-06 14:30:00,Counter_3,7.0,2.0,14,5,1,0,1.33,9.4
2026-06-06 14:30:00,Counter_4,9.0,1.0,14,5,1,0,1.35,12.21
2026-06-06 14:30:00,Counter_5,19.0,1.0,14,5,1,0,,20.4
2026-06-06 14:35:00,Counter_1,,2.0,14,5,1,0,1.46,2.93
2026-06-06 14:35:00,Counter_2,6.0,2.0,14,5,1,0,1.08,6.67
2026-06-06 14:35:00,Counter_3,5.0,2.0,14,5,1,0,1.42,6.93
2026-06-06 14:35:00,Counter_4,6.0,1.0,14,5,1,0,1.26,7.87
2026-06-06 14:35:00,Counter_5,11.0,1.0,14,5,1,0,1.25,13.47
2026-06-06 14:40:00,Counter_1,6.0,2.0,14,5,1,0,1.5,9.18
2026-06-06 14:40:00,Counter_2,9.0,1.0,14,5,1,0,1.39,12.52
2026-06-06 14:40:00,Counter_3,2.0,2.0,14,5,1,0,1.32,2.54
2026-06-06 14:40:00,Counter_4,4.0,2.0,14,5,1,0,1.13,4.15
2026-06-06 14:40:00,Counter_5,4.0,2.0,14,5,1,0,1.65,6.84
2026-06-06 14:45:00,Counter_1,,2.0,14,5,1,0,1.33,6.46
2026-06-06 14:45:00,Counter_2,3.0,2.0,14,5,1,0,1.44,4.31
2026-06-06 14:45:00,Counter_3,10.0,1.0,14,5,1,0,1.27,12.79
2026-06-06 14:45:00,Counter_4,6.0,2.0,14,5,1,0,1.08,6.96
2026-06-06 14:45:00,Counter_5,6.0,2.0,14,5,1,0,1.34,7.97
2026-06-06 14:50:00,Counter_1,14.0,1.0,14,5,1,0,1.1,15.41
2026-06-06 14:50:00,Counter_2,7.0,,14,5,1,0,1.36,9.6
2026-06-06 14:50:00,Counter_3,13.0,1.0,14,5,1,0,0.6,7.82
2026-06-06 14:50:00,Counter_4,7.0,2.0,14,5,1,0,1.15,7.9
2026-06-06 14:50:00,Counter_5,8.0,1.0,14,5,1,0,1.25,10.3
2026-06-06 14:55:00,Counter_1,7.0,2.0,14,5,1,0,1.01,6.98
2026-06-06 14:55:00,Counter_2,7.0,2.0,14,5,1,0,1.34,9.47
2026-06-06 14:55:00,Counter_3,4.0,2.0,14,5,1,0,1.14,4.52
2026-06-06 14:55:00,Counter_4,2.0,2.0,14,5,1,0,1.25,2.38
2026-06-06 14:55:00,Counter_5,10.0,1.0,14,5,1,0,1.11,11.31
2026-06-06 15:00:00,Counter_1,12.0,1.0,15,5,1,0,1.49,17.93
2026-06-06 15:00:00,Counter_2,7.0,2.0,15,5,1,0,1.39,9.29
2026-06-06 15:00:00,Counter_3,3.0,2.0,15,5,1,0,1.32,4.02
2026-06-06 15:00:00,Counter_4,10.0,1.0,15,5,1,0,1.27,12.57
2026-06-06 15:00:00,Counter_5,9.0,,15,5,1,0,1.88,16.6
2026-06-06 15:05:00,Counter_1,3.0,2.0,15,5,1,0,1.21,3.82
2026-06-06 15:05:00,Counter_2,16.0,1.0,15,5,1,0,1.08,17.13
2026-06-06 15:05:00,Counter_3,7.0,2.0,15,5,1,0,0.96,6.77
2026-06-06 15:05:00,Counter_4,2.0,2.0,15,5,1,0,1.48,3.14
2026-06-06 15:05:00,Counter_5,8.0,1.0,15,5,1,0,1.66,13.23
2026-06-06 15:10:00,Counter_1,17.0,1.0,15,5,1,0,1.04,17.73
2026-06-06 15:10:00,Counter_2,9.0,1.0,15,5,1,0,1.18,10.48
2026-06-06 15:10:00,Counter_3,3.0,2.0,15,5,1,0,1.16,3.7
2026-06-06 15:10:00,Counter_4,4.0,2.0,15,5,1,0,1.22,4.84
2026-06-06 15:10:00,Counter_5,7.0,2.0,15,5,1,0,0.81,5.78
2026-06-06 15:15:00,Counter_1,9.0,2.0,15,5,1,0,1.45,13.35
2026-06-06 15:15:00,Counter_2,9.0,1.0,15,5,1,0,1.55,13.58
2026-06-06 15:15:00,Counter_3,4.0,2.0,15,5,1,0,0.77,2.94
2026-06-06 15:15:00,Counter_4,2.0,2.0,15,5,1,0,,3.35
2026-06-06 15:15:00,Counter_5,4.0,2.0,15,5,1,0,1.65,6.63
2026-06-06 15:20:00,Counter_1,4.0,2.0,15,5,1,0,0.6,2.52
2026-06-06 15:20:00,Counter_2,6.0,2.0,15,5,1,0,0.71,4.5
2026-06-06 15:20:00,Counter_3,20.0,1.0,15,5,1,0,1.22,24.25
2026-06-06 15:20:00,Counter_4,3.0,2.0,15,5,1,0,1.58,4.7
2026-06-06 15:20:00,Counter_5,11.0,1.0,15,5,1,0,1.32,14.74
2026-06-06 15:25:00,Counter_1,4.0,2.0,15,5,1,0,1.26,5.11
2026-06-06 15:25:00,Counter_2,9.0,2.0,15,5,1,0,1.39,12.17
2026-06-06 15:25:00,Counter_3,5.0,2.0,15,5,1,0,1.05,4.89
2026-06-06 15:25:00,Counter_4,10.0,1.0,15,5,1,0,1.57,15.6
2026-06-06 15:25:00,Counter_5,12.0,2.0,15,5,1,0,1.22,14.75
2026-06-06 15:30:00,Counter_1,7.0,2.0,15,5,1,0,0.84,5.99
2026-06-06 15:30:00,Counter_2,4.0,1.0,15,5,1,0,1.05,4.02
2026-06-06 15:30:00,Counter_3,6.0,2.0,15,5,1,0,1.34,8.17
2026-06-06 15:30:00,Counter_4,11.0,1.0,15,5,1,0,1.18,13.03
2026-06-06 15:30:00,Counter_5,5.0,1.0,15,5,1,0,1.15,5.53
2026-06-06 15:35:00,Counter_1,,2.0,15,5,1,0,1.3,7.68
2026-06-06 15:35:00,Counter_2,17.0,1.0,15,5,1,0,1.34,22.39
2026-06-06 15:35:00,Counter_3,6.0,2.0,15,5,1,0,0.94,5.4
2026-06-06 15:35:00,Counter_4,6.0,2.0,15,5,1,0,1.56,8.98
2026-06-06 15:35:00,Counter_5,5.0,1.0,15,5,1,0,1.22,5.79
2026-06-06 15:40:00,Counter_1,6.0,2.0,15,5,1,0,1.35,8.44
2026-06-06 15:40:00,Counter_2,16.0,1.0,15,5,1,0,1.27,20.24
2026-06-06 15:40:00,Counter_3,13.0,1.0,15,5,1,0,1.15,14.6
2026-06-06 15:40:00,Counter_4,3.0,2.0,15,5,1,0,1.48,4.52
2026-06-06 15:40:00,Counter_5,6.0,2.0,15,5,1,0,1.27,7.68
2026-06-06 15:45:00,Counter_1,6.0,2.0,15,5,1,0,1.27,7.66
2026-06-06 15:45:00,Counter_2,12.0,1.0,15,5,1,0,0.63,7.39
2026-06-06 15:45:00,Counter_3,7.0,2.0,15,5,1,0,1.45,10.27
2026-06-06 15:45:00,Counter_4,8.0,2.0,15,5,1,0,1.21,9.46
2026-06-06 15:45:00,Counter_5,4.0,1.0,15,5,1,0,1.44,5.92
2026-06-06 15:50:00,Counter_1,14.0,1.0,15,5,1,0,1.66,23.42
2026-06-06 15:50:00,Counter_2,5.0,2.0,15,5,1,0,1.46,7.29
2026-06-06 15:50:00,Counter_3,6.0,2.0,15,5,1,0,1.26,7.27
2026-06-06 15:50:00,Counter_4,20.0,1.0,15,5,1,0,1.18,23.76
2026-06-06 15:50:00,Counter_5,6.0,1.0,15,5,1,0,1.88,11.16
2026-06-06 15:55:00,Counter_1,3.0,2.0,15,5,1,0,1.37,4.16
2026-06-06 15:55:00,Counter_2,4.0,2.0,15,5,1,0,1.3,5.34
2026-06-06 15:55:00,Counter_3,10.0,1.0,15,5,1,0,1.2,11.84
2026-06-06 15:55:00,Counter_4,5.0,2.0,15,5,1,0,1.03,5.58
2026-06-06 15:55:00,Counter_5,6.0,2.0,15,5,1,0,0.76,4.55
2026-06-06 16:00:00,Counter_1,9.0,1.0,16,5,1,0,1.63,14.54
2026-06-06 16:00:00,Counter_2,9.0,2.0,16,5,1,0,1.06,9.74
2026-06-06 16:00:00,Counter_3,6.0,1.0,16,5,1,0,1.2,7.51
2026-06-06 16:00:00,Counter_4,6.0,2.0,16,5,1,0,1.22,6.91
2026-06-06 16:00:00,Counter_5,13.0,1.0,16,5,1,0,1.61,20.65
2026-06-06 16:05:00,Counter_1,6.0,1.0,16,5,1,0,1.06,6.2
2026-06-06 16:05:00,Counter_2,6.0,2.0,16,5,1,0,1.31,8.28
2026-06-06 16:05:00,Counter_3,5.0,2.0,16,5,1,0,1.38,6.8
2026-06-06 16:05:00,Counter_4,7.0,1.0,16,5,1,0,0.9,6.6
2026-06-06 16:05:00,Counter_5,6.0,1.0,16,5,1,0,0.88,5.32
2026-06-06 16:10:00,Counter_1,1.0,2.0,16,5,1,0,1.07,0.78
2026-06-06 16:10:00,Counter_2,9.0,,16,5,1,0,1.31,11.97
2026-06-06 16:10:00,Counter_3,5.0,2.0,16,5,1,0,1.28,6.46
2026-06-06 16:10:00,Counter_4,15.0,1.0,16,5,1,0,1.22,18.13
2026-06-06 16:10:00,Counter_5,5.0,2.0,16,5,1,0,1.41,6.92
2026-06-06 16:15:00,Counter_1,10.0,1.0,16,5,1,0,1.04,10.19
2026-06-06 16:15:00,Counter_2,,1.0,16,5,1,0,1.21,10.77
2026-06-06 16:15:00,Counter_3,5.0,2.0,16,5,1,0,1.22,6.23
2026-06-06 16:15:00,Counter_4,12.0,1.0,16,5,1,0,1.04,12.3
2026-06-06 16:15:00,Counter_5,8.0,2.0,16,5,1,0,1.83,14.66
2026-06-06 16:20:00,Counter_1,11.0,1.0,16,5,1,0,0.71,7.87
2026-06-06 16:20:00,Counter_2,9.0,1.0,16,5,1,0,1.56,14.03
2026-06-06 16:20:00,Counter_3,5.0,2.0,16,5,1,0,1.45,6.93
2026-06-06 16:20:00,Counter_4,9.0,1.0,16,5,1,0,1.45,13.2
2026-06-06 16:20:00,Counter_5,15.0,1.0,16,5,1,0,1.27,18.82
2026-06-06 16:25:00,Counter_1,5.0,1.0,16,5,1,0,1.58,7.78
2026-06-06 16:25:00,Counter_2,9.0,1.0,16,5,1,0,1.14,10.17
2026-06-06 16:25:00,Counter_3,6.0,1.0,16,5,1,0,1.35,8.09
2026-06-06 16:25:00,Counter_4,7.0,1.0,16,5,1,0,1.27,8.91
2026-06-06 16:25:00,Counter_5,12.0,1.0,16,5,1,0,1.19,14.42
2026-06-06 16:30:00,Counter_1,3.0,2.0,16,5,1,0,1.28,3.78
2026-06-06 16:30:00,Counter_2,13.0,1.0,16,5,1,0,1.01,12.89
2026-06-06 16:30:00,Counter_3,7.0,2.0,16,5,1,0,1.08,7.78
2026-06-06 16:30:00,Counter_4,5.0,2.0,16,5,1,0,1.65,8.17
2026-06-06 16:30:00,Counter_5,12.0,1.0,16,5,1,0,1.97,23.6
2026-06-06 16:35:00,Counter_1,8.0,1.0,16,5,1,0,1.38,10.84
2026-06-06 16:35:00,Counter_2,16.0,1.0,16,5,1,0,1.46,23.19
2026-06-06 16:35:00,Counter_3,3.0,2.0,16,5,1,0,1.31,4.22
2026-06-06 16:35:00,Counter_4,4.0,2.0,16,5,1,0,1.36,5.16
2026-06-06 16:35:00,Counter_5,7.0,2.0,16,5,1,0,1.39,9.48
2026-06-06 16:40:00,Counter_1,3.0,2.0,16,5,1,0,1.51,4.44
2026-06-06 16:40:00,Counter_2,16.0,1.0,16,5,1,0,1.63,26.14
2026-06-06 16:40:00,Counter_3,4.0,2.0,16,5,1,0,1.03,3.93
2026-06-06 16:40:00,Counter_4,12.0,1.0,16,5,1,0,1.96,23.2
2026-06-06 16:40:00,Counter_5,6.0,2.0,16,5,1,0,1.28,7.44
2026-06-06 16:45:00,Counter_1,11.0,1.0,16,5,1,0,1.28,14.0
2026-06-06 16:45:00,Counter_2,11.0,1.0,16,5,1,0,1.15,12.45
2026-06-06 16:45:00,Counter_3,4.0,2.0,16,5,1,0,1.15,5.04
2026-06-06 16:45:00,Counter_4,4.0,2.0,16,5,1,0,1.4,6.0
2026-06-06 16:45:00,Counter_5,5.0,2.0,16,5,1,0,1.41,7.28
2026-06-06 16:50:00,Counter_1,9.0,2.0,16,5,1,0,1.39,12.59
2026-06-06 16:50:00,Counter_2,7.0,2.0,16,5,1,0,1.14,8.06
2026-06-06 16:50:00,Counter_3,5.0,2.0,16,5,1,0,0.6,3.26
2026-06-06 16:50:00,Counter_4,3.0,2.0,16,5,1,0,0.8,2.43
2026-06-06 16:50:00,Counter_5,9.0,1.0,16,5,1,0,1.25,11.09
2026-06-06 16:55:00,Counter_1,2.0,2.0,16,5,1,0,1.33,3.08
2026-06-06 16:55:00,Counter_2,2.0,2.0,16,5,1,0,1.15,2.42
2026-06-06 16:55:00,Counter_3,6.0,2.0,16,5,1,0,1.08,6.77
2026-06-06 16:55:00,Counter_4,,2.0,16,5,1,0,1.32,13.56
2026-06-06 16:55:00,Counter_5,14.0,1.0,16,5,1,0,1.22,16.73
2026-06-06 17:00:00,Counter_1,15.0,3.0,17,5,1,0,1.33,19.78
2026-06-06 17:00:00,Counter_2,12.0,4.0,17,5,1,0,1.05,12.56
2026-06-06 17:00:00,Counter_3,8.0,4.0,17,5,1,0,1.24,10.02
2026-06-06 17:00:00,Counter_4,14.0,4.0,17,5,1,0,1.68,23.7
2026-06-06 17:00:00,Counter_5,11.0,4.0,17,5,1,0,1.21,13.3
2026-06-06 17:05:00,Counter_1,10.0,5.0,17,5,1,0,1.62,16.46
2026-06-06 17:05:00,Counter_2,8.0,4.0,17,5,1,0,1.8,14.52
2026-06-06 17:05:00,Counter_3,6.0,5.0,17,5,1,0,1.25,7.62
2026-06-06 17:05:00,Counter_4,10.0,5.0,17,5,1,0,1.34,13.34
2026-06-06 17:05:00,Counter_5,8.0,5.0,17,5,1,0,1.7,13.66
2026-06-06 17:10:00,Counter_1,9.0,5.0,17,5,1,0,1.76,15.9
2026-06-06 17:10:00,Counter_2,11.0,4.0,17,5,1,0,1.29,14.38
2026-06-06 17:10:00,Counter_3,12.0,4.0,17,5,1,0,1.04,12.22
2026-06-06 17:10:00,Counter_4,10.0,5.0,17,5,1,0,1.76,17.74
2026-06-06 17:10:00,Counter_5,12.0,4.0,17,5,1,0,1.6,18.87
2026-06-06 17:15:00,Counter_1,10.0,4.0,17,5,1,0,1.55,15.33
2026-06-06 17:15:00,Counter_2,13.0,5.0,17,5,1,0,1.68,21.96
2026-06-06 17:15:00,Counter_3,7.0,5.0,17,5,1,0,1.15,7.88
2026-06-06 17:15:00,Counter_4,13.0,3.0,17,5,1,0,1.55,20.16
2026-06-06 17:15:00,Counter_5,11.0,4.0,17,5,1,0,1.38,15.0
2026-06-06 17:20:00,Counter_1,9.0,4.0,17,5,1,0,1.6,14.52
2026-06-06 17:20:00,Counter_2,16.0,3.0,17,5,1,0,1.65,26.41
2026-06-06 17:20:00,Counter_3,7.0,5.0,17,5,1,0,1.69,11.83
2026-06-06 17:20:00,Counter_4,8.0,5.0,17,5,1,0,1.6,13.02
2026-06-06 17:20:00,Counter_5,9.0,4.0,17,5,1,0,1.51,13.67
2026-06-06 17:25:00,Counter_1,11.0,4.0,17,5,1,0,1.52,16.82
2026-06-06 17:25:00,Counter_2,7.0,5.0,17,5,1,0,1.54,11.0
2026-06-06 17:25:00,Counter_3,10.0,3.0,17,5,1,0,1.29,13.14
2026-06-06 17:25:00,Counter_4,,4.0,17,5,1,0,1.36,13.41
2026-06-06 17:25:00,Counter_5,12.0,4.0,17,5,1,0,1.55,18.75
2026-06-06 17:30:00,Counter_1,9.0,5.0,17,5,1,0,1.61,14.58
2026-06-06 17:30:00,Counter_2,6.0,5.0,17,5,1,0,1.29,8.0
2026-06-06 17:30:00,Counter_3,7.0,4.0,17,5,1,0,1.18,8.0
2026-06-06 17:30:00,Counter_4,12.0,5.0,17,5,1,0,1.03,12.22
2026-06-06 17:30:00,Counter_5,8.0,5.0,17,5,1,0,1.13,9.0
2026-06-06 17:35:00,Counter_1,11.0,4.0,17,5,1,0,1.32,14.8
2026-06-06 17:35:00,Counter_2,14.0,3.0,17,5,1,0,1.34,18.7
2026-06-06 17:35:00,Counter_3,7.0,5.0,17,5,1,0,1.38,9.65
2026-06-06 17:35:00,Counter_4,10.0,4.0,17,5,1,0,1.15,11.36
2026-06-06 17:35:00,Counter_5,8.0,4.0,17,5,1,0,1.0,8.16
2026-06-06 17:40:00,Counter_1,12.0,3.0,17,5,1,0,1.48,17.9
2026-06-06 17:40:00,Counter_2,10.0,4.0,17,5,1,0,1.48,14.69
2026-06-06 17:40:00,Counter_3,15.0,4.0,17,5,1,0,1.61,23.94
2026-06-06 17:40:00,Counter_4,13.0,4.0,17,5,1,0,1.65,21.6
2026-06-06 17:40:00,Counter_5,13.0,3.0,17,5,1,0,1.55,20.25
2026-06-06 17:45:00,Counter_1,12.0,4.0,17,5,1,0,1.48,17.63
2026-06-06 17:45:00,Counter_2,8.0,5.0,17,5,1,0,1.67,13.5
2026-06-06 17:45:00,Counter_3,,3.0,17,5,1,0,1.81,29.09
2026-06-06 17:45:00,Counter_4,9.0,5.0,17,5,1,0,1.28,11.77
2026-06-06 17:45:00,Counter_5,18.0,3.0,17,5,1,0,1.64,29.69
2026-06-06 17:50:00,Counter_1,13.0,4.0,17,5,1,0,1.29,16.7
2026-06-06 17:50:00,Counter_2,10.0,4.0,17,5,1,0,1.5,14.85
2026-06-06 17:50:00,Counter_3,7.0,4.0,17,5,1,0,1.72,12.44
2026-06-06 17:50:00,Counter_4,9.0,4.0,17,5,1,0,1.38,12.32
2026-06-06 17:50:00,Counter_5,7.0,3.0,17,5,1,0,1.21,8.1
2026-06-06 17:55:00,Counter_1,13.0,3.0,17,5,1,0,1.34,17.18
2026-06-06 17:55:00,Counter_2,7.0,5.0,17,5,1,0,1.21,8.06
2026-06-06 17:55:00,Counter_3,10.0,4.0,17,5,1,0,1.18,12.04
2026-06-06 17:55:00,Counter_4,9.0,5.0,17,5,1,0,1.75,16.11
2026-06-06 17:55:00,Counter_5,10.0,5.0,17,5,1,0,1.58,15.85
2026-06-06 18:00:00,Counter_1,9.0,5.0,18,5,1,0,1.27,11.11
2026-06-06 18:00:00,Counter_2,8.0,4.0,18,5,1,0,1.2,9.84
2026-06-06 18:00:00,Counter_3,,3.0,18,5,1,0,1.22,12.29
2026-06-06 18:00:00,Counter_4,9.0,5.0,18,5,1,0,1.27,11.68
2026-06-06 18:00:00,Counter_5,9.0,3.0,18,5,1,0,,15.78
2026-06-06 18:05:00,Counter_1,15.0,4.0,18,5,1,0,1.42,21.02
2026-06-06 18:05:00,Counter_2,7.0,5.0,18,5,1,0,1.98,13.99
2026-06-06 18:05:00,Counter_3,10.0,4.0,18,5,1,0,1.44,14.09
2026-06-06 18:05:00,Counter_4,12.0,3.0,18,5,1,0,1.31,15.57
2026-06-06 18:05:00,Counter_5,10.0,4.0,18,5,1,0,1.68,17.01
2026-06-06 18:10:00,Counter_1,6.0,5.0,18,5,1,0,1.03,6.38
2026-06-06 18:10:00,Counter_2,7.0,5.0,18,5,1,0,1.5,10.31
2026-06-06 18:10:00,Counter_3,,5.0,18,5,1,0,1.15,8.97
2026-06-06 18:10:00,Counter_4,5.0,5.0,18,5,1,0,0.9,4.51
2026-06-06 18:10:00,Counter_5,15.0,3.0,18,5,1,0,1.42,21.7
2026-06-06 18:15:00,Counter_1,16.0,3.0,18,5,1,0,1.66,26.67
2026-06-06 18:15:00,Counter_2,14.0,4.0,18,5,1,0,1.5,21.47
2026-06-06 18:15:00,Counter_3,10.0,3.0,18,5,1,0,1.47,14.67
2026-06-06 18:15:00,Counter_4,9.0,4.0,18,5,1,0,0.8,7.38
2026-06-06 18:15:00,Counter_5,20.0,3.0,18,5,1,0,1.41,28.14
2026-06-06 18:20:00,Counter_1,10.0,4.0,18,5,1,0,1.41,13.94
2026-06-06 18:20:00,Counter_2,11.0,3.0,18,5,1,0,1.61,17.52
2026-06-06 18:20:00,Counter_3,14.0,3.0,18,5,1,0,1.19,16.73
2026-06-06 18:20:00,Counter_4,11.0,5.0,18,5,1,0,1.66,18.52
2026-06-06 18:20:00,Counter_5,15.0,3.0,18,5,1,0,1.32,19.73
2026-06-06 18:25:00,Counter_1,12.0,3.0,18,5,1,0,,16.84
2026-06-06 18:25:00,Counter_2,13.0,3.0,18,5,1,0,1.58,20.91
2026-06-06 18:25:00,Counter_3,8.0,5.0,18,5,1,0,1.15,9.37
2026-06-06 18:25:00,Counter_4,8.0,4.0,18,5,1,0,1.66,13.35
2026-06-06 18:25:00,Counter_5,11.0,4.0,18,5,1,0,1.11,12.08
2026-06-06 18:30:00,Counter_1,11.0,3.0,18,5,1,0,1.61,17.97
2026-06-06 18:30:00,Counter_2,9.0,4.0,18,5,1,0,1.39,12.28
2026-06-06 18:30:00,Counter_3,15.0,3.0,18,5,1,0,1.41,21.27
2026-06-06 18:30:00,Counter_4,15.0,4.0,18,5,1,0,0.68,9.94
2026-06-06 18:30:00,Counter_5,11.0,4.0,18,5,1,0,1.3,14.09
2026-06-06 18:35:00,Counter_1,9.0,5.0,18,5,1,0,1.4,12.59
2026-06-06 18:35:00,Counter_2,14.0,3.0,18,5,1,0,1.84,25.9
2026-06-06 18:35:00,Counter_3,8.0,5.0,18,5,1,0,1.44,11.72
2026-06-06 18:35:00,Counter_4,12.0,3.0,18,5,1,0,1.29,15.48
2026-06-06 18:35:00,Counter_5,7.0,4.0,18,5,1,0,1.66,11.54
2026-06-06 18:40:00,Counter_1,18.0,3.0,18,5,1,0,1.32,23.6
2026-06-06 18:40:00,Counter_2,8.0,5.0,18,5,1,0,1.71,13.82
2026-06-06 18:40:00,Counter_3,12.0,3.0,18,5,1,0,1.52,18.37
2026-06-06 18:40:00,Counter_4,11.0,4.0,18,5,1,0,1.23,13.57
2026-06-06 18:40:00,Counter_5,13.0,3.0,18,5,1,0,1.68,21.9
2026-06-06 18:45:00,Counter_1,10.0,4.0,18,5,1,0,,16.32
2026-06-06 18:45:00,Counter_2,6.0,4.0,18,5,1,0,1.67,10.22
2026-06-06 18:45:00,Counter_3,14.0,3.0,18,5,1,0,1.4,19.32
2026-06-06 18:45:00,Counter_4,7.0,5.0,18,5,1,0,1.6,11.38
2026-06-06 18:45:00,Counter_5,10.0,5.0,18,5,1,0,1.93,19.58
2026-06-06 18:50:00,Counter_1,16.0,3.0,18,5,1,0,1.49,23.68
2026-06-06 18:50:00,Counter_2,11.0,4.0,18,5,1,0,1.35,15.04
2026-06-06 18:50:00,Counter_3,13.0,4.0,18,5,1,0,1.84,24.52
2026-06-06 18:50:00,Counter_4,6.0,5.0,18,5,1,0,1.62,9.82
2026-06-06 18:50:00,Counter_5,9.0,4.0,18,5,1,0,1.34,12.01
2026-06-06 18:55:00,Counter_1,15.0,3.0,18,5,1,0,1.88,28.18
2026-06-06 18:55:00,Counter_2,7.0,5.0,18,5,1,0,1.15,8.08
2026-06-06 18:55:00,Counter_3,17.0,3.0,18,5,1,0,1.58,26.54
2026-06-06 18:55:00,Counter_4,14.0,3.0,18,5,1,0,1.74,24.04
2026-06-06 18:55:00,Counter_5,8.0,5.0,18,5,1,0,1.72,13.81
2026-06-06 19:00:00,Counter_1,14.0,3.0,19,5,1,0,1.23,17.21
2026-06-06 19:00:00,Counter_2,14.0,3.0,19,5,1,0,1.14,16.09
2026-06-06 19:00:00,Counter_3,10.0,4.0,19,5,1,0,1.51,15.04
2026-06-06 19:00:00,Counter_4,10.0,5.0,19,5,1,0,1.63,16.32
2026-06-06 19:00:00,Counter_5,15.0,3.0,19,5,1,0,1.18,17.89
2026-06-06 19:05:00,Counter_1,8.0,4.0,19,5,1,0,1.53,11.78
2026-06-06 19:05:00,Counter_2,11.0,3.0,19,5,1,0,1.09,11.81
2026-06-06 19:05:00,Counter_3,11.0,4.0,19,5,1,0,1.72,18.82
2026-06-06 19:05:00,Counter_4,9.0,5.0,19,5,1,0,1.31,11.76
2026-06-06 19:05:00,Counter_5,7.0,4.0,19,5,1,0,1.41,9.59
2026-06-06 19:10:00,Counter_1,8.0,5.0,19,5,1,0,1.67,13.18
2026-06-06 19:10:00,Counter_2,7.0,4.0,19,5,1,0,1.64,11.62
2026-06-06 19:10:00,Counter_3,7.0,4.0,19,5,1,0,1.57,11.08
2026-06-06 19:10:00,Counter_4,13.0,4.0,19,5,1,0,1.71,21.67
2026-06-06 19:10:00,Counter_5,10.0,5.0,19,5,1,0,1.55,15.45
2026-06-06 19:15:00,Counter_1,9.0,4.0,19,5,1,0,1.81,16.26
2026-06-06 19:15:00,Counter_2,12.0,,19,5,1,0,1.02,12.06
2026-06-06 19:15:00,Counter_3,11.0,5.0,19,5,1,0,1.44,15.81
2026-06-06 19:15:00,Counter_4,8.0,5.0,19,5,1,0,1.42,11.44
2026-06-06 19:15:00,Counter_5,7.0,5.0,19,5,1,0,1.4,9.94
2026-06-06 19:20:00,Counter_1,7.0,4.0,19,5,1,0,1.57,11.01
2026-06-06 19:20:00,Counter_2,12.0,3.0,19,5,1,0,1.5,18.13
2026-06-06 19:20:00,Counter_3,,,19,5,1,0,1.66,11.62
2026-06-06 19:20:00,Counter_4,15.0,3.0,19,5,1,0,1.15,16.79
2026-06-06 19:20:00,Counter_5,7.0,4.0,19,5,1,0,,14.11
2026-06-06 19:25:00,Counter_1,9.0,4.0,19,5,1,0,1.35,11.9
2026-06-06 19:25:00,Counter_2,15.0,3.0,19,5,1,0,1.52,22.82
2026-06-06 19:25:00,Counter_3,10.0,4.0,19,5,1,0,1.4,13.96
2026-06-06 19:25:00,Counter_4,13.0,,19,5,1,0,1.47,19.06
2026-06-06 19:25:00,Counter_5,13.0,3.0,19,5,1,0,1.32,16.99
2026-06-06 19:30:00,Counter_1,9.0,3.0,19,5,1,0,1.5,13.42
2026-06-06 19:30:00,Counter_2,8.0,5.0,19,5,1,0,1.6,12.86
2026-06-06 19:30:00,Counter_3,10.0,4.0,19,5,1,0,0.85,8.32
2026-06-06 19:30:00,Counter_4,7.0,5.0,19,5,1,0,1.37,9.47
2026-06-06 19:30:00,Counter_5,8.0,5.0,19,5,1,0,1.36,10.53
2026-06-06 19:35:00,Counter_1,8.0,5.0,19,5,1,0,2.03,16.3
2026-06-06 19:35:00,Counter_2,12.0,4.0,19,5,1,0,1.67,19.78
2026-06-06 19:35:00,Counter_3,7.0,5.0,19,5,1,0,1.83,12.82
2026-06-06 19:35:00,Counter_4,13.0,3.0,19,5,1,0,1.59,20.81
2026-06-06 19:35:00,Counter_5,8.0,4.0,19,5,1,0,1.47,12.01
2026-06-06 19:40:00,Counter_1,12.0,4.0,19,5,1,0,1.54,18.42
2026-06-06 19:40:00,Counter_2,9.0,4.0,19,5,1,0,1.73,15.69
2026-06-06 19:40:00,Counter_3,8.0,5.0,19,5,1,0,1.89,15.12
2026-06-06 19:40:00,Counter_4,10.0,4.0,19,5,1,0,1.53,14.93
2026-06-06 19:40:00,Counter_5,8.0,4.0,19,5,1,0,1.29,10.02
2026-06-06 19:45:00,Counter_1,13.0,3.0,19,5,1,0,1.68,22.01
2026-06-06 19:45:00,Counter_2,10.0,4.0,19,5,1,0,1.24,12.63
2026-06-06 19:45:00,Counter_3,9.0,4.0,19,5,1,0,,13.53
2026-06-06 19:45:00,Counter_4,10.0,4.0,19,5,1,0,1.62,16.27
2026-06-06 19:45:00,Counter_5,12.0,4.0,19,5,1,0,1.42,17.09
2026-06-06 19:50:00,Counter_1,9.0,,19,5,1,0,1.22,10.82
2026-06-06 19:50:00,Counter_2,15.0,4.0,19,5,1,0,1.34,19.94
2026-06-06 19:50:00,Counter_3,10.0,4.0,19,5,1,0,1.37,13.49
2026-06-06 19:50:00,Counter_4,6.0,4.0,19,5,1,0,1.19,6.76
2026-06-06 19:50:00,Counter_5,11.0,3.0,19,5,1,0,1.35,14.64
2026-06-06 19:55:00,Counter_1,12.0,3.0,19,5,1,0,1.09,13.22
2026-06-06 19:55:00,Counter_2,14.0,4.0,19,5,1,0,1.6,22.33
2026-06-06 19:55:00,Counter_3,8.0,5.0,19,5,1,0,1.53,12.39
2026-06-06 19:55:00,Counter_4,13.0,3.0,19,5,1,0,1.52,19.36
2026-06-06 19:55:00,Counter_5,12.0,4.0,19,5,1,0,1.35,16.29
2026-06-06 20:00:00,Counter_1,7.0,5.0,20,5,1,0,1.39,9.89
2026-06-06 20:00:00,Counter_2,16.0,3.0,20,5,1,0,1.24,19.32
2026-06-06 20:00:00,Counter_3,12.0,3.0,20,5,1,0,1.58,18.85
2026-06-06 20:00:00,Counter_4,11.0,5.0,20,5,1,0,1.11,12.28
2026-06-06 20:00:00,Counter_5,18.0,3.0,20,5,1,0,1.47,26.72
2026-06-06 20:05:00,Counter_1,7.0,4.0,20,5,1,0,1.29,8.75
2026-06-06 20:05:00,Counter_2,7.0,4.0,20,5,1,0,1.89,13.51
2026-06-06 20:05:00,Counter_3,10.0,3.0,20,5,1,0,1.58,15.89
2026-06-06 20:05:00,Counter_4,12.0,3.0,20,5,1,0,1.45,17.2
2026-06-06 20:05:00,Counter_5,13.0,4.0,20,5,1,0,1.17,15.41
2026-06-06 20:10:00,Counter_1,7.0,5.0,20,5,1,0,1.11,8.23
2026-06-06 20:10:00,Counter_2,16.0,3.0,20,5,1,0,1.57,25.05
2026-06-06 20:10:00,Counter_3,14.0,4.0,20,5,1,0,1.9,26.52
2026-06-06 20:10:00,Counter_4,8.0,4.0,20,5,1,0,1.55,12.21
2026-06-06 20:10:00,Counter_5,10.0,4.0,20,5,1,0,1.49,15.27
2026-06-06 20:15:00,Counter_1,7.0,4.0,20,5,1,0,1.5,10.35
2026-06-06 20:15:00,Counter_2,14.0,3.0,20,5,1,0,1.48,20.53
2026-06-06 20:15:00,Counter_3,8.0,4.0,20,5,1,0,1.5,11.88
2026-06-06 20:15:00,Counter_4,7.0,4.0,20,5,1,0,1.28,8.84
2026-06-06 20:15:00,Counter_5,14.0,4.0,20,5,1,0,1.21,16.82
2026-06-06 20:20:00,Counter_1,8.0,4.0,20,5,1,0,1.48,11.68
2026-06-06 20:20:00,Counter_2,10.0,5.0,20,5,1,0,1.82,18.06
2026-06-06 20:20:00,Counter_3,10.0,4.0,20,5,1,0,1.64,16.43
2026-06-06 20:20:00,Counter_4,11.0,4.0,20,5,1,0,1.14,12.81
2026-06-06 20:20:00,Counter_5,7.0,5.0,20,5,1,0,1.39,9.53
2026-06-06 20:25:00,Counter_1,8.0,5.0,20,5,1,0,,12.78
2026-06-06 20:25:00,Counter_2,14.0,4.0,20,5,1,0,1.83,25.69
2026-06-06 20:25:00,Counter_3,12.0,4.0,20,5,1,0,1.9,22.91
2026-06-06 20:25:00,Counter_4,6.0,5.0,20,5,1,0,1.4,8.71
2026-06-06 20:25:00,Counter_5,17.0,3.0,20,5,1,0,1.66,28.5
2026-06-06 20:30:00,Counter_1,9.0,4.0,20,5,1,0,1.51,13.27
2026-06-06 20:30:00,Counter_2,14.0,4.0,20,5,1,0,1.42,19.48
2026-06-06 20:30:00,Counter_3,8.0,5.0,20,5,1,0,1.47,11.87
2026-06-06 20:30:00,Counter_4,4.0,5.0,20,5,1,0,1.47,5.99
2026-06-06 20:30:00,Counter_5,7.0,5.0,20,5,1,0,1.74,12.48
2026-06-06 20:35:00,Counter_1,,4.0,20,5,1,0,1.1,11.08
2026-06-06 20:35:00,Counter_2,12.0,4.0,20,5,1,0,1.57,18.73
2026-06-06 20:35:00,Counter_3,13.0,4.0,20,5,1,0,1.83,24.0
2026-06-06 20:35:00,Counter_4,5.0,5.0,20,5,1,0,1.81,8.84
2026-06-06 20:35:00,Counter_5,5.0,5.0,20,5,1,0,1.59,8.35
2026-06-06 20:40:00,Counter_1,8.0,5.0,20,5,1,0,1.26,10.13
2026-06-06 20:40:00,Counter_2,14.0,3.0,20,5,1,0,1.64,22.81
2026-06-06 20:40:00,Counter_3,8.0,4.0,20,5,1,0,1.78,14.06
2026-06-06 20:40:00,Counter_4,12.0,4.0,20,5,1,0,1.32,15.88
2026-06-06 20:40:00,Counter_5,13.0,3.0,20,5,1,0,1.54,20.0
2026-06-06 20:45:00,Counter_1,11.0,4.0,20,5,1,0,1.4,15.37
2026-06-06 20:45:00,Counter_2,14.0,3.0,20,5,1,0,1.3,17.94
2026-06-06 20:45:00,Counter_3,6.0,5.0,20,5,1,0,1.37,8.19
2026-06-06 20:45:00,Counter_4,8.0,5.0,20,5,1,0,1.48,12.01
2026-06-06 20:45:00,Counter_5,7.0,4.0,20,5,1,0,1.22,8.39
2026-06-06 20:50:00,Counter_1,15.0,3.0,20,5,1,0,1.18,17.75
2026-06-06 20:50:00,Counter_2,6.0,4.0,20,5,1,0,1.23,7.6
2026-06-06 20:50:00,Counter_3,17.0,3.0,20,5,1,0,1.53,26.14
2026-06-06 20:50:00,Counter_4,13.0,4.0,20,5,1,0,1.08,13.8
2026-06-06 20:50:00,Counter_5,8.0,5.0,20,5,1,0,0.9,7.26
2026-06-06 20:55:00,Counter_1,15.0,3.0,20,5,1,0,1.79,27.14
2026-06-06 20:55:00,Counter_2,12.0,3.0,20,5,1,0,1.2,14.5
2026-06-06 20:55:00,Counter_3,10.0,3.0,20,5,1,0,1.4,14.24
2026-06-06 20:55:00,Counter_4,10.0,5.0,20,5,1,0,1.68,17.0
2026-06-06 20:55:00,Counter_5,8.0,5.0,20,5,1,0,1.09,8.49
2026-06-06 21:00:00,Counter_1,5.0,2.0,21,5,1,0,0.89,4.81
2026-06-06 21:00:00,Counter_2,3.0,2.0,21,5,1,0,1.09,3.52
2026-06-06 21:00:00,Counter_3,7.0,2.0,21,5,1,0,1.49,10.37
2026-06-06 21:00:00,Counter_4,10.0,1.0,21,5,1,0,1.24,12.66
2026-06-06 21:00:00,Counter_5,4.0,2.0,21,5,1,0,1.25,4.97
2026-06-06 21:05:00,Counter_1,4.0,2.0,21,5,1,0,,4.7
2026-06-06 21:05:00,Counter_2,6.0,2.0,21,5,1,0,1.39,8.16
2026-06-06 21:05:00,Counter_3,10.0,1.0,21,5,1,0,1.61,15.89
2026-06-06 21:05:00,Counter_4,12.0,1.0,21,5,1,0,2.0,24.03
2026-06-06 21:05:00,Counter_5,4.0,2.0,21,5,1,0,1.21,4.79
2026-06-06 21:10:00,Counter_1,5.0,2.0,21,5,1,0,1.63,7.85
2026-06-06 21:10:00,Counter_2,6.0,2.0,21,5,1,0,1.5,9.07
2026-06-06 21:10:00,Counter_3,11.0,2.0,21,5,1,0,1.32,14.62
2026-06-06 21:10:00,Counter_4,6.0,2.0,21,5,1,0,0.7,4.26
2026-06-06 21:10:00,Counter_5,7.0,2.0,21,5,1,0,1.16,8.18
2026-06-06 21:15:00,Counter_1,6.0,2.0,21,5,1,0,1.17,7.1
2026-06-06 21:15:00,Counter_2,2.0,2.0,21,5,1,0,1.34,2.71
2026-06-06 21:15:00,Counter_3,8.0,2.0,21,5,1,0,1.2,9.67
2026-06-06 21:15:00,Counter_4,3.0,2.0,21,5,1,0,1.11,3.43
2026-06-06 21:15:00,Counter_5,7.0,2.0,21,5,1,0,1.76,12.2
2026-06-06 21:20:00,Counter_1,5.0,1.0,21,5,1,0,1.58,7.65
2026-06-06 21:20:00,Counter_2,7.0,2.0,21,5,1,0,0.74,5.24
2026-06-06 21:20:00,Counter_3,3.0,2.0,21,5,1,0,1.18,3.57
2026-06-06 21:20:00,Counter_4,3.0,2.0,21,5,1,0,1.41,4.32
2026-06-06 21:20:00,Counter_5,16.0,1.0,21,5,1,0,1.58,25.51
2026-06-06 21:25:00,Counter_1,13.0,1.0,21,5,1,0,1.15,14.94
2026-06-06 21:25:00,Counter_2,0.0,2.0,21,5,1,0,1.2,0.12
2026-06-06 21:25:00,Counter_3,7.0,2.0,21,5,1,0,1.27,8.98
2026-06-06 21:25:00,Counter_4,10.0,1.0,21,5,1,0,1.42,14.0
2026-06-06 21:25:00,Counter_5,3.0,2.0,21,5,1,0,0.87,2.62
2026-06-06 21:30:00,Counter_1,9.0,1.0,21,5,1,0,0.75,6.73
2026-06-06 21:30:00,Counter_2,3.0,2.0,21,5,1,0,1.56,4.86
2026-06-06 21:30:00,Counter_3,8.0,1.0,21,5,1,0,1.0,7.91
2026-06-06 21:30:00,Counter_4,8.0,2.0,21,5,1,0,1.78,14.26
2026-06-06 21:30:00,Counter_5,5.0,2.0,21,5,1,0,1.03,5.12
2026-06-06 21:35:00,Counter_1,12.0,1.0,21,5,1,0,1.2,13.9
2026-06-06 21:35:00,Counter_2,1.0,2.0,21,5,1,0,1.34,1.23
2026-06-06 21:35:00,Counter_3,18.0,1.0,21,5,1,0,0.72,12.96
2026-06-06 21:35:00,Counter_4,,2.0,21,5,1,0,1.97,13.61
2026-06-06 21:35:00,Counter_5,7.0,2.0,21,5,1,0,1.15,8.03
2026-06-06 21:40:00,Counter_1,6.0,2.0,21,5,1,0,1.04,6.51
2026-06-06 21:40:00,Counter_2,8.0,1.0,21,5,1,0,0.96,7.87
2026-06-06 21:40:00,Counter_3,16.0,1.0,21,5,1,0,1.34,21.07
2026-06-06 21:40:00,Counter_4,4.0,2.0,21,5,1,0,1.32,5.43
2026-06-06 21:40:00,Counter_5,18.0,1.0,21,5,1,0,0.97,17.57
2026-06-06 21:45:00,Counter_1,8.0,2.0,21,5,1,0,0.91,7.26
2026-06-06 21:45:00,Counter_2,5.0,2.0,21,5,1,0,1.51,7.08
2026-06-06 21:45:00,Counter_3,13.0,1.0,21,5,1,0,1.09,14.33
2026-06-06 21:45:00,Counter_4,10.0,1.0,21,5,1,0,0.82,8.11
2026-06-06 21:45:00,Counter_5,6.0,2.0,21,5,1,0,1.21,7.3
2026-06-06 21:50:00,Counter_1,2.0,2.0,21,5,1,0,1.15,2.11
2026-06-06 21:50:00,Counter_2,6.0,1.0,21,5,1,0,1.74,10.29
2026-06-06 21:50:00,Counter_3,8.0,1.0,21,5,1,0,1.12,9.15
2026-06-06 21:50:00,Counter_4,6.0,1.0,21,5,1,0,1.17,7.34
2026-06-06 21:50:00,Counter_5,16.0,1.0,21,5,1,0,1.3,20.71
2026-06-06 21:55:00,Counter_1,7.0,2.0,21,5,1,0,1.11,8.07
2026-06-06 21:55:00,Counter_2,4.0,2.0,21,5,1,0,1.36,5.35
2026-06-06 21:55:00,Counter_3,4.0,2.0,21,5,1,0,,3.91
2026-06-06 21:55:00,Counter_4,6.0,2.0,21,5,1,0,1.19,6.86
2026-06-06 21:55:00,Counter_5,8.0,2.0,21,5,1,0,1.35,10.9
2026-06-06 22:00:00,Counter_1,3.0,2.0,22,5,1,0,1.53,4.55
2026-06-06 22:00:00,Counter_2,1.0,2.0,22,5,1,0,1.1,1.07
2026-06-06 22:00:00,Counter_3,3.0,2.0,22,5,1,0,1.1,3.22
2026-06-06 22:00:00,Counter_4,0.0,1.0,22,5,1,0,1.64,0.09
2026-06-06 22:00:00,Counter_5,3.0,,22,5,1,0,1.11,3.46
2026-06-06 22:05:00,Counter_1,1.0,2.0,22,5,1,0,1.24,1.23
2026-06-06 22:05:00,Counter_2,5.0,2.0,22,5,1,0,1.68,8.56
2026-06-06 22:05:00,Counter_3,3.0,2.0,22,5,1,0,1.27,3.62
2026-06-06 22:05:00,Counter_4,1.0,1.0,22,5,1,0,1.19,1.24
2026-06-06 22:05:00,Counter_5,,1.0,22,5,1,0,1.21,5.27
2026-06-06 22:10:00,Counter_1,2.0,2.0,22,5,1,0,1.06,1.98
2026-06-06 22:10:00,Counter_2,6.0,2.0,22,5,1,0,1.36,8.06
2026-06-06 22:10:00,Counter_3,3.0,2.0,22,5,1,0,1.02,2.96
2026-06-06 22:10:00,Counter_4,5.0,1.0,22,5,1,0,1.44,6.99
2026-06-06 22:10:00,Counter_5,1.0,,22,5,1,0,1.25,1.58
2026-06-06 22:15:00,Counter_1,0.0,2.0,22,5,1,0,1.31,0.05
2026-06-06 22:15:00,Counter_2,3.0,2.0,22,5,1,0,1.68,4.8
2026-06-06 22:15:00,Counter_3,2.0,2.0,22,5,1,0,0.89,1.87
2026-06-06 22:15:00,Counter_4,2.0,2.0,22,5,1,0,1.26,2.37
2026-06-06 22:15:00,Counter_5,3.0,2.0,22,5,1,0,,4.22
2026-06-06 22:20:00,Counter_1,1.0,2.0,22,5,1,0,1.1,1.09
2026-06-06 22:20:00,Counter_2,1.0,1.0,22,5,1,0,1.49,1.59
2026-06-06 22:20:00,Counter_3,0.0,1.0,22,5,1,0,1.11,0.13
2026-06-06 22:20:00,Counter_4,2.0,2.0,22,5,1,0,1.32,2.56
2026-06-06 22:20:00,Counter_5,3.0,1.0,22,5,1,0,1.22,3.69
2026-06-06 22:25:00,Counter_1,3.0,2.0,22,5,1,0,1.29,3.83
2026-06-06 22:25:00,Counter_2,2.0,2.0,22,5,1,0,1.27,2.88
2026-06-06 22:25:00,Counter_3,6.0,1.0,22,5,1,0,1.24,7.32
2026-06-06 22:25:00,Counter_4,0.0,1.0,22,5,1,0,1.13,0.02
2026-06-06 22:25:00,Counter_5,8.0,1.0,22,5,1,0,1.08,8.82
2026-06-06 22:30:00,Counter_1,6.0,2.0,22,5,1,0,1.33,7.72
2026-06-06 22:30:00,Counter_2,4.0,1.0,22,5,1,0,1.26,4.82
2026-06-06 22:30:00,Counter_3,0.0,2.0,22,5,1,0,1.08,0.23
2026-06-06 22:30:00,Counter_4,2.0,2.0,22,5,1,0,1.34,2.54
2026-06-06 22:30:00,Counter_5,3.0,1.0,22,5,1,0,1.13,3.39
2026-06-06 22:35:00,Counter_1,3.0,1.0,22,5,1,0,1.64,4.89
2026-06-06 22:35:00,Counter_2,2.0,1.0,22,5,1,0,1.87,3.73
2026-06-06 22:35:00,Counter_3,4.0,1.0,22,5,1,0,1.6,6.33
2026-06-06 22:35:00,Counter_4,2.0,2.0,22,5,1,0,1.58,3.18
2026-06-06 22:35:00,Counter_5,5.0,2.0,22,5,1,0,1.45,7.09
2026-06-06 22:40:00,Counter_1,9.0,1.0,22,5,1,0,1.2,10.76
2026-06-06 22:40:00,Counter_2,5.0,2.0,22,5,1,0,0.78,3.51
2026-06-06 22:40:00,Counter_3,1.0,2.0,22,5,1,0,0.99,0.97
2026-06-06 22:40:00,Counter_4,0.0,2.0,22,5,1,0,1.08,0.02
2026-06-06 22:40:00,Counter_5,0.0,2.0,22,5,1,0,1.55,0.0
2026-06-06 22:45:00,Counter_1,0.0,2.0,22,5,1,0,1.31,0.04
2026-06-06 22:45:00,Counter_2,2.0,1.0,22,5,1,0,1.09,2.1
2026-06-06 22:45:00,Counter_3,5.0,1.0,22,5,1,0,0.79,4.12
2026-06-06 22:45:00,Counter_4,2.0,2.0,22,5,1,0,1.83,3.43
2026-06-06 22:45:00,Counter_5,5.0,,22,5,1,0,1.38,6.8
2026-06-06 22:50:00,Counter_1,2.0,2.0,22,5,1,0,1.48,3.28
2026-06-06 22:50:00,Counter_2,3.0,2.0,22,5,1,0,1.12,3.4
2026-06-06 22:50:00,Counter_3,1.0,1.0,22,5,1,0,1.22,1.27
2026-06-06 22:50:00,Counter_4,0.0,2.0,22,5,1,0,1.16,0.2
2026-06-06 22:50:00,Counter_5,3.0,,22,5,1,0,1.27,4.18
2026-06-06 22:55:00,Counter_1,0.0,2.0,22,5,1,0,1.71,0.11
2026-06-06 22:55:00,Counter_2,1.0,1.0,22,5,1,0,0.95,1.25
2026-06-06 22:55:00,Counter_3,7.0,1.0,22,5,1,0,1.24,8.56
2026-06-06 22:55:00,Counter_4,3.0,2.0,22,5,1,0,1.34,3.83
2026-06-06 22:55:00,Counter_5,2.0,2.0,22,5,1,0,1.22,2.29
2026-06-06 23:00:00,Counter_1,4.0,2.0,23,5,1,0,1.5,6.13
2026-06-06 23:00:00,Counter_2,4.0,2.0,23,5,1,0,,3.61
2026-06-06 23:00:00,Counter_3,5.0,1.0,23,5,1,0,1.72,8.75
2026-06-06 23:00:00,Counter_4,2.0,2.0,23,5,1,0,0.91,2.0
2026-06-06 23:00:00,Counter_5,1.0,2.0,23,5,1,0,0.97,1.0
2026-06-06 23:05:00,Counter_1,1.0,2.0,23,5,1,0,1.14,0.89
2026-06-06 23:05:00,Counter_2,5.0,1.0,23,5,1,0,1.09,5.85
2026-06-06 23:05:00,Counter_3,1.0,2.0,23,5,1,0,1.36,1.49
2026-06-06 23:05:00,Counter_4,3.0,,23,5,1,0,1.33,4.09
2026-06-06 23:05:00,Counter_5,2.0,2.0,23,5,1,0,1.28,2.73
2026-06-06 23:10:00,Counter_1,4.0,1.0,23,5,1,0,0.9,3.26
2026-06-06 23:10:00,Counter_2,1.0,1.0,23,5,1,0,1.22,1.12
2026-06-06 23:10:00,Counter_3,4.0,2.0,23,5,1,0,1.25,5.12
2026-06-06 23:10:00,Counter_4,4.0,2.0,23,5,1,0,1.56,6.21
2026-06-06 23:10:00,Counter_5,0.0,2.0,23,5,1,0,1.3,0.01
2026-06-06 23:15:00,Counter_1,2.0,1.0,23,5,1,0,1.35,2.96
2026-06-06 23:15:00,Counter_2,3.0,2.0,23,5,1,0,1.74,5.24
2026-06-06 23:15:00,Counter_3,3.0,2.0,23,5,1,0,0.96,3.36
2026-06-06 23:15:00,Counter_4,5.0,1.0,23,5,1,0,1.15,5.74
2026-06-06 23:15:00,Counter_5,4.0,1.0,23,5,1,0,0.97,4.04
2026-06-06 23:20:00,Counter_1,1.0,2.0,23,5,1,0,1.65,1.75
2026-06-06 23:20:00,Counter_2,3.0,1.0,23,5,1,0,1.67,4.9
2026-06-06 23:20:00,Counter_3,1.0,1.0,23,5,1,0,1.63,1.42
2026-06-06 23:20:00,Counter_4,3.0,2.0,23,5,1,0,1.39,4.18
2026-06-06 23:20:00,Counter_5,10.0,1.0,23,5,1,0,1.35,13.88
2026-06-06 23:25:00,Counter_1,,1.0,23,5,1,0,1.14,1.06
2026-06-06 23:25:00,Counter_2,3.0,2.0,23,5,1,0,1.44,4.42
2026-06-06 23:25:00,Counter_3,2.0,2.0,23,5,1,0,0.93,1.81
2026-06-06 23:25:00,Counter_4,3.0,1.0,23,5,1,0,0.93,2.83
2026-06-06 23:25:00,Counter_5,4.0,1.0,23,5,1,0,1.15,4.83
2026-06-06 23:30:00,Counter_1,2.0,2.0,23,5,1,0,1.72,3.46
2026-06-06 23:30:00,Counter_2,6.0,1.0,23,5,1,0,1.12,6.6
2026-06-06 23:30:00,Counter_3,2.0,2.0,23,5,1,0,1.16,2.64
2026-06-06 23:30:00,Counter_4,1.0,2.0,23,5,1,0,1.32,1.2
2026-06-06 23:30:00,Counter_5,1.0,2.0,23,5,1,0,1.47,1.61
2026-06-06 23:35:00,Counter_1,4.0,1.0,23,5,1,0,1.56,5.94
2026-06-06 23:35:00,Counter_2,1.0,1.0,23,5,1,0,0.97,1.23
2026-06-06 23:35:00,Counter_3,,1.0,23,5,1,0,1.23,12.82
2026-06-06 23:35:00,Counter_4,4.0,1.0,23,5,1,0,1.31,5.23
2026-06-06 23:35:00,Counter_5,0.0,1.0,23,5,1,0,1.33,0.0
2026-06-06 23:40:00,Counter_1,0.0,1.0,23,5,1,0,1.47,0.03
2026-06-06 23:40:00,Counter_2,5.0,2.0,23,5,1,0,1.46,7.32
2026-06-06 23:40:00,Counter_3,5.0,2.0,23,5,1,0,1.26,6.73
2026-06-06 23:40:00,Counter_4,0.0,2.0,23,5,1,0,1.54,0.3
2026-06-06 23:40:00,Counter_5,3.0,1.0,23,5,1,0,1.49,4.2
2026-06-06 23:45:00,Counter_1,3.0,2.0,23,5,1,0,1.47,4.47
2026-06-06 23:45:00,Counter_2,5.0,1.0,23,5,1,0,1.12,5.72
2026-06-06 23:45:00,Counter_3,16.0,1.0,23,5,1,0,1.43,22.73
2026-06-06 23:45:00,Counter_4,3.0,1.0,23,5,1,0,1.55,4.84
2026-06-06 23:45:00,Counter_5,2.0,2.0,23,5,1,0,1.12,2.25
2026-06-06 23:50:00,Counter_1,3.0,1.0,23,5,1,0,1.28,3.79
2026-06-06 23:50:00,Counter_2,5.0,1.0,23,5,1,0,1.64,8.31
2026-06-06 23:50:00,Counter_3,3.0,1.0,23,5,1,0,1.35,3.99
2026-06-06 23:50:00,Counter_4,1.0,2.0,23,5,1,0,1.23,1.08
2026-06-06 23:50:00,Counter_5,5.0,1.0,23,5,1,0,1.62,7.78
2026-06-06 23:55:00,Counter_1,2.0,1.0,23,5,1,0,1.13,2.14
2026-06-06 23:55:00,Counter_2,2.0,2.0,23,5,1,0,0.83,2.16
2026-06-06 23:55:00,Counter_3,10.0,1.0,23,5,1,0,1.06,10.61
2026-06-06 23:55:00,Counter_4,2.0,2.0,23,5,1,0,1.53,2.86
2026-06-06 23:55:00,Counter_5,3.0,1.0,23,5,1,0,1.38,4.39
2026-06-07 00:00:00,Counter_1,4.0,2.0,0,6,1,0,1.27,5.07
2026-06-07 00:00:00,Counter_2,1.0,2.0,0,6,1,0,1.52,1.58
2026-06-07 00:00:00,Counter_3,3.0,2.0,0,6,1,0,1.29,3.92
2026-06-07 00:00:00,Counter_4,2.0,1.0,0,6,1,0,1.19,2.68
2026-06-07 00:00:00,Counter_5,1.0,2.0,0,6,1,0,1.46,1.19
2026-06-07 00:05:00,Counter_1,4.0,2.0,0,6,1,0,1.15,4.89
2026-06-07 00:05:00,Counter_2,5.0,2.0,0,6,1,0,1.37,7.0
2026-06-07 00:05:00,Counter_3,3.0,2.0,0,6,1,0,1.05,3.17
2026-06-07 00:05:00,Counter_4,3.0,2.0,0,6,1,0,0.99,2.8
2026-06-07 00:05:00,Counter_5,6.0,2.0,0,6,1,0,1.03,6.13
2026-06-07 00:10:00,Counter_1,6.0,1.0,0,6,1,0,1.24,7.45
2026-06-07 00:10:00,Counter_2,0.0,2.0,0,6,1,0,1.09,0.04
2026-06-07 00:10:00,Counter_3,2.0,2.0,0,6,1,0,1.1,2.49
2026-06-07 00:10:00,Counter_4,0.0,2.0,0,6,1,0,1.21,0.07
2026-06-07 00:10:00,Counter_5,3.0,2.0,0,6,1,0,1.23,4.09
2026-06-07 00:15:00,Counter_1,1.0,2.0,0,6,1,0,0.86,1.05
2026-06-07 00:15:00,Counter_2,4.0,2.0,0,6,1,0,0.62,2.57
2026-06-07 00:15:00,Counter_3,0.0,2.0,0,6,1,0,1.35,0.06
2026-06-07 00:15:00,Counter_4,7.0,1.0,0,6,1,0,1.28,8.84
2026-06-07 00:15:00,Counter_5,2.0,2.0,0,6,1,0,0.91,1.93
2026-06-07 00:20:00,Counter_1,1.0,2.0,0,6,1,0,1.36,1.44
2026-06-07 00:20:00,Counter_2,3.0,2.0,0,6,1,0,1.36,4.0
2026-06-07 00:20:00,Counter_3,2.0,1.0,0,6,1,0,1.17,2.56
2026-06-07 00:20:00,Counter_4,1.0,1.0,0,6,1,0,1.74,1.77
2026-06-07 00:20:00,Counter_5,8.0,1.0,0,6,1,0,1.57,12.64
2026-06-07 00:25:00,Counter_1,5.0,1.0,0,6,1,0,1.15,5.96
2026-06-07 00:25:00,Counter_2,1.0,1.0,0,6,1,0,,1.32
2026-06-07 00:25:00,Counter_3,2.0,1.0,0,6,1,0,0.89,1.46
2026-06-07 00:25:00,Counter_4,6.0,1.0,0,6,1,0,1.56,9.51
2026-06-07 00:25:00,Counter_5,3.0,2.0,0,6,1,0,1.31,3.94
2026-06-07 00:30:00,Counter_1,0.0,2.0,0,6,1,0,1.46,0.27
2026-06-07 00:30:00,Counter_2,3.0,1.0,0,6,1,0,0.72,2.17
2026-06-07 00:30:00,Counter_3,2.0,2.0,0,6,1,0,1.44,2.82
2026-06-07 00:30:00,Counter_4,1.0,2.0,0,6,1,0,1.12,1.15
2026-06-07 00:30:00,Counter_5,1.0,2.0,0,6,1,0,1.4,1.4
2026-06-07 00:35:00,Counter_1,5.0,1.0,0,6,1,0,1.38,7.04
2026-06-07 00:35:00,Counter_2,0.0,1.0,0,6,1,0,1.24,0.02
2026-06-07 00:35:00,Counter_3,9.0,1.0,0,6,1,0,1.08,9.76
2026-06-07 00:35:00,Counter_4,5.0,1.0,0,6,1,0,1.35,6.74
2026-06-07 00:35:00,Counter_5,5.0,2.0,0,6,1,0,1.04,5.65
2026-06-07 00:40:00,Counter_1,0.0,1.0,0,6,1,0,1.51,0.14
2026-06-07 00:40:00,Counter_2,2.0,2.0,0,6,1,0,1.07,2.32
2026-06-07 00:40:00,Counter_3,9.0,1.0,0,6,1,0,1.26,11.43
2026-06-07 00:40:00,Counter_4,2.0,2.0,0,6,1,0,1.06,2.27
2026-06-07 00:40:00,Counter_5,2.0,1.0,0,6,1,0,1.29,2.49
2026-06-07 00:45:00,Counter_1,2.0,2.0,0,6,1,0,0.99,2.04
2026-06-07 00:45:00,Counter_2,0.0,2.0,0,6,1,0,1.05,0.08
2026-06-07 00:45:00,Counter_3,,2.0,0,6,1,0,1.82,0.05
2026-06-07 00:45:00,Counter_4,0.0,1.0,0,6,1,0,1.46,0.02
2026-06-07 00:45:00,Counter_5,5.0,1.0,0,6,1,0,1.34,6.54
2026-06-07 00:50:00,Counter_1,8.0,1.0,0,6,1,0,1.38,11.44
2026-06-07 00:50:00,Counter_2,1.0,2.0,0,6,1,0,1.33,1.4
2026-06-07 00:50:00,Counter_3,3.0,1.0,0,6,1,0,1.23,3.79
2026-06-07 00:50:00,Counter_4,3.0,2.0,0,6,1,0,1.44,4.55
2026-06-07 00:50:00,Counter_5,2.0,1.0,0,6,1,0,1.04,2.1
2026-06-07 00:55:00,Counter_1,3.0,1.0,0,6,1,0,1.65,4.87
2026-06-07 00:55:00,Counter_2,2.0,2.0,0,6,1,0,1.28,2.59
2026-06-07 00:55:00,Counter_3,2.0,2.0,0,6,1,0,1.45,2.73
2026-06-07 00:55:00,Counter_4,4.0,1.0,0,6,1,0,1.64,6.27
2026-06-07 00:55:00,Counter_5,1.0,2.0,0,6,1,0,1.37,1.2
2026-06-07 01:00:00,Counter_1,2.0,2.0,1,6,1,0,1.05,1.63
2026-06-07 01:00:00,Counter_2,6.0,1.0,1,6,1,0,1.55,9.23
2026-06-07 01:00:00,Counter_3,5.0,1.0,1,6,1,0,1.67,8.25
2026-06-07 01:00:00,Counter_4,1.0,2.0,1,6,1,0,0.76,0.88
2026-06-07 01:00:00,Counter_5,1.0,2.0,1,6,1,0,1.22,1.25
2026-06-07 01:05:00,Counter_1,7.0,1.0,1,6,1,0,1.32,9.21
2026-06-07 01:05:00,Counter_2,3.0,2.0,1,6,1,0,1.18,3.78
2026-06-07 01:05:00,Counter_3,1.0,2.0,1,6,1,0,0.94,0.86
2026-06-07 01:05:00,Counter_4,2.0,2.0,1,6,1,0,1.03,1.84
2026-06-07 01:05:00,Counter_5,5.0,1.0,1,6,1,0,0.79,3.44
2026-06-07 01:10:00,Counter_1,1.0,2.0,1,6,1,0,1.49,1.49
2026-06-07 01:10:00,Counter_2,9.0,1.0,1,6,1,0,1.59,14.3
2026-06-07 01:10:00,Counter_3,0.0,1.0,1,6,1,0,1.59,0.02
2026-06-07 01:10:00,Counter_4,5.0,1.0,1,6,1,0,1.24,6.03
2026-06-07 01:10:00,Counter_5,2.0,1.0,1,6,1,0,1.32,2.79
2026-06-07 01:15:00,Counter_1,6.0,1.0,1,6,1,0,1.52,8.62
2026-06-07 01:15:00,Counter_2,1.0,2.0,1,6,1,0,1.19,0.93
2026-06-07 01:15:00,Counter_3,2.0,2.0,1,6,1,0,1.01,2.1
2026-06-07 01:15:00,Counter_4,2.0,1.0,1,6,1,0,1.11,2.36
2026-06-07 01:15:00,Counter_5,3.0,1.0,1,6,1,0,1.29,3.54
2026-06-07 01:20:00,Counter_1,3.0,2.0,1,6,1,0,1.07,3.05
2026-06-07 01:20:00,Counter_2,0.0,2.0,1,6,1,0,1.37,0.06
2026-06-07 01:20:00,Counter_3,3.0,2.0,1,6,1,0,0.91,2.71
2026-06-07 01:20:00,Counter_4,3.0,,1,6,1,0,1.19,3.68
2026-06-07 01:20:00,Counter_5,3.0,2.0,1,6,1,0,1.35,4.23
2026-06-07 01:25:00,Counter_1,5.0,1.0,1,6,1,0,1.28,6.14
2026-06-07 01:25:00,Counter_2,4.0,1.0,1,6,1,0,1.07,4.37
2026-06-07 01:25:00,Counter_3,8.0,1.0,1,6,1,0,1.43,11.3
2026-06-07 01:25:00,Counter_4,3.0,2.0,1,6,1,0,1.32,4.03
2026-06-07 01:25:00,Counter_5,3.0,2.0,1,6,1,0,0.73,2.1
2026-06-07 01:30:00,Counter_1,2.0,2.0,1,6,1,0,1.36,2.94
2026-06-07 01:30:00,Counter_2,3.0,2.0,1,6,1,0,1.14,3.54
2026-06-07 01:30:00,Counter_3,4.0,1.0,1,6,1,0,1.12,4.28
2026-06-07 01:30:00,Counter_4,1.0,2.0,1,6,1,0,1.04,0.7
2026-06-07 01:30:00,Counter_5,1.0,1.0,1,6,1,0,1.0,1.24
2026-06-07 01:35:00,Counter_1,1.0,2.0,1,6,1,0,1.3,1.16
2026-06-07 01:35:00,Counter_2,7.0,1.0,1,6,1,0,1.39,9.61
2026-06-07 01:35:00,Counter_3,0.0,1.0,1,6,1,0,1.29,0.1
2026-06-07 01:35:00,Counter_4,1.0,2.0,1,6,1,0,1.49,1.29
2026-06-07 01:35:00,Counter_5,5.0,2.0,1,6,1,0,1.4,7.04
2026-06-07 01:40:00,Counter_1,3.0,2.0,1,6,1,0,0.75,2.25
2026-06-07 01:40:00,Counter_2,4.0,1.0,1,6,1,0,1.02,4.06
2026-06-07 01:40:00,Counter_3,1.0,2.0,1,6,1,0,1.55,1.79
2026-06-07 01:40:00,Counter_4,6.0,2.0,1,6,1,0,0.93,5.67
2026-06-07 01:40:00,Counter_5,4.0,2.0,1,6,1,0,0.6,2.6
2026-06-07 01:45:00,Counter_1,2.0,2.0,1,6,1,0,1.71,3.37
2026-06-07 01:45:00,Counter_2,2.0,2.0,1,6,1,0,1.32,2.5
2026-06-07 01:45:00,Counter_3,5.0,2.0,1,6,1,0,1.08,5.61
2026-06-07 01:45:00,Counter_4,11.0,1.0,1,6,1,0,1.04,11.33
2026-06-07 01:45:00,Counter_5,5.0,2.0,1,6,1,0,,7.07
2026-06-07 01:50:00,Counter_1,3.0,2.0,1,6,1,0,1.37,4.19
2026-06-07 01:50:00,Counter_2,2.0,1.0,1,6,1,0,1.33,2.51
2026-06-07 01:50:00,Counter_3,10.0,1.0,1,6,1,0,1.2,11.85
2026-06-07 01:50:00,Counter_4,3.0,2.0,1,6,1,0,0.93,2.74
2026-06-07 01:50:00,Counter_5,,1.0,1,6,1,0,1.24,2.63
2026-06-07 01:55:00,Counter_1,1.0,1.0,1,6,1,0,1.52,1.59
2026-06-07 01:55:00,Counter_2,2.0,2.0,1,6,1,0,1.11,1.95
2026-06-07 01:55:00,Counter_3,,1.0,1,6,1,0,1.4,0.09
2026-06-07 01:55:00,Counter_4,8.0,1.0,1,6,1,0,1.15,9.28
2026-06-07 01:55:00,Counter_5,3.0,2.0,1,6,1,0,1.45,4.27
2026-06-07 02:00:00,Counter_1,1.0,2.0,2,6,1,0,1.01,0.98
2026-06-07 02:00:00,Counter_2,6.0,1.0,2,6,1,0,1.25,7.45
2026-06-07 02:00:00,Counter_3,2.0,2.0,2,6,1,0,1.36,2.65
2026-06-07 02:00:00,Counter_4,1.0,2.0,2,6,1,0,1.08,1.31
2026-06-07 02:00:00,Counter_5,6.0,1.0,2,6,1,0,1.34,8.52
2026-06-07 02:05:00,Counter_1,3.0,1.0,2,6,1,0,1.24,3.62
2026-06-07 02:05:00,Counter_2,5.0,2.0,2,6,1,0,1.24,6.11
2026-06-07 02:05:00,Counter_3,0.0,1.0,2,6,1,0,1.08,0.03
2026-06-07 02:05:00,Counter_4,0.0,2.0,2,6,1,0,1.5,0.02
2026-06-07 02:05:00,Counter_5,9.0,1.0,2,6,1,0,1.01,9.2
2026-06-07 02:10:00,Counter_1,4.0,2.0,2,6,1,0,1.32,5.32
2026-06-07 02:10:00,Counter_2,1.0,2.0,2,6,1,0,,1.07
2026-06-07 02:10:00,Counter_3,1.0,2.0,2,6,1,0,1.23,0.86
2026-06-07 02:10:00,Counter_4,0.0,1.0,2,6,1,0,1.41,0.3
2026-06-07 02:10:00,Counter_5,5.0,2.0,2,6,1,0,1.18,5.83
2026-06-07 02:15:00,Counter_1,3.0,1.0,2,6,1,0,0.6,1.93
2026-06-07 02:15:00,Counter_2,3.0,2.0,2,6,1,0,0.91,2.37
2026-06-07 02:15:00,Counter_3,2.0,2.0,2,6,1,0,0.71,1.6
2026-06-07 02:15:00,Counter_4,6.0,1.0,2,6,1,0,1.27,7.56
2026-06-07 02:15:00,Counter_5,2.0,2.0,2,6,1,0,1.25,2.33
2026-06-07 02:20:00,Counter_1,4.0,1.0,2,6,1,0,1.16,4.66
2026-06-07 02:20:00,Counter_2,6.0,1.0,2,6,1,0,1.09,6.28
2026-06-07 02:20:00,Counter_3,2.0,2.0,2,6,1,0,1.31,2.11
2026-06-07 02:20:00,Counter_4,5.0,1.0,2,6,1,0,0.89,4.69
2026-06-07 02:20:00,Counter_5,4.0,2.0,2,6,1,0,1.49,5.95
2026-06-07 02:25:00,Counter_1,3.0,1.0,2,6,1,0,1.27,3.67
2026-06-07 02:25:00,Counter_2,0.0,2.0,2,6,1,0,1.01,0.09
2026-06-07 02:25:00,Counter_3,1.0,2.0,2,6,1,0,1.15,1.0
2026-06-07 02:25:00,Counter_4,5.0,1.0,2,6,1,0,1.22,6.03
2026-06-07 02:25:00,Counter_5,3.0,1.0,2,6,1,0,0.9,2.68
2026-06-07 02:30:00,Counter_1,5.0,1.0,2,6,1,0,1.42,7.24
2026-06-07 02:30:00,Counter_2,6.0,2.0,2,6,1,0,1.49,8.8
2026-06-07 02:30:00,Counter_3,6.0,2.0,2,6,1,0,1.28,7.47
2026-06-07 02:30:00,Counter_4,6.0,1.0,2,6,1,0,1.49,8.83
2026-06-07 02:30:00,Counter_5,6.0,1.0,2,6,1,0,1.91,11.95
2026-06-07 02:35:00,Counter_1,2.0,2.0,2,6,1,0,0.78,1.59
2026-06-07 02:35:00,Counter_2,6.0,2.0,2,6,1,0,1.26,7.64
2026-06-07 02:35:00,Counter_3,4.0,2.0,2,6,1,0,0.91,3.59
2026-06-07 02:35:00,Counter_4,2.0,2.0,2,6,1,0,1.64,3.63
2026-06-07 02:35:00,Counter_5,0.0,2.0,2,6,1,0,1.31,0.01
2026-06-07 02:40:00,Counter_1,2.0,2.0,2,6,1,0,1.08,1.95
2026-06-07 02:40:00,Counter_2,1.0,2.0,2,6,1,0,1.18,1.21
2026-06-07 02:40:00,Counter_3,2.0,2.0,2,6,1,0,1.58,3.08
2026-06-07 02:40:00,Counter_4,0.0,2.0,2,6,1,0,,0.18
2026-06-07 02:40:00,Counter_5,1.0,1.0,2,6,1,0,1.39,1.59
2026-06-07 02:45:00,Counter_1,6.0,1.0,2,6,1,0,1.62,9.48
2026-06-07 02:45:00,Counter_2,3.0,2.0,2,6,1,0,1.49,4.54
2026-06-07 02:45:00,Counter_3,2.0,1.0,2,6,1,0,1.53,2.9
2026-06-07 02:45:00,Counter_4,3.0,2.0,2,6,1,0,1.22,3.94
2026-06-07 02:45:00,Counter_5,1.0,2.0,2,6,1,0,0.69,0.88
2026-06-07 02:50:00,Counter_1,3.0,2.0,2,6,1,0,1.28,3.44
2026-06-07 02:50:00,Counter_2,5.0,1.0,2,6,1,0,1.08,5.17
2026-06-07 02:50:00,Counter_3,2.0,1.0,2,6,1,0,1.45,2.63
2026-06-07 02:50:00,Counter_4,10.0,1.0,2,6,1,0,0.81,8.09
2026-06-07 02:50:00,Counter_5,2.0,2.0,2,6,1,0,1.46,2.98
2026-06-07 02:55:00,Counter_1,2.0,1.0,2,6,1,0,1.3,2.76
2026-06-07 02:55:00,Counter_2,4.0,2.0,2,6,1,0,1.34,5.31
2026-06-07 02:55:00,Counter_3,5.0,1.0,2,6,1,0,1.4,6.94
2026-06-07 02:55:00,Counter_4,3.0,2.0,2,6,1,0,1.24,3.78
2026-06-07 02:55:00,Counter_5,3.0,1.0,2,6,1,0,1.17,4.14
2026-06-07 03:00:00,Counter_1,4.0,2.0,3,6,1,0,1.53,5.82
2026-06-07 03:00:00,Counter_2,6.0,1.0,3,6,1,0,1.4,8.02
2026-06-07 03:00:00,Counter_3,3.0,1.0,3,6,1,0,1.42,4.15
2026-06-07 03:00:00,Counter_4,1.0,2.0,3,6,1,0,1.23,1.09
2026-06-07 03:00:00,Counter_5,1.0,2.0,3,6,1,0,1.28,1.13
2026-06-07 03:05:00,Counter_1,4.0,1.0,3,6,1,0,1.25,5.0
2026-06-07 03:05:00,Counter_2,3.0,1.0,3,6,1,0,0.81,2.2
2026-06-07 03:05:00,Counter_3,0.0,2.0,3,6,1,0,0.9,0.08
2026-06-07 03:05:00,Counter_4,6.0,2.0,3,6,1,0,1.22,7.26
2026-06-07 03:05:00,Counter_5,1.0,1.0,3,6,1,0,0.78,0.73
2026-06-07 03:10:00,Counter_1,1.0,1.0,3,6,1,0,1.22,1.19
2026-06-07 03:10:00,Counter_2,6.0,1.0,3,6,1,0,1.03,6.15
2026-06-07 03:10:00,Counter_3,2.0,1.0,3,6,1,0,1.23,2.3
2026-06-07 03:10:00,Counter_4,,1.0,3,6,1,0,1.29,7.69
2026-06-07 03:10:00,Counter_5,1.0,1.0,3,6,1,0,0.79,0.79
2026-06-07 03:15:00,Counter_1,0.0,2.0,3,6,1,0,1.33,0.22
2026-06-07 03:15:00,Counter_2,2.0,2.0,3,6,1,0,1.14,1.98
2026-06-07 03:15:00,Counter_3,4.0,1.0,3,6,1,0,0.67,2.68
2026-06-07 03:15:00,Counter_4,0.0,2.0,3,6,1,0,1.13,0.12
2026-06-07 03:15:00,Counter_5,7.0,1.0,3,6,1,0,1.34,9.42
2026-06-07 03:20:00,Counter_1,2.0,1.0,3,6,1,0,1.15,2.35
2026-06-07 03:20:00,Counter_2,7.0,1.0,3,6,1,0,1.13,7.65
2026-06-07 03:20:00,Counter_3,0.0,1.0,3,6,1,0,1.29,0.01
2026-06-07 03:20:00,Counter_4,2.0,2.0,3,6,1,0,1.13,2.28
2026-06-07 03:20:00,Counter_5,8.0,1.0,3,6,1,0,1.18,9.55
2026-06-07 03:25:00,Counter_1,3.0,2.0,3,6,1,0,0.92,2.73
2026-06-07 03:25:00,Counter_2,3.0,2.0,3,6,1,0,1.12,3.25
2026-06-07 03:25:00,Counter_3,1.0,2.0,3,6,1,0,1.72,1.92
2026-06-07 03:25:00,Counter_4,4.0,2.0,3,6,1,0,1.29,4.92
2026-06-07 03:25:00,Counter_5,3.0,1.0,3,6,1,0,1.32,3.69
2026-06-07 03:30:00,Counter_1,9.0,1.0,3,6,1,0,1.09,9.56
2026-06-07 03:30:00,Counter_2,1.0,1.0,3,6,1,0,1.15,1.22
2026-06-07 03:30:00,Counter_3,1.0,2.0,3,6,1,0,1.19,1.05
2026-06-07 03:30:00,Counter_4,2.0,2.0,3,6,1,0,1.47,2.92
2026-06-07 03:30:00,Counter_5,2.0,2.0,3,6,1,0,1.55,3.38
2026-06-07 03:35:00,Counter_1,1.0,1.0,3,6,1,0,1.14,0.9
2026-06-07 03:35:00,Counter_2,1.0,2.0,3,6,1,0,1.24,0.9
2026-06-07 03:35:00,Counter_3,3.0,1.0,3,6,1,0,1.19,3.74
2026-06-07 03:35:00,Counter_4,6.0,1.0,3,6,1,0,1.44,8.47
2026-06-07 03:35:00,Counter_5,0.0,2.0,3,6,1,0,1.37,0.16
2026-06-07 03:40:00,Counter_1,5.0,1.0,3,6,1,0,1.23,6.13
2026-06-07 03:40:00,Counter_2,1.0,2.0,3,6,1,0,1.5,1.46
2026-06-07 03:40:00,Counter_3,5.0,1.0,3,6,1,0,1.38,6.73
2026-06-07 03:40:00,Counter_4,4.0,1.0,3,6,1,0,1.06,4.35
2026-06-07 03:40:00,Counter_5,7.0,1.0,3,6,1,0,1.25,8.59
2026-06-07 03:45:00,Counter_1,6.0,2.0,3,6,1,0,1.21,7.1
2026-06-07 03:45:00,Counter_2,2.0,2.0,3,6,1,0,1.0,1.63
2026-06-07 03:45:00,Counter_3,2.0,1.0,3,6,1,0,1.19,1.89
2026-06-07 03:45:00,Counter_4,7.0,1.0,3,6,1,0,1.53,10.76
2026-06-07 03:45:00,Counter_5,2.0,1.0,3,6,1,0,1.52,2.78
2026-06-07 03:50:00,Counter_1,8.0,1.0,3,6,1,0,1.48,11.81
2026-06-07 03:50:00,Counter_2,2.0,2.0,3,6,1,0,1.44,3.27
2026-06-07 03:50:00,Counter_3,6.0,1.0,3,6,1,0,1.3,7.89
2026-06-07 03:50:00,Counter_4,1.0,2.0,3,6,1,0,1.1,1.11
2026-06-07 03:50:00,Counter_5,7.0,1.0,3,6,1,0,1.39,9.81
2026-06-07 03:55:00,Counter_1,1.0,1.0,3,6,1,0,0.84,1.27
2026-06-07 03:55:00,Counter_2,1.0,2.0,3,6,1,0,1.08,0.7
2026-06-07 03:55:00,Counter_3,6.0,2.0,3,6,1,0,1.53,9.15
2026-06-07 03:55:00,Counter_4,2.0,2.0,3,6,1,0,1.13,2.55
2026-06-07 03:55:00,Counter_5,3.0,2.0,3,6,1,0,1.41,4.29
2026-06-07 04:00:00,Counter_1,3.0,1.0,4,6,1,0,1.16,3.72
2026-06-07 04:00:00,Counter_2,2.0,1.0,4,6,1,0,1.39,2.65
2026-06-07 04:00:00,Counter_3,6.0,,4,6,1,0,0.86,4.91
2026-06-07 04:00:00,Counter_4,7.0,1.0,4,6,1,0,1.57,11.37
2026-06-07 04:00:00,Counter_5,2.0,2.0,4,6,1,0,0.97,1.96
2026-06-07 04:05:00,Counter_1,4.0,2.0,4,6,1,0,0.91,3.81
2026-06-07 04:05:00,Counter_2,3.0,2.0,4,6,1,0,1.55,4.83
2026-06-07 04:05:00,Counter_3,1.0,2.0,4,6,1,0,1.25,1.51
2026-06-07 04:05:00,Counter_4,0.0,2.0,4,6,1,0,,0.14
2026-06-07 04:05:00,Counter_5,9.0,1.0,4,6,1,0,1.64,14.83
2026-06-07 04:10:00,Counter_1,3.0,2.0,4,6,1,0,1.43,4.39
2026-06-07 04:10:00,Counter_2,6.0,1.0,4,6,1,0,1.14,6.71
2026-06-07 04:10:00,Counter_3,2.0,2.0,4,6,1,0,1.22,2.65
2026-06-07 04:10:00,Counter_4,3.0,2.0,4,6,1,0,1.52,4.45
2026-06-07 04:10:00,Counter_5,2.0,2.0,4,6,1,0,1.01,2.24
2026-06-07 04:15:00,Counter_1,3.0,2.0,4,6,1,0,1.61,4.99
2026-06-07 04:15:00,Counter_2,2.0,2.0,4,6,1,0,1.14,1.84
2026-06-07 04:15:00,Counter_3,2.0,1.0,4,6,1,0,1.03,2.22
2026-06-07 04:15:00,Counter_4,3.0,2.0,4,6,1,0,1.52,4.61
2026-06-07 04:15:00,Counter_5,2.0,1.0,4,6,1,0,1.43,3.13
2026-06-07 04:20:00,Counter_1,3.0,2.0,4,6,1,0,0.81,2.78
2026-06-07 04:20:00,Counter_2,3.0,2.0,4,6,1,0,1.22,3.68
2026-06-07 04:20:00,Counter_3,2.0,2.0,4,6,1,0,0.97,2.01
2026-06-07 04:20:00,Counter_4,2.0,2.0,4,6,1,0,1.45,2.64
2026-06-07 04:20:00,Counter_5,2.0,2.0,4,6,1,0,1.68,3.33
2026-06-07 04:25:00,Counter_1,8.0,1.0,4,6,1,0,1.38,11.37
2026-06-07 04:25:00,Counter_2,2.0,2.0,4,6,1,0,1.06,2.12
2026-06-07 04:25:00,Counter_3,4.0,1.0,4,6,1,0,1.47,6.07
2026-06-07 04:25:00,Counter_4,1.0,,4,6,1,0,1.24,1.24
2026-06-07 04:25:00,Counter_5,6.0,1.0,4,6,1,0,1.23,7.36
2026-06-07 04:30:00,Counter_1,1.0,2.0,4,6,1,0,1.13,1.24
2026-06-07 04:30:00,Counter_2,3.0,1.0,4,6,1,0,1.28,3.26
2026-06-07 04:30:00,Counter_3,6.0,1.0,4,6,1,0,1.23,7.45
2026-06-07 04:30:00,Counter_4,2.0,2.0,4,6,1,0,0.65,0.85
2026-06-07 04:30:00,Counter_5,3.0,2.0,4,6,1,0,1.26,3.76
2026-06-07 04:35:00,Counter_1,1.0,2.0,4,6,1,0,1.22,1.05
2026-06-07 04:35:00,Counter_2,1.0,2.0,4,6,1,0,1.34,1.11
2026-06-07 04:35:00,Counter_3,5.0,1.0,4,6,1,0,0.75,4.05
2026-06-07 04:35:00,Counter_4,9.0,1.0,4,6,1,0,1.38,12.64
2026-06-07 04:35:00,Counter_5,3.0,1.0,4,6,1,0,1.26,3.71
2026-06-07 04:40:00,Counter_1,,1.0,4,6,1,0,1.37,10.07
2026-06-07 04:40:00,Counter_2,9.0,1.0,4,6,1,0,0.84,7.76
2026-06-07 04:40:00,Counter_3,2.0,,4,6,1,0,0.94,1.85
2026-06-07 04:40:00,Counter_4,12.0,1.0,4,6,1,0,0.78,8.98
2026-06-07 04:40:00,Counter_5,4.0,1.0,4,6,1,0,1.29,5.14
2026-06-07 04:45:00,Counter_1,2.0,2.0,4,6,1,0,1.16,2.19
2026-06-07 04:45:00,Counter_2,11.0,1.0,4,6,1,0,1.21,13.22
2026-06-07 04:45:00,Counter_3,4.0,1.0,4,6,1,0,0.9,3.68
2026-06-07 04:45:00,Counter_4,4.0,1.0,4,6,1,0,0.95,3.67
2026-06-07 04:45:00,Counter_5,1.0,2.0,4,6,1,0,0.63,0.89
2026-06-07 04:50:00,Counter_1,6.0,1.0,4,6,1,0,0.91,5.35
2026-06-07 04:50:00,Counter_2,2.0,2.0,4,6,1,0,1.09,1.98
2026-06-07 04:50:00,Counter_3,3.0,2.0,4,6,1,0,1.1,3.43
2026-06-07 04:50:00,Counter_4,3.0,1.0,4,6,1,0,1.23,3.68
2026-06-07 04:50:00,Counter_5,4.0,1.0,4,6,1,0,1.44,5.93
2026-06-07 04:55:00,Counter_1,2.0,2.0,4,6,1,0,1.08,2.19
2026-06-07 04:55:00,Counter_2,1.0,2.0,4,6,1,0,1.37,1.09
2026-06-07 04:55:00,Counter_3,1.0,1.0,4,6,1,0,1.44,1.5
2026-06-07 04:55:00,Counter_4,4.0,1.0,4,6,1,0,1.54,5.98
2026-06-07 04:55:00,Counter_5,1.0,1.0,4,6,1,0,1.37,1.4
2026-06-07 05:00:00,Counter_1,3.0,1.0,5,6,1,0,1.27,3.69
2026-06-07 05:00:00,Counter_2,1.0,2.0,5,6,1,0,0.98,0.94
2026-06-07 05:00:00,Counter_3,1.0,2.0,5,6,1,0,1.32,1.33
2026-06-07 05:00:00,Counter_4,0.0,1.0,5,6,1,0,1.16,0.03
2026-06-07 05:00:00,Counter_5,3.0,2.0,5,6,1,0,1.59,4.66
2026-06-07 05:05:00,Counter_1,6.0,1.0,5,6,1,0,1.27,7.06
2026-06-07 05:05:00,Counter_2,1.0,2.0,5,6,1,0,1.21,1.02
2026-06-07 05:05:00,Counter_3,0.0,2.0,5,6,1,0,1.6,0.07
2026-06-07 05:05:00,Counter_4,5.0,1.0,5,6,1,0,1.13,5.89
2026-06-07 05:05:00,Counter_5,3.0,1.0,5,6,1,0,1.25,3.81
2026-06-07 05:10:00,Counter_1,7.0,1.0,5,6,1,0,1.75,12.45
2026-06-07 05:10:00,Counter_2,4.0,2.0,5,6,1,0,1.32,5.31
2026-06-07 05:10:00,Counter_3,3.0,2.0,5,6,1,0,1.53,4.63
2026-06-07 05:10:00,Counter_4,0.0,1.0,5,6,1,0,1.63,0.18
2026-06-07 05:10:00,Counter_5,1.0,2.0,5,6,1,0,1.11,1.32
2026-06-07 05:15:00,Counter_1,1.0,2.0,5,6,1,0,1.48,1.81
2026-06-07 05:15:00,Counter_2,5.0,1.0,5,6,1,0,1.17,5.66
2026-06-07 05:15:00,Counter_3,3.0,2.0,5,6,1,0,1.76,5.32
2026-06-07 05:15:00,Counter_4,1.0,2.0,5,6,1,0,1.61,1.37
2026-06-07 05:15:00,Counter_5,5.0,1.0,5,6,1,0,1.44,7.53
2026-06-07 05:20:00,Counter_1,5.0,2.0,5,6,1,0,1.51,7.58
2026-06-07 05:20:00,Counter_2,2.0,2.0,5,6,1,0,1.08,2.16
2026-06-07 05:20:00,Counter_3,4.0,1.0,5,6,1,0,1.68,6.49
2026-06-07 05:20:00,Counter_4,2.0,2.0,5,6,1,0,1.02,1.99
2026-06-07 05:20:00,Counter_5,5.0,1.0,5,6,1,0,1.35,6.73
2026-06-07 05:25:00,Counter_1,4.0,2.0,5,6,1,0,1.07,4.07
2026-06-07 05:25:00,Counter_2,7.0,1.0,5,6,1,0,1.47,10.32
2026-06-07 05:25:00,Counter_3,1.0,2.0,5,6,1,0,1.69,1.52
2026-06-07 05:25:00,Counter_4,1.0,2.0,5,6,1,0,1.36,1.45
2026-06-07 05:25:00,Counter_5,0.0,1.0,5,6,1,0,1.33,0.24
2026-06-07 05:30:00,Counter_1,5.0,1.0,5,6,1,0,1.22,6.13
2026-06-07 05:30:00,Counter_2,5.0,2.0,5,6,1,0,1.28,6.36
2026-06-07 05:30:00,Counter_3,3.0,2.0,5,6,1,0,1.17,3.57
2026-06-07 05:30:00,Counter_4,5.0,1.0,5,6,1,0,1.66,8.33
2026-06-07 05:30:00,Counter_5,2.0,2.0,5,6,1,0,1.45,2.92
2026-06-07 05:35:00,Counter_1,1.0,2.0,5,6,1,0,1.16,1.01
2026-06-07 05:35:00,Counter_2,1.0,1.0,5,6,1,0,1.27,1.38
2026-06-07 05:35:00,Counter_3,0.0,2.0,5,6,1,0,1.98,0.03
2026-06-07 05:35:00,Counter_4,3.0,2.0,5,6,1,0,1.32,4.09
2026-06-07 05:35:00,Counter_5,0.0,2.0,5,6,1,0,1.61,0.18
2026-06-07 05:40:00,Counter_1,4.0,1.0,5,6,1,0,1.11,4.4
2026-06-07 05:40:00,Counter_2,7.0,1.0,5,6,1,0,,9.39
2026-06-07 05:40:00,Counter_3,7.0,1.0,5,6,1,0,1.09,7.5
2026-06-07 05:40:00,Counter_4,2.0,2.0,5,6,1,0,1.12,2.15
2026-06-07 05:40:00,Counter_5,6.0,1.0,5,6,1,0,1.45,8.89
2026-06-07 05:45:00,Counter_1,7.0,1.0,5,6,1,0,1.03,6.96
2026-06-07 05:45:00,Counter_2,2.0,2.0,5,6,1,0,0.95,1.63
2026-06-07 05:45:00,Counter_3,9.0,1.0,5,6,1,0,1.42,12.77
2026-06-07 05:45:00,Counter_4,8.0,1.0,5,6,1,0,1.13,8.89
2026-06-07 05:45:00,Counter_5,3.0,2.0,5,6,1,0,,3.46
2026-06-07 05:50:00,Counter_1,6.0,1.0,5,6,1,0,0.8,4.71
2026-06-07 05:50:00,Counter_2,2.0,2.0,5,6,1,0,0.93,1.73
2026-06-07 05:50:00,Counter_3,,1.0,5,6,1,0,1.31,6.4
2026-06-07 05:50:00,Counter_4,1.0,2.0,5,6,1,0,1.19,1.0
2026-06-07 05:50:00,Counter_5,2.0,1.0,5,6,1,0,1.48,2.89
2026-06-07 05:55:00,Counter_1,3.0,2.0,5,6,1,0,1.03,2.8
2026-06-07 05:55:00,Counter_2,10.0,1.0,5,6,1,0,1.21,12.22
2026-06-07 05:55:00,Counter_3,5.0,1.0,5,6,1,0,1.26,6.12
2026-06-07 05:55:00,Counter_4,3.0,1.0,5,6,1,0,1.2,3.69
2026-06-07 05:55:00,Counter_5,0.0,2.0,5,6,1,0,1.4,0.21
2026-06-07 06:00:00,Counter_1,5.0,1.0,6,6,1,0,0.98,5.11
2026-06-07 06:00:00,Counter_2,3.0,2.0,6,6,1,0,1.38,4.15
2026-06-07 06:00:00,Counter_3,3.0,2.0,6,6,1,0,1.53,4.37
2026-06-07 06:00:00,Counter_4,3.0,2.0,6,6,1,0,1.04,3.62
2026-06-07 06:00:00,Counter_5,1.0,1.0,6,6,1,0,1.35,1.27
2026-06-07 06:05:00,Counter_1,2.0,2.0,6,6,1,0,1.34,2.57
2026-06-07 06:05:00,Counter_2,1.0,2.0,6,6,1,0,1.4,1.3
2026-06-07 06:05:00,Counter_3,,1.0,6,6,1,0,1.25,1.33
2026-06-07 06:05:00,Counter_4,3.0,1.0,6,6,1,0,1.6,4.51
2026-06-07 06:05:00,Counter_5,0.0,1.0,6,6,1,0,1.78,0.07
2026-06-07 06:10:00,Counter_1,5.0,2.0,6,6,1,0,1.41,6.71
2026-06-07 06:10:00,Counter_2,0.0,1.0,6,6,1,0,1.33,0.14
2026-06-07 06:10:00,Counter_3,2.0,2.0,6,6,1,0,1.25,2.73
2026-06-07 06:10:00,Counter_4,2.0,2.0,6,6,1,0,0.92,1.73
2026-06-07 06:10:00,Counter_5,7.0,1.0,6,6,1,0,0.89,6.41
2026-06-07 06:15:00,Counter_1,1.0,2.0,6,6,1,0,0.96,0.63
2026-06-07 06:15:00,Counter_2,4.0,1.0,6,6,1,0,1.32,5.16
2026-06-07 06:15:00,Counter_3,6.0,1.0,6,6,1,0,1.2,6.96
2026-06-07 06:15:00,Counter_4,3.0,1.0,6,6,1,0,1.63,5.27
2026-06-07 06:15:00,Counter_5,5.0,1.0,6,6,1,0,0.62,3.02
2026-06-07 06:20:00,Counter_1,1.0,2.0,6,6,1,0,1.26,1.13
2026-06-07 06:20:00,Counter_2,7.0,1.0,6,6,1,0,1.36,9.47
2026-06-07 06:20:00,Counter_3,0.0,2.0,6,6,1,0,1.47,0.01
2026-06-07 06:20:00,Counter_4,2.0,2.0,6,6,1,0,,2.51
2026-06-07 06:20:00,Counter_5,5.0,1.0,6,6,1,0,1.34,6.46
2026-06-07 06:25:00,Counter_1,2.0,2.0,6,6,1,0,1.29,2.85
2026-06-07 06:25:00,Counter_2,0.0,2.0,6,6,1,0,1.36,0.1
2026-06-07 06:25:00,Counter_3,2.0,2.0,6,6,1,0,1.25,2.57
2026-06-07 06:25:00,Counter_4,1.0,1.0,6,6,1,0,1.78,1.84
2026-06-07 06:25:00,Counter_5,2.0,1.0,6,6,1,0,1.39,2.82
2026-06-07 06:30:00,Counter_1,1.0,2.0,6,6,1,0,1.3,1.21
2026-06-07 06:30:00,Counter_2,4.0,1.0,6,6,1,0,1.07,4.17
2026-06-07 06:30:00,Counter_3,1.0,1.0,6,6,1,0,1.16,1.48
2026-06-07 06:30:00,Counter_4,2.0,2.0,6,6,1,0,1.63,3.39
2026-06-07 06:30:00,Counter_5,7.0,1.0,6,6,1,0,0.63,4.14
2026-06-07 06:35:00,Counter_1,4.0,2.0,6,6,1,0,1.26,4.95
2026-06-07 06:35:00,Counter_2,2.0,2.0,6,6,1,0,1.24,2.58
2026-06-07 06:35:00,Counter_3,2.0,2.0,6,6,1,0,1.38,2.83
2026-06-07 06:35:00,Counter_4,0.0,2.0,6,6,1,0,1.32,0.04
2026-06-07 06:35:00,Counter_5,3.0,1.0,6,6,1,0,1.63,4.59
2026-06-07 06:40:00,Counter_1,2.0,2.0,6,6,1,0,1.27,2.6
2026-06-07 06:40:00,Counter_2,0.0,2.0,6,6,1,0,1.23,0.04
2026-06-07 06:40:00,Counter_3,0.0,1.0,6,6,1,0,1.49,0.03
2026-06-07 06:40:00,Counter_4,1.0,1.0,6,6,1,0,1.63,1.98
2026-06-07 06:40:00,Counter_5,1.0,2.0,6,6,1,0,1.42,1.49
2026-06-07 06:45:00,Counter_1,5.0,1.0,6,6,1,0,1.5,7.52
2026-06-07 06:45:00,Counter_2,1.0,2.0,6,6,1,0,1.2,1.01
2026-06-07 06:45:00,Counter_3,9.0,1.0,6,6,1,0,1.28,11.39
2026-06-07 06:45:00,Counter_4,4.0,1.0,6,6,1,0,1.62,6.4
2026-06-07 06:45:00,Counter_5,6.0,1.0,6,6,1,0,1.38,7.99
2026-06-07 06:50:00,Counter_1,2.0,2.0,6,6,1,0,,2.32
2026-06-07 06:50:00,Counter_2,0.0,2.0,6,6,1,0,1.26,0.05
2026-06-07 06:50:00,Counter_3,4.0,2.0,6,6,1,0,1.51,6.18
2026-06-07 06:50:00,Counter_4,5.0,1.0,6,6,1,0,1.53,7.04
2026-06-07 06:50:00,Counter_5,3.0,1.0,6,6,1,0,1.04,3.07
2026-06-07 06:55:00,Counter_1,4.0,1.0,6,6,1,0,1.34,5.17
2026-06-07 06:55:00,Counter_2,2.0,1.0,6,6,1,0,1.25,2.5
2026-06-07 06:55:00,Counter_3,2.0,2.0,6,6,1,0,1.23,2.93
2026-06-07 06:55:00,Counter_4,1.0,2.0,6,6,1,0,1.58,1.91
2026-06-07 06:55:00,Counter_5,8.0,1.0,6,6,1,0,1.19,9.42
2026-06-07 07:00:00,Counter_1,3.0,2.0,7,6,1,0,1.11,3.29
2026-06-07 07:00:00,Counter_2,1.0,,7,6,1,0,1.05,0.88
2026-06-07 07:00:00,Counter_3,5.0,2.0,7,6,1,0,1.21,6.02
2026-06-07 07:00:00,Counter_4,7.0,1.0,7,6,1,0,1.07,7.64
2026-06-07 07:00:00,Counter_5,7.0,1.0,7,6,1,0,1.03,6.95
2026-06-07 07:05:00,Counter_1,2.0,2.0,7,6,1,0,1.03,2.37
2026-06-07 07:05:00,Counter_2,11.0,1.0,7,6,1,0,1.04,11.62
2026-06-07 07:05:00,Counter_3,5.0,1.0,7,6,1,0,1.06,5.47
2026-06-07 07:05:00,Counter_4,3.0,1.0,7,6,1,0,1.35,4.13
2026-06-07 07:05:00,Counter_5,8.0,1.0,7,6,1,0,0.76,5.9
2026-06-07 07:10:00,Counter_1,,2.0,7,6,1,0,1.07,2.34
2026-06-07 07:10:00,Counter_2,3.0,2.0,7,6,1,0,1.22,3.6
2026-06-07 07:10:00,Counter_3,5.0,1.0,7,6,1,0,1.54,7.36
2026-06-07 07:10:00,Counter_4,6.0,1.0,7,6,1,0,1.19,7.16
2026-06-07 07:10:00,Counter_5,2.0,2.0,7,6,1,0,1.21,2.19
2026-06-07 07:15:00,Counter_1,3.0,1.0,7,6,1,0,1.23,3.57
2026-06-07 07:15:00,Counter_2,2.0,2.0,7,6,1,0,0.79,1.72
2026-06-07 07:15:00,Counter_3,2.0,2.0,7,6,1,0,1.41,2.8
2026-06-07 07:15:00,Counter_4,2.0,1.0,7,6,1,0,1.4,2.79
2026-06-07 07:15:00,Counter_5,,1.0,7,6,1,0,1.45,6.03
2026-06-07 07:20:00,Counter_1,3.0,2.0,7,6,1,0,1.88,5.19
2026-06-07 07:20:00,Counter_2,4.0,1.0,7,6,1,0,,3.94
2026-06-07 07:20:00,Counter_3,5.0,1.0,7,6,1,0,0.88,4.43
2026-06-07 07:20:00,Counter_4,4.0,2.0,7,6,1,0,1.43,5.71
2026-06-07 07:20:00,Counter_5,10.0,1.0,7,6,1,0,1.17,11.69
2026-06-07 07:25:00,Counter_1,5.0,2.0,7,6,1,0,1.0,5.13
2026-06-07 07:25:00,Counter_2,4.0,1.0,7,6,1,0,1.18,4.93
2026-06-07 07:25:00,Counter_3,0.0,2.0,7,6,1,0,1.1,0.04
2026-06-07 07:25:00,Counter_4,5.0,2.0,7,6,1,0,1.68,8.37
2026-06-07 07:25:00,Counter_5,3.0,2.0,7,6,1,0,1.82,5.58
2026-06-07 07:30:00,Counter_1,2.0,2.0,7,6,1,0,0.84,1.26
2026-06-07 07:30:00,Counter_2,2.0,2.0,7,6,1,0,0.88,1.74
2026-06-07 07:30:00,Counter_3,2.0,2.0,7,6,1,0,1.06,2.22
2026-06-07 07:30:00,Counter_4,1.0,1.0,7,6,1,0,1.08,0.98
2026-06-07 07:30:00,Counter_5,2.0,2.0,7,6,1,0,1.06,1.96
2026-06-07 07:35:00,Counter_1,11.0,1.0,7,6,1,0,1.2,13.17
2026-06-07 07:35:00,Counter_2,0.0,2.0,7,6,1,0,1.14,0.04
2026-06-07 07:35:00,Counter_3,11.0,1.0,7,6,1,0,0.91,9.96
2026-06-07 07:35:00,Counter_4,2.0,2.0,7,6,1,0,0.99,1.89
2026-06-07 07:35:00,Counter_5,,1.0,7,6,1,0,1.64,5.23
2026-06-07 07:40:00,Counter_1,5.0,2.0,7,6,1,0,1.16,5.57
2026-06-07 07:40:00,Counter_2,10.0,1.0,7,6,1,0,1.15,11.67
2026-06-07 07:40:00,Counter_3,2.0,2.0,7,6,1,0,0.87,1.62
2026-06-07 07:40:00,Counter_4,3.0,2.0,7,6,1,0,1.13,3.46
2026-06-07 07:40:00,Counter_5,3.0,2.0,7,6,1,0,1.49,4.6
2026-06-07 07:45:00,Counter_1,1.0,2.0,7,6,1,0,1.4,1.71
2026-06-07 07:45:00,Counter_2,3.0,2.0,7,6,1,0,1.45,4.43
2026-06-07 07:45:00,Counter_3,4.0,2.0,7,6,1,0,0.95,3.72
2026-06-07 07:45:00,Counter_4,1.0,2.0,7,6,1,0,0.95,0.96
2026-06-07 07:45:00,Counter_5,7.0,1.0,7,6,1,0,1.53,11.09
2026-06-07 07:50:00,Counter_1,1.0,2.0,7,6,1,0,1.46,1.49
2026-06-07 07:50:00,Counter_2,7.0,1.0,7,6,1,0,1.19,8.07
2026-06-07 07:50:00,Counter_3,5.0,1.0,7,6,1,0,1.46,7.22
2026-06-07 07:50:00,Counter_4,3.0,2.0,7,6,1,0,0.95,2.77
2026-06-07 07:50:00,Counter_5,4.0,1.0,7,6,1,0,0.94,3.91
2026-06-07 07:55:00,Counter_1,3.0,1.0,7,6,1,0,0.85,2.31
2026-06-07 07:55:00,Counter_2,4.0,1.0,7,6,1,0,1.34,5.26
2026-06-07 07:55:00,Counter_3,2.0,1.0,7,6,1,0,1.3,2.64
2026-06-07 07:55:00,Counter_4,1.0,1.0,7,6,1,0,1.12,1.06
2026-06-07 07:55:00,Counter_5,4.0,1.0,7,6,1,0,1.05,4.22
2026-06-07 08:00:00,Counter_1,7.0,1.0,8,6,1,0,1.85,12.98
2026-06-07 08:00:00,Counter_2,1.0,2.0,8,6,1,0,1.19,1.23
2026-06-07 08:00:00,Counter_3,5.0,1.0,8,6,1,0,1.6,7.81
2026-06-07 08:00:00,Counter_4,3.0,2.0,8,6,1,0,1.21,3.79
2026-06-07 08:00:00,Counter_5,3.0,2.0,8,6,1,0,1.12,3.25
2026-06-07 08:05:00,Counter_1,5.0,1.0,8,6,1,0,1.6,8.0
2026-06-07 08:05:00,Counter_2,3.0,1.0,8,6,1,0,1.45,4.11
2026-06-07 08:05:00,Counter_3,3.0,1.0,8,6,1,0,1.24,3.73
2026-06-07 08:05:00,Counter_4,0.0,2.0,8,6,1,0,1.53,0.04
2026-06-07 08:05:00,Counter_5,0.0,2.0,8,6,1,0,1.88,0.25
2026-06-07 08:10:00,Counter_1,4.0,2.0,8,6,1,0,1.07,4.12
2026-06-07 08:10:00,Counter_2,4.0,2.0,8,6,1,0,1.37,5.71
2026-06-07 08:10:00,Counter_3,0.0,2.0,8,6,1,0,1.15,0.01
2026-06-07 08:10:00,Counter_4,1.0,2.0,8,6,1,0,1.02,0.99
2026-06-07 08:10:00,Counter_5,4.0,2.0,8,6,1,0,1.01,4.01
2026-06-07 08:15:00,Counter_1,2.0,2.0,8,6,1,0,1.65,3.15
2026-06-07 08:15:00,Counter_2,4.0,2.0,8,6,1,0,0.79,3.04
2026-06-07 08:15:00,Counter_3,1.0,1.0,8,6,1,0,1.38,1.67
2026-06-07 08:15:00,Counter_4,1.0,2.0,8,6,1,0,1.04,0.97
2026-06-07 08:15:00,Counter_5,4.0,2.0,8,6,1,0,1.69,7.31
2026-06-07 08:20:00,Counter_1,8.0,1.0,8,6,1,0,1.18,9.21
2026-06-07 08:20:00,Counter_2,3.0,2.0,8,6,1,0,1.16,3.55
2026-06-07 08:20:00,Counter_3,3.0,2.0,8,6,1,0,1.64,4.97
2026-06-07 08:20:00,Counter_4,3.0,1.0,8,6,1,0,1.47,4.42
2026-06-07 08:20:00,Counter_5,1.0,2.0,8,6,1,0,1.39,1.07
2026-06-07 08:25:00,Counter_1,2.0,1.0,8,6,1,0,1.45,2.63
2026-06-07 08:25:00,Counter_2,2.0,2.0,8,6,1,0,0.98,2.0
2026-06-07 08:25:00,Counter_3,6.0,1.0,8,6,1,0,1.44,8.44
2026-06-07 08:25:00,Counter_4,2.0,1.0,8,6,1,0,1.2,2.64
2026-06-07 08:25:00,Counter_5,1.0,2.0,8,6,1,0,1.34,1.3
2026-06-07 08:30:00,Counter_1,5.0,1.0,8,6,1,0,1.37,6.9
2026-06-07 08:30:00,Counter_2,0.0,2.0,8,6,1,0,0.97,0.15
2026-06-07 08:30:00,Counter_3,2.0,1.0,8,6,1,0,1.4,2.79
2026-06-07 08:30:00,Counter_4,2.0,2.0,8,6,1,0,1.2,2.7
2026-06-07 08:30:00,Counter_5,3.0,1.0,8,6,1,0,0.94,3.04
2026-06-07 08:35:00,Counter_1,5.0,1.0,8,6,1,0,1.21,6.08
2026-06-07 08:35:00,Counter_2,2.0,,8,6,1,0,1.26,2.65
2026-06-07 08:35:00,Counter_3,3.0,1.0,8,6,1,0,1.4,4.43
2026-06-07 08:35:00,Counter_4,3.0,2.0,8,6,1,0,0.65,1.83
2026-06-07 08:35:00,Counter_5,1.0,2.0,8,6,1,0,1.35,1.04
2026-06-07 08:40:00,Counter_1,8.0,,8,6,1,0,1.12,9.07
2026-06-07 08:40:00,Counter_2,4.0,2.0,8,6,1,0,1.45,6.05
2026-06-07 08:40:00,Counter_3,3.0,1.0,8,6,1,0,1.25,3.41
2026-06-07 08:40:00,Counter_4,4.0,1.0,8,6,1,0,1.17,4.56
2026-06-07 08:40:00,Counter_5,2.0,1.0,8,6,1,0,1.21,2.37
2026-06-07 08:45:00,Counter_1,1.0,2.0,8,6,1,0,1.33,1.13
2026-06-07 08:45:00,Counter_2,1.0,2.0,8,6,1,0,1.48,1.45
2026-06-07 08:45:00,Counter_3,4.0,1.0,8,6,1,0,1.03,3.9
2026-06-07 08:45:00,Counter_4,1.0,1.0,8,6,1,0,1.16,1.1
2026-06-07 08:45:00,Counter_5,0.0,2.0,8,6,1,0,1.62,0.06
2026-06-07 08:50:00,Counter_1,7.0,1.0,8,6,1,0,1.16,7.71
2026-06-07 08:50:00,Counter_2,4.0,2.0,8,6,1,0,1.34,5.15
2026-06-07 08:50:00,Counter_3,2.0,2.0,8,6,1,0,0.94,2.16
2026-06-07 08:50:00,Counter_4,3.0,2.0,8,6,1,0,0.82,2.3
2026-06-07 08:50:00,Counter_5,3.0,2.0,8,6,1,0,0.99,2.45
2026-06-07 08:55:00,Counter_1,4.0,1.0,8,6,1,0,,4.35
2026-06-07 08:55:00,Counter_2,3.0,2.0,8,6,1,0,1.51,4.52
2026-06-07 08:55:00,Counter_3,4.0,2.0,8,6,1,0,1.54,6.19
2026-06-07 08:55:00,Counter_4,1.0,2.0,8,6,1,0,0.77,0.78
2026-06-07 08:55:00,Counter_5,2.0,1.0,8,6,1,0,1.11,2.47
2026-06-07 09:00:00,Counter_1,7.0,2.0,9,6,1,0,1.42,9.8
2026-06-07 09:00:00,Counter_2,2.0,2.0,9,6,1,0,1.22,2.42
2026-06-07 09:00:00,Counter_3,4.0,1.0,9,6,1,0,1.63,6.43
2026-06-07 09:00:00,Counter_4,11.0,,9,6,1,0,1.42,15.76
2026-06-07 09:00:00,Counter_5,3.0,2.0,9,6,1,0,1.18,3.7
2026-06-07 09:05:00,Counter_1,10.0,1.0,9,6,1,0,1.21,12.17
2026-06-07 09:05:00,Counter_2,3.0,1.0,9,6,1,0,1.24,4.15
2026-06-07 09:05:00,Counter_3,7.0,1.0,9,6,1,0,1.04,7.39
2026-06-07 09:05:00,Counter_4,12.0,1.0,9,6,1,0,1.48,18.01
2026-06-07 09:05:00,Counter_5,14.0,1.0,9,6,1,0,1.44,19.98
2026-06-07 09:10:00,Counter_1,1.0,2.0,9,6,1,0,1.36,1.22
2026-06-07 09:10:00,Counter_2,6.0,2.0,9,6,1,0,1.31,8.26
2026-06-07 09:10:00,Counter_3,9.0,2.0,9,6,1,0,1.0,8.73
2026-06-07 09:10:00,Counter_4,,1.0,9,6,1,0,1.38,8.43
2026-06-07 09:10:00,Counter_5,5.0,2.0,9,6,1,0,1.28,6.66
2026-06-07 09:15:00,Counter_1,17.0,1.0,9,6,1,0,1.75,29.99
2026-06-07 09:15:00,Counter_2,6.0,,9,6,1,0,0.93,5.26
2026-06-07 09:15:00,Counter_3,12.0,1.0,9,6,1,0,1.07,12.77
2026-06-07 09:15:00,Counter_4,4.0,2.0,9,6,1,0,0.85,3.52
2026-06-07 09:15:00,Counter_5,7.0,2.0,9,6,1,0,1.2,8.55
2026-06-07 09:20:00,Counter_1,9.0,2.0,9,6,1,0,0.81,7.29
2026-06-07 09:20:00,Counter_2,5.0,2.0,9,6,1,0,1.55,7.61
2026-06-07 09:20:00,Counter_3,6.0,2.0,9,6,1,0,1.52,9.07
2026-06-07 09:20:00,Counter_4,6.0,1.0,9,6,1,0,1.21,7.14
2026-06-07 09:20:00,Counter_5,8.0,2.0,9,6,1,0,1.0,7.75
2026-06-07 09:25:00,Counter_1,1.0,2.0,9,6,1,0,0.87,0.81
2026-06-07 09:25:00,Counter_2,8.0,1.0,9,6,1,0,1.07,8.93
2026-06-07 09:25:00,Counter_3,17.0,1.0,9,6,1,0,1.41,23.91
2026-06-07 09:25:00,Counter_4,15.0,1.0,9,6,1,0,1.05,15.45
2026-06-07 09:25:00,Counter_5,4.0,2.0,9,6,1,0,1.73,6.85
2026-06-07 09:30:00,Counter_1,3.0,2.0,9,6,1,0,1.62,5.21
2026-06-07 09:30:00,Counter_2,5.0,2.0,9,6,1,0,1.25,5.93
2026-06-07 09:30:00,Counter_3,7.0,2.0,9,6,1,0,1.13,7.91
2026-06-07 09:30:00,Counter_4,10.0,2.0,9,6,1,0,1.11,11.25
2026-06-07 09:30:00,Counter_5,6.0,2.0,9,6,1,0,1.65,9.67
2026-06-07 09:35:00,Counter_1,3.0,2.0,9,6,1,0,1.09,3.31
2026-06-07 09:35:00,Counter_2,9.0,2.0,9,6,1,0,1.48,13.14
2026-06-07 09:35:00,Counter_3,11.0,1.0,9,6,1,0,1.26,13.61
2026-06-07 09:35:00,Counter_4,6.0,2.0,9,6,1,0,1.43,8.7
2026-06-07 09:35:00,Counter_5,4.0,2.0,9,6,1,0,1.04,4.52
2026-06-07 09:40:00,Counter_1,10.0,1.0,9,6,1,0,1.17,11.62
2026-06-07 09:40:00,Counter_2,1.0,2.0,9,6,1,0,1.24,1.36
2026-06-07 09:40:00,Counter_3,9.0,1.0,9,6,1,0,1.09,9.91
2026-06-07 09:40:00,Counter_4,4.0,2.0,9,6,1,0,1.56,6.27
2026-06-07 09:40:00,Counter_5,5.0,1.0,9,6,1,0,1.06,5.16
2026-06-07 09:45:00,Counter_1,4.0,2.0,9,6,1,0,1.11,4.24
2026-06-07 09:45:00,Counter_2,10.0,1.0,9,6,1,0,1.59,15.74
2026-06-07 09:45:00,Counter_3,6.0,1.0,9,6,1,0,1.54,9.2
2026-06-07 09:45:00,Counter_4,9.0,1.0,9,6,1,0,1.65,14.77
2026-06-07 09:45:00,Counter_5,14.0,1.0,9,6,1,0,,10.55
2026-06-07 09:50:00,Counter_1,5.0,2.0,9,6,1,0,1.3,6.46
2026-06-07 09:50:00,Counter_2,7.0,1.0,9,6,1,0,1.27,8.76
2026-06-07 09:50:00,Counter_3,7.0,2.0,9,6,1,0,1.11,7.88
2026-06-07 09:50:00,Counter_4,,2.0,9,6,1,0,1.33,7.9
2026-06-07 09:50:00,Counter_5,13.0,1.0,9,6,1,0,1.17,15.38
2026-06-07 09:55:00,Counter_1,3.0,1.0,9,6,1,0,1.29,3.92
2026-06-07 09:55:00,Counter_2,7.0,1.0,9,6,1,0,2.1,14.6
2026-06-07 09:55:00,Counter_3,5.0,2.0,9,6,1,0,1.33,6.62
2026-06-07 09:55:00,Counter_4,4.0,2.0,9,6,1,0,1.34,5.33
2026-06-07 09:55:00,Counter_5,2.0,2.0,9,6,1,0,1.46,2.95
2026-06-07 10:00:00,Counter_1,4.0,2.0,10,6,1,0,1.3,5.27
2026-06-07 10:00:00,Counter_2,5.0,2.0,10,6,1,0,0.98,4.81
2026-06-07 10:00:00,Counter_3,9.0,2.0,10,6,1,0,0.84,7.51
2026-06-07 10:00:00,Counter_4,15.0,1.0,10,6,1,0,1.24,18.62
2026-06-07 10:00:00,Counter_5,8.0,2.0,10,6,1,0,1.18,8.85
2026-06-07 10:05:00,Counter_1,16.0,1.0,10,6,1,0,0.76,12.27
2026-06-07 10:05:00,Counter_2,12.0,1.0,10,6,1,0,1.66,19.73
2026-06-07 10:05:00,Counter_3,7.0,2.0,10,6,1,0,1.28,8.9
2026-06-07 10:05:00,Counter_4,8.0,1.0,10,6,1,0,1.61,12.74
2026-06-07 10:05:00,Counter_5,4.0,2.0,10,6,1,0,0.69,2.91
2026-06-07 10:10:00,Counter_1,8.0,2.0,10,6,1,0,1.61,13.08
2026-06-07 10:10:00,Counter_2,8.0,1.0,10,6,1,0,1.13,9.02
2026-06-07 10:10:00,Counter_3,16.0,1.0,10,6,1,0,1.56,24.94
2026-06-07 10:10:00,Counter_4,9.0,1.0,10,6,1,0,1.3,11.69
2026-06-07 10:10:00,Counter_5,7.0,2.0,10,6,1,0,1.36,9.52
2026-06-07 10:15:00,Counter_1,11.0,2.0,10,6,1,0,1.36,15.16
2026-06-07 10:15:00,Counter_2,9.0,2.0,10,6,1,0,1.14,10.86
2026-06-07 10:15:00,Counter_3,11.0,1.0,10,6,1,0,1.09,11.96
2026-06-07 10:15:00,Counter_4,20.0,1.0,10,6,1,0,1.16,23.31
2026-06-07 10:15:00,Counter_5,17.0,1.0,10,6,1,0,0.88,14.79
2026-06-07 10:20:00,Counter_1,5.0,2.0,10,6,1,0,1.13,5.5
2026-06-07 10:20:00,Counter_2,18.0,1.0,10,6,1,0,1.08,19.24
2026-06-07 10:20:00,Counter_3,9.0,2.0,10,6,1,0,0.88,8.19
2026-06-07 10:20:00,Counter_4,5.0,2.0,10,6,1,0,1.36,6.94
2026-06-07 10:20:00,Counter_5,11.0,1.0,10,6,1,0,1.25,13.67
2026-06-07 10:25:00,Counter_1,6.0,2.0,10,6,1,0,1.31,7.9
2026-06-07 10:25:00,Counter_2,6.0,2.0,10,6,1,0,1.42,8.67
2026-06-07 10:25:00,Counter_3,5.0,1.0,10,6,1,0,1.19,6.19
2026-06-07 10:25:00,Counter_4,6.0,2.0,10,6,1,0,1.02,6.2
2026-06-07 10:25:00,Counter_5,5.0,2.0,10,6,1,0,1.33,6.67
2026-06-07 10:30:00,Counter_1,18.0,1.0,10,6,1,0,0.6,11.06
2026-06-07 10:30:00,Counter_2,7.0,1.0,10,6,1,0,1.22,8.32
2026-06-07 10:30:00,Counter_3,12.0,1.0,10,6,1,0,1.44,16.9
2026-06-07 10:30:00,Counter_4,6.0,2.0,10,6,1,0,1.51,9.31
2026-06-07 10:30:00,Counter_5,13.0,1.0,10,6,1,0,1.12,14.47
2026-06-07 10:35:00,Counter_1,8.0,1.0,10,6,1,0,0.69,5.79
2026-06-07 10:35:00,Counter_2,10.0,1.0,10,6,1,0,0.6,6.38
2026-06-07 10:35:00,Counter_3,13.0,1.0,10,6,1,0,1.41,18.7
2026-06-07 10:35:00,Counter_4,,1.0,10,6,1,0,1.16,11.0
2026-06-07 10:35:00,Counter_5,2.0,2.0,10,6,1,0,1.75,3.66
2026-06-07 10:40:00,Counter_1,16.0,1.0,10,6,1,0,0.9,14.3
2026-06-07 10:40:00,Counter_2,10.0,2.0,10,6,1,0,1.34,13.27
2026-06-07 10:40:00,Counter_3,,2.0,10,6,1,0,1.67,5.08
2026-06-07 10:40:00,Counter_4,5.0,2.0,10,6,1,0,1.3,6.37
2026-06-07 10:40:00,Counter_5,6.0,2.0,10,6,1,0,0.85,5.25
2026-06-07 10:45:00,Counter_1,4.0,2.0,10,6,1,0,1.94,8.02
2026-06-07 10:45:00,Counter_2,7.0,2.0,10,6,1,0,1.65,11.51
2026-06-07 10:45:00,Counter_3,11.0,1.0,10,6,1,0,1.19,13.16
2026-06-07 10:45:00,Counter_4,18.0,1.0,10,6,1,0,1.45,26.01
2026-06-07 10:45:00,Counter_5,15.0,,10,6,1,0,1.46,21.99
2026-06-07 10:50:00,Counter_1,9.0,1.0,10,6,1,0,1.41,12.97
2026-06-07 10:50:00,Counter_2,9.0,2.0,10,6,1,0,0.9,8.18
2026-06-07 10:50:00,Counter_3,2.0,1.0,10,6,1,0,1.33,2.64
2026-06-07 10:50:00,Counter_4,11.0,1.0,10,6,1,0,1.62,18.08
2026-06-07 10:50:00,Counter_5,6.0,2.0,10,6,1,0,1.38,8.2
2026-06-07 10:55:00,Counter_1,2.0,2.0,10,6,1,0,1.35,2.62
2026-06-07 10:55:00,Counter_2,,2.0,10,6,1,0,1.12,3.23
2026-06-07 10:55:00,Counter_3,11.0,1.0,10,6,1,0,1.02,10.91
2026-06-07 10:55:00,Counter_4,3.0,2.0,10,6,1,0,0.86,2.41
2026-06-07 10:55:00,Counter_5,17.0,1.0,10,6,1,0,1.44,24.49
2026-06-07 11:00:00,Counter_1,7.0,5.0,11,6,1,0,1.19,8.38
2026-06-07 11:00:00,Counter_2,10.0,4.0,11,6,1,0,0.91,8.91
2026-06-07 11:00:00,Counter_3,8.0,3.0,11,6,1,0,1.49,11.82
2026-06-07 11:00:00,Counter_4,4.0,5.0,11,6,1,0,1.1,4.02
2026-06-07 11:00:00,Counter_5,10.0,3.0,11,6,1,0,1.04,10.84
2026-06-07 11:05:00,Counter_1,5.0,4.0,11,6,1,0,1.13,5.94
2026-06-07 11:05:00,Counter_2,10.0,4.0,11,6,1,0,1.2,11.86
2026-06-07 11:05:00,Counter_3,10.0,4.0,11,6,1,0,1.36,13.63
2026-06-07 11:05:00,Counter_4,6.0,4.0,11,6,1,0,1.03,6.0
2026-06-07 11:05:00,Counter_5,9.0,5.0,11,6,1,0,1.5,13.7
2026-06-07 11:10:00,Counter_1,11.0,3.0,11,6,1,0,1.37,15.2
2026-06-07 11:10:00,Counter_2,7.0,5.0,11,6,1,0,1.12,7.58
2026-06-07 11:10:00,Counter_3,8.0,5.0,11,6,1,0,1.21,9.49
2026-06-07 11:10:00,Counter_4,,4.0,11,6,1,0,1.14,3.41
2026-06-07 11:10:00,Counter_5,13.0,3.0,11,6,1,0,1.27,16.79
2026-06-07 11:15:00,Counter_1,9.0,4.0,11,6,1,0,1.63,14.59
2026-06-07 11:15:00,Counter_2,2.0,5.0,11,6,1,0,1.14,2.54
2026-06-07 11:15:00,Counter_3,8.0,3.0,11,6,1,0,1.3,10.46
2026-06-07 11:15:00,Counter_4,4.0,5.0,11,6,1,0,1.08,4.15
2026-06-07 11:15:00,Counter_5,6.0,4.0,11,6,1,0,1.38,8.2
2026-06-07 11:20:00,Counter_1,8.0,5.0,11,6,1,0,1.32,10.69
2026-06-07 11:20:00,Counter_2,9.0,5.0,11,6,1,0,1.58,14.39
2026-06-07 11:20:00,Counter_3,7.0,3.0,11,6,1,0,1.04,7.47
2026-06-07 11:20:00,Counter_4,5.0,4.0,11,6,1,0,1.42,7.14
2026-06-07 11:20:00,Counter_5,15.0,3.0,11,6,1,0,1.57,23.64
2026-06-07 11:25:00,Counter_1,14.0,3.0,11,6,1,0,1.14,16.41
2026-06-07 11:25:00,Counter_2,6.0,5.0,11,6,1,0,1.22,7.8
2026-06-07 11:25:00,Counter_3,9.0,5.0,11,6,1,0,1.3,11.71
2026-06-07 11:25:00,Counter_4,6.0,5.0,11,6,1,0,1.19,6.79
2026-06-07 11:25:00,Counter_5,14.0,3.0,11,6,1,0,1.29,18.09
2026-06-07 11:30:00,Counter_1,10.0,3.0,11,6,1,0,1.42,14.22
2026-06-07 11:30:00,Counter_2,9.0,4.0,11,6,1,0,1.22,10.73
2026-06-07 11:30:00,Counter_3,11.0,3.0,11,6,1,0,1.22,13.44
2026-06-07 11:30:00,Counter_4,13.0,3.0,11,6,1,0,1.32,16.95
2026-06-07 11:30:00,Counter_5,,5.0,11,6,1,0,1.15,11.58
2026-06-07 11:35:00,Counter_1,8.0,5.0,11,6,1,0,1.16,9.4
2026-06-07 11:35:00,Counter_2,3.0,5.0,11,6,1,0,1.03,3.2
2026-06-07 11:35:00,Counter_3,8.0,4.0,11,6,1,0,1.24,10.12
2026-06-07 11:35:00,Counter_4,12.0,4.0,11,6,1,0,1.36,16.41
2026-06-07 11:35:00,Counter_5,4.0,5.0,11,6,1,0,1.18,4.88
2026-06-07 11:40:00,Counter_1,9.0,3.0,11,6,1,0,1.06,9.8
2026-06-07 11:40:00,Counter_2,7.0,5.0,11,6,1,0,1.23,8.52
2026-06-07 11:40:00,Counter_3,14.0,3.0,11,6,1,0,1.35,18.87
2026-06-07 11:40:00,Counter_4,6.0,5.0,11,6,1,0,1.28,7.61
2026-06-07 11:40:00,Counter_5,5.0,5.0,11,6,1,0,1.81,8.9
2026-06-07 11:45:00,Counter_1,11.0,4.0,11,6,1,0,1.09,11.93
2026-06-07 11:45:00,Counter_2,7.0,5.0,11,6,1,0,1.21,8.64
2026-06-07 11:45:00,Counter_3,11.0,3.0,11,6,1,0,1.44,15.99
2026-06-07 11:45:00,Counter_4,6.0,4.0,11,6,1,0,1.08,6.14
2026-06-07 11:45:00,Counter_5,8.0,5.0,11,6,1,0,1.73,14.18
2026-06-07 11:50:00,Counter_1,4.0,5.0,11,6,1,0,1.25,5.17
2026-06-07 11:50:00,Counter_2,10.0,5.0,11,6,1,0,1.39,13.95
2026-06-07 11:50:00,Counter_3,12.0,3.0,11,6,1,0,1.25,14.72
2026-06-07 11:50:00,Counter_4,10.0,4.0,11,6,1,0,1.5,14.76
2026-06-07 11:50:00,Counter_5,5.0,5.0,11,6,1,0,0.98,5.2
2026-06-07 11:55:00,Counter_1,7.0,4.0,11,6,1,0,1.64,11.68
2026-06-07 11:55:00,Counter_2,7.0,5.0,11,6,1,0,1.31,9.4
2026-06-07 11:55:00,Counter_3,10.0,4.0,11,6,1,0,1.41,14.07
2026-06-07 11:55:00,Counter_4,6.0,5.0,11,6,1,0,1.07,6.68
2026-06-07 11:55:00,Counter_5,5.0,5.0,11,6,1,0,1.33,6.38
2026-06-07 12:00:00,Counter_1,6.0,5.0,12,6,1,0,1.01,5.81
2026-06-07 12:00:00,Counter_2,7.0,5.0,12,6,1,0,1.54,10.98
2026-06-07 12:00:00,Counter_3,11.0,3.0,12,6,1,0,0.93,10.05
2026-06-07 12:00:00,Counter_4,8.0,4.0,12,6,1,0,1.29,10.31
2026-06-07 12:00:00,Counter_5,10.0,3.0,12,6,1,0,1.15,11.15
2026-06-07 12:05:00,Counter_1,10.0,3.0,12,6,1,0,0.86,8.03
2026-06-07 12:05:00,Counter_2,8.0,4.0,12,6,1,0,1.02,7.96
2026-06-07 12:05:00,Counter_3,8.0,5.0,12,6,1,0,1.36,10.8
2026-06-07 12:05:00,Counter_4,7.0,4.0,12,6,1,0,1.03,7.03
2026-06-07 12:05:00,Counter_5,5.0,5.0,12,6,1,0,1.08,5.52
2026-06-07 12:10:00,Counter_1,8.0,5.0,12,6,1,0,1.34,10.92
2026-06-07 12:10:00,Counter_2,14.0,3.0,12,6,1,0,1.48,20.84
2026-06-07 12:10:00,Counter_3,12.0,3.0,12,6,1,0,1.42,16.81
2026-06-07 12:10:00,Counter_4,10.0,3.0,12,6,1,0,1.24,12.5
2026-06-07 12:10:00,Counter_5,12.0,4.0,12,6,1,0,1.3,15.35
2026-06-07 12:15:00,Counter_1,9.0,3.0,12,6,1,0,1.28,11.89
2026-06-07 12:15:00,Counter_2,6.0,5.0,12,6,1,0,0.99,5.95
2026-06-07 12:15:00,Counter_3,9.0,3.0,12,6,1,0,1.32,11.71
2026-06-07 12:15:00,Counter_4,14.0,3.0,12,6,1,0,0.99,13.87
2026-06-07 12:15:00,Counter_5,6.0,4.0,12,6,1,0,1.4,8.43
2026-06-07 12:20:00,Counter_1,6.0,4.0,12,6,1,0,1.28,7.82
2026-06-07 12:20:00,Counter_2,6.0,5.0,12,6,1,0,0.71,3.88
2026-06-07 12:20:00,Counter_3,7.0,5.0,12,6,1,0,1.49,10.29
2026-06-07 12:20:00,Counter_4,7.0,5.0,12,6,1,0,1.12,7.94
2026-06-07 12:20:00,Counter_5,15.0,3.0,12,6,1,0,1.1,16.66
2026-06-07 12:25:00,Counter_1,10.0,4.0,12,6,1,0,1.49,15.55
2026-06-07 12:25:00,Counter_2,8.0,4.0,12,6,1,0,1.21,9.96
2026-06-07 12:25:00,Counter_3,8.0,3.0,12,6,1,0,1.4,11.06
2026-06-07 12:25:00,Counter_4,8.0,4.0,12,6,1,0,1.09,9.07
2026-06-07 12:25:00,Counter_5,8.0,4.0,12,6,1,0,,11.72
2026-06-07 12:30:00,Counter_1,8.0,4.0,12,6,1,0,1.3,10.67
2026-06-07 12:30:00,Counter_2,11.0,3.0,12,6,1,0,1.35,14.94
2026-06-07 12:30:00,Counter_3,6.0,5.0,12,6,1,0,1.21,7.55
2026-06-07 12:30:00,Counter_4,6.0,5.0,12,6,1,0,1.66,10.18
2026-06-07 12:30:00,Counter_5,9.0,3.0,12,6,1,0,1.72,15.59
2026-06-07 12:35:00,Counter_1,5.0,5.0,12,6,1,0,0.7,3.41
2026-06-07 12:35:00,Counter_2,8.0,5.0,12,6,1,0,1.48,11.75
2026-06-07 12:35:00,Counter_3,5.0,5.0,12,6,1,0,0.98,4.71
2026-06-07 12:35:00,Counter_4,9.0,4.0,12,6,1,0,1.38,12.41
2026-06-07 12:35:00,Counter_5,7.0,4.0,12,6,1,0,0.81,5.89
2026-06-07 12:40:00,Counter_1,6.0,4.0,12,6,1,0,1.35,8.22
2026-06-07 12:40:00,Counter_2,8.0,4.0,12,6,1,0,1.04,8.16
2026-06-07 12:40:00,Counter_3,7.0,5.0,12,6,1,0,1.14,8.17
2026-06-07 12:40:00,Counter_4,9.0,5.0,12,6,1,0,1.14,10.02
2026-06-07 12:40:00,Counter_5,19.0,3.0,12,6,1,0,1.07,20.4
2026-06-07 12:45:00,Counter_1,12.0,4.0,12,6,1,0,1.07,13.12
2026-06-07 12:45:00,Counter_2,10.0,4.0,12,6,1,0,1.15,11.26
2026-06-07 12:45:00,Counter_3,7.0,5.0,12,6,1,0,1.21,8.5
2026-06-07 12:45:00,Counter_4,10.0,3.0,12,6,1,0,1.33,13.16
2026-06-07 12:45:00,Counter_5,6.0,5.0,12,6,1,0,1.72,10.65
2026-06-07 12:50:00,Counter_1,8.0,4.0,12,6,1,0,1.01,8.53
2026-06-07 12:50:00,Counter_2,9.0,3.0,12,6,1,0,1.28,11.63
2026-06-07 12:50:00,Counter_3,8.0,5.0,12,6,1,0,1.44,11.7
2026-06-07 12:50:00,Counter_4,10.0,4.0,12,6,1,0,1.07,10.97
2026-06-07 12:50:00,Counter_5,6.0,5.0,12,6,1,0,0.69,4.29
2026-06-07 12:55:00,Counter_1,12.0,3.0,12,6,1,0,0.77,9.08
2026-06-07 12:55:00,Counter_2,7.0,5.0,12,6,1,0,0.69,4.74
2026-06-07 12:55:00,Counter_3,7.0,5.0,12,6,1,0,1.64,11.39
2026-06-07 12:55:00,Counter_4,13.0,3.0,12,6,1,0,1.4,17.85
2026-06-07 12:55:00,Counter_5,9.0,5.0,12,6,1,0,1.44,13.16
2026-06-07 13:00:00,Counter_1,13.0,3.0,13,6,1,0,1.5,19.25
2026-06-07 13:00:00,Counter_2,12.0,4.0,13,6,1,0,1.11,13.49
2026-06-07 13:00:00,Counter_3,9.0,3.0,13,6,1,0,1.83,16.32
2026-06-07 13:00:00,Counter_4,8.0,4.0,13,6,1,0,1.33,10.6
2026-06-07 13:00:00,Counter_5,10.0,5.0,13,6,1,0,1.23,12.41
2026-06-07 13:05:00,Counter_1,8.0,3.0,13,6,1,0,1.53,12.55
2026-06-07 13:05:00,Counter_2,11.0,4.0,13,6,1,0,1.42,15.79
2026-06-07 13:05:00,Counter_3,10.0,3.0,13,6,1,0,1.58,15.78
2026-06-07 13:05:00,Counter_4,12.0,4.0,13,6,1,0,1.6,19.19
2026-06-07 13:05:00,Counter_5,15.0,3.0,13,6,1,0,1.16,17.16
2026-06-07 13:10:00,Counter_1,8.0,4.0,13,6,1,0,1.3,10.53
2026-06-07 13:10:00,Counter_2,10.0,4.0,13,6,1,0,1.02,10.18
2026-06-07 13:10:00,Counter_3,8.0,3.0,13,6,1,0,0.84,6.53
2026-06-07 13:10:00,Counter_4,5.0,5.0,13,6,1,0,1.46,7.46
2026-06-07 13:10:00,Counter_5,7.0,5.0,13,6,1,0,1.49,10.71
2026-06-07 13:15:00,Counter_1,7.0,5.0,13,6,1,0,0.75,5.21
2026-06-07 13:15:00,Counter_2,13.0,3.0,13,6,1,0,1.07,13.8
2026-06-07 13:15:00,Counter_3,12.0,3.0,13,6,1,0,1.26,15.0
2026-06-07 13:15:00,Counter_4,6.0,4.0,13,6,1,0,1.29,7.82
2026-06-07 13:15:00,Counter_5,8.0,5.0,13,6,1,0,1.76,13.84
2026-06-07 13:20:00,Counter_1,7.0,4.0,13,6,1,0,1.09,7.65
2026-06-07 13:20:00,Counter_2,10.0,4.0,13,6,1,0,1.21,12.02
2026-06-07 13:20:00,Counter_3,8.0,5.0,13,6,1,0,1.41,11.38
2026-06-07 13:20:00,Counter_4,,3.0,13,6,1,0,1.16,16.36
2026-06-07 13:20:00,Counter_5,6.0,5.0,13,6,1,0,1.12,6.5
2026-06-07 13:25:00,Counter_1,6.0,5.0,13,6,1,0,1.1,6.73
2026-06-07 13:25:00,Counter_2,5.0,5.0,13,6,1,0,1.31,6.64
2026-06-07 13:25:00,Counter_3,11.0,3.0,13,6,1,0,1.21,13.27
2026-06-07 13:25:00,Counter_4,8.0,4.0,13,6,1,0,1.42,11.27
2026-06-07 13:25:00,Counter_5,7.0,4.0,13,6,1,0,1.34,9.3
2026-06-07 13:30:00,Counter_1,13.0,3.0,13,6,1,0,0.6,7.77
2026-06-07 13:30:00,Counter_2,8.0,,13,6,1,0,0.81,6.29
2026-06-07 13:30:00,Counter_3,9.0,4.0,13,6,1,0,1.12,9.94
2026-06-07 13:30:00,Counter_4,6.0,4.0,13,6,1,0,1.5,9.04
2026-06-07 13:30:00,Counter_5,5.0,4.0,13,6,1,0,1.09,5.34
2026-06-07 13:35:00,Counter_1,11.0,3.0,13,6,1,0,1.34,14.92
2026-06-07 13:35:00,Counter_2,7.0,5.0,13,6,1,0,1.4,9.77
2026-06-07 13:35:00,Counter_3,5.0,5.0,13,6,1,0,1.39,6.86
2026-06-07 13:35:00,Counter_4,5.0,5.0,13,6,1,0,1.11,5.62
2026-06-07 13:35:00,Counter_5,9.0,3.0,13,6,1,0,0.96,8.56
2026-06-07 13:40:00,Counter_1,9.0,4.0,13,6,1,0,0.92,8.12
2026-06-07 13:40:00,Counter_2,15.0,3.0,13,6,1,0,1.99,29.78
2026-06-07 13:40:00,Counter_3,5.0,4.0,13,6,1,0,1.36,6.39
2026-06-07 13:40:00,Counter_4,6.0,4.0,13,6,1,0,1.71,9.87
2026-06-07 13:40:00,Counter_5,7.0,5.0,13,6,1,0,1.04,7.1
2026-06-07 13:45:00,Counter_1,8.0,3.0,13,6,1,0,1.56,12.24
2026-06-07 13:45:00,Counter_2,12.0,3.0,13,6,1,0,1.13,13.69
2026-06-07 13:45:00,Counter_3,5.0,5.0,13,6,1,0,1.24,6.45
2026-06-07 13:45:00,Counter_4,6.0,5.0,13,6,1,0,1.18,7.14
2026-06-07 13:45:00,Counter_5,10.0,4.0,13,6,1,0,1.03,9.92
2026-06-07 13:50:00,Counter_1,9.0,3.0,13,6,1,0,1.03,8.99
2026-06-07 13:50:00,Counter_2,8.0,4.0,13,6,1,0,1.24,9.99
2026-06-07 13:50:00,Counter_3,6.0,4.0,13,6,1,0,1.1,6.57
2026-06-07 13:50:00,Counter_4,7.0,,13,6,1,0,1.28,8.59
2026-06-07 13:50:00,Counter_5,,5.0,13,6,1,0,1.04,6.07
2026-06-07 13:55:00,Counter_1,13.0,3.0,13,6,1,0,1.43,18.38
2026-06-07 13:55:00,Counter_2,5.0,5.0,13,6,1,0,1.14,5.99
2026-06-07 13:55:00,Counter_3,11.0,3.0,13,6,1,0,1.66,18.4
2026-06-07 13:55:00,Counter_4,15.0,3.0,13,6,1,0,1.24,18.54
2026-06-07 13:55:00,Counter_5,8.0,4.0,13,6,1,0,1.22,9.81
2026-06-07 14:00:00,Counter_1,13.0,1.0,14,6,1,0,1.65,21.48
2026-06-07 14:00:00,Counter_2,16.0,1.0,14,6,1,0,1.13,18.1
2026-06-07 14:00:00,Counter_3,,1.0,14,6,1,0,1.15,8.42
2026-06-07 14:00:00,Counter_4,5.0,2.0,14,6,1,0,1.07,5.63
2026-06-07 14:00:00,Counter_5,11.0,1.0,14,6,1,0,1.3,14.6
2026-06-07 14:05:00,Counter_1,4.0,2.0,14,6,1,0,1.07,4.35
2026-06-07 14:05:00,Counter_2,7.0,2.0,14,6,1,0,1.44,10.01
2026-06-07 14:05:00,Counter_3,3.0,2.0,14,6,1,0,1.24,3.47
2026-06-07 14:05:00,Counter_4,5.0,2.0,14,6,1,0,1.46,7.1
2026-06-07 14:05:00,Counter_5,7.0,2.0,14,6,1,0,1.43,10.21
2026-06-07 14:10:00,Counter_1,4.0,2.0,14,6,1,0,1.12,4.23
2026-06-07 14:10:00,Counter_2,4.0,1.0,14,6,1,0,,4.24
2026-06-07 14:10:00,Counter_3,3.0,2.0,14,6,1,0,1.17,3.23
2026-06-07 14:10:00,Counter_4,2.0,2.0,14,6,1,0,1.25,2.48
2026-06-07 14:10:00,Counter_5,20.0,1.0,14,6,1,0,1.33,26.39
2026-06-07 14:15:00,Counter_1,4.0,2.0,14,6,1,0,1.36,5.57
2026-06-07 14:15:00,Counter_2,13.0,1.0,14,6,1,0,1.24,16.07
2026-06-07 14:15:00,Counter_3,15.0,1.0,14,6,1,0,1.08,16.04
2026-06-07 14:15:00,Counter_4,9.0,1.0,14,6,1,0,1.1,9.71
2026-06-07 14:15:00,Counter_5,,2.0,14,6,1,0,1.38,6.93
2026-06-07 14:20:00,Counter_1,10.0,1.0,14,6,1,0,1.09,10.91
2026-06-07 14:20:00,Counter_2,3.0,1.0,14,6,1,0,1.39,4.06
2026-06-07 14:20:00,Counter_3,7.0,2.0,14,6,1,0,1.4,9.74
2026-06-07 14:20:00,Counter_4,6.0,1.0,14,6,1,0,1.63,9.68
2026-06-07 14:20:00,Counter_5,5.0,2.0,14,6,1,0,1.13,5.21
2026-06-07 14:25:00,Counter_1,4.0,2.0,14,6,1,0,1.17,4.67
2026-06-07 14:25:00,Counter_2,7.0,2.0,14,6,1,0,0.67,4.38
2026-06-07 14:25:00,Counter_3,4.0,2.0,14,6,1,0,1.01,3.86
2026-06-07 14:25:00,Counter_4,2.0,2.0,14,6,1,0,1.01,2.08
2026-06-07 14:25:00,Counter_5,3.0,2.0,14,6,1,0,,4.09
2026-06-07 14:30:00,Counter_1,10.0,1.0,14,6,1,0,1.7,17.31
2026-06-07 14:30:00,Counter_2,3.0,,14,6,1,0,1.4,4.04
2026-06-07 14:30:00,Counter_3,8.0,1.0,14,6,1,0,1.5,11.92
2026-06-07 14:30:00,Counter_4,13.0,1.0,14,6,1,0,1.07,13.94
2026-06-07 14:30:00,Counter_5,8.0,2.0,14,6,1,0,0.95,7.59
2026-06-07 14:35:00,Counter_1,8.0,1.0,14,6,1,0,1.19,9.73
2026-06-07 14:35:00,Counter_2,10.0,2.0,14,6,1,0,1.09,11.03
2026-06-07 14:35:00,Counter_3,6.0,2.0,14,6,1,0,1.03,6.46
2026-06-07 14:35:00,Counter_4,6.0,2.0,14,6,1,0,1.3,7.48
2026-06-07 14:35:00,Counter_5,15.0,1.0,14,6,1,0,0.95,14.41
2026-06-07 14:40:00,Counter_1,4.0,2.0,14,6,1,0,1.46,5.64
2026-06-07 14:40:00,Counter_2,20.0,1.0,14,6,1,0,1.15,23.09
2026-06-07 14:40:00,Counter_3,12.0,1.0,14,6,1,0,1.24,14.83
2026-06-07 14:40:00,Counter_4,11.0,1.0,14,6,1,0,1.27,13.83
2026-06-07 14:40:00,Counter_5,9.0,1.0,14,6,1,0,1.13,10.4
2026-06-07 14:45:00,Counter_1,2.0,2.0,14,6,1,0,1.57,2.8
2026-06-07 14:45:00,Counter_2,4.0,2.0,14,6,1,0,0.85,3.76
2026-06-07 14:45:00,Counter_3,9.0,2.0,14,6,1,0,1.57,14.26
2026-06-07 14:45:00,Counter_4,6.0,2.0,14,6,1,0,1.16,6.99
2026-06-07 14:45:00,Counter_5,8.0,2.0,14,6,1,0,1.48,11.81
2026-06-07 14:50:00,Counter_1,3.0,2.0,14,6,1,0,1.3,3.83
2026-06-07 14:50:00,Counter_2,7.0,2.0,14,6,1,0,1.46,10.31
2026-06-07 14:50:00,Counter_3,6.0,1.0,14,6,1,0,1.22,7.04
2026-06-07 14:50:00,Counter_4,6.0,2.0,14,6,1,0,1.31,7.25
2026-06-07 14:50:00,Counter_5,13.0,1.0,14,6,1,0,1.52,19.78
2026-06-07 14:55:00,Counter_1,4.0,2.0,14,6,1,0,1.27,4.93
2026-06-07 14:55:00,Counter_2,12.0,1.0,14,6,1,0,1.58,18.78
2026-06-07 14:55:00,Counter_3,11.0,2.0,14,6,1,0,1.34,14.42
2026-06-07 14:55:00,Counter_4,7.0,1.0,14,6,1,0,1.07,7.73
2026-06-07 14:55:00,Counter_5,5.0,2.0,14,6,1,0,1.16,6.16
2026-06-07 15:00:00,Counter_1,1.0,2.0,15,6,1,0,1.47,1.46
2026-06-07 15:00:00,Counter_2,18.0,1.0,15,6,1,0,0.94,16.89
2026-06-07 15:00:00,Counter_3,13.0,1.0,15,6,1,0,1.45,18.93
2026-06-07 15:00:00,Counter_4,9.0,1.0,15,6,1,0,1.16,10.51
2026-06-07 15:00:00,Counter_5,6.0,2.0,15,6,1,0,0.93,5.48
2026-06-07 15:05:00,Counter_1,13.0,2.0,15,6,1,0,1.3,17.14
2026-06-07 15:05:00,Counter_2,7.0,2.0,15,6,1,0,,7.72
2026-06-07 15:05:00,Counter_3,5.0,2.0,15,6,1,0,1.11,5.7
2026-06-07 15:05:00,Counter_4,2.0,2.0,15,6,1,0,1.09,2.54
2026-06-07 15:05:00,Counter_5,6.0,2.0,15,6,1,0,1.28,7.83
2026-06-07 15:10:00,Counter_1,11.0,1.0,15,6,1,0,1.15,12.52
2026-06-07 15:10:00,Counter_2,5.0,2.0,15,6,1,0,1.35,6.77
2026-06-07 15:10:00,Counter_3,9.0,1.0,15,6,1,0,1.5,13.69
2026-06-07 15:10:00,Counter_4,5.0,2.0,15,6,1,0,1.39,6.74
2026-06-07 15:10:00,Counter_5,8.0,2.0,15,6,1,0,1.7,13.55
2026-06-07 15:15:00,Counter_1,3.0,2.0,15,6,1,0,1.76,4.96
2026-06-07 15:15:00,Counter_2,7.0,1.0,15,6,1,0,1.18,8.66
2026-06-07 15:15:00,Counter_3,7.0,1.0,15,6,1,0,0.96,6.8
2026-06-07 15:15:00,Counter_4,14.0,1.0,15,6,1,0,1.18,16.64
2026-06-07 15:15:00,Counter_5,5.0,2.0,15,6,1,0,1.28,6.1
2026-06-07 15:20:00,Counter_1,2.0,2.0,15,6,1,0,1.81,3.84
2026-06-07 15:20:00,Counter_2,14.0,1.0,15,6,1,0,1.16,16.3
2026-06-07 15:20:00,Counter_3,4.0,2.0,15,6,1,0,1.32,4.92
2026-06-07 15:20:00,Counter_4,15.0,1.0,15,6,1,0,1.08,16.29
2026-06-07 15:20:00,Counter_5,4.0,2.0,15,6,1,0,1.16,4.44
2026-06-07 15:25:00,Counter_1,5.0,,15,6,1,0,0.95,4.76
2026-06-07 15:25:00,Counter_2,4.0,2.0,15,6,1,0,0.88,3.67
2026-06-07 15:25:00,Counter_3,4.0,2.0,15,6,1,0,1.59,6.4
2026-06-07 15:25:00,Counter_4,8.0,1.0,15,6,1,0,1.52,11.79
2026-06-07 15:25:00,Counter_5,15.0,1.0,15,6,1,0,1.16,17.45
2026-06-07 15:30:00,Counter_1,3.0,2.0,15,6,1,0,1.52,4.73
2026-06-07 15:30:00,Counter_2,12.0,1.0,15,6,1,0,0.92,11.0
2026-06-07 15:30:00,Counter_3,5.0,,15,6,1,0,1.21,6.15
2026-06-07 15:30:00,Counter_4,7.0,1.0,15,6,1,0,1.29,9.14
2026-06-07 15:30:00,Counter_5,9.0,1.0,15,6,1,0,1.57,13.73
2026-06-07 15:35:00,Counter_1,8.0,2.0,15,6,1,0,1.3,10.65
2026-06-07 15:35:00,Counter_2,12.0,1.0,15,6,1,0,1.39,16.57
2026-06-07 15:35:00,Counter_3,11.0,1.0,15,6,1,0,1.13,12.29
2026-06-07 15:35:00,Counter_4,6.0,2.0,15,6,1,0,1.32,7.78
2026-06-07 15:35:00,Counter_5,10.0,1.0,15,6,1,0,1.57,15.95
2026-06-07 15:40:00,Counter_1,5.0,2.0,15,6,1,0,0.85,4.54
2026-06-07 15:40:00,Counter_2,10.0,1.0,15,6,1,0,1.53,15.39
2026-06-07 15:40:00,Counter_3,9.0,1.0,15,6,1,0,1.2,10.7
2026-06-07 15:40:00,Counter_4,10.0,1.0,15,6,1,0,0.9,9.58
2026-06-07 15:40:00,Counter_5,7.0,1.0,15,6,1,0,1.18,8.26
2026-06-07 15:45:00,Counter_1,15.0,1.0,15,6,1,0,1.57,23.42
2026-06-07 15:45:00,Counter_2,7.0,2.0,15,6,1,0,1.13,8.11
2026-06-07 15:45:00,Counter_3,3.0,2.0,15,6,1,0,1.32,3.94
2026-06-07 15:45:00,Counter_4,9.0,2.0,15,6,1,0,0.85,8.07
2026-06-07 15:45:00,Counter_5,13.0,1.0,15,6,1,0,0.79,10.1
2026-06-07 15:50:00,Counter_1,10.0,1.0,15,6,1,0,0.98,9.76
2026-06-07 15:50:00,Counter_2,6.0,2.0,15,6,1,0,1.5,9.31
2026-06-07 15:50:00,Counter_3,5.0,2.0,15,6,1,0,1.24,6.3
2026-06-07 15:50:00,Counter_4,16.0,1.0,15,6,1,0,1.52,24.26
2026-06-07 15:50:00,Counter_5,10.0,1.0,15,6,1,0,1.54,15.22
2026-06-07 15:55:00,Counter_1,13.0,1.0,15,6,1,0,1.06,13.55
2026-06-07 15:55:00,Counter_2,12.0,1.0,15,6,1,0,1.64,19.42
2026-06-07 15:55:00,Counter_3,3.0,2.0,15,6,1,0,1.11,3.52
2026-06-07 15:55:00,Counter_4,14.0,1.0,15,6,1,0,1.5,21.16
2026-06-07 15:55:00,Counter_5,9.0,1.0,15,6,1,0,1.49,13.51
2026-06-07 16:00:00,Counter_1,5.0,2.0,16,6,1,0,1.27,6.13
2026-06-07 16:00:00,Counter_2,3.0,1.0,16,6,1,0,1.27,3.75
2026-06-07 16:00:00,Counter_3,5.0,2.0,16,6,1,0,1.33,6.72
2026-06-07 16:00:00,Counter_4,6.0,2.0,16,6,1,0,1.28,7.93
2026-06-07 16:00:00,Counter_5,6.0,1.0,16,6,1,0,,6.97
2026-06-07 16:05:00,Counter_1,5.0,2.0,16,6,1,0,1.13,5.68
2026-06-07 16:05:00,Counter_2,5.0,2.0,16,6,1,0,1.15,5.56
2026-06-07 16:05:00,Counter_3,,1.0,16,6,1,0,1.55,15.68
2026-06-07 16:05:00,Counter_4,8.0,,16,6,1,0,0.85,6.74
2026-06-07 16:05:00,Counter_5,6.0,2.0,16,6,1,0,1.13,6.5
2026-06-07 16:10:00,Counter_1,6.0,2.0,16,6,1,0,1.17,6.84
2026-06-07 16:10:00,Counter_2,,2.0,16,6,1,0,1.19,4.9
2026-06-07 16:10:00,Counter_3,12.0,1.0,16,6,1,0,1.32,15.98
2026-06-07 16:10:00,Counter_4,3.0,2.0,16,6,1,0,0.91,2.19
2026-06-07 16:10:00,Counter_5,5.0,2.0,16,6,1,0,1.51,7.53
2026-06-07 16:15:00,Counter_1,9.0,1.0,16,6,1,0,1.47,12.97
2026-06-07 16:15:00,Counter_2,6.0,2.0,16,6,1,0,1.42,8.6
2026-06-07 16:15:00,Counter_3,7.0,1.0,16,6,1,0,1.2,8.52
2026-06-07 16:15:00,Counter_4,,2.0,16,6,1,0,1.07,5.14
2026-06-07 16:15:00,Counter_5,3.0,2.0,16,6,1,0,1.17,3.51
2026-06-07 16:20:00,Counter_1,4.0,2.0,16,6,1,0,1.27,5.25
2026-06-07 16:20:00,Counter_2,11.0,1.0,16,6,1,0,1.42,15.82
2026-06-07 16:20:00,Counter_3,12.0,1.0,16,6,1,0,1.23,14.59
2026-06-07 16:20:00,Counter_4,1.0,1.0,16,6,1,0,,1.56
2026-06-07 16:20:00,Counter_5,4.0,2.0,16,6,1,0,1.14,4.61
2026-06-07 16:25:00,Counter_1,12.0,1.0,16,6,1,0,1.32,15.74
2026-06-07 16:25:00,Counter_2,8.0,2.0,16,6,1,0,1.19,9.5
2026-06-07 16:25:00,Counter_3,14.0,1.0,16,6,1,0,1.32,18.64
2026-06-07 16:25:00,Counter_4,10.0,1.0,16,6,1,0,0.81,8.26
2026-06-07 16:25:00,Counter_5,7.0,1.0,16,6,1,0,1.37,9.77
2026-06-07 16:30:00,Counter_1,6.0,2.0,16,6,1,0,1.39,8.21
2026-06-07 16:30:00,Counter_2,4.0,2.0,16,6,1,0,1.38,5.56
2026-06-07 16:30:00,Counter_3,16.0,1.0,16,6,1,0,1.0,15.95
2026-06-07 16:30:00,Counter_4,11.0,1.0,16,6,1,0,1.07,11.81
2026-06-07 16:30:00,Counter_5,10.0,2.0,16,6,1,0,1.03,10.2
2026-06-07 16:35:00,Counter_1,8.0,1.0,16,6,1,0,1.33,10.96
2026-06-07 16:35:00,Counter_2,7.0,2.0,16,6,1,0,1.41,9.87
2026-06-07 16:35:00,Counter_3,6.0,2.0,16,6,1,0,1.08,6.45
2026-06-07 16:35:00,Counter_4,,1.0,16,6,1,0,1.58,6.41
2026-06-07 16:35:00,Counter_5,7.0,2.0,16,6,1,0,1.58,11.28
2026-06-07 16:40:00,Counter_1,4.0,2.0,16,6,1,0,1.28,5.13
2026-06-07 16:40:00,Counter_2,10.0,2.0,16,6,1,0,1.34,13.34
2026-06-07 16:40:00,Counter_3,8.0,2.0,16,6,1,0,0.83,6.82
2026-06-07 16:40:00,Counter_4,7.0,2.0,16,6,1,0,,8.19
2026-06-07 16:40:00,Counter_5,6.0,1.0,16,6,1,0,0.94,5.92
2026-06-07 16:45:00,Counter_1,9.0,1.0,16,6,1,0,1.02,8.98
2026-06-07 16:45:00,Counter_2,9.0,1.0,16,6,1,0,1.38,12.57
2026-06-07 16:45:00,Counter_3,5.0,2.0,16,6,1,0,1.44,7.19
2026-06-07 16:45:00,Counter_4,18.0,1.0,16,6,1,0,1.45,26.35
2026-06-07 16:45:00,Counter_5,11.0,1.0,16,6,1,0,1.31,14.78
2026-06-07 16:50:00,Counter_1,7.0,2.0,16,6,1,0,1.38,9.19
2026-06-07 16:50:00,Counter_2,2.0,2.0,16,6,1,0,0.85,1.7
2026-06-07 16:50:00,Counter_3,14.0,1.0,16,6,1,0,0.93,12.93
2026-06-07 16:50:00,Counter_4,12.0,1.0,16,6,1,0,1.2,14.26
2026-06-07 16:50:00,Counter_5,6.0,2.0,16,6,1,0,1.4,8.22
2026-06-07 16:55:00,Counter_1,6.0,2.0,16,6,1,0,1.14,6.75
2026-06-07 16:55:00,Counter_2,0.0,2.0,16,6,1,0,0.91,0.05
2026-06-07 16:55:00,Counter_3,7.0,1.0,16,6,1,0,1.08,7.49
2026-06-07 16:55:00,Counter_4,4.0,2.0,16,6,1,0,,3.68
2026-06-07 16:55:00,Counter_5,3.0,2.0,16,6,1,0,0.82,2.49
2026-06-07 17:00:00,Counter_1,16.0,3.0,17,6,1,0,2.01,32.37
2026-06-07 17:00:00,Counter_2,10.0,5.0,17,6,1,0,1.76,17.49
2026-06-07 17:00:00,Counter_3,12.0,4.0,17,6,1,0,0.96,11.19
2026-06-07 17:00:00,Counter_4,9.0,4.0,17,6,1,0,0.97,8.75
2026-06-07 17:00:00,Counter_5,13.0,4.0,17,6,1,0,1.25,16.46
2026-06-07 17:05:00,Counter_1,6.0,5.0,17,6,1,0,1.08,6.51
2026-06-07 17:05:00,Counter_2,8.0,5.0,17,6,1,0,2.05,16.25
2026-06-07 17:05:00,Counter_3,9.0,5.0,17,6,1,0,1.25,11.04
2026-06-07 17:05:00,Counter_4,9.0,,17,6,1,0,1.54,14.0
2026-06-07 17:05:00,Counter_5,13.0,3.0,17,6,1,0,1.32,17.11
2026-06-07 17:10:00,Counter_1,10.0,4.0,17,6,1,0,1.16,11.5
2026-06-07 17:10:00,Counter_2,10.0,4.0,17,6,1,0,1.71,16.98
2026-06-07 17:10:00,Counter_3,14.0,3.0,17,6,1,0,1.61,22.58
2026-06-07 17:10:00,Counter_4,10.0,3.0,17,6,1,0,1.44,14.42
2026-06-07 17:10:00,Counter_5,10.0,4.0,17,6,1,0,2.05,20.51
2026-06-07 17:15:00,Counter_1,10.0,4.0,17,6,1,0,1.51,14.91
2026-06-07 17:15:00,Counter_2,12.0,4.0,17,6,1,0,1.34,15.87
2026-06-07 17:15:00,Counter_3,10.0,5.0,17,6,1,0,1.93,19.17
2026-06-07 17:15:00,Counter_4,11.0,4.0,17,6,1,0,1.55,17.11
2026-06-07 17:15:00,Counter_5,10.0,4.0,17,6,1,0,1.86,18.71
2026-06-07 17:20:00,Counter_1,11.0,4.0,17,6,1,0,1.44,16.13
2026-06-07 17:20:00,Counter_2,4.0,5.0,17,6,1,0,0.7,2.63
2026-06-07 17:20:00,Counter_3,11.0,3.0,17,6,1,0,1.06,11.81
2026-06-07 17:20:00,Counter_4,11.0,4.0,17,6,1,0,1.72,18.58
2026-06-07 17:20:00,Counter_5,15.0,4.0,17,6,1,0,1.3,19.57
2026-06-07 17:25:00,Counter_1,10.0,3.0,17,6,1,0,1.51,14.8
2026-06-07 17:25:00,Counter_2,11.0,4.0,17,6,1,0,1.73,18.78
2026-06-07 17:25:00,Counter_3,12.0,4.0,17,6,1,0,1.49,18.03
2026-06-07 17:25:00,Counter_4,12.0,4.0,17,6,1,0,1.24,14.91
2026-06-07 17:25:00,Counter_5,17.0,3.0,17,6,1,0,1.45,24.59
2026-06-07 17:30:00,Counter_1,6.0,4.0,17,6,1,0,1.48,8.6
2026-06-07 17:30:00,Counter_2,20.0,3.0,17,6,1,0,1.35,27.07
2026-06-07 17:30:00,Counter_3,9.0,4.0,17,6,1,0,1.1,9.92
2026-06-07 17:30:00,Counter_4,12.0,4.0,17,6,1,0,1.36,16.46
2026-06-07 17:30:00,Counter_5,7.0,5.0,17,6,1,0,1.43,9.66
2026-06-07 17:35:00,Counter_1,7.0,3.0,17,6,1,0,1.09,7.75
2026-06-07 17:35:00,Counter_2,9.0,4.0,17,6,1,0,1.22,10.87
2026-06-07 17:35:00,Counter_3,10.0,4.0,17,6,1,0,1.27,12.76
2026-06-07 17:35:00,Counter_4,9.0,4.0,17,6,1,0,0.98,8.81
2026-06-07 17:35:00,Counter_5,7.0,5.0,17,6,1,0,1.48,10.19
2026-06-07 17:40:00,Counter_1,6.0,5.0,17,6,1,0,1.51,8.98
2026-06-07 17:40:00,Counter_2,11.0,5.0,17,6,1,0,1.31,14.23
2026-06-07 17:40:00,Counter_3,13.0,3.0,17,6,1,0,1.11,14.32
2026-06-07 17:40:00,Counter_4,10.0,5.0,17,6,1,0,1.55,15.32
2026-06-07 17:40:00,Counter_5,,4.0,17,6,1,0,1.59,19.16
2026-06-07 17:45:00,Counter_1,12.0,3.0,17,6,1,0,1.47,17.47
2026-06-07 17:45:00,Counter_2,9.0,4.0,17,6,1,0,1.46,13.25
2026-06-07 17:45:00,Counter_3,10.0,4.0,17,6,1,0,1.6,16.65
2026-06-07 17:45:00,Counter_4,9.0,3.0,17,6,1,0,1.43,12.82
2026-06-07 17:45:00,Counter_5,7.0,5.0,17,6,1,0,1.22,8.22
2026-06-07 17:50:00,Counter_1,11.0,4.0,17,6,1,0,1.43,16.15
2026-06-07 17:50:00,Counter_2,10.0,4.0,17,6,1,0,1.35,13.57
2026-06-07 17:50:00,Counter_3,12.0,4.0,17,6,1,0,1.43,17.13
2026-06-07 17:50:00,Counter_4,15.0,3.0,17,6,1,0,1.67,24.98
2026-06-07 17:50:00,Counter_5,8.0,5.0,17,6,1,0,1.15,8.99
2026-06-07 17:55:00,Counter_1,8.0,5.0,17,6,1,0,1.49,11.85
2026-06-07 17:55:00,Counter_2,8.0,4.0,17,6,1,0,1.14,8.96
2026-06-07 17:55:00,Counter_3,14.0,4.0,17,6,1,0,1.22,16.93
2026-06-07 17:55:00,Counter_4,12.0,5.0,17,6,1,0,1.84,22.2
2026-06-07 17:55:00,Counter_5,8.0,4.0,17,6,1,0,1.56,12.67
2026-06-07 18:00:00,Counter_1,14.0,3.0,18,6,1,0,1.49,20.81
2026-06-07 18:00:00,Counter_2,13.0,4.0,18,6,1,0,1.04,13.62
2026-06-07 18:00:00,Counter_3,9.0,4.0,18,6,1,0,1.39,12.93
2026-06-07 18:00:00,Counter_4,10.0,5.0,18,6,1,0,0.93,9.13
2026-06-07 18:00:00,Counter_5,5.0,5.0,18,6,1,0,1.46,6.97
2026-06-07 18:05:00,Counter_1,11.0,4.0,18,6,1,0,1.14,12.71
2026-06-07 18:05:00,Counter_2,13.0,3.0,18,6,1,0,1.59,20.52
2026-06-07 18:05:00,Counter_3,9.0,4.0,18,6,1,0,1.49,13.3
2026-06-07 18:05:00,Counter_4,8.0,4.0,18,6,1,0,1.15,9.22
2026-06-07 18:05:00,Counter_5,15.0,3.0,18,6,1,0,1.55,23.5
2026-06-07 18:10:00,Counter_1,8.0,4.0,18,6,1,0,1.97,15.79
2026-06-07 18:10:00,Counter_2,5.0,5.0,18,6,1,0,1.4,6.58
2026-06-07 18:10:00,Counter_3,13.0,3.0,18,6,1,0,1.67,21.78
2026-06-07 18:10:00,Counter_4,11.0,5.0,18,6,1,0,0.92,10.17
2026-06-07 18:10:00,Counter_5,,3.0,18,6,1,0,1.57,20.24
2026-06-07 18:15:00,Counter_1,13.0,3.0,18,6,1,0,1.31,16.69
2026-06-07 18:15:00,Counter_2,17.0,3.0,18,6,1,0,1.38,23.38
2026-06-07 18:15:00,Counter_3,14.0,4.0,18,6,1,0,1.6,21.94
2026-06-07 18:15:00,Counter_4,8.0,5.0,18,6,1,0,1.39,10.76
2026-06-07 18:15:00,Counter_5,7.0,5.0,18,6,1,0,1.05,7.08
2026-06-07 18:20:00,Counter_1,16.0,3.0,18,6,1,0,1.83,29.03
2026-06-07 18:20:00,Counter_2,15.0,3.0,18,6,1,0,1.09,16.53
2026-06-07 18:20:00,Counter_3,11.0,4.0,18,6,1,0,1.24,13.61
2026-06-07 18:20:00,Counter_4,15.0,3.0,18,6,1,0,1.48,22.27
2026-06-07 18:20:00,Counter_5,8.0,5.0,18,6,1,0,1.48,11.88
2026-06-07 18:25:00,Counter_1,14.0,3.0,18,6,1,0,1.56,21.53
2026-06-07 18:25:00,Counter_2,11.0,3.0,18,6,1,0,1.48,16.17
2026-06-07 18:25:00,Counter_3,10.0,4.0,18,6,1,0,1.74,17.35
2026-06-07 18:25:00,Counter_4,10.0,5.0,18,6,1,0,1.57,15.67
2026-06-07 18:25:00,Counter_5,12.0,3.0,18,6,1,0,1.15,13.9
2026-06-07 18:30:00,Counter_1,14.0,3.0,18,6,1,0,0.8,11.39
2026-06-07 18:30:00,Counter_2,11.0,4.0,18,6,1,0,1.49,16.46
2026-06-07 18:30:00,Counter_3,7.0,4.0,18,6,1,0,1.82,13.09
2026-06-07 18:30:00,Counter_4,9.0,5.0,18,6,1,0,1.14,10.35
2026-06-07 18:30:00,Counter_5,12.0,3.0,18,6,1,0,1.19,14.17
2026-06-07 18:35:00,Counter_1,15.0,3.0,18,6,1,0,1.54,23.36
2026-06-07 18:35:00,Counter_2,11.0,4.0,18,6,1,0,1.57,17.03
2026-06-07 18:35:00,Counter_3,9.0,3.0,18,6,1,0,1.73,15.68
2026-06-07 18:35:00,Counter_4,11.0,4.0,18,6,1,0,1.86,20.43
2026-06-07 18:35:00,Counter_5,14.0,3.0,18,6,1,0,1.51,20.97
2026-06-07 18:40:00,Counter_1,10.0,5.0,18,6,1,0,1.22,12.24
2026-06-07 18:40:00,Counter_2,7.0,4.0,18,6,1,0,1.23,8.55
2026-06-07 18:40:00,Counter_3,9.0,5.0,18,6,1,0,1.31,11.42
2026-06-07 18:40:00,Counter_4,6.0,5.0,18,6,1,0,1.71,10.3
2026-06-07 18:40:00,Counter_5,10.0,5.0,18,6,1,0,1.32,12.99
2026-06-07 18:45:00,Counter_1,13.0,4.0,18,6,1,0,1.69,21.99
2026-06-07 18:45:00,Counter_2,6.0,5.0,18,6,1,0,1.07,6.39
2026-06-07 18:45:00,Counter_3,12.0,4.0,18,6,1,0,1.52,18.33
2026-06-07 18:45:00,Counter_4,18.0,3.0,18,6,1,0,1.26,22.23
2026-06-07 18:45:00,Counter_5,8.0,5.0,18,6,1,0,1.58,12.44
2026-06-07 18:50:00,Counter_1,8.0,4.0,18,6,1,0,1.39,11.14
2026-06-07 18:50:00,Counter_2,18.0,3.0,18,6,1,0,1.65,30.28
2026-06-07 18:50:00,Counter_3,10.0,5.0,18,6,1,0,1.34,13.43
2026-06-07 18:50:00,Counter_4,14.0,4.0,18,6,1,0,1.44,20.07
2026-06-07 18:50:00,Counter_5,6.0,5.0,18,6,1,0,1.65,10.07
2026-06-07 18:55:00,Counter_1,10.0,5.0,18,6,1,0,1.42,14.08
2026-06-07 18:55:00,Counter_2,7.0,4.0,18,6,1,0,1.46,10.31
2026-06-07 18:55:00,Counter_3,11.0,3.0,18,6,1,0,1.64,18.05
2026-06-07 18:55:00,Counter_4,7.0,,18,6,1,0,1.43,10.22
2026-06-07 18:55:00,Counter_5,9.0,4.0,18,6,1,0,1.05,9.58
2026-06-07 19:00:00,Counter_1,15.0,3.0,19,6,1,0,1.31,19.55
2026-06-07 19:00:00,Counter_2,13.0,3.0,19,6,1,0,0.97,12.31
2026-06-07 19:00:00,Counter_3,13.0,3.0,19,6,1,0,1.39,17.86
2026-06-07 19:00:00,Counter_4,12.0,4.0,19,6,1,0,,18.9
2026-06-07 19:00:00,Counter_5,13.0,3.0,19,6,1,0,1.48,19.23
2026-06-07 19:05:00,Counter_1,10.0,3.0,19,6,1,0,1.8,18.01
2026-06-07 19:05:00,Counter_2,9.0,4.0,19,6,1,0,1.77,15.98
2026-06-07 19:05:00,Counter_3,,3.0,19,6,1,0,1.51,14.94
2026-06-07 19:05:00,Counter_4,13.0,,19,6,1,0,0.85,11.03
2026-06-07 19:05:00,Counter_5,,5.0,19,6,1,0,1.62,11.34
2026-06-07 19:10:00,Counter_1,11.0,4.0,19,6,1,0,1.26,13.57
2026-06-07 19:10:00,Counter_2,10.0,4.0,19,6,1,0,1.67,16.58
2026-06-07 19:10:00,Counter_3,7.0,5.0,19,6,1,0,1.53,10.79
2026-06-07 19:10:00,Counter_4,11.0,3.0,19,6,1,0,1.61,17.85
2026-06-07 19:10:00,Counter_5,10.0,4.0,19,6,1,0,1.58,15.64
2026-06-07 19:15:00,Counter_1,9.0,4.0,19,6,1,0,2.05,18.55
2026-06-07 19:15:00,Counter_2,7.0,5.0,19,6,1,0,1.58,10.94
2026-06-07 19:15:00,Counter_3,9.0,4.0,19,6,1,0,1.13,9.99
2026-06-07 19:15:00,Counter_4,13.0,3.0,19,6,1,0,1.72,22.74
2026-06-07 19:15:00,Counter_5,11.0,4.0,19,6,1,0,1.34,14.66
2026-06-07 19:20:00,Counter_1,6.0,5.0,19,6,1,0,1.79,10.45
2026-06-07 19:20:00,Counter_2,9.0,4.0,19,6,1,0,1.84,16.47
2026-06-07 19:20:00,Counter_3,9.0,5.0,19,6,1,0,1.61,14.44
2026-06-07 19:20:00,Counter_4,12.0,4.0,19,6,1,0,1.13,13.74
2026-06-07 19:20:00,Counter_5,9.0,5.0,19,6,1,0,1.33,11.9
2026-06-07 19:25:00,Counter_1,11.0,4.0,19,6,1,0,1.79,19.77
2026-06-07 19:25:00,Counter_2,13.0,3.0,19,6,1,0,1.95,25.56
2026-06-07 19:25:00,Counter_3,9.0,,19,6,1,0,1.47,13.11
2026-06-07 19:25:00,Counter_4,9.0,5.0,19,6,1,0,1.38,12.48
2026-06-07 19:25:00,Counter_5,7.0,5.0,19,6,1,0,1.15,8.04
2026-06-07 19:30:00,Counter_1,14.0,4.0,19,6,1,0,1.16,16.29
2026-06-07 19:30:00,Counter_2,11.0,4.0,19,6,1,0,1.51,16.63
2026-06-07 19:30:00,Counter_3,8.0,5.0,19,6,1,0,1.63,13.07
2026-06-07 19:30:00,Counter_4,12.0,3.0,19,6,1,0,1.08,12.9
2026-06-07 19:30:00,Counter_5,8.0,5.0,19,6,1,0,1.66,13.29
2026-06-07 19:35:00,Counter_1,15.0,3.0,19,6,1,0,1.79,26.8
2026-06-07 19:35:00,Counter_2,15.0,3.0,19,6,1,0,1.61,24.62
2026-06-07 19:35:00,Counter_3,10.0,3.0,19,6,1,0,1.86,18.72
2026-06-07 19:35:00,Counter_4,14.0,4.0,19,6,1,0,1.54,21.56
2026-06-07 19:35:00,Counter_5,6.0,3.0,19,6,1,0,1.54,9.17
2026-06-07 19:40:00,Counter_1,12.0,3.0,19,6,1,0,1.54,18.68
2026-06-07 19:40:00,Counter_2,10.0,4.0,19,6,1,0,1.79,17.74
2026-06-07 19:40:00,Counter_3,9.0,4.0,19,6,1,0,1.58,13.96
2026-06-07 19:40:00,Counter_4,6.0,5.0,19,6,1,0,1.32,7.65
2026-06-07 19:40:00,Counter_5,12.0,3.0,19,6,1,0,1.56,18.98
2026-06-07 19:45:00,Counter_1,18.0,,19,6,1,0,1.56,28.33
2026-06-07 19:45:00,Counter_2,9.0,3.0,19,6,1,0,1.4,12.63
2026-06-07 19:45:00,Counter_3,11.0,4.0,19,6,1,0,1.71,18.7
2026-06-07 19:45:00,Counter_4,11.0,4.0,19,6,1,0,1.47,16.06
2026-06-07 19:45:00,Counter_5,8.0,4.0,19,6,1,0,1.63,13.45
2026-06-07 19:50:00,Counter_1,11.0,4.0,19,6,1,0,1.58,17.36
2026-06-07 19:50:00,Counter_2,7.0,5.0,19,6,1,0,1.27,8.96
2026-06-07 19:50:00,Counter_3,11.0,3.0,19,6,1,0,1.21,13.22
2026-06-07 19:50:00,Counter_4,9.0,4.0,19,6,1,0,1.27,11.45
2026-06-07 19:50:00,Counter_5,10.0,3.0,19,6,1,0,1.43,14.38
2026-06-07 19:55:00,Counter_1,9.0,3.0,19,6,1,0,1.85,17.01
2026-06-07 19:55:00,Counter_2,13.0,3.0,19,6,1,0,1.44,18.7
2026-06-07 19:55:00,Counter_3,8.0,4.0,19,6,1,0,1.54,12.42
2026-06-07 19:55:00,Counter_4,13.0,4.0,19,6,1,0,1.67,21.64
2026-06-07 19:55:00,Counter_5,6.0,5.0,19,6,1,0,1.36,8.2
2026-06-07 20:00:00,Counter_1,9.0,5.0,20,6,1,0,1.35,12.22
2026-06-07 20:00:00,Counter_2,9.0,4.0,20,6,1,0,1.71,15.35
2026-06-07 20:00:00,Counter_3,10.0,,20,6,1,0,1.59,15.95
2026-06-07 20:00:00,Counter_4,9.0,5.0,20,6,1,0,1.31,11.65
2026-06-07 20:00:00,Counter_5,9.0,5.0,20,6,1,0,1.35,12.25
2026-06-07 20:05:00,Counter_1,4.0,5.0,20,6,1,0,1.47,5.89
2026-06-07 20:05:00,Counter_2,12.0,3.0,20,6,1,0,1.53,18.25
2026-06-07 20:05:00,Counter_3,9.0,5.0,20,6,1,0,1.76,15.82
2026-06-07 20:05:00,Counter_4,7.0,5.0,20,6,1,0,1.58,11.32
2026-06-07 20:05:00,Counter_5,10.0,4.0,20,6,1,0,1.2,11.98
2026-06-07 20:10:00,Counter_1,11.0,5.0,20,6,1,0,1.25,13.84
2026-06-07 20:10:00,Counter_2,10.0,5.0,20,6,1,0,1.53,15.38
2026-06-07 20:10:00,Counter_3,10.0,4.0,20,6,1,0,1.49,15.02
2026-06-07 20:10:00,Counter_4,11.0,5.0,20,6,1,0,1.24,13.42
2026-06-07 20:10:00,Counter_5,,5.0,20,6,1,0,1.71,16.89
2026-06-07 20:15:00,Counter_1,7.0,5.0,20,6,1,0,0.89,6.08
2026-06-07 20:15:00,Counter_2,6.0,5.0,20,6,1,0,1.53,9.3
2026-06-07 20:15:00,Counter_3,7.0,4.0,20,6,1,0,1.06,7.47
2026-06-07 20:15:00,Counter_4,14.0,3.0,20,6,1,0,,23.42
2026-06-07 20:15:00,Counter_5,17.0,3.0,20,6,1,0,1.38,23.44
2026-06-07 20:20:00,Counter_1,9.0,5.0,20,6,1,0,1.64,14.5
2026-06-07 20:20:00,Counter_2,14.0,4.0,20,6,1,0,1.35,18.78
2026-06-07 20:20:00,Counter_3,11.0,4.0,20,6,1,0,1.78,19.62
2026-06-07 20:20:00,Counter_4,10.0,4.0,20,6,1,0,0.98,9.77
2026-06-07 20:20:00,Counter_5,16.0,3.0,20,6,1,0,1.67,26.76
2026-06-07 20:25:00,Counter_1,9.0,4.0,20,6,1,0,1.3,11.39
2026-06-07 20:25:00,Counter_2,9.0,5.0,20,6,1,0,1.54,13.86
2026-06-07 20:25:00,Counter_3,18.0,3.0,20,6,1,0,1.55,27.48
2026-06-07 20:25:00,Counter_4,7.0,5.0,20,6,1,0,1.1,7.44
2026-06-07 20:25:00,Counter_5,10.0,4.0,20,6,1,0,1.7,16.81
2026-06-07 20:30:00,Counter_1,10.0,4.0,20,6,1,0,1.55,15.13
2026-06-07 20:30:00,Counter_2,11.0,4.0,20,6,1,0,1.48,16.12
2026-06-07 20:30:00,Counter_3,7.0,5.0,20,6,1,0,1.55,10.91
2026-06-07 20:30:00,Counter_4,8.0,4.0,20,6,1,0,1.48,12.07
2026-06-07 20:30:00,Counter_5,9.0,4.0,20,6,1,0,1.66,14.83
2026-06-07 20:35:00,Counter_1,14.0,4.0,20,6,1,0,1.33,18.49
2026-06-07 20:35:00,Counter_2,6.0,5.0,20,6,1,0,1.66,9.94
2026-06-07 20:35:00,Counter_3,8.0,4.0,20,6,1,0,1.59,12.67
2026-06-07 20:35:00,Counter_4,7.0,5.0,20,6,1,0,1.41,9.67
2026-06-07 20:35:00,Counter_5,8.0,4.0,20,6,1,0,1.91,15.39
2026-06-07 20:40:00,Counter_1,15.0,3.0,20,6,1,0,1.56,23.34
2026-06-07 20:40:00,Counter_2,12.0,3.0,20,6,1,0,1.5,17.87
2026-06-07 20:40:00,Counter_3,12.0,3.0,20,6,1,0,1.59,18.97
2026-06-07 20:40:00,Counter_4,13.0,3.0,20,6,1,0,1.42,18.93
2026-06-07 20:40:00,Counter_5,9.0,4.0,20,6,1,0,,15.9
2026-06-07 20:45:00,Counter_1,12.0,3.0,20,6,1,0,1.44,17.21
2026-06-07 20:45:00,Counter_2,7.0,5.0,20,6,1,0,1.65,11.06
2026-06-07 20:45:00,Counter_3,10.0,5.0,20,6,1,0,1.18,11.46
2026-06-07 20:45:00,Counter_4,7.0,4.0,20,6,1,0,1.0,7.02
2026-06-07 20:45:00,Counter_5,11.0,4.0,20,6,1,0,1.55,16.99
2026-06-07 20:50:00,Counter_1,14.0,4.0,20,6,1,0,1.35,18.67
2026-06-07 20:50:00,Counter_2,14.0,4.0,20,6,1,0,1.4,19.57
2026-06-07 20:50:00,Counter_3,12.0,4.0,20,6,1,0,0.86,10.17
2026-06-07 20:50:00,Counter_4,14.0,4.0,20,6,1,0,1.88,26.19
2026-06-07 20:50:00,Counter_5,14.0,4.0,20,6,1,0,1.48,20.69
2026-06-07 20:55:00,Counter_1,10.0,4.0,20,6,1,0,1.78,17.6
2026-06-07 20:55:00,Counter_2,11.0,4.0,20,6,1,0,1.1,11.82
2026-06-07 20:55:00,Counter_3,9.0,5.0,20,6,1,0,1.47,12.96
2026-06-07 20:55:00,Counter_4,10.0,5.0,20,6,1,0,1.55,15.42
2026-06-07 20:55:00,Counter_5,9.0,5.0,20,6,1,0,1.48,13.0
2026-06-07 21:00:00,Counter_1,7.0,2.0,21,6,1,0,1.31,9.61
2026-06-07 21:00:00,Counter_2,7.0,1.0,21,6,1,0,0.9,6.49
2026-06-07 21:00:00,Counter_3,9.0,1.0,21,6,1,0,1.33,12.11
2026-06-07 21:00:00,Counter_4,13.0,1.0,21,6,1,0,1.04,13.34
2026-06-07 21:00:00,Counter_5,16.0,1.0,21,6,1,0,1.1,17.43
2026-06-07 21:05:00,Counter_1,13.0,1.0,21,6,1,0,1.25,15.97
2026-06-07 21:05:00,Counter_2,7.0,1.0,21,6,1,0,1.16,8.49
2026-06-07 21:05:00,Counter_3,5.0,2.0,21,6,1,0,1.18,6.17
2026-06-07 21:05:00,Counter_4,6.0,2.0,21,6,1,0,1.53,9.31
2026-06-07 21:05:00,Counter_5,7.0,2.0,21,6,1,0,1.21,8.45
2026-06-07 21:10:00,Counter_1,4.0,2.0,21,6,1,0,1.15,4.52
2026-06-07 21:10:00,Counter_2,3.0,2.0,21,6,1,0,1.22,3.76
2026-06-07 21:10:00,Counter_3,8.0,2.0,21,6,1,0,0.97,8.08
2026-06-07 21:10:00,Counter_4,3.0,2.0,21,6,1,0,1.29,4.0
2026-06-07 21:10:00,Counter_5,9.0,2.0,21,6,1,0,1.43,12.65
2026-06-07 21:15:00,Counter_1,2.0,2.0,21,6,1,0,1.33,2.51
2026-06-07 21:15:00,Counter_2,2.0,2.0,21,6,1,0,1.26,2.61
2026-06-07 21:15:00,Counter_3,6.0,1.0,21,6,1,0,1.4,8.23
2026-06-07 21:15:00,Counter_4,5.0,2.0,21,6,1,0,1.11,5.46
2026-06-07 21:15:00,Counter_5,11.0,1.0,21,6,1,0,1.26,14.16
2026-06-07 21:20:00,Counter_1,6.0,2.0,21,6,1,0,1.6,9.54
2026-06-07 21:20:00,Counter_2,7.0,,21,6,1,0,1.18,7.94
2026-06-07 21:20:00,Counter_3,7.0,2.0,21,6,1,0,1.4,10.38
2026-06-07 21:20:00,Counter_4,4.0,2.0,21,6,1,0,1.41,5.86
2026-06-07 21:20:00,Counter_5,7.0,2.0,21,6,1,0,1.06,7.41
2026-06-07 21:25:00,Counter_1,2.0,2.0,21,6,1,0,1.42,2.84
2026-06-07 21:25:00,Counter_2,5.0,2.0,21,6,1,0,1.1,5.07
2026-06-07 21:25:00,Counter_3,3.0,2.0,21,6,1,0,1.36,4.0
2026-06-07 21:25:00,Counter_4,5.0,2.0,21,6,1,0,1.09,5.3
2026-06-07 21:25:00,Counter_5,5.0,2.0,21,6,1,0,1.32,6.62
2026-06-07 21:30:00,Counter_1,5.0,2.0,21,6,1,0,1.28,6.73
2026-06-07 21:30:00,Counter_2,10.0,1.0,21,6,1,0,1.28,12.89
2026-06-07 21:30:00,Counter_3,17.0,1.0,21,6,1,0,1.32,22.85
2026-06-07 21:30:00,Counter_4,1.0,2.0,21,6,1,0,1.12,0.84
2026-06-07 21:30:00,Counter_5,7.0,2.0,21,6,1,0,0.96,6.41
2026-06-07 21:35:00,Counter_1,3.0,,21,6,1,0,1.27,4.06
2026-06-07 21:35:00,Counter_2,3.0,2.0,21,6,1,0,1.53,4.61
2026-06-07 21:35:00,Counter_3,16.0,1.0,21,6,1,0,1.4,22.49
2026-06-07 21:35:00,Counter_4,9.0,2.0,21,6,1,0,1.36,12.23
2026-06-07 21:35:00,Counter_5,8.0,1.0,21,6,1,0,1.12,9.0
2026-06-07 21:40:00,Counter_1,4.0,2.0,21,6,1,0,1.3,5.34
2026-06-07 21:40:00,Counter_2,5.0,2.0,21,6,1,0,1.04,5.25
2026-06-07 21:40:00,Counter_3,4.0,2.0,21,6,1,0,1.14,4.45
2026-06-07 21:40:00,Counter_4,6.0,2.0,21,6,1,0,1.34,8.51
2026-06-07 21:40:00,Counter_5,5.0,1.0,21,6,1,0,0.8,4.02
2026-06-07 21:45:00,Counter_1,6.0,2.0,21,6,1,0,1.68,10.04
2026-06-07 21:45:00,Counter_2,13.0,1.0,21,6,1,0,0.92,11.89
2026-06-07 21:45:00,Counter_3,4.0,2.0,21,6,1,0,1.72,6.95
2026-06-07 21:45:00,Counter_4,16.0,1.0,21,6,1,0,1.04,16.59
2026-06-07 21:45:00,Counter_5,2.0,2.0,21,6,1,0,1.04,1.67
2026-06-07 21:50:00,Counter_1,11.0,1.0,21,6,1,0,1.15,12.6
2026-06-07 21:50:00,Counter_2,4.0,2.0,21,6,1,0,1.14,4.34
2026-06-07 21:50:00,Counter_3,5.0,2.0,21,6,1,0,1.1,5.55
2026-06-07 21:50:00,Counter_4,12.0,2.0,21,6,1,0,1.16,13.91
2026-06-07 21:50:00,Counter_5,14.0,1.0,21,6,1,0,1.27,17.65
2026-06-07 21:55:00,Counter_1,3.0,2.0,21,6,1,0,1.03,3.28
2026-06-07 21:55:00,Counter_2,3.0,2.0,21,6,1,0,1.46,4.37
2026-06-07 21:55:00,Counter_3,11.0,1.0,21,6,1,0,1.6,17.52
2026-06-07 21:55:00,Counter_4,10.0,1.0,21,6,1,0,0.76,7.53
2026-06-07 21:55:00,Counter_5,11.0,1.0,21,6,1,0,1.71,18.73
2026-06-07 22:00:00,Counter_1,2.0,2.0,22,6,1,0,1.44,2.98
2026-06-07 22:00:00,Counter_2,2.0,2.0,22,6,1,0,1.31,2.46
2026-06-07 22:00:00,Counter_3,5.0,2.0,22,6,1,0,1.11,5.56
2026-06-07 22:00:00,Counter_4,0.0,2.0,22,6,1,0,1.29,0.08
2026-06-07 22:00:00,Counter_5,0.0,2.0,22,6,1,0,1.47,0.0
2026-06-07 22:05:00,Counter_1,2.0,2.0,22,6,1,0,1.9,3.89
2026-06-07 22:05:00,Counter_2,4.0,2.0,22,6,1,0,1.8,7.01
2026-06-07 22:05:00,Counter_3,5.0,1.0,22,6,1,0,0.87,4.45
2026-06-07 22:05:00,Counter_4,2.0,1.0,22,6,1,0,1.2,2.46
2026-06-07 22:05:00,Counter_5,2.0,1.0,22,6,1,0,1.27,2.81
2026-06-07 22:10:00,Counter_1,1.0,,22,6,1,0,1.59,1.24
2026-06-07 22:10:00,Counter_2,4.0,2.0,22,6,1,0,1.23,5.12
2026-06-07 22:10:00,Counter_3,2.0,1.0,22,6,1,0,1.06,2.06
2026-06-07 22:10:00,Counter_4,6.0,1.0,22,6,1,0,1.26,7.2
2026-06-07 22:10:00,Counter_5,3.0,2.0,22,6,1,0,1.15,3.32
2026-06-07 22:15:00,Counter_1,3.0,2.0,22,6,1,0,1.5,4.6
2026-06-07 22:15:00,Counter_2,2.0,1.0,22,6,1,0,1.85,3.68
2026-06-07 22:15:00,Counter_3,6.0,1.0,22,6,1,0,1.48,9.15
2026-06-07 22:15:00,Counter_4,4.0,1.0,22,6,1,0,1.49,5.89
2026-06-07 22:15:00,Counter_5,3.0,2.0,22,6,1,0,1.56,4.67
2026-06-07 22:20:00,Counter_1,4.0,1.0,22,6,1,0,1.36,5.4
2026-06-07 22:20:00,Counter_2,2.0,2.0,22,6,1,0,1.15,2.1
2026-06-07 22:20:00,Counter_3,4.0,2.0,22,6,1,0,1.17,4.67
2026-06-07 22:20:00,Counter_4,7.0,1.0,22,6,1,0,1.52,10.6
2026-06-07 22:20:00,Counter_5,6.0,1.0,22,6,1,0,1.32,7.94
2026-06-07 22:25:00,Counter_1,0.0,1.0,22,6,1,0,1.0,0.07
2026-06-07 22:25:00,Counter_2,0.0,2.0,22,6,1,0,1.58,0.1
2026-06-07 22:25:00,Counter_3,1.0,2.0,22,6,1,0,1.06,1.08
2026-06-07 22:25:00,Counter_4,1.0,1.0,22,6,1,0,0.97,1.19
2026-06-07 22:25:00,Counter_5,1.0,1.0,22,6,1,0,1.03,0.83
2026-06-07 22:30:00,Counter_1,7.0,2.0,22,6,1,0,1.33,9.17
2026-06-07 22:30:00,Counter_2,3.0,2.0,22,6,1,0,1.49,4.75
2026-06-07 22:30:00,Counter_3,8.0,1.0,22,6,1,0,1.31,10.73
2026-06-07 22:30:00,Counter_4,7.0,1.0,22,6,1,0,1.11,7.82
2026-06-07 22:30:00,Counter_5,2.0,,22,6,1,0,1.05,2.5
2026-06-07 22:35:00,Counter_1,4.0,1.0,22,6,1,0,1.44,5.86
2026-06-07 22:35:00,Counter_2,4.0,1.0,22,6,1,0,1.23,5.29
2026-06-07 22:35:00,Counter_3,2.0,2.0,22,6,1,0,1.34,2.97
2026-06-07 22:35:00,Counter_4,2.0,1.0,22,6,1,0,1.21,2.75
2026-06-07 22:35:00,Counter_5,1.0,2.0,22,6,1,0,1.32,1.09
2026-06-07 22:40:00,Counter_1,2.0,2.0,22,6,1,0,1.35,2.83
2026-06-07 22:40:00,Counter_2,5.0,1.0,22,6,1,0,1.86,9.28
2026-06-07 22:40:00,Counter_3,4.0,2.0,22,6,1,0,1.35,5.13
2026-06-07 22:40:00,Counter_4,,2.0,22,6,1,0,1.15,1.42
2026-06-07 22:40:00,Counter_5,8.0,1.0,22,6,1,0,1.29,10.56
2026-06-07 22:45:00,Counter_1,4.0,1.0,22,6,1,0,1.01,4.01
2026-06-07 22:45:00,Counter_2,1.0,2.0,22,6,1,0,1.01,0.89
2026-06-07 22:45:00,Counter_3,1.0,2.0,22,6,1,0,1.56,1.57
2026-06-07 22:45:00,Counter_4,5.0,2.0,22,6,1,0,1.33,6.29
2026-06-07 22:45:00,Counter_5,4.0,1.0,22,6,1,0,1.53,5.85
2026-06-07 22:50:00,Counter_1,6.0,2.0,22,6,1,0,0.84,4.98
2026-06-07 22:50:00,Counter_2,4.0,2.0,22,6,1,0,1.01,4.16
2026-06-07 22:50:00,Counter_3,2.0,2.0,22,6,1,0,1.32,2.6
2026-06-07 22:50:00,Counter_4,2.0,2.0,22,6,1,0,1.04,1.97
2026-06-07 22:50:00,Counter_5,2.0,1.0,22,6,1,0,0.89,1.61
2026-06-07 22:55:00,Counter_1,2.0,2.0,22,6,1,0,0.98,2.45
2026-06-07 22:55:00,Counter_2,4.0,1.0,22,6,1,0,1.17,4.47
2026-06-07 22:55:00,Counter_3,0.0,2.0,22,6,1,0,1.35,0.11
2026-06-07 22:55:00,Counter_4,1.0,2.0,22,6,1,0,1.68,1.56
2026-06-07 22:55:00,Counter_5,2.0,2.0,22,6,1,0,0.99,2.08
2026-06-07 23:00:00,Counter_1,2.0,2.0,23,6,1,0,1.0,2.02
2026-06-07 23:00:00,Counter_2,3.0,2.0,23,6,1,0,0.89,2.52
2026-06-07 23:00:00,Counter_3,2.0,2.0,23,6,1,0,1.39,2.82
2026-06-07 23:00:00,Counter_4,2.0,2.0,23,6,1,0,1.28,2.78
2026-06-07 23:00:00,Counter_5,6.0,1.0,23,6,1,0,1.01,6.1
2026-06-07 23:05:00,Counter_1,0.0,1.0,23,6,1,0,1.04,0.07
2026-06-07 23:05:00,Counter_2,4.0,2.0,23,6,1,0,1.22,4.91
2026-06-07 23:05:00,Counter_3,0.0,2.0,23,6,1,0,1.23,0.28
2026-06-07 23:05:00,Counter_4,0.0,2.0,23,6,1,0,0.99,0.1
2026-06-07 23:05:00,Counter_5,1.0,1.0,23,6,1,0,1.29,1.5
2026-06-07 23:10:00,Counter_1,1.0,2.0,23,6,1,0,0.91,1.18
2026-06-07 23:10:00,Counter_2,7.0,1.0,23,6,1,0,1.26,8.91
2026-06-07 23:10:00,Counter_3,1.0,,23,6,1,0,1.21,1.21
2026-06-07 23:10:00,Counter_4,10.0,1.0,23,6,1,0,1.35,13.88
2026-06-07 23:10:00,Counter_5,1.0,2.0,23,6,1,0,1.55,1.57
2026-06-07 23:15:00,Counter_1,1.0,2.0,23,6,1,0,1.16,1.06
2026-06-07 23:15:00,Counter_2,3.0,2.0,23,6,1,0,1.25,3.61
2026-06-07 23:15:00,Counter_3,7.0,1.0,23,6,1,0,0.75,5.09
2026-06-07 23:15:00,Counter_4,0.0,2.0,23,6,1,0,1.74,0.0
2026-06-07 23:15:00,Counter_5,7.0,1.0,23,6,1,0,0.78,5.85
2026-06-07 23:20:00,Counter_1,3.0,2.0,23,6,1,0,1.23,3.54
2026-06-07 23:20:00,Counter_2,1.0,2.0,23,6,1,0,0.61,0.92
2026-06-07 23:20:00,Counter_3,2.0,2.0,23,6,1,0,1.04,2.04
2026-06-07 23:20:00,Counter_4,1.0,2.0,23,6,1,0,1.68,1.89
2026-06-07 23:20:00,Counter_5,5.0,1.0,23,6,1,0,1.54,7.48
2026-06-07 23:25:00,Counter_1,2.0,2.0,23,6,1,0,1.5,3.0
2026-06-07 23:25:00,Counter_2,8.0,1.0,23,6,1,0,1.2,9.28
2026-06-07 23:25:00,Counter_3,3.0,2.0,23,6,1,0,1.66,4.98
2026-06-07 23:25:00,Counter_4,5.0,1.0,23,6,1,0,1.31,6.71
2026-06-07 23:25:00,Counter_5,8.0,1.0,23,6,1,0,1.42,11.55
2026-06-07 23:30:00,Counter_1,3.0,2.0,23,6,1,0,1.91,5.73
2026-06-07 23:30:00,Counter_2,5.0,1.0,23,6,1,0,1.52,7.53
2026-06-07 23:30:00,Counter_3,7.0,1.0,23,6,1,0,1.23,8.63
2026-06-07 23:30:00,Counter_4,5.0,1.0,23,6,1,0,1.38,6.79
2026-06-07 23:30:00,Counter_5,6.0,2.0,23,6,1,0,1.6,9.49
2026-06-07 23:35:00,Counter_1,1.0,1.0,23,6,1,0,1.41,1.33
2026-06-07 23:35:00,Counter_2,5.0,2.0,23,6,1,0,1.45,7.3
2026-06-07 23:35:00,Counter_3,2.0,2.0,23,6,1,0,1.57,3.43
2026-06-07 23:35:00,Counter_4,3.0,2.0,23,6,1,0,1.88,5.9
2026-06-07 23:35:00,Counter_5,1.0,1.0,23,6,1,0,1.02,0.96
2026-06-07 23:40:00,Counter_1,2.0,2.0,23,6,1,0,1.43,2.7
2026-06-07 23:40:00,Counter_2,0.0,2.0,23,6,1,0,1.36,0.02
2026-06-07 23:40:00,Counter_3,2.0,2.0,23,6,1,0,,2.0
2026-06-07 23:40:00,Counter_4,3.0,2.0,23,6,1,0,1.09,3.42
2026-06-07 23:40:00,Counter_5,4.0,1.0,23,6,1,0,1.66,6.36
2026-06-07 23:45:00,Counter_1,4.0,2.0,23,6,1,0,0.99,3.51
2026-06-07 23:45:00,Counter_2,3.0,1.0,23,6,1,0,0.9,2.85
2026-06-07 23:45:00,Counter_3,1.0,1.0,23,6,1,0,1.11,1.25
2026-06-07 23:45:00,Counter_4,4.0,1.0,23,6,1,0,0.8,2.98
2026-06-07 23:45:00,Counter_5,4.0,2.0,23,6,1,0,1.04,4.22
2026-06-07 23:50:00,Counter_1,1.0,2.0,23,6,1,0,0.99,0.73
2026-06-07 23:50:00,Counter_2,2.0,2.0,23,6,1,0,1.27,2.52
2026-06-07 23:50:00,Counter_3,0.0,2.0,23,6,1,0,1.61,0.12
2026-06-07 23:50:00,Counter_4,,2.0,23,6,1,0,,2.34
2026-06-07 23:50:00,Counter_5,6.0,1.0,23,6,1,0,1.47,8.9
2026-06-07 23:55:00,Counter_1,4.0,2.0,23,6,1,0,1.44,5.38
2026-06-07 23:55:00,Counter_2,0.0,2.0,23,6,1,0,0.69,0.06
2026-06-07 23:55:00,Counter_3,2.0,2.0,23,6,1,0,1.11,2.66
2026-06-07 23:55:00,Counter_4,1.0,1.0,23,6,1,0,1.16,1.24
2026-06-07 23:55:00,Counter_5,4.0,1.0,23,6,1,0,1.35,5.12
2026-06-08 00:00:00,Counter_1,3.0,2.0,0,0,0,0,1.39,4.03
2026-06-08 00:00:00,Counter_2,1.0,2.0,0,0,0,0,1.33,1.23
2026-06-08 00:00:00,Counter_3,0.0,2.0,0,0,0,0,1.03,0.23
2026-06-08 00:00:00,Counter_4,1.0,1.0,0,0,0,0,1.09,1.11
2026-06-08 00:00:00,Counter_5,0.0,2.0,0,0,0,0,0.87,0.2
2026-06-08 00:05:00,Counter_1,1.0,1.0,0,0,0,0,1.27,1.21
2026-06-08 00:05:00,Counter_2,0.0,2.0,0,0,0,0,1.16,0.1
2026-06-08 00:05:00,Counter_3,1.0,2.0,0,0,0,0,1.38,1.24
2026-06-08 00:05:00,Counter_4,5.0,2.0,0,0,0,0,1.42,7.27
2026-06-08 00:05:00,Counter_5,2.0,2.0,0,0,0,0,1.17,2.38
2026-06-08 00:10:00,Counter_1,2.0,2.0,0,0,0,0,1.32,2.53
2026-06-08 00:10:00,Counter_2,,2.0,0,0,0,0,1.2,1.29
2026-06-08 00:10:00,Counter_3,2.0,1.0,0,0,0,0,0.97,2.01
2026-06-08 00:10:00,Counter_4,5.0,2.0,0,0,0,0,1.05,5.06
2026-06-08 00:10:00,Counter_5,0.0,1.0,0,0,0,0,0.68,0.01
2026-06-08 00:15:00,Counter_1,2.0,2.0,0,0,0,0,1.15,2.27
2026-06-08 00:15:00,Counter_2,2.0,2.0,0,0,0,0,1.1,2.08
2026-06-08 00:15:00,Counter_3,3.0,1.0,0,0,0,0,0.98,2.67
2026-06-08 00:15:00,Counter_4,2.0,2.0,0,0,0,0,1.45,2.78
2026-06-08 00:15:00,Counter_5,4.0,2.0,0,0,0,0,1.38,5.77
2026-06-08 00:20:00,Counter_1,0.0,2.0,0,0,0,0,1.39,0.07
2026-06-08 00:20:00,Counter_2,3.0,1.0,0,0,0,0,1.42,4.44
2026-06-08 00:20:00,Counter_3,0.0,2.0,0,0,0,0,1.25,0.08
2026-06-08 00:20:00,Counter_4,6.0,1.0,0,0,0,0,1.25,7.53
2026-06-08 00:20:00,Counter_5,3.0,1.0,0,0,0,0,1.46,4.14
2026-06-08 00:25:00,Counter_1,8.0,1.0,0,0,0,0,1.42,11.59
2026-06-08 00:25:00,Counter_2,5.0,1.0,0,0,0,0,1.51,7.96
2026-06-08 00:25:00,Counter_3,5.0,2.0,0,0,0,0,1.24,6.06
2026-06-08 00:25:00,Counter_4,1.0,2.0,0,0,0,0,1.0,1.26
2026-06-08 00:25:00,Counter_5,4.0,2.0,0,0,0,0,1.31,4.99
2026-06-08 00:30:00,Counter_1,2.0,2.0,0,0,0,0,1.11,2.21
2026-06-08 00:30:00,Counter_2,1.0,2.0,0,0,0,0,1.41,1.18
2026-06-08 00:30:00,Counter_3,1.0,1.0,0,0,0,0,1.32,1.4
2026-06-08 00:30:00,Counter_4,4.0,2.0,0,0,0,0,1.26,5.0
2026-06-08 00:30:00,Counter_5,0.0,2.0,0,0,0,0,1.15,0.25
2026-06-08 00:35:00,Counter_1,0.0,1.0,0,0,0,0,1.5,0.12
2026-06-08 00:35:00,Counter_2,2.0,2.0,0,0,0,0,1.48,3.21
2026-06-08 00:35:00,Counter_3,2.0,2.0,0,0,0,0,1.11,2.19
2026-06-08 00:35:00,Counter_4,4.0,1.0,0,0,0,0,0.94,3.98
2026-06-08 00:35:00,Counter_5,,1.0,0,0,0,0,1.29,5.39
2026-06-08 00:40:00,Counter_1,2.0,2.0,0,0,0,0,1.55,3.32
2026-06-08 00:40:00,Counter_2,1.0,2.0,0,0,0,0,0.93,0.96
2026-06-08 00:40:00,Counter_3,5.0,1.0,0,0,0,0,1.37,6.92
2026-06-08 00:40:00,Counter_4,2.0,2.0,0,0,0,0,1.04,2.02
2026-06-08 00:40:00,Counter_5,1.0,2.0,0,0,0,0,1.0,1.47
2026-06-08 00:45:00,Counter_1,6.0,1.0,0,0,0,0,1.48,8.96
2026-06-08 00:45:00,Counter_2,0.0,2.0,0,0,0,0,1.41,0.02
2026-06-08 00:45:00,Counter_3,4.0,2.0,0,0,0,0,1.21,4.94
2026-06-08 00:45:00,Counter_4,0.0,1.0,0,0,0,0,1.45,0.02
2026-06-08 00:45:00,Counter_5,3.0,2.0,0,0,0,0,1.42,4.67
2026-06-08 00:50:00,Counter_1,6.0,1.0,0,0,0,0,0.88,5.28
2026-06-08 00:50:00,Counter_2,2.0,1.0,0,0,0,0,1.27,2.69
2026-06-08 00:50:00,Counter_3,5.0,1.0,0,0,0,0,1.6,7.98
2026-06-08 00:50:00,Counter_4,0.0,2.0,0,0,0,0,,0.17
2026-06-08 00:50:00,Counter_5,1.0,2.0,0,0,0,0,0.6,0.6
2026-06-08 00:55:00,Counter_1,3.0,2.0,0,0,0,0,0.98,3.11
2026-06-08 00:55:00,Counter_2,3.0,2.0,0,0,0,0,1.5,4.53
2026-06-08 00:55:00,Counter_3,7.0,1.0,0,0,0,0,1.11,7.54
2026-06-08 00:55:00,Counter_4,2.0,2.0,0,0,0,0,1.53,3.38
2026-06-08 00:55:00,Counter_5,0.0,1.0,0,0,0,0,1.76,0.04
2026-06-08 01:00:00,Counter_1,6.0,2.0,1,0,0,0,1.19,6.99
2026-06-08 01:00:00,Counter_2,1.0,,1,0,0,0,1.1,0.87
2026-06-08 01:00:00,Counter_3,2.0,1.0,1,0,0,0,1.0,1.79
2026-06-08 01:00:00,Counter_4,3.0,2.0,1,0,0,0,1.44,4.33
2026-06-08 01:00:00,Counter_5,3.0,2.0,1,0,0,0,1.1,3.42
2026-06-08 01:05:00,Counter_1,2.0,,1,0,0,0,1.15,2.18
2026-06-08 01:05:00,Counter_2,4.0,2.0,1,0,0,0,0.97,3.99
2026-06-08 01:05:00,Counter_3,1.0,2.0,1,0,0,0,1.14,1.29
2026-06-08 01:05:00,Counter_4,3.0,,1,0,0,0,1.07,3.14
2026-06-08 01:05:00,Counter_5,11.0,1.0,1,0,0,0,0.75,7.95
2026-06-08 01:10:00,Counter_1,2.0,2.0,1,0,0,0,1.04,2.38
2026-06-08 01:10:00,Counter_2,2.0,2.0,1,0,0,0,1.44,2.75
2026-06-08 01:10:00,Counter_3,0.0,2.0,1,0,0,0,1.59,0.05
2026-06-08 01:10:00,Counter_4,0.0,2.0,1,0,0,0,1.22,0.03
2026-06-08 01:10:00,Counter_5,6.0,1.0,1,0,0,0,1.26,7.68
2026-06-08 01:15:00,Counter_1,4.0,1.0,1,0,0,0,1.32,5.43
2026-06-08 01:15:00,Counter_2,1.0,2.0,1,0,0,0,1.74,1.51
2026-06-08 01:15:00,Counter_3,3.0,1.0,1,0,0,0,1.0,2.63
2026-06-08 01:15:00,Counter_4,3.0,2.0,1,0,0,0,0.93,2.85
2026-06-08 01:15:00,Counter_5,3.0,1.0,1,0,0,0,1.24,3.82
2026-06-08 01:20:00,Counter_1,2.0,1.0,1,0,0,0,1.35,2.92
2026-06-08 01:20:00,Counter_2,1.0,1.0,1,0,0,0,1.24,1.44
2026-06-08 01:20:00,Counter_3,0.0,2.0,1,0,0,0,0.91,0.08
2026-06-08 01:20:00,Counter_4,0.0,2.0,1,0,0,0,1.47,0.05
2026-06-08 01:20:00,Counter_5,0.0,2.0,1,0,0,0,1.22,0.01
2026-06-08 01:25:00,Counter_1,2.0,1.0,1,0,0,0,1.39,2.73
2026-06-08 01:25:00,Counter_2,7.0,1.0,1,0,0,0,1.64,11.3
2026-06-08 01:25:00,Counter_3,0.0,2.0,1,0,0,0,0.88,0.03
2026-06-08 01:25:00,Counter_4,0.0,2.0,1,0,0,0,0.82,0.05
2026-06-08 01:25:00,Counter_5,0.0,1.0,1,0,0,0,1.39,0.1
2026-06-08 01:30:00,Counter_1,0.0,1.0,1,0,0,0,0.74,0.03
2026-06-08 01:30:00,Counter_2,3.0,1.0,1,0,0,0,1.15,3.86
2026-06-08 01:30:00,Counter_3,2.0,2.0,1,0,0,0,1.11,2.45
2026-06-08 01:30:00,Counter_4,4.0,2.0,1,0,0,0,1.34,5.4
2026-06-08 01:30:00,Counter_5,0.0,2.0,1,0,0,0,1.08,0.09
2026-06-08 01:35:00,Counter_1,0.0,1.0,1,0,0,0,1.37,0.04
2026-06-08 01:35:00,Counter_2,2.0,2.0,1,0,0,0,0.98,1.98
2026-06-08 01:35:00,Counter_3,1.0,1.0,1,0,0,0,0.94,0.67
2026-06-08 01:35:00,Counter_4,1.0,1.0,1,0,0,0,1.25,1.42
2026-06-08 01:35:00,Counter_5,4.0,2.0,1,0,0,0,1.28,5.3
2026-06-08 01:40:00,Counter_1,1.0,2.0,1,0,0,0,1.32,1.12
2026-06-08 01:40:00,Counter_2,6.0,1.0,1,0,0,0,1.62,9.77
2026-06-08 01:40:00,Counter_3,1.0,2.0,1,0,0,0,1.57,1.41
2026-06-08 01:40:00,Counter_4,1.0,2.0,1,0,0,0,1.36,1.03
2026-06-08 01:40:00,Counter_5,2.0,1.0,1,0,0,0,1.45,2.94
2026-06-08 01:45:00,Counter_1,5.0,2.0,1,0,0,0,1.32,6.89
2026-06-08 01:45:00,Counter_2,4.0,2.0,1,0,0,0,1.54,6.22
2026-06-08 01:45:00,Counter_3,0.0,2.0,1,0,0,0,1.34,0.2
2026-06-08 01:45:00,Counter_4,1.0,2.0,1,0,0,0,1.11,0.84
2026-06-08 01:45:00,Counter_5,1.0,2.0,1,0,0,0,1.06,1.19
2026-06-08 01:50:00,Counter_1,2.0,1.0,1,0,0,0,1.54,2.97
2026-06-08 01:50:00,Counter_2,,2.0,1,0,0,0,,2.24
2026-06-08 01:50:00,Counter_3,0.0,2.0,1,0,0,0,1.73,0.3
2026-06-08 01:50:00,Counter_4,2.0,2.0,1,0,0,0,0.97,1.7
2026-06-08 01:50:00,Counter_5,4.0,1.0,1,0,0,0,1.56,6.2
2026-06-08 01:55:00,Counter_1,3.0,2.0,1,0,0,0,1.14,3.19
2026-06-08 01:55:00,Counter_2,1.0,2.0,1,0,0,0,1.35,1.29
2026-06-08 01:55:00,Counter_3,3.0,2.0,1,0,0,0,0.92,2.32
2026-06-08 01:55:00,Counter_4,2.0,2.0,1,0,0,0,0.79,1.69
2026-06-08 01:55:00,Counter_5,0.0,2.0,1,0,0,0,1.62,0.01
2026-06-08 02:00:00,Counter_1,3.0,1.0,2,0,0,0,1.14,3.86
2026-06-08 02:00:00,Counter_2,1.0,2.0,2,0,0,0,1.5,1.55
2026-06-08 02:00:00,Counter_3,4.0,1.0,2,0,0,0,1.09,4.18
2026-06-08 02:00:00,Counter_4,0.0,2.0,2,0,0,0,1.5,0.04
2026-06-08 02:00:00,Counter_5,1.0,2.0,2,0,0,0,1.14,1.33
2026-06-08 02:05:00,Counter_1,3.0,2.0,2,0,0,0,0.95,3.11
2026-06-08 02:05:00,Counter_2,2.0,2.0,2,0,0,0,1.41,2.43
2026-06-08 02:05:00,Counter_3,5.0,1.0,2,0,0,0,1.49,7.31
2026-06-08 02:05:00,Counter_4,1.0,2.0,2,0,0,0,1.41,1.23
2026-06-08 02:05:00,Counter_5,2.0,2.0,2,0,0,0,1.21,2.73
2026-06-08 02:10:00,Counter_1,4.0,2.0,2,0,0,0,0.81,3.4
2026-06-08 02:10:00,Counter_2,8.0,1.0,2,0,0,0,0.98,8.07
2026-06-08 02:10:00,Counter_3,0.0,2.0,2,0,0,0,1.07,0.04
2026-06-08 02:10:00,Counter_4,3.0,2.0,2,0,0,0,1.19,3.6
2026-06-08 02:10:00,Counter_5,2.0,1.0,2,0,0,0,1.53,2.73
2026-06-08 02:15:00,Counter_1,1.0,2.0,2,0,0,0,1.22,1.0
2026-06-08 02:15:00,Counter_2,2.0,2.0,2,0,0,0,0.72,1.46
2026-06-08 02:15:00,Counter_3,2.0,1.0,2,0,0,0,0.6,1.24
2026-06-08 02:15:00,Counter_4,4.0,2.0,2,0,0,0,1.08,4.4
2026-06-08 02:15:00,Counter_5,0.0,1.0,2,0,0,0,1.12,0.01
2026-06-08 02:20:00,Counter_1,0.0,2.0,2,0,0,0,1.34,0.03
2026-06-08 02:20:00,Counter_2,0.0,2.0,2,0,0,0,0.89,0.0
2026-06-08 02:20:00,Counter_3,2.0,2.0,2,0,0,0,0.9,2.11
2026-06-08 02:20:00,Counter_4,6.0,1.0,2,0,0,0,1.36,8.07
2026-06-08 02:20:00,Counter_5,2.0,,2,0,0,0,1.58,2.79
2026-06-08 02:25:00,Counter_1,0.0,2.0,2,0,0,0,0.76,0.23
2026-06-08 02:25:00,Counter_2,4.0,2.0,2,0,0,0,1.06,4.31
2026-06-08 02:25:00,Counter_3,2.0,2.0,2,0,0,0,1.53,2.88
2026-06-08 02:25:00,Counter_4,4.0,1.0,2,0,0,0,1.48,5.85
2026-06-08 02:25:00,Counter_5,1.0,2.0,2,0,0,0,1.02,1.06
2026-06-08 02:30:00,Counter_1,5.0,1.0,2,0,0,0,1.54,7.62
2026-06-08 02:30:00,Counter_2,2.0,2.0,2,0,0,0,1.26,2.3
2026-06-08 02:30:00,Counter_3,9.0,1.0,2,0,0,0,1.42,12.74
2026-06-08 02:30:00,Counter_4,2.0,2.0,2,0,0,0,1.07,2.32
2026-06-08 02:30:00,Counter_5,5.0,1.0,2,0,0,0,1.32,6.53
2026-06-08 02:35:00,Counter_1,2.0,2.0,2,0,0,0,0.96,1.96
2026-06-08 02:35:00,Counter_2,5.0,1.0,2,0,0,0,1.11,5.51
2026-06-08 02:35:00,Counter_3,1.0,2.0,2,0,0,0,1.18,0.93
2026-06-08 02:35:00,Counter_4,1.0,2.0,2,0,0,0,1.29,1.27
2026-06-08 02:35:00,Counter_5,6.0,,2,0,0,0,1.85,11.01
2026-06-08 02:40:00,Counter_1,5.0,1.0,2,0,0,0,1.89,9.6
2026-06-08 02:40:00,Counter_2,1.0,1.0,2,0,0,0,1.15,1.4
2026-06-08 02:40:00,Counter_3,3.0,1.0,2,0,0,0,1.62,5.04
2026-06-08 02:40:00,Counter_4,2.0,1.0,2,0,0,0,0.97,1.79
2026-06-08 02:40:00,Counter_5,1.0,2.0,2,0,0,0,1.35,1.12
2026-06-08 02:45:00,Counter_1,2.0,2.0,2,0,0,0,1.08,1.86
2026-06-08 02:45:00,Counter_2,1.0,2.0,2,0,0,0,1.14,1.17
2026-06-08 02:45:00,Counter_3,5.0,1.0,2,0,0,0,1.92,9.46
2026-06-08 02:45:00,Counter_4,4.0,1.0,2,0,0,0,1.15,4.38
2026-06-08 02:45:00,Counter_5,2.0,2.0,2,0,0,0,1.09,2.57
2026-06-08 02:50:00,Counter_1,2.0,2.0,2,0,0,0,1.0,2.1
2026-06-08 02:50:00,Counter_2,4.0,1.0,2,0,0,0,1.06,4.31
2026-06-08 02:50:00,Counter_3,3.0,1.0,2,0,0,0,0.89,2.73
2026-06-08 02:50:00,Counter_4,,1.0,2,0,0,0,1.31,8.18
2026-06-08 02:50:00,Counter_5,10.0,1.0,2,0,0,0,1.3,12.97
2026-06-08 02:55:00,Counter_1,2.0,2.0,2,0,0,0,1.33,2.78
2026-06-08 02:55:00,Counter_2,4.0,1.0,2,0,0,0,,5.18
2026-06-08 02:55:00,Counter_3,1.0,2.0,2,0,0,0,1.11,1.48
2026-06-08 02:55:00,Counter_4,0.0,2.0,2,0,0,0,1.09,0.0
2026-06-08 02:55:00,Counter_5,2.0,2.0,2,0,0,0,1.29,2.83
2026-06-08 03:00:00,Counter_1,0.0,1.0,3,0,0,0,1.24,0.01
2026-06-08 03:00:00,Counter_2,3.0,1.0,3,0,0,0,1.09,3.69
2026-06-08 03:00:00,Counter_3,2.0,2.0,3,0,0,0,1.18,2.44
2026-06-08 03:00:00,Counter_4,2.0,1.0,3,0,0,0,1.63,3.41
2026-06-08 03:00:00,Counter_5,0.0,2.0,3,0,0,0,1.74,0.05
2026-06-08 03:05:00,Counter_1,4.0,1.0,3,0,0,0,1.19,4.49
2026-06-08 03:05:00,Counter_2,2.0,2.0,3,0,0,0,1.07,2.01
2026-06-08 03:05:00,Counter_3,2.0,2.0,3,0,0,0,1.24,2.48
2026-06-08 03:05:00,Counter_4,1.0,2.0,3,0,0,0,1.53,1.48
2026-06-08 03:05:00,Counter_5,1.0,2.0,3,0,0,0,1.24,1.16
2026-06-08 03:10:00,Counter_1,1.0,2.0,3,0,0,0,1.34,1.3
2026-06-08 03:10:00,Counter_2,0.0,2.0,3,0,0,0,1.09,0.0
2026-06-08 03:10:00,Counter_3,3.0,1.0,3,0,0,0,0.96,2.97
2026-06-08 03:10:00,Counter_4,1.0,1.0,3,0,0,0,1.44,1.41
2026-06-08 03:10:00,Counter_5,2.0,1.0,3,0,0,0,1.3,2.79
2026-06-08 03:15:00,Counter_1,1.0,2.0,3,0,0,0,1.41,1.31
2026-06-08 03:15:00,Counter_2,8.0,1.0,3,0,0,0,0.82,6.49
2026-06-08 03:15:00,Counter_3,4.0,1.0,3,0,0,0,1.71,6.87
2026-06-08 03:15:00,Counter_4,3.0,1.0,3,0,0,0,1.31,4.07
2026-06-08 03:15:00,Counter_5,1.0,2.0,3,0,0,0,0.8,1.03
2026-06-08 03:20:00,Counter_1,0.0,2.0,3,0,0,0,1.5,0.1
2026-06-08 03:20:00,Counter_2,2.0,2.0,3,0,0,0,1.16,2.41
2026-06-08 03:20:00,Counter_3,5.0,1.0,3,0,0,0,1.26,6.31
2026-06-08 03:20:00,Counter_4,0.0,2.0,3,0,0,0,1.13,0.01
2026-06-08 03:20:00,Counter_5,0.0,2.0,3,0,0,0,1.23,0.02
2026-06-08 03:25:00,Counter_1,5.0,2.0,3,0,0,0,1.24,6.24
2026-06-08 03:25:00,Counter_2,3.0,1.0,3,0,0,0,0.83,2.31
2026-06-08 03:25:00,Counter_3,2.0,1.0,3,0,0,0,1.47,3.11
2026-06-08 03:25:00,Counter_4,2.0,2.0,3,0,0,0,1.28,2.39
2026-06-08 03:25:00,Counter_5,1.0,2.0,3,0,0,0,1.36,1.25
2026-06-08 03:30:00,Counter_1,2.0,1.0,3,0,0,0,1.45,2.74
2026-06-08 03:30:00,Counter_2,0.0,2.0,3,0,0,0,1.28,0.0
2026-06-08 03:30:00,Counter_3,0.0,1.0,3,0,0,0,1.33,0.08
2026-06-08 03:30:00,Counter_4,2.0,2.0,3,0,0,0,0.88,1.87
2026-06-08 03:30:00,Counter_5,,2.0,3,0,0,0,1.04,0.07
2026-06-08 03:35:00,Counter_1,0.0,1.0,3,0,0,0,1.27,0.06
2026-06-08 03:35:00,Counter_2,2.0,1.0,3,0,0,0,1.3,2.4
2026-06-08 03:35:00,Counter_3,2.0,2.0,3,0,0,0,1.35,2.85
2026-06-08 03:35:00,Counter_4,3.0,2.0,3,0,0,0,,4.9
2026-06-08 03:35:00,Counter_5,2.0,1.0,3,0,0,0,1.23,2.6
2026-06-08 03:40:00,Counter_1,,1.0,3,0,0,0,1.34,5.2
2026-06-08 03:40:00,Counter_2,,2.0,3,0,0,0,1.26,3.71
2026-06-08 03:40:00,Counter_3,5.0,1.0,3,0,0,0,1.19,6.03
2026-06-08 03:40:00,Counter_4,3.0,1.0,3,0,0,0,1.2,3.6
2026-06-08 03:40:00,Counter_5,1.0,2.0,3,0,0,0,1.05,0.87
2026-06-08 03:45:00,Counter_1,2.0,1.0,3,0,0,0,1.22,2.55
2026-06-08 03:45:00,Counter_2,5.0,1.0,3,0,0,0,1.2,6.46
2026-06-08 03:45:00,Counter_3,1.0,2.0,3,0,0,0,1.21,1.13
2026-06-08 03:45:00,Counter_4,2.0,2.0,3,0,0,0,0.81,1.72
2026-06-08 03:45:00,Counter_5,2.0,1.0,3,0,0,0,1.23,2.51
2026-06-08 03:50:00,Counter_1,1.0,2.0,3,0,0,0,1.03,0.96
2026-06-08 03:50:00,Counter_2,0.0,2.0,3,0,0,0,1.23,0.3
2026-06-08 03:50:00,Counter_3,2.0,2.0,3,0,0,0,0.98,2.12
2026-06-08 03:50:00,Counter_4,1.0,2.0,3,0,0,0,1.26,1.15
2026-06-08 03:50:00,Counter_5,0.0,1.0,3,0,0,0,1.18,0.04
2026-06-08 03:55:00,Counter_1,6.0,1.0,3,0,0,0,1.09,6.54
2026-06-08 03:55:00,Counter_2,3.0,2.0,3,0,0,0,1.32,4.18
2026-06-08 03:55:00,Counter_3,1.0,2.0,3,0,0,0,1.34,1.41
2026-06-08 03:55:00,Counter_4,1.0,2.0,3,0,0,0,1.24,1.25
2026-06-08 03:55:00,Counter_5,5.0,1.0,3,0,0,0,,6.95
2026-06-08 04:00:00,Counter_1,3.0,1.0,4,0,0,0,1.15,3.59
2026-06-08 04:00:00,Counter_2,3.0,2.0,4,0,0,0,1.35,3.83
2026-06-08 04:00:00,Counter_3,0.0,2.0,4,0,0,0,,0.03
2026-06-08 04:00:00,Counter_4,2.0,1.0,4,0,0,0,1.0,2.26
2026-06-08 04:00:00,Counter_5,2.0,2.0,4,0,0,0,1.05,2.2
2026-06-08 04:05:00,Counter_1,1.0,2.0,4,0,0,0,1.54,1.19
2026-06-08 04:05:00,Counter_2,2.0,1.0,4,0,0,0,1.64,3.0
2026-06-08 04:05:00,Counter_3,3.0,1.0,4,0,0,0,1.43,4.29
2026-06-08 04:05:00,Counter_4,9.0,1.0,4,0,0,0,1.1,9.74
2026-06-08 04:05:00,Counter_5,3.0,2.0,4,0,0,0,1.61,5.01
2026-06-08 04:10:00,Counter_1,4.0,2.0,4,0,0,0,1.4,5.51
2026-06-08 04:10:00,Counter_2,2.0,2.0,4,0,0,0,1.33,2.77
2026-06-08 04:10:00,Counter_3,2.0,2.0,4,0,0,0,1.71,3.81
2026-06-08 04:10:00,Counter_4,2.0,1.0,4,0,0,0,1.04,2.08
2026-06-08 04:10:00,Counter_5,7.0,1.0,4,0,0,0,1.44,9.88
2026-06-08 04:15:00,Counter_1,4.0,2.0,4,0,0,0,1.05,4.28
2026-06-08 04:15:00,Counter_2,1.0,2.0,4,0,0,0,1.1,1.16
2026-06-08 04:15:00,Counter_3,1.0,1.0,4,0,0,0,1.9,1.95
2026-06-08 04:15:00,Counter_4,4.0,1.0,4,0,0,0,1.38,5.79
2026-06-08 04:15:00,Counter_5,4.0,2.0,4,0,0,0,1.71,6.6
2026-06-08 04:20:00,Counter_1,2.0,2.0,4,0,0,0,1.39,2.98
2026-06-08 04:20:00,Counter_2,3.0,1.0,4,0,0,0,1.35,3.93
2026-06-08 04:20:00,Counter_3,1.0,2.0,4,0,0,0,1.09,1.37
2026-06-08 04:20:00,Counter_4,1.0,,4,0,0,0,1.49,1.07
2026-06-08 04:20:00,Counter_5,7.0,1.0,4,0,0,0,1.26,9.27
2026-06-08 04:25:00,Counter_1,3.0,2.0,4,0,0,0,1.27,3.76
2026-06-08 04:25:00,Counter_2,0.0,2.0,4,0,0,0,1.18,0.3
2026-06-08 04:25:00,Counter_3,3.0,1.0,4,0,0,0,1.22,3.84
2026-06-08 04:25:00,Counter_4,3.0,2.0,4,0,0,0,1.26,3.88
2026-06-08 04:25:00,Counter_5,2.0,2.0,4,0,0,0,1.28,2.65
2026-06-08 04:30:00,Counter_1,0.0,2.0,4,0,0,0,1.24,0.3
2026-06-08 04:30:00,Counter_2,3.0,1.0,4,0,0,0,0.86,2.59
2026-06-08 04:30:00,Counter_3,4.0,2.0,4,0,0,0,1.39,5.5
2026-06-08 04:30:00,Counter_4,0.0,2.0,4,0,0,0,1.22,0.3
2026-06-08 04:30:00,Counter_5,0.0,1.0,4,0,0,0,0.6,0.06
2026-06-08 04:35:00,Counter_1,0.0,1.0,4,0,0,0,0.85,0.11
2026-06-08 04:35:00,Counter_2,0.0,2.0,4,0,0,0,1.13,0.06
2026-06-08 04:35:00,Counter_3,0.0,,4,0,0,0,1.57,0.01
2026-06-08 04:35:00,Counter_4,1.0,2.0,4,0,0,0,1.4,1.75
2026-06-08 04:35:00,Counter_5,3.0,1.0,4,0,0,0,1.08,3.09
2026-06-08 04:40:00,Counter_1,2.0,2.0,4,0,0,0,1.2,2.37
2026-06-08 04:40:00,Counter_2,0.0,1.0,4,0,0,0,1.53,0.06
2026-06-08 04:40:00,Counter_3,1.0,,4,0,0,0,1.1,0.82
2026-06-08 04:40:00,Counter_4,1.0,2.0,4,0,0,0,0.98,1.56
2026-06-08 04:40:00,Counter_5,2.0,1.0,4,0,0,0,1.47,2.75
2026-06-08 04:45:00,Counter_1,3.0,2.0,4,0,0,0,1.53,4.66
2026-06-08 04:45:00,Counter_2,2.0,2.0,4,0,0,0,1.1,2.54
2026-06-08 04:45:00,Counter_3,,2.0,4,0,0,0,1.37,3.86
2026-06-08 04:45:00,Counter_4,2.0,2.0,4,0,0,0,1.24,2.66
2026-06-08 04:45:00,Counter_5,3.0,2.0,4,0,0,0,1.1,2.99
2026-06-08 04:50:00,Counter_1,1.0,2.0,4,0,0,0,1.54,1.38
2026-06-08 04:50:00,Counter_2,1.0,1.0,4,0,0,0,1.08,1.19
2026-06-08 04:50:00,Counter_3,2.0,1.0,4,0,0,0,1.44,2.83
2026-06-08 04:50:00,Counter_4,0.0,1.0,4,0,0,0,1.27,0.03
2026-06-08 04:50:00,Counter_5,8.0,1.0,4,0,0,0,1.21,9.71
2026-06-08 04:55:00,Counter_1,4.0,1.0,4,0,0,0,1.11,4.54
2026-06-08 04:55:00,Counter_2,4.0,1.0,4,0,0,0,1.0,3.86
2026-06-08 04:55:00,Counter_3,2.0,1.0,4,0,0,0,1.19,2.17
2026-06-08 04:55:00,Counter_4,0.0,1.0,4,0,0,0,1.12,0.05
2026-06-08 04:55:00,Counter_5,4.0,2.0,4,0,0,0,1.27,4.89
2026-06-08 05:00:00,Counter_1,0.0,1.0,5,0,0,0,0.95,0.02
2026-06-08 05:00:00,Counter_2,1.0,2.0,5,0,0,0,1.21,1.44
2026-06-08 05:00:00,Counter_3,4.0,2.0,5,0,0,0,1.35,5.48
2026-06-08 05:00:00,Counter_4,4.0,1.0,5,0,0,0,1.08,4.06
2026-06-08 05:00:00,Counter_5,3.0,1.0,5,0,0,0,1.44,4.24
2026-06-08 05:05:00,Counter_1,0.0,2.0,5,0,0,0,1.46,0.14
2026-06-08 05:05:00,Counter_2,3.0,2.0,5,0,0,0,0.95,3.44
2026-06-08 05:05:00,Counter_3,5.0,1.0,5,0,0,0,1.06,5.3
2026-06-08 05:05:00,Counter_4,0.0,1.0,5,0,0,0,0.91,0.16
2026-06-08 05:05:00,Counter_5,0.0,1.0,5,0,0,0,1.36,0.07
2026-06-08 05:10:00,Counter_1,1.0,2.0,5,0,0,0,1.28,1.42
2026-06-08 05:10:00,Counter_2,2.0,2.0,5,0,0,0,0.85,1.98
2026-06-08 05:10:00,Counter_3,5.0,2.0,5,0,0,0,1.09,5.42
2026-06-08 05:10:00,Counter_4,0.0,2.0,5,0,0,0,1.33,0.05
2026-06-08 05:10:00,Counter_5,1.0,2.0,5,0,0,0,1.28,1.4
2026-06-08 05:15:00,Counter_1,3.0,1.0,5,0,0,0,1.55,4.66
2026-06-08 05:15:00,Counter_2,1.0,2.0,5,0,0,0,0.96,1.22
2026-06-08 05:15:00,Counter_3,3.0,1.0,5,0,0,0,1.25,3.59
2026-06-08 05:15:00,Counter_4,3.0,1.0,5,0,0,0,1.0,2.83
2026-06-08 05:15:00,Counter_5,0.0,1.0,5,0,0,0,1.28,0.02
2026-06-08 05:20:00,Counter_1,0.0,2.0,5,0,0,0,1.2,0.04
2026-06-08 05:20:00,Counter_2,2.0,2.0,5,0,0,0,1.32,2.06
2026-06-08 05:20:00,Counter_3,2.0,2.0,5,0,0,0,1.15,2.15
2026-06-08 05:20:00,Counter_4,0.0,1.0,5,0,0,0,1.44,0.04
2026-06-08 05:20:00,Counter_5,5.0,1.0,5,0,0,0,1.07,5.29
2026-06-08 05:25:00,Counter_1,6.0,1.0,5,0,0,0,1.0,6.14
2026-06-08 05:25:00,Counter_2,6.0,1.0,5,0,0,0,1.31,7.87
2026-06-08 05:25:00,Counter_3,2.0,2.0,5,0,0,0,1.71,3.45
2026-06-08 05:25:00,Counter_4,4.0,1.0,5,0,0,0,0.87,3.45
2026-06-08 05:25:00,Counter_5,3.0,2.0,5,0,0,0,0.96,2.92
2026-06-08 05:30:00,Counter_1,3.0,2.0,5,0,0,0,1.31,4.49
2026-06-08 05:30:00,Counter_2,2.0,1.0,5,0,0,0,1.53,2.99
2026-06-08 05:30:00,Counter_3,1.0,2.0,5,0,0,0,1.33,1.33
2026-06-08 05:30:00,Counter_4,1.0,1.0,5,0,0,0,1.1,0.93
2026-06-08 05:30:00,Counter_5,6.0,2.0,5,0,0,0,1.36,7.78
2026-06-08 05:35:00,Counter_1,0.0,2.0,5,0,0,0,1.38,0.15
2026-06-08 05:35:00,Counter_2,5.0,2.0,5,0,0,0,1.08,5.63
2026-06-08 05:35:00,Counter_3,3.0,1.0,5,0,0,0,1.46,4.84
2026-06-08 05:35:00,Counter_4,3.0,2.0,5,0,0,0,1.24,3.68
2026-06-08 05:35:00,Counter_5,3.0,2.0,5,0,0,0,0.81,2.38
2026-06-08 05:40:00,Counter_1,1.0,2.0,5,0,0,0,1.22,1.41
2026-06-08 05:40:00,Counter_2,1.0,2.0,5,0,0,0,1.11,1.45
2026-06-08 05:40:00,Counter_3,4.0,1.0,5,0,0,0,1.58,6.07
2026-06-08 05:40:00,Counter_4,2.0,2.0,5,0,0,0,0.92,1.97
2026-06-08 05:40:00,Counter_5,1.0,2.0,5,0,0,0,1.13,1.5
2026-06-08 05:45:00,Counter_1,0.0,2.0,5,0,0,0,1.31,0.19
2026-06-08 05:45:00,Counter_2,3.0,1.0,5,0,0,0,1.85,5.32
2026-06-08 05:45:00,Counter_3,2.0,1.0,5,0,0,0,1.74,3.64
2026-06-08 05:45:00,Counter_4,2.0,2.0,5,0,0,0,1.24,2.21
2026-06-08 05:45:00,Counter_5,4.0,1.0,5,0,0,0,1.34,5.6
2026-06-08 05:50:00,Counter_1,0.0,2.0,5,0,0,0,1.4,0.05
2026-06-08 05:50:00,Counter_2,5.0,1.0,5,0,0,0,1.0,4.9
2026-06-08 05:50:00,Counter_3,7.0,,5,0,0,0,1.25,9.08
2026-06-08 05:50:00,Counter_4,0.0,1.0,5,0,0,0,1.59,0.03
2026-06-08 05:50:00,Counter_5,1.0,,5,0,0,0,1.29,1.57
2026-06-08 05:55:00,Counter_1,2.0,1.0,5,0,0,0,1.74,3.35
2026-06-08 05:55:00,Counter_2,2.0,1.0,5,0,0,0,1.14,2.4
2026-06-08 05:55:00,Counter_3,3.0,1.0,5,0,0,0,1.23,3.74
2026-06-08 05:55:00,Counter_4,6.0,1.0,5,0,0,0,1.23,7.22
2026-06-08 05:55:00,Counter_5,3.0,2.0,5,0,0,0,0.92,2.69
2026-06-08 06:00:00,Counter_1,1.0,1.0,6,0,0,0,1.53,1.65
2026-06-08 06:00:00,Counter_2,0.0,1.0,6,0,0,0,1.17,0.07
2026-06-08 06:00:00,Counter_3,3.0,1.0,6,0,0,0,1.31,3.69
2026-06-08 06:00:00,Counter_4,1.0,2.0,6,0,0,0,1.1,0.84
2026-06-08 06:00:00,Counter_5,0.0,1.0,6,0,0,0,1.68,0.01
2026-06-08 06:05:00,Counter_1,4.0,2.0,6,0,0,0,1.56,6.3
2026-06-08 06:05:00,Counter_2,0.0,1.0,6,0,0,0,1.26,0.16
2026-06-08 06:05:00,Counter_3,3.0,1.0,6,0,0,0,0.94,3.08
2026-06-08 06:05:00,Counter_4,2.0,2.0,6,0,0,0,1.44,2.59
2026-06-08 06:05:00,Counter_5,1.0,2.0,6,0,0,0,1.52,1.62
2026-06-08 06:10:00,Counter_1,1.0,1.0,6,0,0,0,1.02,0.95
2026-06-08 06:10:00,Counter_2,1.0,2.0,6,0,0,0,1.21,1.19
2026-06-08 06:10:00,Counter_3,,2.0,6,0,0,0,1.27,0.0
2026-06-08 06:10:00,Counter_4,1.0,2.0,6,0,0,0,1.52,0.99
2026-06-08 06:10:00,Counter_5,0.0,2.0,6,0,0,0,1.21,0.02
2026-06-08 06:15:00,Counter_1,2.0,2.0,6,0,0,0,1.49,2.97
2026-06-08 06:15:00,Counter_2,3.0,2.0,6,0,0,0,1.06,3.14
2026-06-08 06:15:00,Counter_3,1.0,2.0,6,0,0,0,0.99,0.7
2026-06-08 06:15:00,Counter_4,1.0,2.0,6,0,0,0,1.71,2.11
2026-06-08 06:15:00,Counter_5,2.0,2.0,6,0,0,0,0.92,1.61
2026-06-08 06:20:00,Counter_1,0.0,2.0,6,0,0,0,1.06,0.21
2026-06-08 06:20:00,Counter_2,7.0,1.0,6,0,0,0,1.45,10.38
2026-06-08 06:20:00,Counter_3,1.0,2.0,6,0,0,0,1.12,0.98
2026-06-08 06:20:00,Counter_4,3.0,2.0,6,0,0,0,1.11,3.16
2026-06-08 06:20:00,Counter_5,0.0,1.0,6,0,0,0,1.2,0.04
2026-06-08 06:25:00,Counter_1,3.0,2.0,6,0,0,0,0.71,1.98
2026-06-08 06:25:00,Counter_2,4.0,2.0,6,0,0,0,1.53,6.2
2026-06-08 06:25:00,Counter_3,5.0,1.0,6,0,0,0,1.29,6.55
2026-06-08 06:25:00,Counter_4,0.0,2.0,6,0,0,0,1.05,0.12
2026-06-08 06:25:00,Counter_5,4.0,1.0,6,0,0,0,0.82,3.52
2026-06-08 06:30:00,Counter_1,0.0,2.0,6,0,0,0,,0.06
2026-06-08 06:30:00,Counter_2,1.0,2.0,6,0,0,0,0.85,0.75
2026-06-08 06:30:00,Counter_3,,2.0,6,0,0,0,1.31,1.29
2026-06-08 06:30:00,Counter_4,1.0,2.0,6,0,0,0,1.31,0.74
2026-06-08 06:30:00,Counter_5,2.0,2.0,6,0,0,0,,2.84
2026-06-08 06:35:00,Counter_1,2.0,2.0,6,0,0,0,1.43,2.79
2026-06-08 06:35:00,Counter_2,2.0,2.0,6,0,0,0,1.41,2.9
2026-06-08 06:35:00,Counter_3,0.0,2.0,6,0,0,0,1.63,0.02
2026-06-08 06:35:00,Counter_4,2.0,2.0,6,0,0,0,1.55,3.37
2026-06-08 06:35:00,Counter_5,3.0,1.0,6,0,0,0,1.49,4.43
