timestamp,shelf_id,category,fill_percent,sales_rate,hours_since_restock,status
2026-06-01 08:00:00,S1,Dairy,100.0,3.75,0.25,FULL
2026-06-01 08:00:00,S2,Bakery,90.2,6.25,0.25,FULL
2026-06-01 08:00:00,S3,Dairy,92.4,3.03,0.25,FULL
2026-06-01 08:00:00,S4,Beverages,94.0,7.86,0.25,FULL
2026-06-01 08:00:00,S5,Snacks,99.3,2.95,0.25,FULL
2026-06-01 08:00:00,S6,Produce,97.0,3.04,0.25,FULL
2026-06-01 08:00:00,S7,Beverages,98.0,4.82,0.25,FULL
2026-06-01 08:00:00,S8,Bakery,97.8,4.05,0.25,FULL
2026-06-01 08:15:00,S1,Dairy,90.8,5.56,0.5,FULL
2026-06-01 08:15:00,S2,Bakery,87.0,5.83,0.5,FULL
2026-06-01 08:15:00,S3,Dairy,95.4,3.31,0.5,FULL
2026-06-01 08:15:00,S4,Beverages,86.5,5.79,0.5,FULL
2026-06-01 08:15:00,S5,Snacks,99.6,2.52,0.5,FULL
2026-06-01 08:15:00,S6,Produce,94.8,3.29,0.5,FULL
2026-06-01 08:15:00,S7,Beverages,91.6,5.61,0.5,FULL
2026-06-01 08:15:00,S8,Bakery,93.2,5.35,0.5,FULL
2026-06-01 08:30:00,S1,Dairy,90.4,5.02,0.75,FULL
2026-06-01 08:30:00,S2,Bakery,,5.43,0.75,FULL
2026-06-01 08:30:00,S3,Dairy,81.2,3.99,0.75,FULL
2026-06-01 08:30:00,S4,Beverages,84.2,5.6,0.75,FULL
2026-06-01 08:30:00,S5,Snacks,89.3,2.3,0.75,FULL
2026-06-01 08:30:00,S6,Produce,83.0,4.75,0.75,FULL
2026-06-01 08:30:00,S7,Beverages,83.9,6.42,0.75,FULL
2026-06-01 08:30:00,S8,Bakery,,5.43,,FULL
2026-06-01 08:45:00,S1,Dairy,83.3,6.51,1.0,FULL
2026-06-01 08:45:00,S2,Bakery,84.9,6.06,1.0,FULL
2026-06-01 08:45:00,S3,Dairy,85.7,4.55,1.0,FULL
2026-06-01 08:45:00,S4,Beverages,83.2,5.52,1.0,FULL
2026-06-01 08:45:00,S5,Snacks,86.8,4.11,1.0,FULL
2026-06-01 08:45:00,S6,Produce,85.3,4.0,1.0,FULL
2026-06-01 08:45:00,S7,Beverages,75.8,7.59,1.0,FULL
2026-06-01 08:45:00,S8,Bakery,81.6,5.56,1.0,FULL
2026-06-01 09:00:00,S1,Dairy,74.7,4.96,1.25,FULL
2026-06-01 09:00:00,S2,Bakery,77.6,5.13,1.25,FULL
2026-06-01 09:00:00,S3,Dairy,79.1,5.81,1.25,FULL
2026-06-01 09:00:00,S4,Beverages,74.9,5.72,1.25,FULL
2026-06-01 09:00:00,S5,Snacks,93.5,2.06,1.25,FULL
2026-06-01 09:00:00,S6,Produce,91.9,3.31,1.25,FULL
2026-06-01 09:00:00,S7,Beverages,78.2,4.95,1.25,FULL
2026-06-01 09:00:00,S8,Bakery,79.7,3.99,1.25,FULL
2026-06-01 09:15:00,S1,Dairy,74.1,4.89,1.5,FULL
2026-06-01 09:15:00,S2,Bakery,70.5,6.16,1.5,FULL
2026-06-01 09:15:00,S3,Dairy,84.9,2.6,1.5,FULL
2026-06-01 09:15:00,S4,Beverages,75.2,5.94,1.5,FULL
2026-06-01 09:15:00,S5,Snacks,87.2,2.47,1.5,FULL
2026-06-01 09:15:00,S6,Produce,91.9,2.44,1.5,FULL
2026-06-01 09:15:00,S7,Beverages,82.7,3.74,1.5,FULL
2026-06-01 09:15:00,S8,Bakery,77.1,4.94,1.5,FULL
2026-06-01 09:30:00,S1,Dairy,74.5,5.1,1.75,FULL
2026-06-01 09:30:00,S2,Bakery,66.7,5.01,1.75,FULL
2026-06-01 09:30:00,S3,Dairy,64.2,6.05,1.75,FULL
2026-06-01 09:30:00,S4,Beverages,60.5,6.88,1.75,FULL
2026-06-01 09:30:00,S5,Snacks,78.9,3.73,1.75,FULL
2026-06-01 09:30:00,S6,Produce,82.7,3.55,1.75,FULL
2026-06-01 09:30:00,S7,Beverages,79.4,3.46,1.75,FULL
2026-06-01 09:30:00,S8,Bakery,73.1,4.98,1.75,FULL
2026-06-01 09:45:00,S1,Dairy,69.3,3.87,2.0,FULL
2026-06-01 09:45:00,S2,Bakery,62.5,5.28,2.0,FULL
2026-06-01 09:45:00,S3,Dairy,68.5,5.07,2.0,FULL
2026-06-01 09:45:00,S4,Beverages,66.5,5.92,2.0,FULL
2026-06-01 09:45:00,S5,Snacks,70.3,4.13,2.0,FULL
2026-06-01 09:45:00,S6,Produce,90.2,2.15,2.0,FULL
2026-06-01 09:45:00,S7,Beverages,44.9,8.24,2.0,LOW
2026-06-01 09:45:00,S8,Bakery,63.4,5.24,2.0,FULL
2026-06-01 10:00:00,S1,Dairy,81.5,3.78,2.25,FULL
2026-06-01 10:00:00,S2,Bakery,61.3,5.39,2.25,FULL
2026-06-01 10:00:00,S3,Dairy,63.0,4.61,2.25,FULL
2026-06-01 10:00:00,S4,Beverages,59.8,6.34,2.25,LOW
2026-06-01 10:00:00,S5,Snacks,66.4,4.45,2.25,FULL
2026-06-01 10:00:00,S6,Produce,79.7,3.09,2.25,FULL
2026-06-01 10:00:00,S7,Beverages,56.3,6.02,2.25,LOW
2026-06-01 10:00:00,S8,Bakery,72.0,4.22,2.25,FULL
2026-06-01 10:15:00,S1,Dairy,63.5,4.54,2.5,FULL
2026-06-01 10:15:00,S2,Bakery,61.1,5.01,2.5,FULL
2026-06-01 10:15:00,S3,Dairy,69.0,3.47,2.5,FULL
2026-06-01 10:15:00,S4,Beverages,73.5,3.43,2.5,FULL
2026-06-01 10:15:00,S5,Snacks,63.9,4.89,2.5,FULL
2026-06-01 10:15:00,S6,Produce,64.9,3.96,2.5,FULL
2026-06-01 10:15:00,S7,Beverages,53.2,5.6,2.5,LOW
2026-06-01 10:15:00,S8,Bakery,56.6,5.32,2.5,LOW
2026-06-01 10:30:00,S1,Dairy,55.5,4.91,2.75,LOW
2026-06-01 10:30:00,S2,Bakery,73.3,3.61,2.75,FULL
2026-06-01 10:30:00,S3,Dairy,68.7,3.12,2.75,FULL
2026-06-01 10:30:00,S4,Beverages,52.2,5.22,2.75,LOW
2026-06-01 10:30:00,S5,Snacks,68.0,3.76,2.75,FULL
2026-06-01 10:30:00,S6,Produce,70.6,3.51,2.75,FULL
2026-06-01 10:30:00,S7,Beverages,28.9,8.2,2.75,LOW
2026-06-01 10:30:00,S8,Bakery,56.2,5.21,2.75,LOW
2026-06-01 10:45:00,S1,Dairy,73.9,3.6,3.0,FULL
2026-06-01 10:45:00,S2,Bakery,35.7,6.52,3.0,LOW
2026-06-01 10:45:00,S3,Dairy,45.1,5.06,3.0,LOW
2026-06-01 10:45:00,S4,Beverages,39.3,6.33,3.0,LOW
2026-06-01 10:45:00,S5,Snacks,65.6,3.38,3.0,FULL
2026-06-01 10:45:00,S6,Produce,48.3,5.09,3.0,LOW
2026-06-01 10:45:00,S7,Beverages,29.7,7.2,3.0,LOW
2026-06-01 10:45:00,S8,Bakery,68.3,3.14,3.0,FULL
2026-06-01 11:00:00,S1,Dairy,29.7,6.29,3.25,LOW
2026-06-01 11:00:00,S2,Bakery,60.2,3.92,3.25,FULL
2026-06-01 11:00:00,S3,Dairy,62.2,3.5,3.25,FULL
2026-06-01 11:00:00,S4,Beverages,47.9,5.19,3.25,LOW
2026-06-01 11:00:00,S5,Snacks,75.1,2.74,3.25,FULL
2026-06-01 11:00:00,S6,Produce,79.7,2.36,3.25,FULL
2026-06-01 11:00:00,S7,Beverages,30.1,6.77,3.25,LOW
2026-06-01 11:00:00,S8,Bakery,42.5,5.38,3.25,LOW
2026-06-01 11:15:00,S1,Dairy,65.6,3.53,3.5,FULL
2026-06-01 11:15:00,S2,Bakery,42.0,4.86,3.5,LOW
2026-06-01 11:15:00,S3,Dairy,45.5,4.92,3.5,LOW
2026-06-01 11:15:00,S4,Beverages,22.4,6.79,3.5,LOW
2026-06-01 11:15:00,S5,Snacks,73.4,2.08,3.5,FULL
2026-06-01 11:15:00,S6,Produce,69.5,2.9,3.5,FULL
2026-06-01 11:15:00,S7,Beverages,30.3,6.45,3.5,LOW
2026-06-01 11:15:00,S8,Bakery,37.4,5.44,3.5,LOW
2026-06-01 11:30:00,S1,Dairy,17.5,6.83,3.75,OUT
2026-06-01 11:30:00,S2,Bakery,63.7,3.23,3.75,FULL
2026-06-01 11:30:00,S3,Dairy,49.9,4.1,3.75,LOW
2026-06-01 11:30:00,S4,Beverages,31.9,5.76,3.75,LOW
2026-06-01 11:30:00,S5,Snacks,77.0,1.81,3.75,FULL
2026-06-01 11:30:00,S6,Produce,55.9,4.0,3.75,LOW
2026-06-01 11:30:00,S7,Beverages,36.6,5.14,3.75,LOW
2026-06-01 11:30:00,S8,Bakery,27.7,6.17,3.75,LOW
2026-06-01 11:45:00,S1,Dairy,38.1,4.66,4.0,LOW
2026-06-01 11:45:00,S2,Bakery,22.6,6.04,4.0,LOW
2026-06-01 11:45:00,S3,Dairy,41.7,4.57,4.0,LOW
2026-06-01 11:45:00,S4,Beverages,24.5,6.09,4.0,LOW
2026-06-01 11:45:00,S5,Snacks,58.5,2.69,4.0,LOW
2026-06-01 11:45:00,S6,Produce,53.2,3.64,4.0,LOW
2026-06-01 11:45:00,S7,Beverages,19.7,6.1,4.0,OUT
2026-06-01 11:45:00,S8,Bakery,54.9,3.64,4.0,LOW
2026-06-01 12:00:00,S1,Dairy,,5.24,4.25,LOW
2026-06-01 12:00:00,S2,Bakery,33.9,4.68,4.25,LOW
2026-06-01 12:00:00,S3,Dairy,33.8,4.78,4.25,LOW
2026-06-01 12:00:00,S4,Beverages,42.6,4.48,4.25,LOW
2026-06-01 12:00:00,S5,Snacks,52.2,3.42,4.25,LOW
2026-06-01 12:00:00,S6,Produce,56.2,2.96,4.25,LOW
2026-06-01 12:00:00,S7,Beverages,16.2,5.74,4.25,OUT
2026-06-01 12:00:00,S8,Bakery,6.6,6.71,4.25,OUT
2026-06-01 12:15:00,S1,Dairy,34.9,4.43,4.5,LOW
2026-06-01 12:15:00,S2,Bakery,27.8,5.2,4.5,LOW
2026-06-01 12:15:00,S3,Dairy,75.6,1.84,4.5,FULL
2026-06-01 12:15:00,S4,Beverages,18.7,5.87,4.5,OUT
2026-06-01 12:15:00,S5,Snacks,46.4,3.4,4.5,LOW
2026-06-01 12:15:00,S6,Produce,63.7,2.77,4.5,FULL
2026-06-01 12:15:00,S7,Beverages,,6.82,4.5,OUT
2026-06-01 12:15:00,S8,Bakery,16.7,5.66,4.5,OUT
2026-06-01 12:30:00,S1,Dairy,15.8,5.49,4.75,OUT
2026-06-01 12:30:00,S2,Bakery,36.4,4.22,4.75,LOW
2026-06-01 12:30:00,S3,Dairy,36.8,4.25,4.75,LOW
2026-06-01 12:30:00,S4,Beverages,15.2,5.56,4.75,OUT
2026-06-01 12:30:00,S5,Snacks,,5.51,4.75,OUT
2026-06-01 12:30:00,S6,Produce,44.2,3.7,4.75,LOW
2026-06-01 12:30:00,S7,Beverages,30.5,,4.75,LOW
2026-06-01 12:30:00,S8,Bakery,29.7,4.83,4.75,LOW
2026-06-01 12:45:00,S1,Dairy,14.8,5.48,5.0,OUT
2026-06-01 12:45:00,S2,Bakery,9.4,5.85,5.0,OUT
2026-06-01 12:45:00,S3,Dairy,0.0,6.51,5.0,OUT
2026-06-01 12:45:00,S4,Beverages,0.0,6.5,5.0,OUT
2026-06-01 12:45:00,S5,Snacks,58.0,2.4,5.0,LOW
2026-06-01 12:45:00,S6,Produce,33.2,4.31,5.0,LOW
2026-06-01 12:45:00,S7,Beverages,0.0,6.56,5.0,OUT
2026-06-01 12:45:00,S8,Bakery,2.1,6.24,5.0,OUT
2026-06-01 13:00:00,S1,Dairy,21.1,4.5,5.25,LOW
2026-06-01 13:00:00,S2,Bakery,15.2,5.13,5.25,OUT
2026-06-01 13:00:00,S3,Dairy,3.3,5.62,5.25,OUT
2026-06-01 13:00:00,S4,Beverages,3.1,5.63,5.25,OUT
2026-06-01 13:00:00,S5,Snacks,43.4,3.35,5.25,LOW
2026-06-01 13:00:00,S6,Produce,31.9,3.94,5.25,LOW
2026-06-01 13:00:00,S7,Beverages,0.0,6.9,5.25,OUT
2026-06-01 13:00:00,S8,Bakery,0.0,5.78,5.25,OUT
2026-06-01 13:15:00,S1,Dairy,16.5,4.86,5.5,OUT
2026-06-01 13:15:00,S2,Bakery,12.4,5.06,5.5,OUT
2026-06-01 13:15:00,S3,Dairy,2.4,5.67,,OUT
2026-06-01 13:15:00,S4,Beverages,0.0,7.11,5.5,OUT
2026-06-01 13:15:00,S5,Snacks,28.7,4.13,5.5,LOW
2026-06-01 13:15:00,S6,Produce,22.7,4.45,5.5,LOW
2026-06-01 13:15:00,S7,Beverages,0.0,6.86,5.5,OUT
2026-06-01 13:15:00,S8,Bakery,0.0,5.67,5.5,OUT
2026-06-01 13:30:00,S1,Dairy,22.9,4.29,5.75,LOW
2026-06-01 13:30:00,S2,Bakery,,4.75,5.75,OUT
2026-06-01 13:30:00,S3,Dairy,20.0,4.42,5.75,LOW
2026-06-01 13:30:00,S4,Beverages,3.5,5.52,5.75,OUT
2026-06-01 13:30:00,S5,Snacks,42.3,2.98,5.75,LOW
2026-06-01 13:30:00,S6,Produce,0.0,6.74,5.75,OUT
2026-06-01 13:30:00,S7,Beverages,0.0,7.88,5.75,OUT
2026-06-01 13:30:00,S8,Bakery,0.0,5.49,5.75,OUT
2026-06-01 13:45:00,S1,Dairy,7.7,4.69,6.0,OUT
2026-06-01 13:45:00,S2,Bakery,0.0,5.78,6.0,OUT
2026-06-01 13:45:00,S3,Dairy,19.2,4.56,6.0,OUT
2026-06-01 13:45:00,S4,Beverages,0.0,5.03,6.0,OUT
2026-06-01 13:45:00,S5,Snacks,52.5,2.57,6.0,LOW
2026-06-01 13:45:00,S6,Produce,0.0,5.72,6.0,OUT
2026-06-01 13:45:00,S7,Beverages,0.0,6.94,6.0,OUT
2026-06-01 13:45:00,S8,Bakery,0.0,5.01,6.0,OUT
2026-06-01 14:00:00,S1,Dairy,40.4,3.12,6.25,LOW
2026-06-01 14:00:00,S2,Bakery,0.0,6.11,6.25,OUT
2026-06-01 14:00:00,S3,Dairy,0.0,4.97,6.25,OUT
2026-06-01 14:00:00,S4,Beverages,0.0,5.31,6.25,OUT
2026-06-01 14:00:00,S5,Snacks,38.7,3.03,6.25,LOW
2026-06-01 14:00:00,S6,Produce,5.4,4.97,6.25,OUT
2026-06-01 14:00:00,S7,Beverages,,7.15,6.25,OUT
2026-06-01 14:00:00,S8,Bakery,0.0,6.69,6.25,OUT
2026-06-01 14:15:00,S1,Dairy,0.0,5.54,6.5,OUT
2026-06-01 14:15:00,S2,Bakery,0.0,5.36,6.5,OUT
2026-06-01 14:15:00,S3,Dairy,0.0,4.94,6.5,OUT
2026-06-01 14:15:00,S4,Beverages,0.0,6.22,6.5,OUT
2026-06-01 14:15:00,S5,Snacks,25.5,3.97,6.5,LOW
2026-06-01 14:15:00,S6,Produce,2.8,4.74,6.5,OUT
2026-06-01 14:15:00,S7,Beverages,6.7,4.44,6.5,OUT
2026-06-01 14:15:00,S8,Bakery,24.9,3.86,6.5,LOW
2026-06-01 14:30:00,S1,Dairy,2.3,4.35,6.75,OUT
2026-06-01 14:30:00,S2,Bakery,0.0,5.14,6.75,OUT
2026-06-01 14:30:00,S3,Dairy,0.0,5.19,6.75,OUT
2026-06-01 14:30:00,S4,Beverages,,6.63,6.75,OUT
2026-06-01 14:30:00,S5,Snacks,22.3,3.36,6.75,LOW
2026-06-01 14:30:00,S6,Produce,46.7,2.44,6.75,LOW
2026-06-01 14:30:00,S7,Beverages,0.0,5.73,6.75,OUT
2026-06-01 14:30:00,S8,Bakery,0.0,6.19,6.75,OUT
2026-06-01 14:45:00,S1,Dairy,9.2,4.1,7.0,OUT
2026-06-01 14:45:00,S2,Bakery,0.0,5.81,7.0,OUT
2026-06-01 14:45:00,S3,Dairy,0.0,5.32,7.0,OUT
2026-06-01 14:45:00,S4,Beverages,0.0,6.7,7.0,OUT
2026-06-01 14:45:00,S5,Snacks,60.2,1.95,7.0,FULL
2026-06-01 14:45:00,S6,Produce,0.0,4.98,7.0,OUT
2026-06-01 14:45:00,S7,Beverages,0.0,5.06,7.0,OUT
2026-06-01 14:45:00,S8,Bakery,2.1,4.23,7.0,OUT
2026-06-01 15:00:00,S1,Dairy,0.0,5.83,7.25,OUT
2026-06-01 15:00:00,S2,Bakery,,5.51,7.25,OUT
2026-06-01 15:00:00,S3,Dairy,0.0,5.48,7.25,OUT
2026-06-01 15:00:00,S4,Beverages,0.0,6.45,7.25,OUT
2026-06-01 15:00:00,S5,Snacks,88.0,0.5,7.25,FULL
2026-06-01 15:00:00,S6,Produce,40.7,2.77,7.25,LOW
2026-06-01 15:00:00,S7,Beverages,0.0,6.81,7.25,OUT
2026-06-01 15:00:00,S8,Bakery,0.0,5.9,7.25,OUT
2026-06-01 15:15:00,S1,Dairy,11.5,3.88,7.5,OUT
2026-06-01 15:15:00,S2,Bakery,0.0,6.85,7.5,OUT
2026-06-01 15:15:00,S3,Dairy,0.0,5.57,7.5,OUT
2026-06-01 15:15:00,S4,Beverages,0.0,5.6,7.5,OUT
2026-06-01 15:15:00,S5,Snacks,43.0,2.37,7.5,LOW
2026-06-01 15:15:00,S6,Produce,8.1,3.71,7.5,OUT
2026-06-01 15:15:00,S7,Beverages,0.0,6.6,7.5,OUT
2026-06-01 15:15:00,S8,Bakery,0.0,4.89,7.5,OUT
2026-06-01 15:30:00,S1,Dairy,0.0,3.95,7.75,OUT
2026-06-01 15:30:00,S2,Bakery,0.0,4.28,7.75,OUT
2026-06-01 15:30:00,S3,Dairy,0.0,5.83,7.75,OUT
2026-06-01 15:30:00,S4,Beverages,0.0,4.95,7.75,OUT
2026-06-01 15:30:00,S5,Snacks,,2.62,7.75,LOW
2026-06-01 15:30:00,S6,Produce,0.0,4.36,7.75,OUT
2026-06-01 15:30:00,S7,Beverages,0.0,6.27,7.75,OUT
2026-06-01 15:30:00,S8,Bakery,0.0,4.76,7.75,OUT
2026-06-01 15:45:00,S1,Dairy,0.0,5.41,8.0,OUT
2026-06-01 15:45:00,S2,Bakery,0.0,4.24,8.0,OUT
2026-06-01 15:45:00,S3,Dairy,0.0,4.43,8.0,OUT
2026-06-01 15:45:00,S4,Beverages,0.0,5.01,8.0,OUT
2026-06-01 15:45:00,S5,Snacks,19.9,3.12,8.0,OUT
2026-06-01 15:45:00,S6,Produce,73.7,0.98,8.0,FULL
2026-06-01 15:45:00,S7,Beverages,0.0,7.87,8.0,OUT
2026-06-01 15:45:00,S8,Bakery,0.0,6.05,8.0,OUT
2026-06-01 16:00:00,S1,Dairy,0.0,4.71,8.25,OUT
2026-06-01 16:00:00,S2,Bakery,,4.21,8.25,OUT
2026-06-01 16:00:00,S3,Dairy,0.0,4.44,,OUT
2026-06-01 16:00:00,S4,Beverages,0.0,6.92,8.25,OUT
2026-06-01 16:00:00,S5,Snacks,27.3,2.86,8.25,LOW
2026-06-01 16:00:00,S6,Produce,0.0,5.7,8.25,OUT
2026-06-01 16:00:00,S7,Beverages,0.0,6.19,8.25,OUT
2026-06-01 16:00:00,S8,Bakery,0.0,3.97,8.25,OUT
2026-06-01 16:15:00,S1,Dairy,0.0,3.86,8.5,OUT
2026-06-01 16:15:00,S2,Bakery,0.0,4.92,8.5,OUT
2026-06-01 16:15:00,S3,Dairy,0.0,3.59,8.5,OUT
2026-06-01 16:15:00,S4,Beverages,0.0,5.64,8.5,OUT
2026-06-01 16:15:00,S5,Snacks,13.0,3.3,8.5,OUT
2026-06-01 16:15:00,S6,Produce,0.0,4.62,8.5,OUT
2026-06-01 16:15:00,S7,Beverages,0.0,4.58,8.5,OUT
2026-06-01 16:15:00,S8,Bakery,0.0,,8.5,OUT
2026-06-01 16:30:00,S1,Dairy,0.0,6.16,,OUT
2026-06-01 16:30:00,S2,Bakery,0.0,5.33,8.75,OUT
2026-06-01 16:30:00,S3,Dairy,0.0,4.71,8.75,OUT
2026-06-01 16:30:00,S4,Beverages,0.0,6.42,8.75,OUT
2026-06-01 16:30:00,S5,Snacks,8.4,3.21,8.75,OUT
2026-06-01 16:30:00,S6,Produce,0.0,4.84,8.75,OUT
2026-06-01 16:30:00,S7,Beverages,0.0,6.04,8.75,OUT
2026-06-01 16:30:00,S8,Bakery,0.0,6.18,8.75,OUT
2026-06-01 16:45:00,S1,Dairy,0.0,5.1,9.0,OUT
2026-06-01 16:45:00,S2,Bakery,0.0,6.46,9.0,OUT
2026-06-01 16:45:00,S3,Dairy,0.0,3.88,9.0,OUT
2026-06-01 16:45:00,S4,Beverages,0.0,5.16,9.0,OUT
2026-06-01 16:45:00,S5,Snacks,3.0,3.36,9.0,OUT
2026-06-01 16:45:00,S6,Produce,0.0,3.56,9.0,OUT
2026-06-01 16:45:00,S7,Beverages,0.0,5.09,9.0,OUT
2026-06-01 16:45:00,S8,Bakery,8.0,3.19,9.0,OUT
2026-06-01 17:00:00,S1,Dairy,0.0,5.73,9.25,OUT
2026-06-01 17:00:00,S2,Bakery,0.0,5.43,9.25,OUT
2026-06-01 17:00:00,S3,Dairy,0.0,5.57,9.25,OUT
2026-06-01 17:00:00,S4,Beverages,0.0,6.68,9.25,OUT
2026-06-01 17:00:00,S5,Snacks,6.3,3.14,9.25,OUT
2026-06-01 17:00:00,S6,Produce,15.2,2.92,9.25,OUT
2026-06-01 17:00:00,S7,Beverages,0.0,5.22,9.25,OUT
2026-06-01 17:00:00,S8,Bakery,0.0,5.5,9.25,OUT
2026-06-01 17:15:00,S1,Dairy,0.0,5.74,9.5,OUT
2026-06-01 17:15:00,S2,Bakery,0.0,5.11,9.5,OUT
2026-06-01 17:15:00,S3,Dairy,0.0,3.84,9.5,OUT
2026-06-01 17:15:00,S4,Beverages,0.0,5.21,9.5,OUT
2026-06-01 17:15:00,S5,Snacks,52.0,1.71,9.5,LOW
2026-06-01 17:15:00,S6,Produce,0.0,3.37,9.5,OUT
2026-06-01 17:15:00,S7,Beverages,0.0,5.16,9.5,OUT
2026-06-01 17:15:00,S8,Bakery,0.0,4.65,9.5,OUT
2026-06-01 17:30:00,S1,Dairy,0.0,4.62,9.75,OUT
2026-06-01 17:30:00,S2,Bakery,0.0,5.05,9.75,OUT
2026-06-01 17:30:00,S3,Dairy,0.0,3.66,9.75,OUT
2026-06-01 17:30:00,S4,Beverages,0.0,6.98,9.75,OUT
2026-06-01 17:30:00,S5,Snacks,28.4,2.17,9.75,LOW
2026-06-01 17:30:00,S6,Produce,0.0,,9.75,OUT
2026-06-01 17:30:00,S7,Beverages,0.0,7.92,,OUT
2026-06-01 17:30:00,S8,Bakery,0.0,,9.75,OUT
2026-06-01 17:45:00,S1,Dairy,,7.41,10.0,OUT
2026-06-01 17:45:00,S2,Bakery,0.0,,10.0,OUT
2026-06-01 17:45:00,S3,Dairy,0.0,4.78,10.0,OUT
2026-06-01 17:45:00,S4,Beverages,,6.81,10.0,OUT
2026-06-01 17:45:00,S5,Snacks,0.0,3.67,10.0,OUT
2026-06-01 17:45:00,S6,Produce,0.0,4.28,10.0,OUT
2026-06-01 17:45:00,S7,Beverages,0.0,6.8,10.0,OUT
2026-06-01 17:45:00,S8,Bakery,0.0,4.49,10.0,OUT
2026-06-01 18:00:00,S1,Dairy,0.0,,10.25,OUT
2026-06-01 18:00:00,S2,Bakery,0.0,6.66,10.25,OUT
2026-06-01 18:00:00,S3,Dairy,0.0,3.1,10.25,OUT
2026-06-01 18:00:00,S4,Beverages,0.0,5.97,10.25,OUT
2026-06-01 18:00:00,S5,Snacks,0.0,4.15,10.25,OUT
2026-06-01 18:00:00,S6,Produce,0.0,3.85,10.25,OUT
2026-06-01 18:00:00,S7,Beverages,0.0,6.98,10.25,OUT
2026-06-01 18:00:00,S8,Bakery,0.0,4.55,10.25,OUT
2026-06-01 18:15:00,S1,Dairy,0.0,4.33,10.5,OUT
2026-06-01 18:15:00,S2,Bakery,0.0,4.07,10.5,OUT
2026-06-01 18:15:00,S3,Dairy,0.0,5.25,10.5,OUT
2026-06-01 18:15:00,S4,Beverages,0.0,4.93,10.5,OUT
2026-06-01 18:15:00,S5,Snacks,58.6,1.23,10.5,LOW
2026-06-01 18:15:00,S6,Produce,0.0,6.12,10.5,OUT
2026-06-01 18:15:00,S7,Beverages,0.0,3.03,10.5,OUT
2026-06-01 18:15:00,S8,Bakery,13.9,2.67,10.5,OUT
2026-06-01 18:30:00,S1,Dairy,0.0,3.73,10.75,OUT
2026-06-01 18:30:00,S2,Bakery,0.0,4.56,10.75,OUT
2026-06-01 18:30:00,S3,Dairy,0.0,3.98,10.75,OUT
2026-06-01 18:30:00,S4,Beverages,0.0,7.07,10.75,OUT
2026-06-01 18:30:00,S5,Snacks,0.0,,10.75,OUT
2026-06-01 18:30:00,S6,Produce,0.0,4.14,,OUT
2026-06-01 18:30:00,S7,Beverages,0.0,7.18,10.75,OUT
2026-06-01 18:30:00,S8,Bakery,0.0,4.73,10.75,OUT
2026-06-01 18:45:00,S1,Dairy,0.0,3.58,11.0,OUT
2026-06-01 18:45:00,S2,Bakery,0.0,3.37,11.0,OUT
2026-06-01 18:45:00,S3,Dairy,0.0,4.21,11.0,OUT
2026-06-01 18:45:00,S4,Beverages,0.0,6.09,11.0,OUT
2026-06-01 18:45:00,S5,Snacks,9.4,2.63,11.0,OUT
2026-06-01 18:45:00,S6,Produce,24.0,2.22,11.0,LOW
2026-06-01 18:45:00,S7,Beverages,0.0,5.71,11.0,OUT
2026-06-01 18:45:00,S8,Bakery,0.0,5.69,11.0,OUT
2026-06-01 19:00:00,S1,Dairy,0.0,3.46,11.25,OUT
2026-06-01 19:00:00,S2,Bakery,0.0,5.64,11.25,OUT
2026-06-01 19:00:00,S3,Dairy,0.0,4.78,11.25,OUT
2026-06-01 19:00:00,S4,Beverages,0.0,5.74,11.25,OUT
2026-06-01 19:00:00,S5,Snacks,28.6,2.06,11.25,LOW
2026-06-01 19:00:00,S6,Produce,0.0,3.1,11.25,OUT
2026-06-01 19:00:00,S7,Beverages,0.0,7.29,11.25,OUT
2026-06-01 19:00:00,S8,Bakery,0.0,6.5,11.25,OUT
2026-06-01 19:15:00,S1,Dairy,0.0,2.96,11.5,OUT
2026-06-01 19:15:00,S2,Bakery,0.0,3.7,11.5,OUT
2026-06-01 19:15:00,S3,Dairy,0.0,5.48,11.5,OUT
2026-06-01 19:15:00,S4,Beverages,0.0,4.98,11.5,OUT
2026-06-01 19:15:00,S5,Snacks,63.8,1.08,11.5,FULL
2026-06-01 19:15:00,S6,Produce,0.0,3.1,11.5,OUT
2026-06-01 19:15:00,S7,Beverages,0.0,5.42,11.5,OUT
2026-06-01 19:15:00,S8,Bakery,0.0,3.87,11.5,OUT
2026-06-01 19:30:00,S1,Dairy,0.0,4.72,11.75,OUT
2026-06-01 19:30:00,S2,Bakery,0.0,6.98,11.75,OUT
2026-06-01 19:30:00,S3,Dairy,0.0,4.22,11.75,OUT
2026-06-01 19:30:00,S4,Beverages,0.0,7.36,11.75,OUT
2026-06-01 19:30:00,S5,Snacks,11.8,2.38,11.75,OUT
2026-06-01 19:30:00,S6,Produce,26.6,1.8,11.75,LOW
2026-06-01 19:30:00,S7,Beverages,0.0,6.51,,OUT
2026-06-01 19:30:00,S8,Bakery,0.0,4.23,,OUT
2026-06-01 19:45:00,S1,Dairy,0.0,4.02,12.0,OUT
2026-06-01 19:45:00,S2,Bakery,0.0,4.97,12.0,OUT
2026-06-01 19:45:00,S3,Dairy,0.0,5.31,12.0,OUT
2026-06-01 19:45:00,S4,Beverages,0.0,6.23,12.0,OUT
2026-06-01 19:45:00,S5,Snacks,0.0,3.22,12.0,OUT
2026-06-01 19:45:00,S6,Produce,0.0,3.07,12.0,OUT
2026-06-01 19:45:00,S7,Beverages,0.0,6.21,12.0,OUT
2026-06-01 19:45:00,S8,Bakery,0.0,5.99,12.0,OUT
2026-06-01 20:00:00,S1,Dairy,0.0,4.71,12.25,OUT
2026-06-01 20:00:00,S2,Bakery,0.0,5.46,12.25,OUT
2026-06-01 20:00:00,S3,Dairy,98.1,2.01,0.0,FULL
2026-06-01 20:00:00,S4,Beverages,0.0,6.0,12.25,OUT
2026-06-01 20:00:00,S5,Snacks,0.0,4.06,12.25,OUT
2026-06-01 20:00:00,S6,Produce,0.0,3.22,12.25,OUT
2026-06-01 20:00:00,S7,Beverages,0.0,5.06,12.25,OUT
2026-06-01 20:00:00,S8,Bakery,0.0,5.53,12.25,OUT
2026-06-01 20:15:00,S1,Dairy,0.0,4.15,12.5,OUT
2026-06-01 20:15:00,S2,Bakery,0.0,4.54,12.5,OUT
2026-06-01 20:15:00,S3,Dairy,97.8,4.12,0.25,FULL
2026-06-01 20:15:00,S4,Beverages,100.0,6.37,0.0,FULL
2026-06-01 20:15:00,S5,Snacks,0.0,4.03,12.5,OUT
2026-06-01 20:15:00,S6,Produce,0.0,5.23,12.5,OUT
2026-06-01 20:15:00,S7,Beverages,0.0,4.43,12.5,OUT
2026-06-01 20:15:00,S8,Bakery,0.0,5.12,12.5,OUT
2026-06-01 20:30:00,S1,Dairy,0.0,3.77,12.75,OUT
2026-06-01 20:30:00,S2,Bakery,0.0,5.39,12.75,OUT
2026-06-01 20:30:00,S3,Dairy,90.6,4.99,0.5,FULL
2026-06-01 20:30:00,S4,Beverages,95.4,5.27,0.25,FULL
2026-06-01 20:30:00,S5,Snacks,100.0,3.31,0.0,FULL
2026-06-01 20:30:00,S6,Produce,0.0,3.7,12.75,OUT
2026-06-01 20:30:00,S7,Beverages,0.0,4.7,12.75,OUT
2026-06-01 20:30:00,S8,Bakery,0.0,3.89,12.75,OUT
2026-06-01 20:45:00,S1,Dairy,0.0,3.25,13.0,OUT
2026-06-01 20:45:00,S2,Bakery,0.0,4.16,13.0,OUT
2026-06-01 20:45:00,S3,Dairy,89.3,4.36,0.75,FULL
2026-06-01 20:45:00,S4,Beverages,87.9,5.89,0.5,FULL
2026-06-01 20:45:00,S5,Snacks,98.9,3.47,0.25,FULL
2026-06-01 20:45:00,S6,Produce,12.4,2.08,13.0,OUT
2026-06-01 20:45:00,S7,Beverages,0.0,6.01,13.0,OUT
2026-06-01 20:45:00,S8,Bakery,0.0,3.92,13.0,OUT
2026-06-01 21:00:00,S1,Dairy,0.0,4.06,13.25,OUT
2026-06-01 21:00:00,S2,Bakery,0.0,5.75,13.25,OUT
2026-06-01 21:00:00,S3,Dairy,84.3,5.38,1.0,FULL
2026-06-01 21:00:00,S4,Beverages,,6.02,0.75,FULL
2026-06-01 21:00:00,S5,Snacks,92.4,5.02,0.5,FULL
2026-06-01 21:00:00,S6,Produce,0.0,4.21,13.25,OUT
2026-06-01 21:00:00,S7,Beverages,0.0,4.53,13.25,OUT
2026-06-01 21:00:00,S8,Bakery,0.0,5.15,13.25,OUT
2026-06-01 21:15:00,S1,Dairy,0.0,6.38,13.5,OUT
2026-06-01 21:15:00,S2,Bakery,0.0,5.77,13.5,OUT
2026-06-01 21:15:00,S3,Dairy,81.6,4.29,1.25,FULL
2026-06-01 21:15:00,S4,Beverages,82.5,4.48,1.0,FULL
2026-06-01 21:15:00,S5,Snacks,90.0,2.69,0.75,FULL
2026-06-01 21:15:00,S6,Produce,0.0,3.74,13.5,OUT
2026-06-01 21:15:00,S7,Beverages,0.0,7.35,13.5,OUT
2026-06-01 21:15:00,S8,Bakery,0.0,6.66,13.5,OUT
2026-06-01 21:30:00,S1,Dairy,0.0,3.53,13.75,OUT
2026-06-01 21:30:00,S2,Bakery,0.0,3.46,13.75,OUT
2026-06-01 21:30:00,S3,Dairy,74.6,4.91,1.5,FULL
2026-06-01 21:30:00,S4,Beverages,77.8,,1.25,FULL
2026-06-01 21:30:00,S5,Snacks,90.8,2.55,1.0,FULL
2026-06-01 21:30:00,S6,Produce,0.0,3.83,13.75,OUT
2026-06-01 21:30:00,S7,Beverages,0.0,6.43,13.75,OUT
2026-06-01 21:30:00,S8,Bakery,0.0,4.57,13.75,OUT
2026-06-01 21:45:00,S1,Dairy,0.0,6.38,14.0,OUT
2026-06-01 21:45:00,S2,Bakery,0.0,4.22,14.0,OUT
2026-06-01 21:45:00,S3,Dairy,85.4,,1.75,FULL
2026-06-01 21:45:00,S4,Beverages,66.1,6.6,1.5,FULL
2026-06-01 21:45:00,S5,Snacks,87.9,2.66,1.25,FULL
2026-06-01 21:45:00,S6,Produce,0.0,4.35,14.0,OUT
2026-06-01 21:45:00,S7,Beverages,0.0,6.95,14.0,OUT
2026-06-01 21:45:00,S8,Bakery,0.0,4.97,14.0,OUT
2026-06-01 22:00:00,S1,Dairy,0.0,4.68,14.25,OUT
2026-06-01 22:00:00,S2,Bakery,0.0,5.32,14.25,OUT
2026-06-01 22:00:00,S3,Dairy,77.7,3.09,2.0,FULL
2026-06-01 22:00:00,S4,Beverages,63.4,6.2,1.75,FULL
2026-06-01 22:00:00,S5,Snacks,94.5,2.33,1.5,FULL
2026-06-01 22:00:00,S6,Produce,0.0,3.81,14.25,OUT
2026-06-01 22:00:00,S7,Beverages,0.0,5.72,14.25,OUT
2026-06-01 22:00:00,S8,Bakery,0.0,5.49,14.25,OUT
2026-06-01 22:15:00,S1,Dairy,0.0,4.02,14.5,OUT
2026-06-01 22:15:00,S2,Bakery,0.0,2.92,14.5,OUT
2026-06-01 22:15:00,S3,Dairy,69.3,4.65,2.25,FULL
2026-06-01 22:15:00,S4,Beverages,52.4,7.23,2.0,LOW
2026-06-01 22:15:00,S5,Snacks,80.5,3.87,1.75,FULL
2026-06-01 22:15:00,S6,Produce,0.0,5.02,14.5,OUT
2026-06-01 22:15:00,S7,Beverages,0.0,6.96,14.5,OUT
2026-06-01 22:15:00,S8,Bakery,0.0,4.84,14.5,OUT
2026-06-01 22:30:00,S1,Dairy,,4.68,14.75,OUT
2026-06-01 22:30:00,S2,Bakery,0.0,5.37,14.75,OUT
2026-06-01 22:30:00,S3,Dairy,49.3,6.11,2.5,LOW
2026-06-01 22:30:00,S4,Beverages,57.9,5.26,2.25,LOW
2026-06-01 22:30:00,S5,Snacks,72.6,,2.0,FULL
2026-06-01 22:30:00,S6,Produce,0.0,3.44,14.75,OUT
2026-06-01 22:30:00,S7,Beverages,0.0,4.56,14.75,OUT
2026-06-01 22:30:00,S8,Bakery,0.0,4.55,14.75,OUT
2026-06-01 22:45:00,S1,Dairy,0.0,4.74,15.0,OUT
2026-06-01 22:45:00,S2,Bakery,0.0,4.74,15.0,OUT
2026-06-01 22:45:00,S3,Dairy,44.7,5.59,2.75,LOW
2026-06-01 22:45:00,S4,Beverages,58.9,4.62,2.5,LOW
2026-06-01 22:45:00,S5,Snacks,82.7,,2.25,FULL
2026-06-01 22:45:00,S6,Produce,0.0,4.6,15.0,OUT
2026-06-01 22:45:00,S7,Beverages,0.0,4.97,15.0,OUT
2026-06-01 22:45:00,S8,Bakery,0.0,4.83,15.0,OUT
2026-06-01 23:00:00,S1,Dairy,0.0,4.29,15.25,OUT
2026-06-01 23:00:00,S2,Bakery,0.0,4.63,15.25,OUT
2026-06-01 23:00:00,S3,Dairy,70.1,3.23,3.0,FULL
2026-06-01 23:00:00,S4,Beverages,55.1,5.62,2.75,LOW
2026-06-01 23:00:00,S5,Snacks,100.0,0.5,2.5,FULL
2026-06-01 23:00:00,S6,Produce,97.3,3.89,0.0,FULL
2026-06-01 23:00:00,S7,Beverages,0.0,4.54,15.25,OUT
2026-06-01 23:00:00,S8,Bakery,0.0,5.63,15.25,OUT
2026-06-01 23:15:00,S1,Dairy,0.0,5.52,15.5,OUT
2026-06-01 23:15:00,S2,Bakery,100.0,5.52,0.0,FULL
2026-06-01 23:15:00,S3,Dairy,44.5,4.73,3.25,LOW
2026-06-01 23:15:00,S4,Beverages,29.0,7.29,3.0,LOW
2026-06-01 23:15:00,S5,Snacks,65.1,3.73,2.75,FULL
2026-06-01 23:15:00,S6,Produce,92.9,3.42,0.25,FULL
2026-06-01 23:15:00,S7,Beverages,0.0,4.83,15.5,OUT
2026-06-01 23:15:00,S8,Bakery,0.0,3.26,15.5,OUT
2026-06-01 23:30:00,S1,Dairy,0.0,5.63,15.75,OUT
2026-06-01 23:30:00,S2,Bakery,97.6,5.52,0.25,FULL
2026-06-01 23:30:00,S3,Dairy,49.8,4.44,3.5,LOW
2026-06-01 23:30:00,S4,Beverages,14.9,8.63,,OUT
2026-06-01 23:30:00,S5,Snacks,76.0,2.46,3.0,FULL
2026-06-01 23:30:00,S6,Produce,97.7,5.11,0.5,FULL
2026-06-01 23:30:00,S7,Beverages,0.0,5.73,15.75,OUT
2026-06-01 23:30:00,S8,Bakery,0.0,6.04,15.75,OUT
2026-06-01 23:45:00,S1,Dairy,0.0,4.56,16.0,OUT
2026-06-01 23:45:00,S2,Bakery,94.7,4.86,0.5,FULL
2026-06-01 23:45:00,S3,Dairy,34.1,5.2,3.75,LOW
2026-06-01 23:45:00,S4,Beverages,46.3,4.58,3.5,LOW
2026-06-01 23:45:00,S5,Snacks,67.5,3.2,3.25,FULL
2026-06-01 23:45:00,S6,Produce,99.7,3.28,0.75,FULL
2026-06-01 23:45:00,S7,Beverages,0.0,,16.0,OUT
2026-06-01 23:45:00,S8,Bakery,0.0,4.67,16.0,OUT
2026-06-02 00:00:00,S1,Dairy,0.0,4.88,16.25,OUT
2026-06-02 00:00:00,S2,Bakery,85.0,5.67,0.75,FULL
2026-06-02 00:00:00,S3,Dairy,34.0,5.35,4.0,LOW
2026-06-02 00:00:00,S4,Beverages,37.5,5.47,3.75,LOW
2026-06-02 00:00:00,S5,Snacks,70.1,3.03,3.5,FULL
2026-06-02 00:00:00,S6,Produce,95.0,2.62,1.0,FULL
2026-06-02 00:00:00,S7,Beverages,0.0,6.63,16.25,OUT
2026-06-02 00:00:00,S8,Bakery,0.0,6.95,16.25,OUT
2026-06-02 00:15:00,S1,Dairy,0.0,5.24,16.5,OUT
2026-06-02 00:15:00,S2,Bakery,79.5,5.79,1.0,FULL
2026-06-02 00:15:00,S3,Dairy,56.5,3.04,4.25,LOW
2026-06-02 00:15:00,S4,Beverages,24.6,5.51,4.0,LOW
2026-06-02 00:15:00,S5,Snacks,69.0,2.92,3.75,FULL
2026-06-02 00:15:00,S6,Produce,85.1,4.11,1.25,FULL
2026-06-02 00:15:00,S7,Beverages,0.0,4.94,16.5,OUT
2026-06-02 00:15:00,S8,Bakery,0.0,5.72,16.5,OUT
2026-06-02 00:30:00,S1,Dairy,0.0,4.14,16.75,OUT
2026-06-02 00:30:00,S2,Bakery,74.7,4.57,1.25,FULL
2026-06-02 00:30:00,S3,Dairy,6.7,6.77,4.5,OUT
2026-06-02 00:30:00,S4,Beverages,10.3,6.66,4.25,OUT
2026-06-02 00:30:00,S5,Snacks,60.9,3.12,4.0,FULL
2026-06-02 00:30:00,S6,Produce,79.4,2.76,1.5,FULL
2026-06-02 00:30:00,S7,Beverages,0.0,6.65,16.75,OUT
2026-06-02 00:30:00,S8,Bakery,0.0,5.56,16.75,OUT
2026-06-02 00:45:00,S1,Dairy,0.0,3.59,17.0,OUT
2026-06-02 00:45:00,S2,Bakery,72.2,6.62,1.5,FULL
2026-06-02 00:45:00,S3,Dairy,11.7,5.9,4.75,OUT
2026-06-02 00:45:00,S4,Beverages,8.1,6.25,4.5,OUT
2026-06-02 00:45:00,S5,Snacks,50.0,3.19,4.25,LOW
2026-06-02 00:45:00,S6,Produce,79.9,4.1,1.75,FULL
2026-06-02 00:45:00,S7,Beverages,0.0,6.04,17.0,OUT
2026-06-02 00:45:00,S8,Bakery,0.0,3.76,17.0,OUT
2026-06-02 01:00:00,S1,Dairy,0.0,3.55,17.25,OUT
2026-06-02 01:00:00,S2,Bakery,64.8,5.59,1.75,FULL
2026-06-02 01:00:00,S3,Dairy,29.6,4.44,5.0,LOW
2026-06-02 01:00:00,S4,Beverages,14.2,5.53,4.75,OUT
2026-06-02 01:00:00,S5,Snacks,43.0,4.02,4.5,LOW
2026-06-02 01:00:00,S6,Produce,80.5,3.1,2.0,FULL
2026-06-02 01:00:00,S7,Beverages,0.0,6.22,17.25,OUT
2026-06-02 01:00:00,S8,Bakery,0.0,5.35,17.25,OUT
2026-06-02 01:15:00,S1,Dairy,0.0,5.28,17.5,OUT
2026-06-02 01:15:00,S2,Bakery,73.4,3.87,2.0,FULL
2026-06-02 01:15:00,S3,Dairy,49.8,2.99,5.25,LOW
2026-06-02 01:15:00,S4,Beverages,5.5,6.24,5.0,OUT
2026-06-02 01:15:00,S5,Snacks,81.2,1.34,4.75,FULL
2026-06-02 01:15:00,S6,Produce,63.3,5.19,2.25,FULL
2026-06-02 01:15:00,S7,Beverages,0.0,5.5,17.5,OUT
2026-06-02 01:15:00,S8,Bakery,0.0,5.53,17.5,OUT
2026-06-02 01:30:00,S1,Dairy,0.0,5.14,17.75,OUT
2026-06-02 01:30:00,S2,Bakery,65.0,4.13,2.25,FULL
2026-06-02 01:30:00,S3,Dairy,15.8,4.59,5.5,OUT
2026-06-02 01:30:00,S4,Beverages,18.5,5.12,5.25,OUT
2026-06-02 01:30:00,S5,Snacks,56.2,2.47,5.0,LOW
2026-06-02 01:30:00,S6,Produce,65.1,4.46,2.5,FULL
2026-06-02 01:30:00,S7,Beverages,0.0,4.85,17.75,OUT
2026-06-02 01:30:00,S8,Bakery,0.0,4.89,17.75,OUT
2026-06-02 01:45:00,S1,Dairy,0.0,4.14,18.0,OUT
2026-06-02 01:45:00,S2,Bakery,66.5,4.13,2.5,FULL
2026-06-02 01:45:00,S3,Dairy,14.5,4.36,5.75,OUT
2026-06-02 01:45:00,S4,Beverages,12.1,4.74,5.5,OUT
2026-06-02 01:45:00,S5,Snacks,50.1,2.8,5.25,LOW
2026-06-02 01:45:00,S6,Produce,60.6,4.36,2.75,FULL
2026-06-02 01:45:00,S7,Beverages,0.0,5.53,18.0,OUT
2026-06-02 01:45:00,S8,Bakery,0.0,4.15,18.0,OUT
2026-06-02 02:00:00,S1,Dairy,0.0,5.14,18.25,OUT
2026-06-02 02:00:00,S2,Bakery,56.0,4.95,2.75,LOW
2026-06-02 02:00:00,S3,Dairy,21.7,4.05,6.0,LOW
2026-06-02 02:00:00,S4,Beverages,0.0,6.77,5.75,OUT
2026-06-02 02:00:00,S5,Snacks,72.5,1.66,5.5,FULL
2026-06-02 02:00:00,S6,Produce,50.1,5.0,3.0,LOW
2026-06-02 02:00:00,S7,Beverages,0.0,5.19,18.25,OUT
2026-06-02 02:00:00,S8,Bakery,0.0,4.86,18.25,OUT
2026-06-02 02:15:00,S1,Dairy,0.0,,18.5,OUT
2026-06-02 02:15:00,S2,Bakery,33.6,7.32,3.0,LOW
2026-06-02 02:15:00,S3,Dairy,0.0,4.82,6.25,OUT
2026-06-02 02:15:00,S4,Beverages,0.0,6.45,6.0,OUT
2026-06-02 02:15:00,S5,Snacks,52.3,2.32,5.75,LOW
2026-06-02 02:15:00,S6,Produce,62.4,3.97,3.25,FULL
2026-06-02 02:15:00,S7,Beverages,0.0,4.78,18.5,OUT
2026-06-02 02:15:00,S8,Bakery,0.0,4.97,18.5,OUT
2026-06-02 02:30:00,S1,Dairy,0.0,4.21,18.75,OUT
2026-06-02 02:30:00,S2,Bakery,60.6,3.98,3.25,FULL
2026-06-02 02:30:00,S3,Dairy,19.4,3.87,6.5,OUT
2026-06-02 02:30:00,S4,Beverages,0.0,6.22,6.25,OUT
2026-06-02 02:30:00,S5,Snacks,38.1,3.16,,LOW
2026-06-02 02:30:00,S6,Produce,,4.96,3.5,LOW
2026-06-02 02:30:00,S7,Beverages,0.0,5.92,18.75,OUT
2026-06-02 02:30:00,S8,Bakery,0.0,2.95,18.75,OUT
2026-06-02 02:45:00,S1,Dairy,0.0,3.3,19.0,OUT
2026-06-02 02:45:00,S2,Bakery,35.8,5.65,3.5,LOW
2026-06-02 02:45:00,S3,Dairy,46.5,2.48,6.75,LOW
2026-06-02 02:45:00,S4,Beverages,0.0,5.17,6.5,OUT
2026-06-02 02:45:00,S5,Snacks,38.0,3.1,6.25,LOW
2026-06-02 02:45:00,S6,Produce,63.1,3.45,3.75,FULL
2026-06-02 02:45:00,S7,Beverages,0.0,7.35,19.0,OUT
2026-06-02 02:45:00,S8,Bakery,0.0,4.53,19.0,OUT
2026-06-02 03:00:00,S1,Dairy,0.0,5.98,19.25,OUT
2026-06-02 03:00:00,S2,Bakery,41.3,5.1,3.75,LOW
2026-06-02 03:00:00,S3,Dairy,0.0,5.18,7.0,OUT
2026-06-02 03:00:00,S4,Beverages,0.0,6.96,6.75,OUT
2026-06-02 03:00:00,S5,Snacks,75.4,1.37,6.5,FULL
2026-06-02 03:00:00,S6,Produce,27.5,5.74,4.0,LOW
2026-06-02 03:00:00,S7,Beverages,0.0,6.22,19.25,OUT
2026-06-02 03:00:00,S8,Bakery,0.0,4.46,19.25,OUT
2026-06-02 03:15:00,S1,Dairy,0.0,4.62,19.5,OUT
2026-06-02 03:15:00,S2,Bakery,29.1,5.64,4.0,LOW
2026-06-02 03:15:00,S3,Dairy,18.5,3.71,,OUT
2026-06-02 03:15:00,S4,Beverages,0.0,6.63,7.0,OUT
2026-06-02 03:15:00,S5,Snacks,50.7,2.08,6.75,LOW
2026-06-02 03:15:00,S6,Produce,36.7,4.67,4.25,LOW
2026-06-02 03:15:00,S7,Beverages,0.0,5.15,19.5,OUT
2026-06-02 03:15:00,S8,Bakery,0.0,5.93,19.5,OUT
2026-06-02 03:30:00,S1,Dairy,0.0,4.69,19.75,OUT
2026-06-02 03:30:00,S2,Bakery,46.2,3.87,4.25,LOW
2026-06-02 03:30:00,S3,Dairy,6.9,3.78,7.5,OUT
2026-06-02 03:30:00,S4,Beverages,0.0,5.68,7.25,OUT
2026-06-02 03:30:00,S5,Snacks,34.9,2.8,7.0,LOW
2026-06-02 03:30:00,S6,Produce,39.2,4.01,,LOW
2026-06-02 03:30:00,S7,Beverages,0.0,6.14,19.75,OUT
2026-06-02 03:30:00,S8,Bakery,0.0,5.37,19.75,OUT
2026-06-02 03:45:00,S1,Dairy,0.0,5.12,20.0,OUT
2026-06-02 03:45:00,S2,Bakery,32.1,4.89,4.5,LOW
2026-06-02 03:45:00,S3,Dairy,0.0,5.34,7.75,OUT
2026-06-02 03:45:00,S4,Beverages,0.0,6.69,7.5,OUT
2026-06-02 03:45:00,S5,Snacks,53.0,2.07,7.25,LOW
2026-06-02 03:45:00,S6,Produce,40.5,4.13,4.75,LOW
2026-06-02 03:45:00,S7,Beverages,0.0,7.49,20.0,OUT
2026-06-02 03:45:00,S8,Bakery,,4.82,20.0,OUT
2026-06-02 04:00:00,S1,Dairy,0.0,3.4,20.25,OUT
2026-06-02 04:00:00,S2,Bakery,29.9,4.74,4.75,LOW
2026-06-02 04:00:00,S3,Dairy,0.0,4.11,8.0,OUT
2026-06-02 04:00:00,S4,Beverages,0.0,5.55,7.75,OUT
2026-06-02 04:00:00,S5,Snacks,33.6,2.84,7.5,LOW
2026-06-02 04:00:00,S6,Produce,42.8,3.12,,LOW
2026-06-02 04:00:00,S7,Beverages,0.0,6.31,20.25,OUT
2026-06-02 04:00:00,S8,Bakery,0.0,3.44,20.25,OUT
2026-06-02 04:15:00,S1,Dairy,0.0,4.84,20.5,OUT
2026-06-02 04:15:00,S2,Bakery,32.9,4.3,5.0,LOW
2026-06-02 04:15:00,S3,Dairy,0.0,4.7,8.25,OUT
2026-06-02 04:15:00,S4,Beverages,0.0,5.62,8.0,OUT
2026-06-02 04:15:00,S5,Snacks,79.2,0.98,7.75,FULL
2026-06-02 04:15:00,S6,Produce,39.3,3.43,5.25,LOW
2026-06-02 04:15:00,S7,Beverages,0.0,5.99,20.5,OUT
2026-06-02 04:15:00,S8,Bakery,0.0,5.01,20.5,OUT
2026-06-02 04:30:00,S1,Dairy,0.0,3.14,20.75,OUT
2026-06-02 04:30:00,S2,Bakery,0.0,5.99,5.25,OUT
2026-06-02 04:30:00,S3,Dairy,0.0,5.6,8.5,OUT
2026-06-02 04:30:00,S4,Beverages,0.0,5.46,8.25,OUT
2026-06-02 04:30:00,S5,Snacks,23.5,2.97,8.0,LOW
2026-06-02 04:30:00,S6,Produce,1.2,5.78,5.5,OUT
2026-06-02 04:30:00,S7,Beverages,0.0,6.43,20.75,OUT
2026-06-02 04:30:00,S8,Bakery,0.0,5.4,20.75,OUT
2026-06-02 04:45:00,S1,Dairy,0.0,,21.0,OUT
2026-06-02 04:45:00,S2,Bakery,19.4,4.7,5.5,OUT
2026-06-02 04:45:00,S3,Dairy,0.0,5.17,8.75,OUT
2026-06-02 04:45:00,S4,Beverages,0.0,7.43,8.5,OUT
2026-06-02 04:45:00,S5,Snacks,9.6,3.34,8.25,OUT
2026-06-02 04:45:00,S6,Produce,17.7,4.52,5.75,OUT
2026-06-02 04:45:00,S7,Beverages,0.0,8.12,21.0,OUT
2026-06-02 04:45:00,S8,Bakery,0.0,4.97,21.0,OUT
2026-06-02 05:00:00,S1,Dairy,0.0,4.63,21.25,OUT
2026-06-02 05:00:00,S2,Bakery,,4.37,5.75,LOW
2026-06-02 05:00:00,S3,Dairy,0.0,5.51,9.0,OUT
2026-06-02 05:00:00,S4,Beverages,0.0,5.92,8.75,OUT
2026-06-02 05:00:00,S5,Snacks,81.5,0.72,8.5,FULL
2026-06-02 05:00:00,S6,Produce,37.3,3.34,6.0,LOW
2026-06-02 05:00:00,S7,Beverages,0.0,6.0,21.25,OUT
2026-06-02 05:00:00,S8,Bakery,0.0,4.93,21.25,OUT
2026-06-02 05:15:00,S1,Dairy,0.0,4.07,21.5,OUT
2026-06-02 05:15:00,S2,Bakery,0.0,5.56,6.0,OUT
2026-06-02 05:15:00,S3,Dairy,0.0,4.16,9.25,OUT
2026-06-02 05:15:00,S4,Beverages,0.0,6.42,9.0,OUT
2026-06-02 05:15:00,S5,Snacks,25.5,2.7,,LOW
2026-06-02 05:15:00,S6,Produce,34.3,3.47,6.25,LOW
2026-06-02 05:15:00,S7,Beverages,0.0,6.6,21.5,OUT
2026-06-02 05:15:00,S8,Bakery,0.0,5.5,21.5,OUT
2026-06-02 05:30:00,S1,Dairy,0.0,4.69,21.75,OUT
2026-06-02 05:30:00,S2,Bakery,0.0,5.89,,OUT
2026-06-02 05:30:00,S3,Dairy,0.0,4.12,9.5,OUT
2026-06-02 05:30:00,S4,Beverages,0.0,7.07,9.25,OUT
2026-06-02 05:30:00,S5,Snacks,,3.74,9.0,OUT
2026-06-02 05:30:00,S6,Produce,0.0,5.1,6.5,OUT
2026-06-02 05:30:00,S7,Beverages,97.0,6.03,0.0,FULL
2026-06-02 05:30:00,S8,Bakery,0.0,5.5,21.75,OUT
2026-06-02 05:45:00,S1,Dairy,0.0,4.51,22.0,OUT
2026-06-02 05:45:00,S2,Bakery,8.1,4.59,6.5,OUT
2026-06-02 05:45:00,S3,Dairy,0.0,5.82,9.75,OUT
2026-06-02 05:45:00,S4,Beverages,0.0,4.74,9.5,OUT
2026-06-02 05:45:00,S5,Snacks,13.0,2.9,9.25,OUT
2026-06-02 05:45:00,S6,Produce,26.9,3.4,6.75,LOW
2026-06-02 05:45:00,S7,Beverages,94.4,6.62,0.25,FULL
2026-06-02 05:45:00,S8,Bakery,0.0,4.67,22.0,OUT
2026-06-02 06:00:00,S1,Dairy,0.0,6.38,22.25,OUT
2026-06-02 06:00:00,S2,Bakery,0.0,5.85,6.75,OUT
2026-06-02 06:00:00,S3,Dairy,0.0,4.27,10.0,OUT
2026-06-02 06:00:00,S4,Beverages,0.0,4.58,9.75,OUT
2026-06-02 06:00:00,S5,Snacks,0.0,4.46,9.5,OUT
2026-06-02 06:00:00,S6,Produce,15.4,3.71,7.0,OUT
2026-06-02 06:00:00,S7,Beverages,91.0,5.73,0.5,FULL
2026-06-02 06:00:00,S8,Bakery,0.0,3.86,22.25,OUT
2026-06-02 06:15:00,S1,Dairy,0.0,4.58,22.5,OUT
2026-06-02 06:15:00,S2,Bakery,0.0,5.2,7.0,OUT
2026-06-02 06:15:00,S3,Dairy,0.0,5.38,10.25,OUT
2026-06-02 06:15:00,S4,Beverages,0.0,5.79,10.0,OUT
2026-06-02 06:15:00,S5,Snacks,81.4,0.62,9.75,FULL
2026-06-02 06:15:00,S6,Produce,12.1,3.65,7.25,OUT
2026-06-02 06:15:00,S7,Beverages,83.4,6.26,0.75,FULL
2026-06-02 06:15:00,S8,Bakery,0.0,4.93,22.5,OUT
2026-06-02 06:30:00,S1,Dairy,0.0,3.12,22.75,OUT
2026-06-02 06:30:00,S2,Bakery,0.0,6.13,7.25,OUT
2026-06-02 06:30:00,S3,Dairy,0.0,3.17,10.5,OUT
2026-06-02 06:30:00,S4,Beverages,0.0,7.56,10.25,OUT
2026-06-02 06:30:00,S5,Snacks,,1.61,10.0,LOW
2026-06-02 06:30:00,S6,Produce,3.5,4.19,7.5,OUT
2026-06-02 06:30:00,S7,Beverages,76.8,6.33,1.0,FULL
2026-06-02 06:30:00,S8,Bakery,0.0,4.28,22.75,OUT
2026-06-02 06:45:00,S1,Dairy,0.0,6.0,,OUT
2026-06-02 06:45:00,S2,Bakery,2.1,3.97,7.5,OUT
2026-06-02 06:45:00,S3,Dairy,0.0,4.37,10.75,OUT
2026-06-02 06:45:00,S4,Beverages,0.0,5.05,10.5,OUT
2026-06-02 06:45:00,S5,Snacks,0.0,2.91,10.25,OUT
2026-06-02 06:45:00,S6,Produce,0.0,4.67,7.75,OUT
2026-06-02 06:45:00,S7,Beverages,74.4,5.94,1.25,FULL
2026-06-02 06:45:00,S8,Bakery,0.0,3.34,23.0,OUT
2026-06-02 07:00:00,S1,Dairy,0.0,4.16,23.25,OUT
2026-06-02 07:00:00,S2,Bakery,0.0,,7.75,OUT
2026-06-02 07:00:00,S3,Dairy,0.0,4.48,11.0,OUT
2026-06-02 07:00:00,S4,Beverages,0.0,5.18,10.75,OUT
2026-06-02 07:00:00,S5,Snacks,0.0,4.1,10.5,OUT
2026-06-02 07:00:00,S6,Produce,0.0,4.0,8.0,OUT
2026-06-02 07:00:00,S7,Beverages,63.2,7.79,1.5,FULL
2026-06-02 07:00:00,S8,Bakery,0.0,5.28,23.25,OUT
2026-06-02 07:15:00,S1,Dairy,0.0,4.75,23.5,OUT
2026-06-02 07:15:00,S2,Bakery,0.0,5.64,8.0,OUT
2026-06-02 07:15:00,S3,Dairy,0.0,5.46,11.25,OUT
2026-06-02 07:15:00,S4,Beverages,0.0,6.45,11.0,OUT
2026-06-02 07:15:00,S5,Snacks,74.7,0.81,10.75,FULL
2026-06-02 07:15:00,S6,Produce,0.0,4.28,8.25,OUT
2026-06-02 07:15:00,S7,Beverages,70.8,6.35,1.75,FULL
2026-06-02 07:15:00,S8,Bakery,0.0,4.22,23.5,OUT
2026-06-02 07:30:00,S1,Dairy,0.0,4.66,23.75,OUT
2026-06-02 07:30:00,S2,Bakery,0.0,5.72,8.25,OUT
2026-06-02 07:30:00,S3,Dairy,22.1,2.13,,LOW
2026-06-02 07:30:00,S4,Beverages,0.0,5.45,11.25,OUT
2026-06-02 07:30:00,S5,Snacks,0.0,2.97,11.0,OUT
2026-06-02 07:30:00,S6,Produce,0.0,4.57,8.5,OUT
2026-06-02 07:30:00,S7,Beverages,55.7,6.7,2.0,LOW
2026-06-02 07:30:00,S8,Bakery,0.0,4.03,23.75,OUT
2026-06-02 07:45:00,S1,Dairy,0.0,4.74,24.0,OUT
2026-06-02 07:45:00,S2,Bakery,0.0,6.13,8.5,OUT
2026-06-02 07:45:00,S3,Dairy,0.0,3.14,11.75,OUT
2026-06-02 07:45:00,S4,Beverages,100.0,3.05,0.0,FULL
2026-06-02 07:45:00,S5,Snacks,28.3,1.9,11.25,LOW
2026-06-02 07:45:00,S6,Produce,0.0,3.7,8.75,OUT
2026-06-02 07:45:00,S7,Beverages,58.1,5.48,2.25,LOW
2026-06-02 07:45:00,S8,Bakery,0.0,6.12,24.0,OUT
2026-06-02 08:00:00,S1,Dairy,0.0,4.39,24.25,OUT
2026-06-02 08:00:00,S2,Bakery,0.0,5.48,8.75,OUT
2026-06-02 08:00:00,S3,Dairy,0.0,4.95,12.0,OUT
2026-06-02 08:00:00,S4,Beverages,98.7,5.75,0.25,FULL
2026-06-02 08:00:00,S5,Snacks,0.0,3.29,11.5,OUT
2026-06-02 08:00:00,S6,Produce,11.9,3.28,9.0,OUT
2026-06-02 08:00:00,S7,Beverages,56.7,5.76,2.5,LOW
2026-06-02 08:00:00,S8,Bakery,0.0,7.45,24.25,OUT
2026-06-02 08:15:00,S1,Dairy,0.0,3.44,24.5,OUT
2026-06-02 08:15:00,S2,Bakery,0.0,3.91,9.0,OUT
2026-06-02 08:15:00,S3,Dairy,0.0,2.87,12.25,OUT
2026-06-02 08:15:00,S4,Beverages,90.7,7.2,0.5,FULL
2026-06-02 08:15:00,S5,Snacks,0.0,3.09,11.75,OUT
2026-06-02 08:15:00,S6,Produce,0.0,4.76,9.25,OUT
2026-06-02 08:15:00,S7,Beverages,50.5,5.44,2.75,LOW
2026-06-02 08:15:00,S8,Bakery,0.0,5.03,24.5,OUT
2026-06-02 08:30:00,S1,Dairy,0.0,5.55,24.75,OUT
2026-06-02 08:30:00,S2,Bakery,0.0,4.26,9.25,OUT
2026-06-02 08:30:00,S3,Dairy,0.0,4.64,12.5,OUT
2026-06-02 08:30:00,S4,Beverages,90.0,5.31,0.75,FULL
2026-06-02 08:30:00,S5,Snacks,0.0,3.09,12.0,OUT
2026-06-02 08:30:00,S6,Produce,0.0,4.72,9.5,OUT
2026-06-02 08:30:00,S7,Beverages,23.9,7.69,3.0,LOW
2026-06-02 08:30:00,S8,Bakery,0.0,5.48,24.75,OUT
2026-06-02 08:45:00,S1,Dairy,0.0,2.42,25.0,OUT
2026-06-02 08:45:00,S2,Bakery,0.0,,9.5,OUT
2026-06-02 08:45:00,S3,Dairy,0.0,3.04,12.75,OUT
2026-06-02 08:45:00,S4,Beverages,84.5,6.43,,FULL
2026-06-02 08:45:00,S5,Snacks,0.0,2.68,12.25,OUT
2026-06-02 08:45:00,S6,Produce,0.0,4.95,9.75,OUT
2026-06-02 08:45:00,S7,Beverages,37.4,6.51,3.25,LOW
2026-06-02 08:45:00,S8,Bakery,0.0,5.51,25.0,OUT
2026-06-02 09:00:00,S1,Dairy,0.0,6.04,25.25,OUT
2026-06-02 09:00:00,S2,Bakery,0.0,5.62,9.75,OUT
2026-06-02 09:00:00,S3,Dairy,0.0,4.86,13.0,OUT
2026-06-02 09:00:00,S4,Beverages,67.8,7.31,1.25,FULL
2026-06-02 09:00:00,S5,Snacks,0.0,3.12,12.5,OUT
2026-06-02 09:00:00,S6,Produce,0.0,4.21,10.0,OUT
2026-06-02 09:00:00,S7,Beverages,33.4,5.46,3.5,LOW
2026-06-02 09:00:00,S8,Bakery,0.0,4.8,25.25,OUT
2026-06-02 09:15:00,S1,Dairy,0.0,4.59,25.5,OUT
2026-06-02 09:15:00,S2,Bakery,0.0,6.4,10.0,OUT
2026-06-02 09:15:00,S3,Dairy,0.0,3.46,13.25,OUT
2026-06-02 09:15:00,S4,Beverages,65.6,6.86,1.5,FULL
2026-06-02 09:15:00,S5,Snacks,0.0,3.74,12.75,OUT
2026-06-02 09:15:00,S6,Produce,0.0,3.6,10.25,OUT
2026-06-02 09:15:00,S7,Beverages,55.1,4.09,3.75,LOW
2026-06-02 09:15:00,S8,Bakery,0.0,5.25,25.5,OUT
2026-06-02 09:30:00,S1,Dairy,0.0,3.28,25.75,OUT
2026-06-02 09:30:00,S2,Bakery,0.0,5.65,10.25,OUT
2026-06-02 09:30:00,S3,Dairy,0.0,4.09,13.5,OUT
2026-06-02 09:30:00,S4,Beverages,70.7,5.35,1.75,FULL
2026-06-02 09:30:00,S5,Snacks,0.0,3.08,13.0,OUT
2026-06-02 09:30:00,S6,Produce,0.0,3.58,10.5,OUT
2026-06-02 09:30:00,S7,Beverages,36.6,4.84,4.0,LOW
2026-06-02 09:30:00,S8,Bakery,0.0,4.39,25.75,OUT
2026-06-02 09:45:00,S1,Dairy,0.0,3.64,26.0,OUT
2026-06-02 09:45:00,S2,Bakery,0.0,5.01,10.5,OUT
2026-06-02 09:45:00,S3,Dairy,100.0,2.36,0.0,FULL
2026-06-02 09:45:00,S4,Beverages,55.1,,2.0,LOW
2026-06-02 09:45:00,S5,Snacks,0.0,4.1,13.25,OUT
2026-06-02 09:45:00,S6,Produce,0.0,3.3,10.75,OUT
2026-06-02 09:45:00,S7,Beverages,25.5,5.25,4.25,LOW
2026-06-02 09:45:00,S8,Bakery,0.0,4.98,26.0,OUT
2026-06-02 10:00:00,S1,Dairy,0.0,2.58,26.25,OUT
2026-06-02 10:00:00,S2,Bakery,0.0,4.43,10.75,OUT
2026-06-02 10:00:00,S3,Dairy,93.6,4.33,0.25,FULL
2026-06-02 10:00:00,S4,Beverages,60.3,5.34,2.25,FULL
2026-06-02 10:00:00,S5,Snacks,95.6,3.91,0.0,FULL
2026-06-02 10:00:00,S6,Produce,0.0,5.91,11.0,OUT
2026-06-02 10:00:00,S7,Beverages,0.0,6.71,4.5,OUT
2026-06-02 10:00:00,S8,Bakery,0.0,5.48,26.25,OUT
2026-06-02 10:15:00,S1,Dairy,0.0,2.75,26.5,OUT
2026-06-02 10:15:00,S2,Bakery,0.0,6.66,11.0,OUT
2026-06-02 10:15:00,S3,Dairy,92.2,4.93,0.5,FULL
2026-06-02 10:15:00,S4,Beverages,58.4,5.17,2.5,LOW
2026-06-02 10:15:00,S5,Snacks,99.8,3.51,0.25,FULL
2026-06-02 10:15:00,S6,Produce,0.0,3.78,11.25,OUT
2026-06-02 10:15:00,S7,Beverages,32.9,4.36,4.75,LOW
2026-06-02 10:15:00,S8,Bakery,0.0,5.88,26.5,OUT
2026-06-02 10:30:00,S1,Dairy,0.0,4.67,26.75,OUT
2026-06-02 10:30:00,S2,Bakery,100.0,6.48,0.0,FULL
2026-06-02 10:30:00,S3,Dairy,86.3,4.45,0.75,FULL
2026-06-02 10:30:00,S4,Beverages,37.8,7.09,2.75,LOW
2026-06-02 10:30:00,S5,Snacks,97.3,2.8,0.5,FULL
2026-06-02 10:30:00,S6,Produce,8.5,2.44,11.5,OUT
2026-06-02 10:30:00,S7,Beverages,0.0,6.5,5.0,OUT
2026-06-02 10:30:00,S8,Bakery,0.0,5.45,26.75,OUT
2026-06-02 10:45:00,S1,Dairy,0.0,5.68,27.0,OUT
2026-06-02 10:45:00,S2,Bakery,94.5,6.48,0.25,FULL
2026-06-02 10:45:00,S3,Dairy,94.1,2.42,1.0,FULL
2026-06-02 10:45:00,S4,Beverages,39.2,7.0,3.0,LOW
2026-06-02 10:45:00,S5,Snacks,88.1,2.19,0.75,FULL
2026-06-02 10:45:00,S6,Produce,0.0,3.63,11.75,OUT
2026-06-02 10:45:00,S7,Beverages,0.0,6.23,5.25,OUT
2026-06-02 10:45:00,S8,Bakery,0.0,5.49,27.0,OUT
2026-06-02 11:00:00,S1,Dairy,0.0,4.38,27.25,OUT
2026-06-02 11:00:00,S2,Bakery,90.4,5.77,0.5,FULL
2026-06-02 11:00:00,S3,Dairy,77.6,,1.25,FULL
2026-06-02 11:00:00,S4,Beverages,,6.63,3.25,LOW
2026-06-02 11:00:00,S5,Snacks,92.2,3.22,1.0,FULL
2026-06-02 11:00:00,S6,Produce,0.0,2.85,12.0,OUT
2026-06-02 11:00:00,S7,Beverages,2.5,5.73,5.5,OUT
2026-06-02 11:00:00,S8,Bakery,0.0,5.45,27.25,OUT
2026-06-02 11:15:00,S1,Dairy,0.0,6.52,27.5,OUT
2026-06-02 11:15:00,S2,Bakery,92.3,4.58,0.75,FULL
2026-06-02 11:15:00,S3,Dairy,73.8,4.96,1.5,FULL
2026-06-02 11:15:00,S4,Beverages,20.7,6.96,3.5,LOW
2026-06-02 11:15:00,S5,Snacks,94.7,4.08,1.25,FULL
2026-06-02 11:15:00,S6,Produce,0.0,3.38,12.25,OUT
2026-06-02 11:15:00,S7,Beverages,0.0,5.62,5.75,OUT
2026-06-02 11:15:00,S8,Bakery,0.0,3.7,27.5,OUT
2026-06-02 11:30:00,S1,Dairy,0.0,4.82,27.75,OUT
2026-06-02 11:30:00,S2,Bakery,74.2,4.77,1.0,FULL
2026-06-02 11:30:00,S3,Dairy,75.8,4.07,1.75,FULL
2026-06-02 11:30:00,S4,Beverages,4.0,8.26,3.75,OUT
2026-06-02 11:30:00,S5,Snacks,88.1,2.83,1.5,FULL
2026-06-02 11:30:00,S6,Produce,0.0,4.95,12.5,OUT
2026-06-02 11:30:00,S7,Beverages,0.0,6.71,6.0,OUT
2026-06-02 11:30:00,S8,Bakery,0.0,4.57,27.75,OUT
2026-06-02 11:45:00,S1,Dairy,0.0,5.54,28.0,OUT
2026-06-02 11:45:00,S2,Bakery,67.0,6.02,1.25,FULL
2026-06-02 11:45:00,S3,Dairy,74.1,4.37,2.0,FULL
2026-06-02 11:45:00,S4,Beverages,36.5,4.94,4.0,LOW
2026-06-02 11:45:00,S5,Snacks,86.9,2.17,1.75,FULL
2026-06-02 11:45:00,S6,Produce,100.0,3.33,0.0,FULL
2026-06-02 11:45:00,S7,Beverages,1.3,4.91,6.25,OUT
2026-06-02 11:45:00,S8,Bakery,0.0,5.36,28.0,OUT
2026-06-02 12:00:00,S1,Dairy,0.0,3.94,28.25,OUT
2026-06-02 12:00:00,S2,Bakery,76.6,5.17,1.5,FULL
2026-06-02 12:00:00,S3,Dairy,67.4,4.52,2.25,FULL
2026-06-02 12:00:00,S4,Beverages,35.8,4.66,4.25,LOW
2026-06-02 12:00:00,S5,Snacks,68.0,5.01,2.0,FULL
2026-06-02 12:00:00,S6,Produce,98.8,3.27,0.25,FULL
2026-06-02 12:00:00,S7,Beverages,0.0,6.33,6.5,OUT
2026-06-02 12:00:00,S8,Bakery,0.0,4.32,28.25,OUT
2026-06-02 12:15:00,S1,Dairy,0.0,4.33,28.5,OUT
2026-06-02 12:15:00,S2,Bakery,80.2,3.18,1.75,FULL
2026-06-02 12:15:00,S3,Dairy,53.9,5.6,2.5,LOW
2026-06-02 12:15:00,S4,Beverages,,5.2,4.5,LOW
2026-06-02 12:15:00,S5,Snacks,72.3,3.5,2.25,FULL
2026-06-02 12:15:00,S6,Produce,94.6,2.89,0.5,FULL
2026-06-02 12:15:00,S7,Beverages,5.2,4.6,6.75,OUT
2026-06-02 12:15:00,S8,Bakery,0.0,3.92,,OUT
2026-06-02 12:30:00,S1,Dairy,0.0,4.73,28.75,OUT
2026-06-02 12:30:00,S2,Bakery,62.3,6.04,2.0,FULL
2026-06-02 12:30:00,S3,Dairy,60.3,,2.75,FULL
2026-06-02 12:30:00,S4,Beverages,0.0,7.59,4.75,OUT
2026-06-02 12:30:00,S5,Snacks,81.8,2.4,2.5,FULL
2026-06-02 12:30:00,S6,Produce,86.6,4.51,0.75,FULL
2026-06-02 12:30:00,S7,Beverages,0.0,7.02,7.0,OUT
2026-06-02 12:30:00,S8,Bakery,0.0,3.28,28.75,OUT
2026-06-02 12:45:00,S1,Dairy,0.0,4.59,29.0,OUT
2026-06-02 12:45:00,S2,Bakery,72.7,3.66,2.25,FULL
2026-06-02 12:45:00,S3,Dairy,63.7,3.95,3.0,FULL
2026-06-02 12:45:00,S4,Beverages,0.0,6.1,5.0,OUT
2026-06-02 12:45:00,S5,Snacks,74.2,2.44,2.75,FULL
2026-06-02 12:45:00,S6,Produce,89.5,4.15,1.0,FULL
2026-06-02 12:45:00,S7,Beverages,0.0,6.32,7.25,OUT
2026-06-02 12:45:00,S8,Bakery,0.0,4.11,29.0,OUT
2026-06-02 13:00:00,S1,Dairy,0.0,4.3,29.25,OUT
2026-06-02 13:00:00,S2,Bakery,67.1,4.65,2.5,FULL
2026-06-02 13:00:00,S3,Dairy,,5.42,3.25,LOW
2026-06-02 13:00:00,S4,Beverages,0.0,7.61,5.25,OUT
2026-06-02 13:00:00,S5,Snacks,80.1,1.96,3.0,FULL
2026-06-02 13:00:00,S6,Produce,84.3,4.08,1.25,FULL
2026-06-02 13:00:00,S7,Beverages,0.0,5.86,7.5,OUT
2026-06-02 13:00:00,S8,Bakery,0.0,6.06,29.25,OUT
2026-06-02 13:15:00,S1,Dairy,0.0,3.68,29.5,OUT
2026-06-02 13:15:00,S2,Bakery,50.6,5.51,2.75,LOW
2026-06-02 13:15:00,S3,Dairy,33.3,6.07,3.5,LOW
2026-06-02 13:15:00,S4,Beverages,0.0,8.14,5.5,OUT
2026-06-02 13:15:00,S5,Snacks,74.1,2.23,3.25,FULL
2026-06-02 13:15:00,S6,Produce,78.0,3.79,1.5,FULL
2026-06-02 13:15:00,S7,Beverages,0.0,7.3,7.75,OUT
2026-06-02 13:15:00,S8,Bakery,0.0,6.16,29.5,OUT
2026-06-02 13:30:00,S1,Dairy,0.0,5.57,29.75,OUT
2026-06-02 13:30:00,S2,Bakery,66.5,3.31,3.0,FULL
2026-06-02 13:30:00,S3,Dairy,50.4,4.14,3.75,LOW
2026-06-02 13:30:00,S4,Beverages,4.6,5.26,5.75,OUT
2026-06-02 13:30:00,S5,Snacks,69.6,3.28,3.5,FULL
2026-06-02 13:30:00,S6,Produce,74.2,5.15,1.75,FULL
2026-06-02 13:30:00,S7,Beverages,0.0,6.75,8.0,OUT
2026-06-02 13:30:00,S8,Bakery,0.0,4.79,29.75,OUT
2026-06-02 13:45:00,S1,Dairy,0.0,6.02,30.0,OUT
2026-06-02 13:45:00,S2,Bakery,35.6,6.47,3.25,LOW
2026-06-02 13:45:00,S3,Dairy,34.0,4.95,4.0,LOW
2026-06-02 13:45:00,S4,Beverages,0.0,6.66,6.0,OUT
2026-06-02 13:45:00,S5,Snacks,66.6,2.63,3.75,FULL
2026-06-02 13:45:00,S6,Produce,70.2,4.53,2.0,FULL
2026-06-02 13:45:00,S7,Beverages,0.0,7.21,8.25,OUT
2026-06-02 13:45:00,S8,Bakery,0.0,3.38,30.0,OUT
2026-06-02 14:00:00,S1,Dairy,0.0,4.39,30.25,OUT
2026-06-02 14:00:00,S2,Bakery,42.0,5.12,3.5,LOW
2026-06-02 14:00:00,S3,Dairy,23.6,5.48,4.25,LOW
2026-06-02 14:00:00,S4,Beverages,0.0,6.25,6.25,OUT
2026-06-02 14:00:00,S5,Snacks,55.4,3.77,4.0,LOW
2026-06-02 14:00:00,S6,Produce,56.8,5.64,2.25,LOW
2026-06-02 14:00:00,S7,Beverages,0.0,5.29,8.5,OUT
2026-06-02 14:00:00,S8,Bakery,0.0,3.99,30.25,OUT
2026-06-02 14:15:00,S1,Dairy,0.0,3.35,30.5,OUT
2026-06-02 14:15:00,S2,Bakery,53.7,3.87,3.75,LOW
2026-06-02 14:15:00,S3,Dairy,38.6,5.06,4.5,LOW
2026-06-02 14:15:00,S4,Beverages,0.0,5.22,6.5,OUT
2026-06-02 14:15:00,S5,Snacks,39.4,4.48,4.25,LOW
2026-06-02 14:15:00,S6,Produce,58.0,5.01,2.5,LOW
2026-06-02 14:15:00,S7,Beverages,0.0,6.83,8.75,OUT
2026-06-02 14:15:00,S8,Bakery,0.0,4.82,30.5,OUT
2026-06-02 14:30:00,S1,Dairy,0.0,5.21,30.75,OUT
2026-06-02 14:30:00,S2,Bakery,35.1,5.08,4.0,LOW
2026-06-02 14:30:00,S3,Dairy,33.6,4.16,4.75,LOW
2026-06-02 14:30:00,S4,Beverages,0.0,8.09,6.75,OUT
2026-06-02 14:30:00,S5,Snacks,72.4,1.79,4.5,FULL
2026-06-02 14:30:00,S6,Produce,54.9,,2.75,LOW
2026-06-02 14:30:00,S7,Beverages,0.0,5.16,9.0,OUT
2026-06-02 14:30:00,S8,Bakery,0.0,4.56,30.75,OUT
2026-06-02 14:45:00,S1,Dairy,0.0,5.35,31.0,OUT
2026-06-02 14:45:00,S2,Bakery,48.3,3.61,4.25,LOW
2026-06-02 14:45:00,S3,Dairy,19.6,5.09,5.0,OUT
2026-06-02 14:45:00,S4,Beverages,,5.23,7.0,OUT
2026-06-02 14:45:00,S5,Snacks,89.9,0.73,4.75,FULL
2026-06-02 14:45:00,S6,Produce,54.1,4.59,3.0,LOW
2026-06-02 14:45:00,S7,Beverages,0.0,5.35,9.25,OUT
2026-06-02 14:45:00,S8,Bakery,0.0,3.58,31.0,OUT
2026-06-02 15:00:00,S1,Dairy,0.0,5.01,31.25,OUT
2026-06-02 15:00:00,S2,Bakery,24.3,5.33,4.5,LOW
2026-06-02 15:00:00,S3,Dairy,26.1,4.46,5.25,LOW
2026-06-02 15:00:00,S4,Beverages,13.5,3.75,7.25,OUT
2026-06-02 15:00:00,S5,Snacks,39.7,3.75,5.0,LOW
2026-06-02 15:00:00,S6,Produce,53.0,4.29,3.25,LOW
2026-06-02 15:00:00,S7,Beverages,0.0,6.92,9.5,OUT
2026-06-02 15:00:00,S8,Bakery,0.0,4.51,31.25,OUT
2026-06-02 15:15:00,S1,Dairy,0.0,3.71,31.5,OUT
2026-06-02 15:15:00,S2,Bakery,39.2,3.69,4.75,LOW
2026-06-02 15:15:00,S3,Dairy,16.1,4.76,5.5,OUT
2026-06-02 15:15:00,S4,Beverages,13.8,3.75,7.5,OUT
2026-06-02 15:15:00,S5,Snacks,64.1,2.36,5.25,FULL
2026-06-02 15:15:00,S6,Produce,79.5,1.79,3.5,FULL
2026-06-02 15:15:00,S7,Beverages,0.0,7.07,9.75,OUT
2026-06-02 15:15:00,S8,Bakery,0.0,5.33,31.5,OUT
2026-06-02 15:30:00,S1,Dairy,0.0,5.25,31.75,OUT
2026-06-02 15:30:00,S2,Bakery,,4.1,5.0,LOW
2026-06-02 15:30:00,S3,Dairy,58.8,2.22,5.75,LOW
2026-06-02 15:30:00,S4,Beverages,0.0,4.54,7.75,OUT
2026-06-02 15:30:00,S5,Snacks,24.2,4.23,5.5,LOW
2026-06-02 15:30:00,S6,Produce,62.2,3.59,3.75,FULL
2026-06-02 15:30:00,S7,Beverages,0.0,7.39,10.0,OUT
2026-06-02 15:30:00,S8,Bakery,0.0,2.74,31.75,OUT
2026-06-02 15:45:00,S1,Dairy,0.0,4.15,32.0,OUT
2026-06-02 15:45:00,S2,Bakery,12.1,5.22,5.25,OUT
2026-06-02 15:45:00,S3,Dairy,0.0,5.84,6.0,OUT
2026-06-02 15:45:00,S4,Beverages,0.0,5.5,8.0,OUT
2026-06-02 15:45:00,S5,Snacks,37.0,3.72,5.75,LOW
2026-06-02 15:45:00,S6,Produce,39.3,4.5,4.0,LOW
2026-06-02 15:45:00,S7,Beverages,0.0,6.82,10.25,OUT
2026-06-02 15:45:00,S8,Bakery,0.0,4.24,32.0,OUT
2026-06-02 16:00:00,S1,Dairy,0.0,5.13,32.25,OUT
2026-06-02 16:00:00,S2,Bakery,44.2,3.26,5.5,LOW
2026-06-02 16:00:00,S3,Dairy,12.3,4.44,6.25,OUT
2026-06-02 16:00:00,S4,Beverages,0.0,,8.25,OUT
2026-06-02 16:00:00,S5,Snacks,11.3,4.62,6.0,OUT
2026-06-02 16:00:00,S6,Produce,24.9,5.53,4.25,LOW
2026-06-02 16:00:00,S7,Beverages,0.0,5.13,10.5,OUT
2026-06-02 16:00:00,S8,Bakery,0.0,5.93,32.25,OUT
2026-06-02 16:15:00,S1,Dairy,0.0,3.35,32.5,OUT
2026-06-02 16:15:00,S2,Bakery,0.0,5.73,5.75,OUT
2026-06-02 16:15:00,S3,Dairy,12.9,4.12,6.5,OUT
2026-06-02 16:15:00,S4,Beverages,0.0,4.24,8.5,OUT
2026-06-02 16:15:00,S5,Snacks,42.0,2.76,6.25,LOW
2026-06-02 16:15:00,S6,Produce,26.6,5.24,4.5,LOW
2026-06-02 16:15:00,S7,Beverages,0.0,4.6,10.75,OUT
2026-06-02 16:15:00,S8,Bakery,100.0,5.57,0.0,FULL
2026-06-02 16:30:00,S1,Dairy,0.0,5.21,32.75,OUT
2026-06-02 16:30:00,S2,Bakery,4.9,4.84,6.0,OUT
2026-06-02 16:30:00,S3,Dairy,0.0,5.46,6.75,OUT
2026-06-02 16:30:00,S4,Beverages,0.0,4.6,8.75,OUT
2026-06-02 16:30:00,S5,Snacks,30.9,3.39,6.5,LOW
2026-06-02 16:30:00,S6,Produce,40.8,3.89,4.75,LOW
2026-06-02 16:30:00,S7,Beverages,0.0,5.18,11.0,OUT
2026-06-02 16:30:00,S8,Bakery,95.5,5.41,0.25,FULL
2026-06-02 16:45:00,S1,Dairy,100.0,3.47,0.0,FULL
2026-06-02 16:45:00,S2,Bakery,1.1,4.79,6.25,OUT
2026-06-02 16:45:00,S3,Dairy,22.5,3.61,7.0,LOW
2026-06-02 16:45:00,S4,Beverages,0.0,6.37,9.0,OUT
2026-06-02 16:45:00,S5,Snacks,55.7,2.15,6.75,LOW
2026-06-02 16:45:00,S6,Produce,29.1,4.26,5.0,LOW
2026-06-02 16:45:00,S7,Beverages,0.0,4.67,11.25,OUT
2026-06-02 16:45:00,S8,Bakery,90.0,4.86,,FULL
2026-06-02 17:00:00,S1,Dairy,,4.04,0.25,FULL
2026-06-02 17:00:00,S2,Bakery,5.0,4.44,6.5,OUT
2026-06-02 17:00:00,S3,Dairy,39.3,2.48,7.25,LOW
2026-06-02 17:00:00,S4,Beverages,0.0,7.27,9.25,OUT
2026-06-02 17:00:00,S5,Snacks,48.4,2.14,7.0,LOW
2026-06-02 17:00:00,S6,Produce,51.4,2.9,5.25,LOW
2026-06-02 17:00:00,S7,Beverages,0.0,4.88,11.5,OUT
2026-06-02 17:00:00,S8,Bakery,88.6,5.41,0.75,FULL
2026-06-02 17:15:00,S1,Dairy,92.1,3.65,0.5,FULL
2026-06-02 17:15:00,S2,Bakery,0.0,5.57,6.75,OUT
2026-06-02 17:15:00,S3,Dairy,0.0,6.14,7.5,OUT
2026-06-02 17:15:00,S4,Beverages,0.0,6.31,9.5,OUT
2026-06-02 17:15:00,S5,Snacks,58.3,2.0,7.25,LOW
2026-06-02 17:15:00,S6,Produce,32.8,3.79,5.5,LOW
2026-06-02 17:15:00,S7,Beverages,0.0,6.78,11.75,OUT
2026-06-02 17:15:00,S8,Bakery,85.3,5.59,,FULL
2026-06-02 17:30:00,S1,Dairy,91.0,4.29,0.75,FULL
2026-06-02 17:30:00,S2,Bakery,0.0,5.25,7.0,OUT
2026-06-02 17:30:00,S3,Dairy,6.0,3.92,7.75,OUT
2026-06-02 17:30:00,S4,Beverages,0.0,5.93,9.75,OUT
2026-06-02 17:30:00,S5,Snacks,41.9,2.75,7.5,LOW
2026-06-02 17:30:00,S6,Produce,43.9,3.16,5.75,LOW
2026-06-02 17:30:00,S7,Beverages,0.0,6.1,12.0,OUT
2026-06-02 17:30:00,S8,Bakery,73.3,5.7,1.25,FULL
2026-06-02 17:45:00,S1,Dairy,93.1,4.1,1.0,FULL
2026-06-02 17:45:00,S2,Bakery,19.4,3.43,7.25,OUT
2026-06-02 17:45:00,S3,Dairy,0.0,4.53,8.0,OUT
2026-06-02 17:45:00,S4,Beverages,0.0,5.03,10.0,OUT
2026-06-02 17:45:00,S5,Snacks,0.0,4.1,7.75,OUT
2026-06-02 17:45:00,S6,Produce,36.9,3.28,6.0,LOW
2026-06-02 17:45:00,S7,Beverages,0.0,5.53,12.25,OUT
2026-06-02 17:45:00,S8,Bakery,79.5,3.33,1.5,FULL
2026-06-02 18:00:00,S1,Dairy,89.0,2.46,1.25,FULL
2026-06-02 18:00:00,S2,Bakery,0.0,5.95,7.5,OUT
2026-06-02 18:00:00,S3,Dairy,16.3,2.99,8.25,OUT
2026-06-02 18:00:00,S4,Beverages,0.0,,10.25,OUT
2026-06-02 18:00:00,S5,Snacks,23.1,3.03,8.0,LOW
2026-06-02 18:00:00,S6,Produce,26.4,3.54,6.25,LOW
2026-06-02 18:00:00,S7,Beverages,0.0,6.45,12.5,OUT
2026-06-02 18:00:00,S8,Bakery,71.5,5.44,1.75,FULL
2026-06-02 18:15:00,S1,Dairy,74.0,4.88,1.5,FULL
2026-06-02 18:15:00,S2,Bakery,0.0,5.41,7.75,OUT
2026-06-02 18:15:00,S3,Dairy,0.0,5.67,8.5,OUT
2026-06-02 18:15:00,S4,Beverages,0.0,4.8,10.5,OUT
2026-06-02 18:15:00,S5,Snacks,0.0,5.19,8.25,OUT
2026-06-02 18:15:00,S6,Produce,20.9,3.96,6.5,LOW
2026-06-02 18:15:00,S7,Beverages,0.0,8.24,,OUT
2026-06-02 18:15:00,S8,Bakery,70.3,4.57,2.0,FULL
2026-06-02 18:30:00,S1,Dairy,81.4,3.51,1.75,FULL
2026-06-02 18:30:00,S2,Bakery,8.1,3.75,8.0,OUT
2026-06-02 18:30:00,S3,Dairy,0.0,5.77,8.75,OUT
2026-06-02 18:30:00,S4,Beverages,0.0,6.59,10.75,OUT
2026-06-02 18:30:00,S5,Snacks,10.7,2.98,8.5,OUT
2026-06-02 18:30:00,S6,Produce,0.0,5.49,6.75,OUT
2026-06-02 18:30:00,S7,Beverages,0.0,6.8,13.0,OUT
2026-06-02 18:30:00,S8,Bakery,71.6,4.39,2.25,FULL
2026-06-02 18:45:00,S1,Dairy,70.4,4.97,2.0,FULL
2026-06-02 18:45:00,S2,Bakery,0.0,4.05,8.25,OUT
2026-06-02 18:45:00,S3,Dairy,0.0,5.77,9.0,OUT
2026-06-02 18:45:00,S4,Beverages,0.0,6.98,11.0,OUT
2026-06-02 18:45:00,S5,Snacks,20.0,2.75,8.75,OUT
2026-06-02 18:45:00,S6,Produce,0.0,6.32,7.0,OUT
2026-06-02 18:45:00,S7,Beverages,0.0,5.41,13.25,OUT
2026-06-02 18:45:00,S8,Bakery,53.8,5.86,,LOW
2026-06-02 19:00:00,S1,Dairy,66.0,,2.25,FULL
2026-06-02 19:00:00,S2,Bakery,0.0,5.35,8.5,OUT
2026-06-02 19:00:00,S3,Dairy,0.0,3.5,9.25,OUT
2026-06-02 19:00:00,S4,Beverages,0.0,6.05,11.25,OUT
2026-06-02 19:00:00,S5,Snacks,0.0,4.94,9.0,OUT
2026-06-02 19:00:00,S6,Produce,32.7,3.02,7.25,LOW
2026-06-02 19:00:00,S7,Beverages,0.0,4.07,13.5,OUT
2026-06-02 19:00:00,S8,Bakery,67.0,3.72,,FULL
2026-06-02 19:15:00,S1,Dairy,65.3,4.39,2.5,FULL
2026-06-02 19:15:00,S2,Bakery,0.0,6.35,8.75,OUT
2026-06-02 19:15:00,S3,Dairy,0.0,4.46,9.5,OUT
2026-06-02 19:15:00,S4,Beverages,0.0,7.32,11.5,OUT
2026-06-02 19:15:00,S5,Snacks,22.1,2.63,9.25,LOW
2026-06-02 19:15:00,S6,Produce,49.4,2.21,7.5,LOW
2026-06-02 19:15:00,S7,Beverages,0.0,4.76,13.75,OUT
2026-06-02 19:15:00,S8,Bakery,67.8,2.83,3.0,FULL
2026-06-02 19:30:00,S1,Dairy,68.4,3.83,2.75,FULL
2026-06-02 19:30:00,S2,Bakery,0.0,6.17,9.0,OUT
2026-06-02 19:30:00,S3,Dairy,0.0,4.79,9.75,OUT
2026-06-02 19:30:00,S4,Beverages,0.0,6.93,11.75,OUT
2026-06-02 19:30:00,S5,Snacks,8.1,3.08,9.5,OUT
2026-06-02 19:30:00,S6,Produce,0.0,5.45,7.75,OUT
2026-06-02 19:30:00,S7,Beverages,0.0,5.66,14.0,OUT
2026-06-02 19:30:00,S8,Bakery,58.1,3.58,3.25,LOW
2026-06-02 19:45:00,S1,Dairy,60.8,3.44,3.0,FULL
2026-06-02 19:45:00,S2,Bakery,0.0,5.44,9.25,OUT
2026-06-02 19:45:00,S3,Dairy,0.0,6.53,10.0,OUT
2026-06-02 19:45:00,S4,Beverages,0.0,5.49,12.0,OUT
2026-06-02 19:45:00,S5,Snacks,61.5,1.23,9.75,FULL
2026-06-02 19:45:00,S6,Produce,0.0,4.6,8.0,OUT
2026-06-02 19:45:00,S7,Beverages,0.0,4.64,14.25,OUT
2026-06-02 19:45:00,S8,Bakery,47.9,5.0,3.5,LOW
2026-06-02 20:00:00,S1,Dairy,44.4,5.13,3.25,LOW
2026-06-02 20:00:00,S2,Bakery,0.0,5.18,,OUT
2026-06-02 20:00:00,S3,Dairy,0.0,3.54,10.25,OUT
2026-06-02 20:00:00,S4,Beverages,0.0,7.99,12.25,OUT
2026-06-02 20:00:00,S5,Snacks,20.5,2.66,10.0,LOW
2026-06-02 20:00:00,S6,Produce,3.6,3.53,8.25,OUT
2026-06-02 20:00:00,S7,Beverages,0.0,4.75,14.5,OUT
2026-06-02 20:00:00,S8,Bakery,37.5,4.74,3.75,LOW
2026-06-02 20:15:00,S1,Dairy,44.5,4.79,3.5,LOW
2026-06-02 20:15:00,S2,Bakery,0.0,4.63,9.75,OUT
2026-06-02 20:15:00,S3,Dairy,0.0,3.79,10.5,OUT
2026-06-02 20:15:00,S4,Beverages,0.0,6.19,12.5,OUT
2026-06-02 20:15:00,S5,Snacks,59.8,1.32,10.25,LOW
2026-06-02 20:15:00,S6,Produce,0.0,3.83,8.5,OUT
2026-06-02 20:15:00,S7,Beverages,0.0,4.91,14.75,OUT
2026-06-02 20:15:00,S8,Bakery,39.4,5.17,4.0,LOW
2026-06-02 20:30:00,S1,Dairy,58.3,3.22,3.75,LOW
2026-06-02 20:30:00,S2,Bakery,0.0,3.27,10.0,OUT
2026-06-02 20:30:00,S3,Dairy,0.0,3.69,10.75,OUT
2026-06-02 20:30:00,S4,Beverages,0.0,3.59,12.75,OUT
2026-06-02 20:30:00,S5,Snacks,27.2,2.09,10.5,LOW
2026-06-02 20:30:00,S6,Produce,0.0,3.47,8.75,OUT
2026-06-02 20:30:00,S7,Beverages,,5.32,15.0,OUT
2026-06-02 20:30:00,S8,Bakery,32.7,4.5,4.25,LOW
2026-06-02 20:45:00,S1,Dairy,74.2,2.04,4.0,FULL
2026-06-02 20:45:00,S2,Bakery,0.0,6.94,10.25,OUT
2026-06-02 20:45:00,S3,Dairy,0.0,4.38,11.0,OUT
2026-06-02 20:45:00,S4,Beverages,0.0,5.69,13.0,OUT
2026-06-02 20:45:00,S5,Snacks,12.7,2.55,10.75,OUT
2026-06-02 20:45:00,S6,Produce,0.0,4.13,9.0,OUT
2026-06-02 20:45:00,S7,Beverages,0.0,5.92,15.25,OUT
2026-06-02 20:45:00,S8,Bakery,39.0,4.58,4.5,LOW
2026-06-02 21:00:00,S1,Dairy,52.4,3.53,4.25,LOW
2026-06-02 21:00:00,S2,Bakery,0.0,,10.5,OUT
2026-06-02 21:00:00,S3,Dairy,0.0,3.66,11.25,OUT
2026-06-02 21:00:00,S4,Beverages,0.0,5.11,13.25,OUT
2026-06-02 21:00:00,S5,Snacks,0.0,4.28,11.0,OUT
2026-06-02 21:00:00,S6,Produce,0.0,3.7,9.25,OUT
2026-06-02 21:00:00,S7,Beverages,0.0,4.73,15.5,OUT
2026-06-02 21:00:00,S8,Bakery,29.3,4.41,4.75,LOW
2026-06-02 21:15:00,S1,Dairy,50.0,3.45,4.5,LOW
2026-06-02 21:15:00,S2,Bakery,0.0,3.37,10.75,OUT
2026-06-02 21:15:00,S3,Dairy,,4.75,11.5,OUT
2026-06-02 21:15:00,S4,Beverages,0.0,5.24,13.5,OUT
2026-06-02 21:15:00,S5,Snacks,0.0,3.31,11.25,OUT
2026-06-02 21:15:00,S6,Produce,0.0,3.55,9.5,OUT
2026-06-02 21:15:00,S7,Beverages,0.0,7.48,15.75,OUT
2026-06-02 21:15:00,S8,Bakery,7.1,5.84,,OUT
2026-06-02 21:30:00,S1,Dairy,47.8,3.61,4.75,LOW
2026-06-02 21:30:00,S2,Bakery,0.0,7.11,11.0,OUT
2026-06-02 21:30:00,S3,Dairy,0.0,5.18,11.75,OUT
2026-06-02 21:30:00,S4,Beverages,95.1,6.44,0.0,FULL
2026-06-02 21:30:00,S5,Snacks,0.0,3.23,11.5,OUT
2026-06-02 21:30:00,S6,Produce,0.0,3.34,9.75,OUT
2026-06-02 21:30:00,S7,Beverages,0.0,6.14,16.0,OUT
2026-06-02 21:30:00,S8,Bakery,45.5,3.59,5.25,LOW
2026-06-02 21:45:00,S1,Dairy,10.0,5.85,5.0,OUT
2026-06-02 21:45:00,S2,Bakery,0.0,3.78,11.25,OUT
2026-06-02 21:45:00,S3,Dairy,0.0,5.71,12.0,OUT
2026-06-02 21:45:00,S4,Beverages,95.4,4.3,0.25,FULL
2026-06-02 21:45:00,S5,Snacks,0.0,3.66,11.75,OUT
2026-06-02 21:45:00,S6,Produce,0.0,3.19,10.0,OUT
2026-06-02 21:45:00,S7,Beverages,0.0,5.92,16.25,OUT
2026-06-02 21:45:00,S8,Bakery,0.0,8.01,5.5,OUT
2026-06-02 22:00:00,S1,Dairy,0.0,6.05,5.25,OUT
2026-06-02 22:00:00,S2,Bakery,0.0,6.04,11.5,OUT
2026-06-02 22:00:00,S3,Dairy,0.0,4.24,12.25,OUT
2026-06-02 22:00:00,S4,Beverages,95.3,5.19,0.5,FULL
2026-06-02 22:00:00,S5,Snacks,47.8,1.3,12.0,LOW
2026-06-02 22:00:00,S6,Produce,97.1,3.74,0.0,FULL
2026-06-02 22:00:00,S7,Beverages,0.0,,16.5,OUT
2026-06-02 22:00:00,S8,Bakery,0.0,5.61,5.75,OUT
2026-06-02 22:15:00,S1,Dairy,31.3,,5.5,LOW
2026-06-02 22:15:00,S2,Bakery,0.0,5.46,11.75,OUT
2026-06-02 22:15:00,S3,Dairy,0.0,7.48,12.5,OUT
2026-06-02 22:15:00,S4,Beverages,80.1,6.51,0.75,FULL
2026-06-02 22:15:00,S5,Snacks,0.0,2.71,12.25,OUT
2026-06-02 22:15:00,S6,Produce,98.6,4.3,0.25,FULL
2026-06-02 22:15:00,S7,Beverages,0.0,5.82,16.75,OUT
2026-06-02 22:15:00,S8,Bakery,10.4,4.58,6.0,OUT
2026-06-02 22:30:00,S1,Dairy,7.0,5.07,5.75,OUT
2026-06-02 22:30:00,S2,Bakery,0.0,5.65,12.0,OUT
2026-06-02 22:30:00,S3,Dairy,100.0,4.96,0.0,FULL
2026-06-02 22:30:00,S4,Beverages,78.1,6.92,1.0,FULL
2026-06-02 22:30:00,S5,Snacks,0.0,3.73,12.5,OUT
2026-06-02 22:30:00,S6,Produce,89.5,4.4,0.5,FULL
2026-06-02 22:30:00,S7,Beverages,0.0,5.82,17.0,OUT
2026-06-02 22:30:00,S8,Bakery,0.0,7.6,6.25,OUT
2026-06-02 22:45:00,S1,Dairy,0.8,5.1,6.0,OUT
2026-06-02 22:45:00,S2,Bakery,0.0,3.6,12.25,OUT
2026-06-02 22:45:00,S3,Dairy,100.0,3.78,0.25,FULL
2026-06-02 22:45:00,S4,Beverages,70.8,5.55,1.25,FULL
2026-06-02 22:45:00,S5,Snacks,0.0,2.89,12.75,OUT
2026-06-02 22:45:00,S6,Produce,92.7,4.91,0.75,FULL
2026-06-02 22:45:00,S7,Beverages,0.0,6.41,17.25,OUT
2026-06-02 22:45:00,S8,Bakery,0.0,5.07,6.5,OUT
2026-06-02 23:00:00,S1,Dairy,9.4,4.37,6.25,OUT
2026-06-02 23:00:00,S2,Bakery,,5.5,12.5,OUT
2026-06-02 23:00:00,S3,Dairy,99.3,3.13,0.5,FULL
2026-06-02 23:00:00,S4,Beverages,71.4,5.11,1.5,FULL
2026-06-02 23:00:00,S5,Snacks,0.0,2.38,13.0,OUT
2026-06-02 23:00:00,S6,Produce,86.6,4.15,1.0,FULL
2026-06-02 23:00:00,S7,Beverages,0.0,5.33,17.5,OUT
2026-06-02 23:00:00,S8,Bakery,0.0,5.49,6.75,OUT
2026-06-02 23:15:00,S1,Dairy,26.9,3.36,6.5,LOW
2026-06-02 23:15:00,S2,Bakery,0.0,4.13,12.75,OUT
2026-06-02 23:15:00,S3,Dairy,80.2,5.48,0.75,FULL
2026-06-02 23:15:00,S4,Beverages,61.5,6.56,1.75,FULL
2026-06-02 23:15:00,S5,Snacks,43.9,1.29,13.25,LOW
2026-06-02 23:15:00,S6,Produce,84.6,4.95,1.25,FULL
2026-06-02 23:15:00,S7,Beverages,0.0,8.5,17.75,OUT
2026-06-02 23:15:00,S8,Bakery,0.0,5.09,7.0,OUT
2026-06-02 23:30:00,S1,Dairy,26.7,3.33,6.75,LOW
2026-06-02 23:30:00,S2,Bakery,0.0,5.46,13.0,OUT
2026-06-02 23:30:00,S3,Dairy,88.8,4.01,1.0,FULL
2026-06-02 23:30:00,S4,Beverages,63.9,5.82,2.0,FULL
2026-06-02 23:30:00,S5,Snacks,95.0,3.71,0.0,FULL
2026-06-02 23:30:00,S6,Produce,76.0,4.76,1.5,FULL
2026-06-02 23:30:00,S7,Beverages,0.0,6.47,18.0,OUT
2026-06-02 23:30:00,S8,Bakery,0.0,5.56,7.25,OUT
2026-06-02 23:45:00,S1,Dairy,13.0,3.91,7.0,OUT
2026-06-02 23:45:00,S2,Bakery,0.0,6.45,13.25,OUT
2026-06-02 23:45:00,S3,Dairy,83.8,4.38,1.25,FULL
2026-06-02 23:45:00,S4,Beverages,53.8,6.47,2.25,LOW
2026-06-02 23:45:00,S5,Snacks,98.4,4.27,0.25,FULL
2026-06-02 23:45:00,S6,Produce,78.5,3.87,1.75,FULL
2026-06-02 23:45:00,S7,Beverages,0.0,7.27,18.25,OUT
2026-06-02 23:45:00,S8,Bakery,2.1,3.8,7.5,OUT
2026-06-03 00:00:00,S1,Dairy,14.5,3.78,7.25,OUT
2026-06-03 00:00:00,S2,Bakery,0.0,4.08,13.5,OUT
2026-06-03 00:00:00,S3,Dairy,76.4,4.29,1.5,FULL
2026-06-03 00:00:00,S4,Beverages,54.1,5.9,,LOW
2026-06-03 00:00:00,S5,Snacks,97.8,2.09,0.5,FULL
2026-06-03 00:00:00,S6,Produce,77.7,4.08,2.0,FULL
2026-06-03 00:00:00,S7,Beverages,0.0,5.7,18.5,OUT
2026-06-03 00:00:00,S8,Bakery,0.0,4.95,7.75,OUT
2026-06-03 00:15:00,S1,Dairy,0.0,5.09,7.5,OUT
2026-06-03 00:15:00,S2,Bakery,0.0,5.3,13.75,OUT
2026-06-03 00:15:00,S3,Dairy,78.7,,1.75,FULL
2026-06-03 00:15:00,S4,Beverages,60.9,4.42,2.75,FULL
2026-06-03 00:15:00,S5,Snacks,95.8,4.1,0.75,FULL
2026-06-03 00:15:00,S6,Produce,82.2,2.74,2.25,FULL
2026-06-03 00:15:00,S7,Beverages,0.0,7.49,18.75,OUT
2026-06-03 00:15:00,S8,Bakery,0.0,3.79,8.0,OUT
2026-06-03 00:30:00,S1,Dairy,0.0,6.11,7.75,OUT
2026-06-03 00:30:00,S2,Bakery,0.0,4.29,14.0,OUT
2026-06-03 00:30:00,S3,Dairy,58.6,6.24,2.0,LOW
2026-06-03 00:30:00,S4,Beverages,35.9,6.12,3.0,LOW
2026-06-03 00:30:00,S5,Snacks,93.5,1.51,1.0,FULL
2026-06-03 00:30:00,S6,Produce,73.0,3.41,2.5,FULL
2026-06-03 00:30:00,S7,Beverages,0.0,5.67,19.0,OUT
2026-06-03 00:30:00,S8,Bakery,0.0,5.07,8.25,OUT
2026-06-03 00:45:00,S1,Dairy,19.5,3.32,8.0,OUT
2026-06-03 00:45:00,S2,Bakery,0.0,5.03,14.25,OUT
2026-06-03 00:45:00,S3,Dairy,67.8,4.36,2.25,FULL
2026-06-03 00:45:00,S4,Beverages,43.3,5.24,3.25,LOW
2026-06-03 00:45:00,S5,Snacks,84.5,3.45,1.25,FULL
2026-06-03 00:45:00,S6,Produce,60.4,4.86,2.75,FULL
2026-06-03 00:45:00,S7,Beverages,0.0,5.67,19.25,OUT
2026-06-03 00:45:00,S8,Bakery,0.0,4.18,8.5,OUT
2026-06-03 01:00:00,S1,Dairy,0.0,4.82,8.25,OUT
2026-06-03 01:00:00,S2,Bakery,0.0,5.65,14.5,OUT
2026-06-03 01:00:00,S3,Dairy,52.1,5.64,2.5,LOW
2026-06-03 01:00:00,S4,Beverages,16.6,7.29,3.5,OUT
2026-06-03 01:00:00,S5,Snacks,86.6,3.03,1.5,FULL
2026-06-03 01:00:00,S6,Produce,68.4,3.5,3.0,FULL
2026-06-03 01:00:00,S7,Beverages,0.0,6.43,19.5,OUT
2026-06-03 01:00:00,S8,Bakery,0.0,4.84,8.75,OUT
2026-06-03 01:15:00,S1,Dairy,4.1,3.39,8.5,OUT
2026-06-03 01:15:00,S2,Bakery,0.0,3.75,14.75,OUT
2026-06-03 01:15:00,S3,Dairy,65.9,3.63,2.75,FULL
2026-06-03 01:15:00,S4,Beverages,19.4,7.03,3.75,OUT
2026-06-03 01:15:00,S5,Snacks,76.6,3.64,1.75,FULL
2026-06-03 01:15:00,S6,Produce,47.5,4.99,3.25,LOW
2026-06-03 01:15:00,S7,Beverages,0.0,5.27,19.75,OUT
2026-06-03 01:15:00,S8,Bakery,0.0,3.55,9.0,OUT
2026-06-03 01:30:00,S1,Dairy,0.0,4.44,8.75,OUT
2026-06-03 01:30:00,S2,Bakery,0.0,5.07,15.0,OUT
2026-06-03 01:30:00,S3,Dairy,57.7,4.84,3.0,LOW
2026-06-03 01:30:00,S4,Beverages,,6.4,4.0,OUT
2026-06-03 01:30:00,S5,Snacks,76.0,3.13,2.0,FULL
2026-06-03 01:30:00,S6,Produce,59.3,3.31,3.5,LOW
2026-06-03 01:30:00,S7,Beverages,0.0,6.01,20.0,OUT
2026-06-03 01:30:00,S8,Bakery,0.0,3.69,9.25,OUT
2026-06-03 01:45:00,S1,Dairy,0.0,4.65,9.0,OUT
2026-06-03 01:45:00,S2,Bakery,0.0,5.84,15.25,OUT
2026-06-03 01:45:00,S3,Dairy,51.2,4.3,3.25,LOW
2026-06-03 01:45:00,S4,Beverages,0.0,7.46,4.25,OUT
2026-06-03 01:45:00,S5,Snacks,86.7,2.73,2.25,FULL
2026-06-03 01:45:00,S6,Produce,,4.09,3.75,LOW
2026-06-03 01:45:00,S7,Beverages,0.0,5.87,20.25,OUT
2026-06-03 01:45:00,S8,Bakery,0.0,5.38,9.5,OUT
2026-06-03 02:00:00,S1,Dairy,0.0,3.8,9.25,OUT
2026-06-03 02:00:00,S2,Bakery,0.0,4.83,15.5,OUT
2026-06-03 02:00:00,S3,Dairy,43.7,5.48,3.5,LOW
2026-06-03 02:00:00,S4,Beverages,19.1,5.94,4.5,OUT
2026-06-03 02:00:00,S5,Snacks,74.3,2.78,2.5,FULL
2026-06-03 02:00:00,S6,Produce,32.0,4.74,4.0,LOW
2026-06-03 02:00:00,S7,Beverages,0.0,5.8,20.5,OUT
2026-06-03 02:00:00,S8,Bakery,0.0,7.01,9.75,OUT
2026-06-03 02:15:00,S1,Dairy,0.0,5.28,9.5,OUT
2026-06-03 02:15:00,S2,Bakery,0.0,5.65,15.75,OUT
2026-06-03 02:15:00,S3,Dairy,39.5,4.66,3.75,LOW
2026-06-03 02:15:00,S4,Beverages,5.6,6.3,4.75,OUT
2026-06-03 02:15:00,S5,Snacks,76.0,2.64,2.75,FULL
2026-06-03 02:15:00,S6,Produce,23.0,5.38,4.25,LOW
2026-06-03 02:15:00,S7,Beverages,0.0,7.11,20.75,OUT
2026-06-03 02:15:00,S8,Bakery,0.0,5.59,10.0,OUT
2026-06-03 02:30:00,S1,Dairy,0.0,5.42,,OUT
2026-06-03 02:30:00,S2,Bakery,0.0,4.81,16.0,OUT
2026-06-03 02:30:00,S3,Dairy,45.4,4.36,4.0,LOW
2026-06-03 02:30:00,S4,Beverages,15.9,5.04,5.0,OUT
2026-06-03 02:30:00,S5,Snacks,81.3,2.17,3.0,FULL
2026-06-03 02:30:00,S6,Produce,46.7,3.66,4.5,LOW
2026-06-03 02:30:00,S7,Beverages,0.0,7.77,21.0,OUT
2026-06-03 02:30:00,S8,Bakery,0.0,5.98,10.25,OUT
2026-06-03 02:45:00,S1,Dairy,0.0,3.5,10.0,OUT
2026-06-03 02:45:00,S2,Bakery,0.0,4.52,16.25,OUT
2026-06-03 02:45:00,S3,Dairy,36.5,4.6,4.25,LOW
2026-06-03 02:45:00,S4,Beverages,2.9,5.85,5.25,OUT
2026-06-03 02:45:00,S5,Snacks,79.5,1.95,3.25,FULL
2026-06-03 02:45:00,S6,Produce,51.8,3.42,4.75,LOW
2026-06-03 02:45:00,S7,Beverages,0.0,,21.25,OUT
2026-06-03 02:45:00,S8,Bakery,0.0,5.84,10.5,OUT
2026-06-03 03:00:00,S1,Dairy,0.0,4.49,10.25,OUT
2026-06-03 03:00:00,S2,Bakery,0.0,4.34,16.5,OUT
2026-06-03 03:00:00,S3,Dairy,18.1,,4.5,OUT
2026-06-03 03:00:00,S4,Beverages,0.0,5.79,5.5,OUT
2026-06-03 03:00:00,S5,Snacks,61.1,3.48,3.5,FULL
2026-06-03 03:00:00,S6,Produce,28.5,4.5,5.0,LOW
2026-06-03 03:00:00,S7,Beverages,0.0,7.8,21.5,OUT
2026-06-03 03:00:00,S8,Bakery,0.0,3.76,10.75,OUT
2026-06-03 03:15:00,S1,Dairy,0.0,5.26,10.5,OUT
2026-06-03 03:15:00,S2,Bakery,0.0,6.44,16.75,OUT
2026-06-03 03:15:00,S3,Dairy,,4.66,4.75,LOW
2026-06-03 03:15:00,S4,Beverages,0.0,5.76,5.75,OUT
2026-06-03 03:15:00,S5,Snacks,60.9,3.46,3.75,FULL
2026-06-03 03:15:00,S6,Produce,71.8,1.54,5.25,FULL
2026-06-03 03:15:00,S7,Beverages,0.0,5.82,21.75,OUT
2026-06-03 03:15:00,S8,Bakery,0.0,4.25,11.0,OUT
2026-06-03 03:30:00,S1,Dairy,0.0,5.08,10.75,OUT
2026-06-03 03:30:00,S2,Bakery,0.0,4.58,17.0,OUT
2026-06-03 03:30:00,S3,Dairy,4.6,5.64,5.0,OUT
2026-06-03 03:30:00,S4,Beverages,0.0,6.12,6.0,OUT
2026-06-03 03:30:00,S5,Snacks,73.7,2.59,4.0,FULL
2026-06-03 03:30:00,S6,Produce,28.0,4.07,5.5,LOW
2026-06-03 03:30:00,S7,Beverages,0.0,5.69,22.0,OUT
2026-06-03 03:30:00,S8,Bakery,0.0,4.08,11.25,OUT
2026-06-03 03:45:00,S1,Dairy,0.0,5.09,11.0,OUT
2026-06-03 03:45:00,S2,Bakery,0.0,3.51,17.25,OUT
2026-06-03 03:45:00,S3,Dairy,35.8,3.79,5.25,LOW
2026-06-03 03:45:00,S4,Beverages,0.0,6.29,6.25,OUT
2026-06-03 03:45:00,S5,Snacks,61.0,2.7,4.25,FULL
2026-06-03 03:45:00,S6,Produce,,3.49,5.75,LOW
2026-06-03 03:45:00,S7,Beverages,0.0,5.35,22.25,OUT
2026-06-03 03:45:00,S8,Bakery,0.0,3.3,11.5,OUT
2026-06-03 04:00:00,S1,Dairy,0.0,5.15,11.25,OUT
2026-06-03 04:00:00,S2,Bakery,0.0,5.7,17.5,OUT
2026-06-03 04:00:00,S3,Dairy,21.5,4.25,5.5,LOW
2026-06-03 04:00:00,S4,Beverages,0.0,7.38,6.5,OUT
2026-06-03 04:00:00,S5,Snacks,63.1,2.27,4.5,FULL
2026-06-03 04:00:00,S6,Produce,24.4,3.79,6.0,LOW
2026-06-03 04:00:00,S7,Beverages,0.0,7.12,22.5,OUT
2026-06-03 04:00:00,S8,Bakery,0.0,3.54,11.75,OUT
2026-06-03 04:15:00,S1,Dairy,0.0,3.84,11.5,OUT
2026-06-03 04:15:00,S2,Bakery,0.0,4.7,17.75,OUT
2026-06-03 04:15:00,S3,Dairy,25.4,4.1,5.75,LOW
2026-06-03 04:15:00,S4,Beverages,0.0,5.51,6.75,OUT
2026-06-03 04:15:00,S5,Snacks,73.3,1.63,4.75,FULL
2026-06-03 04:15:00,S6,Produce,40.9,2.84,6.25,LOW
2026-06-03 04:15:00,S7,Beverages,0.0,6.6,22.75,OUT
2026-06-03 04:15:00,S8,Bakery,0.0,5.18,12.0,OUT
2026-06-03 04:30:00,S1,Dairy,0.0,3.29,11.75,OUT
2026-06-03 04:30:00,S2,Bakery,0.0,4.97,18.0,OUT
2026-06-03 04:30:00,S3,Dairy,,4.59,6.0,OUT
2026-06-03 04:30:00,S4,Beverages,0.0,6.36,7.0,OUT
2026-06-03 04:30:00,S5,Snacks,59.4,2.39,5.0,LOW
2026-06-03 04:30:00,S6,Produce,67.6,1.58,6.5,FULL
2026-06-03 04:30:00,S7,Beverages,0.0,6.76,23.0,OUT
2026-06-03 04:30:00,S8,Bakery,0.0,5.43,12.25,OUT
2026-06-03 04:45:00,S1,Dairy,0.0,4.96,12.0,OUT
2026-06-03 04:45:00,S2,Bakery,0.0,4.84,18.25,OUT
2026-06-03 04:45:00,S3,Dairy,4.4,4.47,6.25,OUT
2026-06-03 04:45:00,S4,Beverages,0.0,7.16,7.25,OUT
2026-06-03 04:45:00,S5,Snacks,41.6,3.18,5.25,LOW
2026-06-03 04:45:00,S6,Produce,0.0,5.39,6.75,OUT
2026-06-03 04:45:00,S7,Beverages,97.9,7.49,0.0,FULL
2026-06-03 04:45:00,S8,Bakery,0.0,3.48,12.5,OUT
2026-06-03 05:00:00,S1,Dairy,0.0,4.74,12.25,OUT
2026-06-03 05:00:00,S2,Bakery,0.0,7.2,18.5,OUT
2026-06-03 05:00:00,S3,Dairy,0.0,4.96,6.5,OUT
2026-06-03 05:00:00,S4,Beverages,0.0,7.06,7.5,OUT
2026-06-03 05:00:00,S5,Snacks,2.6,5.87,,OUT
2026-06-03 05:00:00,S6,Produce,16.0,3.55,7.0,OUT
2026-06-03 05:00:00,S7,Beverages,97.6,5.25,0.25,FULL
2026-06-03 05:00:00,S8,Bakery,0.0,4.69,12.75,OUT
2026-06-03 05:15:00,S1,Dairy,9.2,2.46,12.5,OUT
2026-06-03 05:15:00,S2,Bakery,0.0,6.27,18.75,OUT
2026-06-03 05:15:00,S3,Dairy,0.0,5.1,6.75,OUT
2026-06-03 05:15:00,S4,Beverages,0.0,6.28,7.75,OUT
2026-06-03 05:15:00,S5,Snacks,55.7,2.28,5.75,LOW
2026-06-03 05:15:00,S6,Produce,23.3,3.2,7.25,LOW
2026-06-03 05:15:00,S7,Beverages,94.6,5.91,0.5,FULL
2026-06-03 05:15:00,S8,Bakery,0.0,3.97,13.0,OUT
2026-06-03 05:30:00,S1,Dairy,0.0,4.57,12.75,OUT
2026-06-03 05:30:00,S2,Bakery,0.0,5.53,19.0,OUT
2026-06-03 05:30:00,S3,Dairy,0.0,4.9,7.0,OUT
2026-06-03 05:30:00,S4,Beverages,0.0,6.87,8.0,OUT
2026-06-03 05:30:00,S5,Snacks,,2.97,6.0,LOW
2026-06-03 05:30:00,S6,Produce,19.3,3.36,7.5,OUT
2026-06-03 05:30:00,S7,Beverages,82.5,,0.75,FULL
2026-06-03 05:30:00,S8,Bakery,0.0,6.27,13.25,OUT
2026-06-03 05:45:00,S1,Dairy,0.0,4.18,13.0,OUT
2026-06-03 05:45:00,S2,Bakery,0.0,4.49,19.25,OUT
2026-06-03 05:45:00,S3,Dairy,24.1,3.06,7.25,LOW
2026-06-03 05:45:00,S4,Beverages,0.0,6.45,8.25,OUT
2026-06-03 05:45:00,S5,Snacks,68.6,1.64,6.25,FULL
2026-06-03 05:45:00,S6,Produce,0.0,4.2,7.75,OUT
2026-06-03 05:45:00,S7,Beverages,85.9,5.3,1.0,FULL
2026-06-03 05:45:00,S8,Bakery,0.0,3.92,13.5,OUT
2026-06-03 06:00:00,S1,Dairy,0.0,4.16,13.25,OUT
2026-06-03 06:00:00,S2,Bakery,0.0,3.88,19.5,OUT
2026-06-03 06:00:00,S3,Dairy,5.2,4.07,7.5,OUT
2026-06-03 06:00:00,S4,Beverages,0.0,6.38,8.5,OUT
2026-06-03 06:00:00,S5,Snacks,76.5,1.15,6.5,FULL
2026-06-03 06:00:00,S6,Produce,29.9,2.69,8.0,LOW
2026-06-03 06:00:00,S7,Beverages,75.1,5.61,1.25,FULL
2026-06-03 06:00:00,S8,Bakery,0.0,4.57,13.75,OUT
2026-06-03 06:15:00,S1,Dairy,0.0,4.29,13.5,OUT
2026-06-03 06:15:00,S2,Bakery,0.0,4.2,19.75,OUT
2026-06-03 06:15:00,S3,Dairy,0.0,4.36,7.75,OUT
2026-06-03 06:15:00,S4,Beverages,,5.88,8.75,OUT
2026-06-03 06:15:00,S5,Snacks,60.9,1.65,6.75,FULL
2026-06-03 06:15:00,S6,Produce,0.0,4.69,8.25,OUT
2026-06-03 06:15:00,S7,Beverages,64.3,7.89,1.5,FULL
2026-06-03 06:15:00,S8,Bakery,100.0,4.99,0.0,FULL
2026-06-03 06:30:00,S1,Dairy,0.0,4.5,13.75,OUT
2026-06-03 06:30:00,S2,Bakery,0.0,4.73,20.0,OUT
2026-06-03 06:30:00,S3,Dairy,0.0,4.53,8.0,OUT
2026-06-03 06:30:00,S4,Beverages,0.0,4.39,9.0,OUT
2026-06-03 06:30:00,S5,Snacks,9.3,3.75,7.0,OUT
2026-06-03 06:30:00,S6,Produce,10.2,3.41,8.5,OUT
2026-06-03 06:30:00,S7,Beverages,74.1,5.16,1.75,FULL
2026-06-03 06:30:00,S8,Bakery,93.2,5.73,0.25,FULL
2026-06-03 06:45:00,S1,Dairy,0.0,4.5,14.0,OUT
2026-06-03 06:45:00,S2,Bakery,0.0,5.3,,OUT
2026-06-03 06:45:00,S3,Dairy,0.0,4.39,8.25,OUT
2026-06-03 06:45:00,S4,Beverages,0.0,8.03,9.25,OUT
2026-06-03 06:45:00,S5,Snacks,12.9,3.61,7.25,OUT
2026-06-03 06:45:00,S6,Produce,37.0,2.28,8.75,LOW
2026-06-03 06:45:00,S7,Beverages,55.8,7.14,2.0,LOW
2026-06-03 06:45:00,S8,Bakery,91.7,5.36,0.5,FULL
2026-06-03 07:00:00,S1,Dairy,,2.8,14.25,OUT
2026-06-03 07:00:00,S2,Bakery,0.0,5.53,20.5,OUT
2026-06-03 07:00:00,S3,Dairy,0.0,5.45,8.5,OUT
2026-06-03 07:00:00,S4,Beverages,0.0,4.88,9.5,OUT
2026-06-03 07:00:00,S5,Snacks,57.8,1.88,7.5,LOW
2026-06-03 07:00:00,S6,Produce,34.3,2.48,9.0,LOW
2026-06-03 07:00:00,S7,Beverages,57.0,5.42,2.25,LOW
2026-06-03 07:00:00,S8,Bakery,86.8,4.3,0.75,FULL
2026-06-03 07:15:00,S1,Dairy,0.0,4.76,14.5,OUT
2026-06-03 07:15:00,S2,Bakery,0.0,4.36,20.75,OUT
2026-06-03 07:15:00,S3,Dairy,0.0,5.23,8.75,OUT
2026-06-03 07:15:00,S4,Beverages,0.0,6.21,9.75,OUT
2026-06-03 07:15:00,S5,Snacks,0.0,4.78,7.75,OUT
2026-06-03 07:15:00,S6,Produce,0.0,4.72,9.25,OUT
2026-06-03 07:15:00,S7,Beverages,63.1,4.25,2.5,FULL
2026-06-03 07:15:00,S8,Bakery,80.8,5.77,1.0,FULL
2026-06-03 07:30:00,S1,Dairy,100.0,4.92,0.0,FULL
2026-06-03 07:30:00,S2,Bakery,0.0,6.8,21.0,OUT
2026-06-03 07:30:00,S3,Dairy,0.0,4.73,9.0,OUT
2026-06-03 07:30:00,S4,Beverages,0.0,5.86,10.0,OUT
2026-06-03 07:30:00,S5,Snacks,38.4,2.5,8.0,LOW
2026-06-03 07:30:00,S6,Produce,0.0,4.16,9.5,OUT
2026-06-03 07:30:00,S7,Beverages,41.0,6.7,2.75,LOW
2026-06-03 07:30:00,S8,Bakery,83.9,4.44,1.25,FULL
2026-06-03 07:45:00,S1,Dairy,99.1,4.94,0.25,FULL
2026-06-03 07:45:00,S2,Bakery,0.0,5.91,21.25,OUT
2026-06-03 07:45:00,S3,Dairy,0.0,5.19,9.25,OUT
2026-06-03 07:45:00,S4,Beverages,0.0,5.4,10.25,OUT
2026-06-03 07:45:00,S5,Snacks,0.0,5.1,8.25,OUT
2026-06-03 07:45:00,S6,Produce,0.0,3.53,9.75,OUT
2026-06-03 07:45:00,S7,Beverages,38.0,6.4,3.0,LOW
2026-06-03 07:45:00,S8,Bakery,81.2,3.93,1.5,FULL
2026-06-03 08:00:00,S1,Dairy,95.3,3.58,0.5,FULL
2026-06-03 08:00:00,S2,Bakery,0.0,6.03,21.5,OUT
2026-06-03 08:00:00,S3,Dairy,0.0,4.1,9.5,OUT
2026-06-03 08:00:00,S4,Beverages,0.0,6.05,10.5,OUT
2026-06-03 08:00:00,S5,Snacks,4.4,3.39,8.5,OUT
2026-06-03 08:00:00,S6,Produce,0.0,4.13,10.0,OUT
2026-06-03 08:00:00,S7,Beverages,30.9,6.87,3.25,LOW
2026-06-03 08:00:00,S8,Bakery,68.3,6.0,1.75,FULL
2026-06-03 08:15:00,S1,Dairy,90.0,3.68,0.75,FULL
2026-06-03 08:15:00,S2,Bakery,0.0,5.95,21.75,OUT
2026-06-03 08:15:00,S3,Dairy,0.0,5.38,9.75,OUT
2026-06-03 08:15:00,S4,Beverages,0.0,5.37,10.75,OUT
2026-06-03 08:15:00,S5,Snacks,41.9,2.14,8.75,LOW
2026-06-03 08:15:00,S6,Produce,0.0,3.21,10.25,OUT
2026-06-03 08:15:00,S7,Beverages,30.3,5.85,3.5,LOW
2026-06-03 08:15:00,S8,Bakery,66.5,4.79,2.0,FULL
2026-06-03 08:30:00,S1,Dairy,99.8,1.61,1.0,FULL
2026-06-03 08:30:00,S2,Bakery,0.0,4.83,22.0,OUT
2026-06-03 08:30:00,S3,Dairy,0.0,5.19,10.0,OUT
2026-06-03 08:30:00,S4,Beverages,0.0,6.72,11.0,OUT
2026-06-03 08:30:00,S5,Snacks,10.9,,9.0,OUT
2026-06-03 08:30:00,S6,Produce,0.0,3.24,10.5,OUT
2026-06-03 08:30:00,S7,Beverages,29.6,5.98,3.75,LOW
2026-06-03 08:30:00,S8,Bakery,65.8,4.35,2.25,FULL
2026-06-03 08:45:00,S1,Dairy,85.5,3.48,1.25,FULL
2026-06-03 08:45:00,S2,Bakery,0.0,4.14,22.25,OUT
2026-06-03 08:45:00,S3,Dairy,0.0,5.18,,OUT
2026-06-03 08:45:00,S4,Beverages,0.0,6.11,11.25,OUT
2026-06-03 08:45:00,S5,Snacks,1.8,3.44,9.25,OUT
2026-06-03 08:45:00,S6,Produce,0.0,4.67,10.75,OUT
2026-06-03 08:45:00,S7,Beverages,19.9,6.0,4.0,OUT
2026-06-03 08:45:00,S8,Bakery,,4.0,2.5,FULL
2026-06-03 09:00:00,S1,Dairy,83.9,3.5,1.5,FULL
2026-06-03 09:00:00,S2,Bakery,0.0,3.68,22.5,OUT
2026-06-03 09:00:00,S3,Dairy,0.0,5.23,10.5,OUT
2026-06-03 09:00:00,S4,Beverages,0.0,5.97,11.5,OUT
2026-06-03 09:00:00,S5,Snacks,0.0,3.52,9.5,OUT
2026-06-03 09:00:00,S6,Produce,0.0,4.65,11.0,OUT
2026-06-03 09:00:00,S7,Beverages,0.0,7.6,4.25,OUT
2026-06-03 09:00:00,S8,Bakery,,6.81,2.75,LOW
2026-06-03 09:15:00,S1,Dairy,70.5,4.61,1.75,FULL
2026-06-03 09:15:00,S2,Bakery,0.0,5.14,22.75,OUT
2026-06-03 09:15:00,S3,Dairy,0.0,4.51,10.75,OUT
2026-06-03 09:15:00,S4,Beverages,0.0,4.74,11.75,OUT
2026-06-03 09:15:00,S5,Snacks,36.0,1.94,9.75,LOW
2026-06-03 09:15:00,S6,Produce,0.0,2.96,11.25,OUT
2026-06-03 09:15:00,S7,Beverages,0.3,6.9,4.5,OUT
2026-06-03 09:15:00,S8,Bakery,49.1,5.76,3.0,LOW
2026-06-03 09:30:00,S1,Dairy,74.9,4.33,2.0,FULL
2026-06-03 09:30:00,S2,Bakery,0.0,4.23,23.0,OUT
2026-06-03 09:30:00,S3,Dairy,0.0,3.89,11.0,OUT
2026-06-03 09:30:00,S4,Beverages,0.0,7.69,12.0,OUT
2026-06-03 09:30:00,S5,Snacks,9.9,2.79,10.0,OUT
2026-06-03 09:30:00,S6,Produce,0.0,5.22,11.5,OUT
2026-06-03 09:30:00,S7,Beverages,0.0,7.43,4.75,OUT
2026-06-03 09:30:00,S8,Bakery,37.6,6.16,3.25,LOW
2026-06-03 09:45:00,S1,Dairy,79.4,3.05,2.25,FULL
2026-06-03 09:45:00,S2,Bakery,0.0,6.48,23.25,OUT
2026-06-03 09:45:00,S3,Dairy,0.0,5.0,11.25,OUT
2026-06-03 09:45:00,S4,Beverages,0.0,6.08,12.25,OUT
2026-06-03 09:45:00,S5,Snacks,0.0,4.14,10.25,OUT
2026-06-03 09:45:00,S6,Produce,0.0,4.76,11.75,OUT
2026-06-03 09:45:00,S7,Beverages,0.0,7.46,5.0,OUT
2026-06-03 09:45:00,S8,Bakery,53.4,4.26,3.5,LOW
2026-06-03 10:00:00,S1,Dairy,60.3,5.73,2.5,FULL
2026-06-03 10:00:00,S2,Bakery,0.0,5.29,23.5,OUT
2026-06-03 10:00:00,S3,Dairy,0.0,3.17,11.5,OUT
2026-06-03 10:00:00,S4,Beverages,0.0,5.19,12.5,OUT
2026-06-03 10:00:00,S5,Snacks,0.0,3.94,10.5,OUT
2026-06-03 10:00:00,S6,Produce,0.0,3.92,12.0,OUT
2026-06-03 10:00:00,S7,Beverages,14.0,5.15,5.25,OUT
2026-06-03 10:00:00,S8,Bakery,43.6,5.13,3.75,LOW
2026-06-03 10:15:00,S1,Dairy,56.9,4.64,2.75,LOW
2026-06-03 10:15:00,S2,Bakery,0.0,6.33,23.75,OUT
2026-06-03 10:15:00,S3,Dairy,0.0,3.69,11.75,OUT
2026-06-03 10:15:00,S4,Beverages,0.0,4.45,12.75,OUT
2026-06-03 10:15:00,S5,Snacks,23.8,2.12,10.75,LOW
2026-06-03 10:15:00,S6,Produce,0.0,2.91,12.25,OUT
2026-06-03 10:15:00,S7,Beverages,0.0,6.88,5.5,OUT
2026-06-03 10:15:00,S8,Bakery,41.5,4.91,,LOW
2026-06-03 10:30:00,S1,Dairy,42.4,5.73,3.0,LOW
2026-06-03 10:30:00,S2,Bakery,0.0,6.96,24.0,OUT
2026-06-03 10:30:00,S3,Dairy,0.0,5.21,12.0,OUT
2026-06-03 10:30:00,S4,Beverages,0.0,4.45,13.0,OUT
2026-06-03 10:30:00,S5,Snacks,0.0,3.2,11.0,OUT
2026-06-03 10:30:00,S6,Produce,0.0,2.81,12.5,OUT
2026-06-03 10:30:00,S7,Beverages,0.0,7.0,5.75,OUT
2026-06-03 10:30:00,S8,Bakery,25.9,5.54,4.25,LOW
2026-06-03 10:45:00,S1,Dairy,71.0,2.96,3.25,FULL
2026-06-03 10:45:00,S2,Bakery,0.0,4.2,24.25,OUT
2026-06-03 10:45:00,S3,Dairy,0.0,3.23,12.25,OUT
2026-06-03 10:45:00,S4,Beverages,0.0,5.51,13.25,OUT
2026-06-03 10:45:00,S5,Snacks,43.6,1.46,11.25,LOW
2026-06-03 10:45:00,S6,Produce,0.0,5.74,12.75,OUT
2026-06-03 10:45:00,S7,Beverages,0.0,5.67,6.0,OUT
2026-06-03 10:45:00,S8,Bakery,17.8,5.49,4.5,OUT
2026-06-03 11:00:00,S1,Dairy,34.3,5.65,3.5,LOW
2026-06-03 11:00:00,S2,Bakery,0.0,4.8,24.5,OUT
2026-06-03 11:00:00,S3,Dairy,0.0,4.9,12.5,OUT
2026-06-03 11:00:00,S4,Beverages,0.0,7.77,13.5,OUT
2026-06-03 11:00:00,S5,Snacks,0.0,3.02,11.5,OUT
2026-06-03 11:00:00,S6,Produce,0.0,4.67,13.0,OUT
2026-06-03 11:00:00,S7,Beverages,0.0,,6.25,OUT
2026-06-03 11:00:00,S8,Bakery,25.3,4.82,4.75,LOW
2026-06-03 11:15:00,S1,Dairy,44.0,4.96,3.75,LOW
2026-06-03 11:15:00,S2,Bakery,0.0,5.72,24.75,OUT
2026-06-03 11:15:00,S3,Dairy,0.0,5.76,12.75,OUT
2026-06-03 11:15:00,S4,Beverages,0.0,6.11,13.75,OUT
2026-06-03 11:15:00,S5,Snacks,0.0,3.14,11.75,OUT
2026-06-03 11:15:00,S6,Produce,0.0,3.52,13.25,OUT
2026-06-03 11:15:00,S7,Beverages,4.1,4.8,6.5,OUT
2026-06-03 11:15:00,S8,Bakery,28.5,4.71,5.0,LOW
2026-06-03 11:30:00,S1,Dairy,45.4,3.98,4.0,LOW
2026-06-03 11:30:00,S2,Bakery,0.0,4.22,25.0,OUT
2026-06-03 11:30:00,S3,Dairy,0.0,4.9,13.0,OUT
2026-06-03 11:30:00,S4,Beverages,0.0,7.22,14.0,OUT
2026-06-03 11:30:00,S5,Snacks,0.0,4.14,12.0,OUT
2026-06-03 11:30:00,S6,Produce,0.0,5.04,13.5,OUT
2026-06-03 11:30:00,S7,Beverages,0.0,7.0,6.75,OUT
2026-06-03 11:30:00,S8,Bakery,13.5,4.98,5.25,OUT
2026-06-03 11:45:00,S1,Dairy,57.0,3.19,4.25,LOW
2026-06-03 11:45:00,S2,Bakery,0.0,3.3,25.25,OUT
2026-06-03 11:45:00,S3,Dairy,0.0,4.22,13.25,OUT
2026-06-03 11:45:00,S4,Beverages,0.0,6.64,14.25,OUT
2026-06-03 11:45:00,S5,Snacks,8.3,2.36,12.25,OUT
2026-06-03 11:45:00,S6,Produce,0.0,5.97,13.75,OUT
2026-06-03 11:45:00,S7,Beverages,0.0,6.4,7.0,OUT
2026-06-03 11:45:00,S8,Bakery,45.0,3.32,5.5,LOW
2026-06-03 12:00:00,S1,Dairy,51.5,3.39,4.5,LOW
2026-06-03 12:00:00,S2,Bakery,,5.97,25.5,OUT
2026-06-03 12:00:00,S3,Dairy,0.0,4.57,13.5,OUT
2026-06-03 12:00:00,S4,Beverages,0.0,6.56,14.5,OUT
2026-06-03 12:00:00,S5,Snacks,1.1,2.44,12.5,OUT
2026-06-03 12:00:00,S6,Produce,0.0,,14.0,OUT
2026-06-03 12:00:00,S7,Beverages,0.0,5.61,7.25,OUT
2026-06-03 12:00:00,S8,Bakery,9.0,5.11,5.75,OUT
2026-06-03 12:15:00,S1,Dairy,6.6,5.98,4.75,OUT
2026-06-03 12:15:00,S2,Bakery,0.0,4.27,25.75,OUT
2026-06-03 12:15:00,S3,Dairy,0.0,4.0,13.75,OUT
2026-06-03 12:15:00,S4,Beverages,,7.69,14.75,OUT
2026-06-03 12:15:00,S5,Snacks,44.2,1.53,12.75,LOW
2026-06-03 12:15:00,S6,Produce,0.0,,14.25,OUT
2026-06-03 12:15:00,S7,Beverages,0.0,7.02,7.5,OUT
2026-06-03 12:15:00,S8,Bakery,0.0,6.54,6.0,OUT
2026-06-03 12:30:00,S1,Dairy,30.1,4.07,5.0,LOW
2026-06-03 12:30:00,S2,Bakery,0.0,,26.0,OUT
2026-06-03 12:30:00,S3,Dairy,0.0,3.61,14.0,OUT
2026-06-03 12:30:00,S4,Beverages,0.0,4.14,15.0,OUT
2026-06-03 12:30:00,S5,Snacks,50.3,1.31,13.0,LOW
2026-06-03 12:30:00,S6,Produce,100.0,2.06,0.0,FULL
2026-06-03 12:30:00,S7,Beverages,0.0,7.2,7.75,OUT
2026-06-03 12:30:00,S8,Bakery,0.0,5.22,6.25,OUT
2026-06-03 12:45:00,S1,Dairy,33.9,4.14,5.25,LOW
2026-06-03 12:45:00,S2,Bakery,0.0,5.32,26.25,OUT
2026-06-03 12:45:00,S3,Dairy,0.0,3.9,14.25,OUT
2026-06-03 12:45:00,S4,Beverages,0.0,5.16,15.25,OUT
2026-06-03 12:45:00,S5,Snacks,0.0,3.42,13.25,OUT
2026-06-03 12:45:00,S6,Produce,94.1,4.63,0.25,FULL
2026-06-03 12:45:00,S7,Beverages,0.0,6.34,8.0,OUT
2026-06-03 12:45:00,S8,Bakery,0.0,5.08,6.5,OUT
2026-06-03 13:00:00,S1,Dairy,,4.91,5.5,OUT
2026-06-03 13:00:00,S2,Bakery,0.0,4.74,26.5,OUT
2026-06-03 13:00:00,S3,Dairy,0.0,4.51,14.5,OUT
2026-06-03 13:00:00,S4,Beverages,100.0,5.01,0.0,FULL
2026-06-03 13:00:00,S5,Snacks,0.0,3.23,13.5,OUT
2026-06-03 13:00:00,S6,Produce,94.5,4.48,0.5,FULL
2026-06-03 13:00:00,S7,Beverages,0.0,7.23,8.25,OUT
2026-06-03 13:00:00,S8,Bakery,0.0,4.95,6.75,OUT
2026-06-03 13:15:00,S1,Dairy,74.6,1.14,5.75,FULL
2026-06-03 13:15:00,S2,Bakery,0.0,4.49,26.75,OUT
2026-06-03 13:15:00,S3,Dairy,0.0,3.69,,OUT
2026-06-03 13:15:00,S4,Beverages,91.7,6.47,0.25,FULL
2026-06-03 13:15:00,S5,Snacks,0.0,4.0,13.75,OUT
2026-06-03 13:15:00,S6,Produce,91.6,5.26,0.75,FULL
2026-06-03 13:15:00,S7,Beverages,0.0,5.4,8.5,OUT
2026-06-03 13:15:00,S8,Bakery,0.0,5.75,7.0,OUT
2026-06-03 13:30:00,S1,Dairy,0.0,,6.0,OUT
2026-06-03 13:30:00,S2,Bakery,0.0,4.78,27.0,OUT
2026-06-03 13:30:00,S3,Dairy,16.8,1.81,15.0,OUT
2026-06-03 13:30:00,S4,Beverages,91.9,4.93,0.5,FULL
2026-06-03 13:30:00,S5,Snacks,0.0,2.81,14.0,OUT
2026-06-03 13:30:00,S6,Produce,91.5,,1.0,FULL
2026-06-03 13:30:00,S7,Beverages,0.0,,8.75,OUT
2026-06-03 13:30:00,S8,Bakery,0.0,5.53,7.25,OUT
2026-06-03 13:45:00,S1,Dairy,23.6,3.77,6.25,LOW
2026-06-03 13:45:00,S2,Bakery,0.0,6.54,27.25,OUT
2026-06-03 13:45:00,S3,Dairy,100.0,2.86,0.0,FULL
2026-06-03 13:45:00,S4,Beverages,86.4,4.34,0.75,FULL
2026-06-03 13:45:00,S5,Snacks,0.0,2.65,14.25,OUT
2026-06-03 13:45:00,S6,Produce,84.9,3.25,1.25,FULL
2026-06-03 13:45:00,S7,Beverages,0.0,6.12,9.0,OUT
2026-06-03 13:45:00,S8,Bakery,0.0,5.05,7.5,OUT
2026-06-03 14:00:00,S1,Dairy,18.6,3.84,6.5,OUT
2026-06-03 14:00:00,S2,Bakery,0.0,3.91,27.5,OUT
2026-06-03 14:00:00,S3,Dairy,98.0,4.53,0.25,FULL
2026-06-03 14:00:00,S4,Beverages,80.9,5.95,1.0,FULL
2026-06-03 14:00:00,S5,Snacks,23.2,1.68,14.5,LOW
2026-06-03 14:00:00,S6,Produce,83.4,3.44,1.5,FULL
2026-06-03 14:00:00,S7,Beverages,0.0,8.18,9.25,OUT
2026-06-03 14:00:00,S8,Bakery,0.0,4.86,7.75,OUT
2026-06-03 14:15:00,S1,Dairy,5.6,4.33,6.75,OUT
2026-06-03 14:15:00,S2,Bakery,0.0,5.94,27.75,OUT
2026-06-03 14:15:00,S3,Dairy,87.5,5.65,0.5,FULL
2026-06-03 14:15:00,S4,Beverages,79.3,5.32,1.25,FULL
2026-06-03 14:15:00,S5,Snacks,100.0,2.45,0.0,FULL
2026-06-03 14:15:00,S6,Produce,86.8,3.25,1.75,FULL
2026-06-03 14:15:00,S7,Beverages,0.0,5.25,9.5,OUT
2026-06-03 14:15:00,S8,Bakery,0.0,4.94,8.0,OUT
2026-06-03 14:30:00,S1,Dairy,0.0,5.17,7.0,OUT
2026-06-03 14:30:00,S2,Bakery,0.0,4.98,28.0,OUT
2026-06-03 14:30:00,S3,Dairy,83.6,4.87,0.75,FULL
2026-06-03 14:30:00,S4,Beverages,69.5,6.48,1.5,FULL
2026-06-03 14:30:00,S5,Snacks,90.4,4.45,0.25,FULL
2026-06-03 14:30:00,S6,Produce,80.8,2.95,2.0,FULL
2026-06-03 14:30:00,S7,Beverages,0.0,6.17,9.75,OUT
2026-06-03 14:30:00,S8,Bakery,0.0,4.41,8.25,OUT
2026-06-03 14:45:00,S1,Dairy,9.7,3.84,7.25,OUT
2026-06-03 14:45:00,S2,Bakery,0.0,4.14,28.25,OUT
2026-06-03 14:45:00,S3,Dairy,87.0,4.18,1.0,FULL
2026-06-03 14:45:00,S4,Beverages,70.4,5.72,1.75,FULL
2026-06-03 14:45:00,S5,Snacks,92.0,3.83,0.5,FULL
2026-06-03 14:45:00,S6,Produce,70.4,3.55,2.25,FULL
2026-06-03 14:45:00,S7,Beverages,0.0,5.45,10.0,OUT
2026-06-03 14:45:00,S8,Bakery,0.0,4.02,8.5,OUT
2026-06-03 15:00:00,S1,Dairy,0.0,4.41,7.5,OUT
2026-06-03 15:00:00,S2,Bakery,0.0,5.09,28.5,OUT
2026-06-03 15:00:00,S3,Dairy,84.9,4.83,,FULL
2026-06-03 15:00:00,S4,Beverages,62.8,5.51,2.0,FULL
2026-06-03 15:00:00,S5,Snacks,89.5,,0.75,FULL
2026-06-03 15:00:00,S6,Produce,62.4,4.39,2.5,FULL
2026-06-03 15:00:00,S7,Beverages,0.0,6.81,10.25,OUT
2026-06-03 15:00:00,S8,Bakery,20.2,2.95,8.75,LOW
2026-06-03 15:15:00,S1,Dairy,0.0,6.03,7.75,OUT
2026-06-03 15:15:00,S2,Bakery,0.0,5.26,28.75,OUT
2026-06-03 15:15:00,S3,Dairy,81.0,4.2,1.5,FULL
2026-06-03 15:15:00,S4,Beverages,64.2,5.41,2.25,FULL
2026-06-03 15:15:00,S5,Snacks,90.1,3.16,1.0,FULL
2026-06-03 15:15:00,S6,Produce,82.1,2.23,2.75,FULL
2026-06-03 15:15:00,S7,Beverages,0.0,6.01,10.5,OUT
2026-06-03 15:15:00,S8,Bakery,0.0,5.24,9.0,OUT
2026-06-03 15:30:00,S1,Dairy,0.0,4.86,8.0,OUT
2026-06-03 15:30:00,S2,Bakery,0.0,4.33,29.0,OUT
2026-06-03 15:30:00,S3,Dairy,70.7,4.81,1.75,FULL
2026-06-03 15:30:00,S4,Beverages,70.8,3.62,,FULL
2026-06-03 15:30:00,S5,Snacks,81.9,4.75,1.25,FULL
2026-06-03 15:30:00,S6,Produce,74.6,3.0,3.0,FULL
2026-06-03 15:30:00,S7,Beverages,0.0,7.44,10.75,OUT
2026-06-03 15:30:00,S8,Bakery,0.0,5.47,9.25,OUT
2026-06-03 15:45:00,S1,Dairy,0.0,4.73,8.25,OUT
2026-06-03 15:45:00,S2,Bakery,100.0,4.41,0.0,FULL
2026-06-03 15:45:00,S3,Dairy,70.0,4.96,2.0,FULL
2026-06-03 15:45:00,S4,Beverages,,5.05,2.75,LOW
2026-06-03 15:45:00,S5,Snacks,84.5,3.74,1.5,FULL
2026-06-03 15:45:00,S6,Produce,59.2,3.89,3.25,LOW
2026-06-03 15:45:00,S7,Beverages,0.0,6.8,11.0,OUT
2026-06-03 15:45:00,S8,Bakery,0.0,5.95,9.5,OUT
2026-06-03 16:00:00,S1,Dairy,0.0,4.45,8.5,OUT
2026-06-03 16:00:00,S2,Bakery,97.1,4.78,0.25,FULL
2026-06-03 16:00:00,S3,Dairy,70.1,3.85,2.25,FULL
2026-06-03 16:00:00,S4,Beverages,43.1,5.59,3.0,LOW
2026-06-03 16:00:00,S5,Snacks,90.3,1.51,1.75,FULL
2026-06-03 16:00:00,S6,Produce,55.4,3.98,3.5,LOW
2026-06-03 16:00:00,S7,Beverages,0.0,6.7,11.25,OUT
2026-06-03 16:00:00,S8,Bakery,0.0,3.92,9.75,OUT
2026-06-03 16:15:00,S1,Dairy,0.0,5.22,8.75,OUT
2026-06-03 16:15:00,S2,Bakery,84.1,5.36,0.5,FULL
2026-06-03 16:15:00,S3,Dairy,67.8,4.27,2.5,FULL
2026-06-03 16:15:00,S4,Beverages,48.0,4.7,3.25,LOW
2026-06-03 16:15:00,S5,Snacks,61.0,5.1,2.0,FULL
2026-06-03 16:15:00,S6,Produce,52.6,4.16,3.75,LOW
2026-06-03 16:15:00,S7,Beverages,,4.8,11.5,OUT
2026-06-03 16:15:00,S8,Bakery,0.0,4.98,10.0,OUT
2026-06-03 16:30:00,S1,Dairy,60.5,1.48,9.0,FULL
2026-06-03 16:30:00,S2,Bakery,86.3,4.82,0.75,FULL
2026-06-03 16:30:00,S3,Dairy,,4.47,2.75,LOW
2026-06-03 16:30:00,S4,Beverages,25.6,6.83,3.5,LOW
2026-06-03 16:30:00,S5,Snacks,84.1,1.92,2.25,FULL
2026-06-03 16:30:00,S6,Produce,55.8,3.69,4.0,LOW
2026-06-03 16:30:00,S7,Beverages,0.0,6.41,11.75,OUT
2026-06-03 16:30:00,S8,Bakery,0.0,4.82,10.25,OUT
2026-06-03 16:45:00,S1,Dairy,0.0,4.04,9.25,OUT
2026-06-03 16:45:00,S2,Bakery,83.3,4.53,1.0,FULL
2026-06-03 16:45:00,S3,Dairy,49.4,5.54,3.0,LOW
2026-06-03 16:45:00,S4,Beverages,32.3,5.73,3.75,LOW
2026-06-03 16:45:00,S5,Snacks,80.9,1.37,2.5,FULL
2026-06-03 16:45:00,S6,Produce,38.8,4.1,4.25,LOW
2026-06-03 16:45:00,S7,Beverages,0.0,5.31,12.0,OUT
2026-06-03 16:45:00,S8,Bakery,0.0,4.9,10.5,OUT
2026-06-03 17:00:00,S1,Dairy,0.0,5.63,9.5,OUT
2026-06-03 17:00:00,S2,Bakery,82.2,5.41,1.25,FULL
2026-06-03 17:00:00,S3,Dairy,68.1,3.16,3.25,FULL
2026-06-03 17:00:00,S4,Beverages,11.6,7.28,4.0,OUT
2026-06-03 17:00:00,S5,Snacks,71.3,3.41,2.75,FULL
2026-06-03 17:00:00,S6,Produce,47.4,3.78,4.5,LOW
2026-06-03 17:00:00,S7,Beverages,,6.8,12.25,OUT
2026-06-03 17:00:00,S8,Bakery,0.0,6.36,10.75,OUT
2026-06-03 17:15:00,S1,Dairy,0.0,5.61,9.75,OUT
2026-06-03 17:15:00,S2,Bakery,74.5,5.98,1.5,FULL
2026-06-03 17:15:00,S3,Dairy,38.0,5.45,3.5,LOW
2026-06-03 17:15:00,S4,Beverages,23.7,5.61,4.25,LOW
2026-06-03 17:15:00,S5,Snacks,73.5,2.88,3.0,FULL
2026-06-03 17:15:00,S6,Produce,47.2,3.51,4.75,LOW
2026-06-03 17:15:00,S7,Beverages,0.0,5.63,12.5,OUT
2026-06-03 17:15:00,S8,Bakery,0.0,4.01,11.0,OUT
2026-06-03 17:30:00,S1,Dairy,0.0,4.56,10.0,OUT
2026-06-03 17:30:00,S2,Bakery,73.3,4.18,1.75,FULL
2026-06-03 17:30:00,S3,Dairy,49.8,4.62,3.75,LOW
2026-06-03 17:30:00,S4,Beverages,21.5,5.41,4.5,LOW
2026-06-03 17:30:00,S5,Snacks,47.8,4.88,3.25,LOW
2026-06-03 17:30:00,S6,Produce,39.8,3.94,5.0,LOW
2026-06-03 17:30:00,S7,Beverages,0.0,7.65,12.75,OUT
2026-06-03 17:30:00,S8,Bakery,0.0,4.36,11.25,OUT
2026-06-03 17:45:00,S1,Dairy,0.0,5.21,10.25,OUT
2026-06-03 17:45:00,S2,Bakery,74.1,4.6,2.0,FULL
2026-06-03 17:45:00,S3,Dairy,53.2,4.19,4.0,LOW
2026-06-03 17:45:00,S4,Beverages,13.2,5.65,4.75,OUT
2026-06-03 17:45:00,S5,Snacks,72.0,3.0,3.5,FULL
2026-06-03 17:45:00,S6,Produce,31.4,3.95,5.25,LOW
2026-06-03 17:45:00,S7,Beverages,0.0,5.91,13.0,OUT
2026-06-03 17:45:00,S8,Bakery,0.0,5.09,11.5,OUT
2026-06-03 18:00:00,S1,Dairy,0.0,3.02,10.5,OUT
2026-06-03 18:00:00,S2,Bakery,65.3,4.68,2.25,FULL
2026-06-03 18:00:00,S3,Dairy,53.8,3.33,4.25,LOW
2026-06-03 18:00:00,S4,Beverages,5.4,6.03,,OUT
2026-06-03 18:00:00,S5,Snacks,66.1,2.82,3.75,FULL
2026-06-03 18:00:00,S6,Produce,16.0,4.54,5.5,OUT
2026-06-03 18:00:00,S7,Beverages,0.0,5.94,13.25,OUT
2026-06-03 18:00:00,S8,Bakery,0.0,5.55,11.75,OUT
2026-06-03 18:15:00,S1,Dairy,0.0,3.02,10.75,OUT
2026-06-03 18:15:00,S2,Bakery,63.7,4.67,2.5,FULL
2026-06-03 18:15:00,S3,Dairy,3.6,6.36,4.5,OUT
2026-06-03 18:15:00,S4,Beverages,1.3,6.04,5.25,OUT
2026-06-03 18:15:00,S5,Snacks,65.8,2.97,4.0,FULL
2026-06-03 18:15:00,S6,Produce,51.9,2.61,5.75,LOW
2026-06-03 18:15:00,S7,Beverages,96.9,4.29,0.0,FULL
2026-06-03 18:15:00,S8,Bakery,0.0,5.32,12.0,OUT
2026-06-03 18:30:00,S1,Dairy,0.0,4.55,11.0,OUT
2026-06-03 18:30:00,S2,Bakery,54.9,4.67,2.75,LOW
2026-06-03 18:30:00,S3,Dairy,29.4,4.47,4.75,LOW
2026-06-03 18:30:00,S4,Beverages,0.0,6.3,5.5,OUT
2026-06-03 18:30:00,S5,Snacks,57.8,3.07,4.25,LOW
2026-06-03 18:30:00,S6,Produce,0.0,5.61,6.0,OUT
2026-06-03 18:30:00,S7,Beverages,93.8,5.85,0.25,FULL
2026-06-03 18:30:00,S8,Bakery,0.0,7.2,12.25,OUT
2026-06-03 18:45:00,S1,Dairy,0.0,3.9,11.25,OUT
2026-06-03 18:45:00,S2,Bakery,58.1,4.13,3.0,LOW
2026-06-03 18:45:00,S3,Dairy,24.2,4.72,5.0,LOW
2026-06-03 18:45:00,S4,Beverages,0.0,6.52,5.75,OUT
2026-06-03 18:45:00,S5,Snacks,87.6,0.92,4.5,FULL
2026-06-03 18:45:00,S6,Produce,6.1,,6.25,OUT
2026-06-03 18:45:00,S7,Beverages,89.8,5.66,0.5,FULL
2026-06-03 18:45:00,S8,Bakery,0.0,4.69,12.5,OUT
2026-06-03 19:00:00,S1,Dairy,0.5,2.76,11.5,OUT
2026-06-03 19:00:00,S2,Bakery,62.3,4.0,3.25,FULL
2026-06-03 19:00:00,S3,Dairy,28.9,4.42,5.25,LOW
2026-06-03 19:00:00,S4,Beverages,0.0,6.36,6.0,OUT
2026-06-03 19:00:00,S5,Snacks,82.3,1.15,4.75,FULL
2026-06-03 19:00:00,S6,Produce,0.0,5.56,6.5,OUT
2026-06-03 19:00:00,S7,Beverages,90.0,5.88,0.75,FULL
2026-06-03 19:00:00,S8,Bakery,0.0,5.7,12.75,OUT
2026-06-03 19:15:00,S1,Dairy,0.0,5.97,11.75,OUT
2026-06-03 19:15:00,S2,Bakery,46.8,5.03,3.5,LOW
2026-06-03 19:15:00,S3,Dairy,9.3,5.31,5.5,OUT
2026-06-03 19:15:00,S4,Beverages,0.0,6.87,6.25,OUT
2026-06-03 19:15:00,S5,Snacks,30.1,4.06,5.0,LOW
2026-06-03 19:15:00,S6,Produce,11.7,3.93,6.75,OUT
2026-06-03 19:15:00,S7,Beverages,81.9,5.84,1.0,FULL
2026-06-03 19:15:00,S8,Bakery,0.0,4.94,13.0,OUT
2026-06-03 19:30:00,S1,Dairy,0.0,5.35,12.0,OUT
2026-06-03 19:30:00,S2,Bakery,29.3,5.49,3.75,LOW
2026-06-03 19:30:00,S3,Dairy,15.2,4.45,5.75,OUT
2026-06-03 19:30:00,S4,Beverages,0.0,6.67,6.5,OUT
2026-06-03 19:30:00,S5,Snacks,53.8,2.55,5.25,LOW
2026-06-03 19:30:00,S6,Produce,0.0,4.42,7.0,OUT
2026-06-03 19:30:00,S7,Beverages,81.8,4.72,1.25,FULL
2026-06-03 19:30:00,S8,Bakery,0.0,,13.25,OUT
2026-06-03 19:45:00,S1,Dairy,0.0,3.89,12.25,OUT
2026-06-03 19:45:00,S2,Bakery,27.2,5.72,4.0,LOW
2026-06-03 19:45:00,S3,Dairy,0.0,5.44,6.0,OUT
2026-06-03 19:45:00,S4,Beverages,0.0,6.62,6.75,OUT
2026-06-03 19:45:00,S5,Snacks,44.1,3.27,5.5,LOW
2026-06-03 19:45:00,S6,Produce,37.0,2.84,7.25,LOW
2026-06-03 19:45:00,S7,Beverages,68.1,6.44,1.5,FULL
2026-06-03 19:45:00,S8,Bakery,0.0,7.35,13.5,OUT
2026-06-03 20:00:00,S1,Dairy,0.0,3.53,12.5,OUT
2026-06-03 20:00:00,S2,Bakery,1.4,7.05,4.25,OUT
2026-06-03 20:00:00,S3,Dairy,25.7,3.59,6.25,LOW
2026-06-03 20:00:00,S4,Beverages,0.0,5.63,7.0,OUT
2026-06-03 20:00:00,S5,Snacks,64.7,2.06,5.75,FULL
2026-06-03 20:00:00,S6,Produce,0.0,5.52,7.5,OUT
2026-06-03 20:00:00,S7,Beverages,66.3,5.75,1.75,FULL
2026-06-03 20:00:00,S8,Bakery,0.0,6.85,13.75,OUT
2026-06-03 20:15:00,S1,Dairy,,4.14,12.75,OUT
2026-06-03 20:15:00,S2,Bakery,37.4,4.28,4.5,LOW
2026-06-03 20:15:00,S3,Dairy,0.0,5.89,6.5,OUT
2026-06-03 20:15:00,S4,Beverages,0.0,5.56,7.25,OUT
2026-06-03 20:15:00,S5,Snacks,60.4,1.92,6.0,FULL
2026-06-03 20:15:00,S6,Produce,0.0,4.26,7.75,OUT
2026-06-03 20:15:00,S7,Beverages,56.5,6.29,2.0,LOW
2026-06-03 20:15:00,S8,Bakery,0.0,4.78,14.0,OUT
2026-06-03 20:30:00,S1,Dairy,0.0,5.28,13.0,OUT
2026-06-03 20:30:00,S2,Bakery,17.1,5.38,4.75,OUT
2026-06-03 20:30:00,S3,Dairy,0.0,5.01,6.75,OUT
2026-06-03 20:30:00,S4,Beverages,0.0,7.7,7.5,OUT
2026-06-03 20:30:00,S5,Snacks,28.0,3.47,6.25,LOW
2026-06-03 20:30:00,S6,Produce,0.0,3.76,8.0,OUT
2026-06-03 20:30:00,S7,Beverages,45.7,7.08,2.25,LOW
2026-06-03 20:30:00,S8,Bakery,0.0,5.73,14.25,OUT
2026-06-03 20:45:00,S1,Dairy,0.0,,13.25,OUT
2026-06-03 20:45:00,S2,Bakery,15.0,5.23,5.0,OUT
2026-06-03 20:45:00,S3,Dairy,12.6,3.82,7.0,OUT
2026-06-03 20:45:00,S4,Beverages,0.0,7.51,7.75,OUT
2026-06-03 20:45:00,S5,Snacks,50.6,2.43,6.5,LOW
2026-06-03 20:45:00,S6,Produce,0.0,4.78,8.25,OUT
2026-06-03 20:45:00,S7,Beverages,53.1,5.28,2.5,LOW
2026-06-03 20:45:00,S8,Bakery,0.0,5.66,14.5,OUT
2026-06-03 21:00:00,S1,Dairy,0.0,4.52,13.5,OUT
2026-06-03 21:00:00,S2,Bakery,0.0,6.66,5.25,OUT
2026-06-03 21:00:00,S3,Dairy,0.0,4.81,7.25,OUT
2026-06-03 21:00:00,S4,Beverages,0.0,5.5,8.0,OUT
2026-06-03 21:00:00,S5,Snacks,,3.04,6.75,LOW
2026-06-03 21:00:00,S6,Produce,0.0,4.09,8.5,OUT
2026-06-03 21:00:00,S7,Beverages,41.6,7.03,2.75,LOW
2026-06-03 21:00:00,S8,Bakery,0.0,5.21,14.75,OUT
2026-06-03 21:15:00,S1,Dairy,0.0,3.13,13.75,OUT
2026-06-03 21:15:00,S2,Bakery,36.0,3.67,5.5,LOW
2026-06-03 21:15:00,S3,Dairy,14.8,3.74,7.5,OUT
2026-06-03 21:15:00,S4,Beverages,0.0,5.62,8.25,OUT
2026-06-03 21:15:00,S5,Snacks,54.1,2.28,7.0,LOW
2026-06-03 21:15:00,S6,Produce,0.0,4.45,8.75,OUT
2026-06-03 21:15:00,S7,Beverages,26.9,7.32,3.0,LOW
2026-06-03 21:15:00,S8,Bakery,0.0,5.11,15.0,OUT
2026-06-03 21:30:00,S1,Dairy,0.0,3.0,14.0,OUT
2026-06-03 21:30:00,S2,Bakery,0.0,5.9,5.75,OUT
2026-06-03 21:30:00,S3,Dairy,0.0,4.54,7.75,OUT
2026-06-03 21:30:00,S4,Beverages,0.0,6.3,8.5,OUT
2026-06-03 21:30:00,S5,Snacks,0.0,4.07,7.25,OUT
2026-06-03 21:30:00,S6,Produce,16.7,2.81,9.0,OUT
2026-06-03 21:30:00,S7,Beverages,34.6,6.51,,LOW
2026-06-03 21:30:00,S8,Bakery,0.0,5.77,15.25,OUT
2026-06-03 21:45:00,S1,Dairy,0.0,5.49,14.25,OUT
2026-06-03 21:45:00,S2,Bakery,0.7,5.1,6.0,OUT
2026-06-03 21:45:00,S3,Dairy,0.0,4.18,8.0,OUT
2026-06-03 21:45:00,S4,Beverages,0.0,7.09,8.75,OUT
2026-06-03 21:45:00,S5,Snacks,8.5,3.77,7.5,OUT
2026-06-03 21:45:00,S6,Produce,0.0,4.52,9.25,OUT
2026-06-03 21:45:00,S7,Beverages,32.5,5.64,3.5,LOW
2026-06-03 21:45:00,S8,Bakery,0.0,6.01,15.5,OUT
2026-06-03 22:00:00,S1,Dairy,0.0,5.54,14.5,OUT
2026-06-03 22:00:00,S2,Bakery,9.1,4.6,6.25,OUT
2026-06-03 22:00:00,S3,Dairy,0.0,5.82,8.25,OUT
2026-06-03 22:00:00,S4,Beverages,0.0,6.96,9.0,OUT
2026-06-03 22:00:00,S5,Snacks,55.8,1.77,7.75,LOW
2026-06-03 22:00:00,S6,Produce,8.7,3.07,9.5,OUT
2026-06-03 22:00:00,S7,Beverages,22.5,6.18,3.75,LOW
2026-06-03 22:00:00,S8,Bakery,0.0,3.87,15.75,OUT
2026-06-03 22:15:00,S1,Dairy,,3.77,14.75,OUT
2026-06-03 22:15:00,S2,Bakery,0.0,6.41,6.5,OUT
2026-06-03 22:15:00,S3,Dairy,0.0,4.21,8.5,OUT
2026-06-03 22:15:00,S4,Beverages,0.0,6.92,9.25,OUT
2026-06-03 22:15:00,S5,Snacks,39.5,2.51,8.0,LOW
2026-06-03 22:15:00,S6,Produce,0.0,3.68,9.75,OUT
2026-06-03 22:15:00,S7,Beverages,10.8,6.83,4.0,OUT
2026-06-03 22:15:00,S8,Bakery,0.0,3.67,16.0,OUT
2026-06-03 22:30:00,S1,Dairy,0.0,6.74,15.0,OUT
2026-06-03 22:30:00,S2,Bakery,29.2,3.23,6.75,LOW
2026-06-03 22:30:00,S3,Dairy,0.0,4.96,8.75,OUT
2026-06-03 22:30:00,S4,Beverages,0.0,7.24,9.5,OUT
2026-06-03 22:30:00,S5,Snacks,68.7,1.14,8.25,FULL
2026-06-03 22:30:00,S6,Produce,0.0,4.05,10.0,OUT
2026-06-03 22:30:00,S7,Beverages,27.6,5.15,4.25,LOW
2026-06-03 22:30:00,S8,Bakery,0.0,4.4,16.25,OUT
2026-06-03 22:45:00,S1,Dairy,0.0,4.24,15.25,OUT
2026-06-03 22:45:00,S2,Bakery,0.0,5.03,7.0,OUT
2026-06-03 22:45:00,S3,Dairy,0.0,4.5,9.0,OUT
2026-06-03 22:45:00,S4,Beverages,0.0,5.72,9.75,OUT
2026-06-03 22:45:00,S5,Snacks,7.9,3.35,8.5,OUT
2026-06-03 22:45:00,S6,Produce,0.0,4.9,10.25,OUT
2026-06-03 22:45:00,S7,Beverages,16.4,6.03,4.5,OUT
2026-06-03 22:45:00,S8,Bakery,0.0,5.61,16.5,OUT
2026-06-03 23:00:00,S1,Dairy,0.0,3.65,15.5,OUT
2026-06-03 23:00:00,S2,Bakery,29.9,3.17,7.25,LOW
2026-06-03 23:00:00,S3,Dairy,0.0,5.26,9.25,OUT
2026-06-03 23:00:00,S4,Beverages,0.0,7.01,10.0,OUT
2026-06-03 23:00:00,S5,Snacks,13.1,3.04,8.75,OUT
2026-06-03 23:00:00,S6,Produce,0.0,5.72,10.5,OUT
2026-06-03 23:00:00,S7,Beverages,20.7,5.05,4.75,LOW
2026-06-03 23:00:00,S8,Bakery,0.0,5.28,16.75,OUT
2026-06-03 23:15:00,S1,Dairy,0.0,5.88,15.75,OUT
2026-06-03 23:15:00,S2,Bakery,5.5,3.76,7.5,OUT
2026-06-03 23:15:00,S3,Dairy,0.0,4.71,9.5,OUT
2026-06-03 23:15:00,S4,Beverages,0.0,7.61,10.25,OUT
2026-06-03 23:15:00,S5,Snacks,86.0,0.5,9.0,FULL
2026-06-03 23:15:00,S6,Produce,8.7,2.64,10.75,OUT
2026-06-03 23:15:00,S7,Beverages,0.0,6.88,5.0,OUT
2026-06-03 23:15:00,S8,Bakery,0.0,4.51,17.0,OUT
2026-06-03 23:30:00,S1,Dairy,0.0,4.26,16.0,OUT
2026-06-03 23:30:00,S2,Bakery,0.0,4.64,7.75,OUT
2026-06-03 23:30:00,S3,Dairy,0.0,4.37,9.75,OUT
2026-06-03 23:30:00,S4,Beverages,0.0,5.29,10.5,OUT
2026-06-03 23:30:00,S5,Snacks,2.9,3.32,9.25,OUT
2026-06-03 23:30:00,S6,Produce,0.0,5.05,11.0,OUT
2026-06-03 23:30:00,S7,Beverages,0.0,7.28,5.25,OUT
2026-06-03 23:30:00,S8,Bakery,0.0,5.16,17.25,OUT
2026-06-03 23:45:00,S1,Dairy,0.0,5.46,16.25,OUT
2026-06-03 23:45:00,S2,Bakery,13.8,3.34,8.0,OUT
2026-06-03 23:45:00,S3,Dairy,0.0,3.49,10.0,OUT
2026-06-03 23:45:00,S4,Beverages,0.0,6.68,10.75,OUT
2026-06-03 23:45:00,S5,Snacks,0.0,3.96,9.5,OUT
2026-06-03 23:45:00,S6,Produce,0.0,5.38,11.25,OUT
2026-06-03 23:45:00,S7,Beverages,0.0,6.58,5.5,OUT
2026-06-03 23:45:00,S8,Bakery,0.0,6.65,17.5,OUT
2026-06-04 00:00:00,S1,Dairy,0.0,5.38,16.5,OUT
2026-06-04 00:00:00,S2,Bakery,0.0,5.45,8.25,OUT
2026-06-04 00:00:00,S3,Dairy,0.0,4.83,10.25,OUT
2026-06-04 00:00:00,S4,Beverages,0.0,6.26,11.0,OUT
2026-06-04 00:00:00,S5,Snacks,21.2,2.56,9.75,LOW
2026-06-04 00:00:00,S6,Produce,99.0,4.06,0.0,FULL
2026-06-04 00:00:00,S7,Beverages,0.0,,5.75,OUT
2026-06-04 00:00:00,S8,Bakery,0.0,6.06,17.75,OUT
2026-06-04 00:15:00,S1,Dairy,0.0,4.49,16.75,OUT
2026-06-04 00:15:00,S2,Bakery,0.0,3.86,8.5,OUT
2026-06-04 00:15:00,S3,Dairy,0.0,5.14,10.5,OUT
2026-06-04 00:15:00,S4,Beverages,0.0,6.09,11.25,OUT
2026-06-04 00:15:00,S5,Snacks,0.0,3.56,10.0,OUT
2026-06-04 00:15:00,S6,Produce,96.3,5.06,0.25,FULL
2026-06-04 00:15:00,S7,Beverages,0.0,6.62,6.0,OUT
2026-06-04 00:15:00,S8,Bakery,0.0,5.51,18.0,OUT
2026-06-04 00:30:00,S1,Dairy,0.0,5.07,17.0,OUT
2026-06-04 00:30:00,S2,Bakery,1.2,3.74,8.75,OUT
2026-06-04 00:30:00,S3,Dairy,0.0,4.27,10.75,OUT
2026-06-04 00:30:00,S4,Beverages,0.0,6.04,11.5,OUT
2026-06-04 00:30:00,S5,Snacks,21.2,2.37,10.25,LOW
2026-06-04 00:30:00,S6,Produce,93.9,3.41,,FULL
2026-06-04 00:30:00,S7,Beverages,0.0,6.53,6.25,OUT
2026-06-04 00:30:00,S8,Bakery,0.0,5.66,18.25,OUT
2026-06-04 00:45:00,S1,Dairy,0.0,4.22,17.25,OUT
2026-06-04 00:45:00,S2,Bakery,0.0,5.15,9.0,OUT
2026-06-04 00:45:00,S3,Dairy,0.0,3.22,11.0,OUT
2026-06-04 00:45:00,S4,Beverages,0.0,6.36,11.75,OUT
2026-06-04 00:45:00,S5,Snacks,0.0,3.49,10.5,OUT
2026-06-04 00:45:00,S6,Produce,96.2,2.93,0.75,FULL
2026-06-04 00:45:00,S7,Beverages,0.0,6.43,6.5,OUT
2026-06-04 00:45:00,S8,Bakery,0.0,4.59,18.5,OUT
2026-06-04 01:00:00,S1,Dairy,0.0,4.29,17.5,OUT
2026-06-04 01:00:00,S2,Bakery,0.0,5.55,9.25,OUT
2026-06-04 01:00:00,S3,Dairy,0.0,3.12,,OUT
2026-06-04 01:00:00,S4,Beverages,0.0,6.41,,OUT
2026-06-04 01:00:00,S5,Snacks,100.0,2.92,0.0,FULL
2026-06-04 01:00:00,S6,Produce,96.4,2.05,1.0,FULL
2026-06-04 01:00:00,S7,Beverages,15.6,3.81,6.75,OUT
2026-06-04 01:00:00,S8,Bakery,0.0,4.46,18.75,OUT
2026-06-04 01:15:00,S1,Dairy,0.0,5.48,17.75,OUT
2026-06-04 01:15:00,S2,Bakery,0.0,6.04,9.5,OUT
2026-06-04 01:15:00,S3,Dairy,0.0,3.41,11.5,OUT
2026-06-04 01:15:00,S4,Beverages,0.0,7.9,12.25,OUT
2026-06-04 01:15:00,S5,Snacks,95.6,4.81,,FULL
2026-06-04 01:15:00,S6,Produce,86.6,3.55,1.25,FULL
2026-06-04 01:15:00,S7,Beverages,0.0,5.2,7.0,OUT
2026-06-04 01:15:00,S8,Bakery,0.0,3.49,19.0,OUT
2026-06-04 01:30:00,S1,Dairy,0.0,5.97,18.0,OUT
2026-06-04 01:30:00,S2,Bakery,0.0,4.85,9.75,OUT
2026-06-04 01:30:00,S3,Dairy,0.0,2.52,11.75,OUT
2026-06-04 01:30:00,S4,Beverages,0.0,6.73,12.5,OUT
2026-06-04 01:30:00,S5,Snacks,93.4,4.87,0.5,FULL
2026-06-04 01:30:00,S6,Produce,80.9,3.53,1.5,FULL
2026-06-04 01:30:00,S7,Beverages,0.0,6.93,7.25,OUT
2026-06-04 01:30:00,S8,Bakery,0.0,3.88,19.25,OUT
2026-06-04 01:45:00,S1,Dairy,0.0,5.9,18.25,OUT
2026-06-04 01:45:00,S2,Bakery,0.0,6.64,10.0,OUT
2026-06-04 01:45:00,S3,Dairy,0.0,4.33,12.0,OUT
2026-06-04 01:45:00,S4,Beverages,0.0,6.9,12.75,OUT
2026-06-04 01:45:00,S5,Snacks,93.7,3.52,0.75,FULL
2026-06-04 01:45:00,S6,Produce,82.0,2.93,1.75,FULL
2026-06-04 01:45:00,S7,Beverages,0.0,5.65,7.5,OUT
2026-06-04 01:45:00,S8,Bakery,0.0,4.55,19.5,OUT
2026-06-04 02:00:00,S1,Dairy,0.0,4.91,18.5,OUT
2026-06-04 02:00:00,S2,Bakery,0.0,4.2,10.25,OUT
2026-06-04 02:00:00,S3,Dairy,0.0,2.65,12.25,OUT
2026-06-04 02:00:00,S4,Beverages,0.0,6.88,13.0,OUT
2026-06-04 02:00:00,S5,Snacks,86.9,4.31,1.0,FULL
2026-06-04 02:00:00,S6,Produce,89.6,2.18,2.0,FULL
2026-06-04 02:00:00,S7,Beverages,0.0,6.96,7.75,OUT
2026-06-04 02:00:00,S8,Bakery,0.0,5.1,19.75,OUT
2026-06-04 02:15:00,S1,Dairy,0.0,3.22,18.75,OUT
2026-06-04 02:15:00,S2,Bakery,0.0,4.43,10.5,OUT
2026-06-04 02:15:00,S3,Dairy,0.0,,12.5,OUT
2026-06-04 02:15:00,S4,Beverages,100.0,5.79,0.0,FULL
2026-06-04 02:15:00,S5,Snacks,88.3,2.31,1.25,FULL
2026-06-04 02:15:00,S6,Produce,88.5,1.82,2.25,FULL
2026-06-04 02:15:00,S7,Beverages,0.0,6.02,8.0,OUT
2026-06-04 02:15:00,S8,Bakery,0.0,4.63,20.0,OUT
2026-06-04 02:30:00,S1,Dairy,30.7,1.07,19.0,LOW
2026-06-04 02:30:00,S2,Bakery,0.0,6.13,10.75,OUT
2026-06-04 02:30:00,S3,Dairy,0.0,4.89,12.75,OUT
2026-06-04 02:30:00,S4,Beverages,89.3,6.39,0.25,FULL
2026-06-04 02:30:00,S5,Snacks,87.8,2.95,1.5,FULL
2026-06-04 02:30:00,S6,Produce,78.8,2.52,2.5,FULL
2026-06-04 02:30:00,S7,Beverages,0.0,5.88,8.25,OUT
2026-06-04 02:30:00,S8,Bakery,0.0,5.67,20.25,OUT
2026-06-04 02:45:00,S1,Dairy,0.0,3.97,19.25,OUT
2026-06-04 02:45:00,S2,Bakery,0.0,6.22,11.0,OUT
2026-06-04 02:45:00,S3,Dairy,0.0,3.18,13.0,OUT
2026-06-04 02:45:00,S4,Beverages,84.7,5.26,0.5,FULL
2026-06-04 02:45:00,S5,Snacks,80.3,2.87,1.75,FULL
2026-06-04 02:45:00,S6,Produce,55.1,4.44,2.75,LOW
2026-06-04 02:45:00,S7,Beverages,0.0,5.25,8.5,OUT
2026-06-04 02:45:00,S8,Bakery,0.0,6.12,20.5,OUT
2026-06-04 03:00:00,S1,Dairy,0.0,4.59,19.5,OUT
2026-06-04 03:00:00,S2,Bakery,0.0,6.01,11.25,OUT
2026-06-04 03:00:00,S3,Dairy,,4.87,13.25,OUT
2026-06-04 03:00:00,S4,Beverages,88.0,5.21,0.75,FULL
2026-06-04 03:00:00,S5,Snacks,87.7,2.06,2.0,FULL
2026-06-04 03:00:00,S6,Produce,60.7,3.89,3.0,FULL
2026-06-04 03:00:00,S7,Beverages,0.0,4.75,8.75,OUT
2026-06-04 03:00:00,S8,Bakery,0.0,4.45,20.75,OUT
2026-06-04 03:15:00,S1,Dairy,0.0,3.2,19.75,OUT
2026-06-04 03:15:00,S2,Bakery,0.0,5.43,11.5,OUT
2026-06-04 03:15:00,S3,Dairy,0.0,5.49,13.5,OUT
2026-06-04 03:15:00,S4,Beverages,85.5,5.01,1.0,FULL
2026-06-04 03:15:00,S5,Snacks,75.4,3.88,2.25,FULL
2026-06-04 03:15:00,S6,Produce,77.7,2.51,3.25,FULL
2026-06-04 03:15:00,S7,Beverages,0.0,5.74,9.0,OUT
2026-06-04 03:15:00,S8,Bakery,0.0,4.66,21.0,OUT
2026-06-04 03:30:00,S1,Dairy,0.0,5.43,20.0,OUT
2026-06-04 03:30:00,S2,Bakery,0.0,7.32,11.75,OUT
2026-06-04 03:30:00,S3,Dairy,0.0,4.45,13.75,OUT
2026-06-04 03:30:00,S4,Beverages,79.4,5.22,1.25,FULL
2026-06-04 03:30:00,S5,Snacks,67.0,3.45,2.5,FULL
2026-06-04 03:30:00,S6,Produce,57.5,4.24,3.5,LOW
2026-06-04 03:30:00,S7,Beverages,,5.92,9.25,OUT
2026-06-04 03:30:00,S8,Bakery,0.0,5.21,21.25,OUT
2026-06-04 03:45:00,S1,Dairy,0.0,4.37,20.25,OUT
2026-06-04 03:45:00,S2,Bakery,8.7,2.46,12.0,OUT
2026-06-04 03:45:00,S3,Dairy,0.0,4.27,14.0,OUT
2026-06-04 03:45:00,S4,Beverages,63.3,7.91,1.5,FULL
2026-06-04 03:45:00,S5,Snacks,86.6,2.26,2.75,FULL
2026-06-04 03:45:00,S6,Produce,42.9,4.8,3.75,LOW
2026-06-04 03:45:00,S7,Beverages,0.0,6.1,9.5,OUT
2026-06-04 03:45:00,S8,Bakery,0.0,6.5,21.5,OUT
2026-06-04 04:00:00,S1,Dairy,0.0,4.88,20.5,OUT
2026-06-04 04:00:00,S2,Bakery,0.0,4.97,12.25,OUT
2026-06-04 04:00:00,S3,Dairy,0.0,4.34,14.25,OUT
2026-06-04 04:00:00,S4,Beverages,67.5,6.35,1.75,FULL
2026-06-04 04:00:00,S5,Snacks,57.6,4.08,3.0,LOW
2026-06-04 04:00:00,S6,Produce,53.5,3.94,4.0,LOW
2026-06-04 04:00:00,S7,Beverages,0.0,6.38,9.75,OUT
2026-06-04 04:00:00,S8,Bakery,0.0,6.74,21.75,OUT
2026-06-04 04:15:00,S1,Dairy,0.0,,20.75,OUT
2026-06-04 04:15:00,S2,Bakery,0.0,5.31,12.5,OUT
2026-06-04 04:15:00,S3,Dairy,0.0,3.23,14.5,OUT
2026-06-04 04:15:00,S4,Beverages,62.1,6.15,2.0,FULL
2026-06-04 04:15:00,S5,Snacks,60.9,3.83,3.25,FULL
2026-06-04 04:15:00,S6,Produce,31.3,4.81,4.25,LOW
2026-06-04 04:15:00,S7,Beverages,0.0,4.84,10.0,OUT
2026-06-04 04:15:00,S8,Bakery,0.0,5.55,,OUT
2026-06-04 04:30:00,S1,Dairy,0.0,4.87,21.0,OUT
2026-06-04 04:30:00,S2,Bakery,0.0,3.14,12.75,OUT
2026-06-04 04:30:00,S3,Dairy,0.0,4.37,14.75,OUT
2026-06-04 04:30:00,S4,Beverages,60.4,5.93,2.25,FULL
2026-06-04 04:30:00,S5,Snacks,59.5,3.48,3.5,LOW
2026-06-04 04:30:00,S6,Produce,46.6,3.72,4.5,LOW
2026-06-04 04:30:00,S7,Beverages,0.0,6.73,10.25,OUT
2026-06-04 04:30:00,S8,Bakery,100.0,3.83,0.0,FULL
2026-06-04 04:45:00,S1,Dairy,0.0,5.9,21.25,OUT
2026-06-04 04:45:00,S2,Bakery,96.8,7.13,0.0,FULL
2026-06-04 04:45:00,S3,Dairy,0.0,3.11,15.0,OUT
2026-06-04 04:45:00,S4,Beverages,43.5,6.76,2.5,LOW
2026-06-04 04:45:00,S5,Snacks,62.0,3.03,3.75,FULL
2026-06-04 04:45:00,S6,Produce,26.8,4.68,4.75,LOW
2026-06-04 04:45:00,S7,Beverages,0.0,4.93,10.5,OUT
2026-06-04 04:45:00,S8,Bakery,95.9,4.76,0.25,FULL
2026-06-04 05:00:00,S1,Dairy,0.0,4.47,21.5,OUT
2026-06-04 05:00:00,S2,Bakery,92.2,3.56,0.25,FULL
2026-06-04 05:00:00,S3,Dairy,0.0,2.27,15.25,OUT
2026-06-04 05:00:00,S4,Beverages,43.3,6.39,2.75,LOW
2026-06-04 05:00:00,S5,Snacks,61.1,3.33,4.0,FULL
2026-06-04 05:00:00,S6,Produce,38.5,3.86,5.0,LOW
2026-06-04 05:00:00,S7,Beverages,0.0,6.55,10.75,OUT
2026-06-04 05:00:00,S8,Bakery,91.4,3.54,0.5,FULL
2026-06-04 05:15:00,S1,Dairy,0.0,5.09,21.75,OUT
2026-06-04 05:15:00,S2,Bakery,95.5,5.52,0.5,FULL
2026-06-04 05:15:00,S3,Dairy,0.0,4.43,15.5,OUT
2026-06-04 05:15:00,S4,Beverages,41.6,5.76,3.0,LOW
2026-06-04 05:15:00,S5,Snacks,73.7,2.18,4.25,FULL
2026-06-04 05:15:00,S6,Produce,38.2,3.75,5.25,LOW
2026-06-04 05:15:00,S7,Beverages,0.0,5.81,11.0,OUT
2026-06-04 05:15:00,S8,Bakery,83.7,4.92,0.75,FULL
2026-06-04 05:30:00,S1,Dairy,0.0,5.37,22.0,OUT
2026-06-04 05:30:00,S2,Bakery,83.5,4.64,0.75,FULL
2026-06-04 05:30:00,S3,Dairy,0.0,4.52,15.75,OUT
2026-06-04 05:30:00,S4,Beverages,29.9,6.94,3.25,LOW
2026-06-04 05:30:00,S5,Snacks,46.4,3.57,4.5,LOW
2026-06-04 05:30:00,S6,Produce,21.0,,5.5,LOW
2026-06-04 05:30:00,S7,Beverages,0.0,4.45,11.25,OUT
2026-06-04 05:30:00,S8,Bakery,80.1,4.83,1.0,FULL
2026-06-04 05:45:00,S1,Dairy,,3.39,22.25,OUT
2026-06-04 05:45:00,S2,Bakery,81.8,5.54,1.0,FULL
2026-06-04 05:45:00,S3,Dairy,0.0,5.21,16.0,OUT
2026-06-04 05:45:00,S4,Beverages,26.6,6.6,3.5,LOW
2026-06-04 05:45:00,S5,Snacks,62.4,2.34,4.75,FULL
2026-06-04 05:45:00,S6,Produce,22.6,4.05,5.75,LOW
2026-06-04 05:45:00,S7,Beverages,0.0,7.5,11.5,OUT
2026-06-04 05:45:00,S8,Bakery,81.1,3.96,1.25,FULL
2026-06-04 06:00:00,S1,Dairy,0.0,5.05,22.5,OUT
2026-06-04 06:00:00,S2,Bakery,83.0,3.66,1.25,FULL
2026-06-04 06:00:00,S3,Dairy,0.0,3.47,16.25,OUT
2026-06-04 06:00:00,S4,Beverages,,5.24,3.75,LOW
2026-06-04 06:00:00,S5,Snacks,76.4,1.25,5.0,FULL
2026-06-04 06:00:00,S6,Produce,17.7,4.38,6.0,OUT
2026-06-04 06:00:00,S7,Beverages,0.0,6.49,11.75,OUT
2026-06-04 06:00:00,S8,Bakery,73.0,5.47,1.5,FULL
2026-06-04 06:15:00,S1,Dairy,100.0,5.04,0.0,FULL
2026-06-04 06:15:00,S2,Bakery,72.7,5.29,1.5,FULL
2026-06-04 06:15:00,S3,Dairy,0.0,4.73,16.5,OUT
2026-06-04 06:15:00,S4,Beverages,39.0,4.7,4.0,LOW
2026-06-04 06:15:00,S5,Snacks,18.1,4.76,5.25,OUT
2026-06-04 06:15:00,S6,Produce,16.8,4.09,6.25,OUT
2026-06-04 06:15:00,S7,Beverages,0.0,5.59,12.0,OUT
2026-06-04 06:15:00,S8,Bakery,85.9,3.27,1.75,FULL
2026-06-04 06:30:00,S1,Dairy,100.0,4.59,0.25,FULL
2026-06-04 06:30:00,S2,Bakery,79.5,3.79,1.75,FULL
2026-06-04 06:30:00,S3,Dairy,0.0,3.82,16.75,OUT
2026-06-04 06:30:00,S4,Beverages,18.9,5.81,4.25,OUT
2026-06-04 06:30:00,S5,Snacks,49.0,2.54,5.5,LOW
2026-06-04 06:30:00,S6,Produce,0.0,5.12,6.5,OUT
2026-06-04 06:30:00,S7,Beverages,0.0,7.47,12.25,OUT
2026-06-04 06:30:00,S8,Bakery,67.6,5.09,2.0,FULL
2026-06-04 06:45:00,S1,Dairy,92.6,7.16,0.5,FULL
2026-06-04 06:45:00,S2,Bakery,69.9,4.97,2.0,FULL
2026-06-04 06:45:00,S3,Dairy,0.0,3.42,17.0,OUT
2026-06-04 06:45:00,S4,Beverages,7.5,,4.5,OUT
2026-06-04 06:45:00,S5,Snacks,38.3,3.74,5.75,LOW
2026-06-04 06:45:00,S6,Produce,20.6,3.79,6.75,LOW
2026-06-04 06:45:00,S7,Beverages,0.0,6.94,12.5,OUT
2026-06-04 06:45:00,S8,Bakery,67.4,4.48,2.25,FULL
2026-06-04 07:00:00,S1,Dairy,93.0,2.76,0.75,FULL
2026-06-04 07:00:00,S2,Bakery,66.3,4.59,2.25,FULL
2026-06-04 07:00:00,S3,Dairy,0.0,4.83,17.25,OUT
2026-06-04 07:00:00,S4,Beverages,0.0,6.83,4.75,OUT
2026-06-04 07:00:00,S5,Snacks,49.7,2.55,6.0,LOW
2026-06-04 07:00:00,S6,Produce,0.0,4.58,7.0,OUT
2026-06-04 07:00:00,S7,Beverages,0.0,5.26,12.75,OUT
2026-06-04 07:00:00,S8,Bakery,61.1,4.71,2.5,FULL
2026-06-04 07:15:00,S1,Dairy,84.1,5.09,1.0,FULL
2026-06-04 07:15:00,S2,Bakery,66.9,4.85,2.5,FULL
2026-06-04 07:15:00,S3,Dairy,0.0,4.79,17.5,OUT
2026-06-04 07:15:00,S4,Beverages,9.6,5.95,5.0,OUT
2026-06-04 07:15:00,S5,Snacks,0.0,5.82,6.25,OUT
2026-06-04 07:15:00,S6,Produce,18.7,3.4,7.25,OUT
2026-06-04 07:15:00,S7,Beverages,0.0,3.92,13.0,OUT
2026-06-04 07:15:00,S8,Bakery,45.2,6.11,2.75,LOW
2026-06-04 07:30:00,S1,Dairy,83.3,4.45,1.25,FULL
2026-06-04 07:30:00,S2,Bakery,53.6,5.71,2.75,LOW
2026-06-04 07:30:00,S3,Dairy,0.0,5.3,17.75,OUT
2026-06-04 07:30:00,S4,Beverages,20.7,4.6,5.25,LOW
2026-06-04 07:30:00,S5,Snacks,17.1,4.14,6.5,OUT
2026-06-04 07:30:00,S6,Produce,13.4,3.46,7.5,OUT
2026-06-04 07:30:00,S7,Beverages,0.0,7.51,13.25,OUT
2026-06-04 07:30:00,S8,Bakery,55.7,,3.0,LOW
2026-06-04 07:45:00,S1,Dairy,81.4,4.39,1.5,FULL
2026-06-04 07:45:00,S2,Bakery,32.9,7.27,3.0,LOW
2026-06-04 07:45:00,S3,Dairy,0.0,5.44,18.0,OUT
2026-06-04 07:45:00,S4,Beverages,,6.05,5.5,OUT
2026-06-04 07:45:00,S5,Snacks,16.9,3.96,6.75,OUT
2026-06-04 07:45:00,S6,Produce,0.0,4.4,7.75,OUT
2026-06-04 07:45:00,S7,Beverages,0.0,5.29,13.5,OUT
2026-06-04 07:45:00,S8,Bakery,40.4,5.67,3.25,LOW
2026-06-04 08:00:00,S1,Dairy,73.7,3.99,1.75,FULL
2026-06-04 08:00:00,S2,Bakery,47.0,5.06,3.25,LOW
2026-06-04 08:00:00,S3,Dairy,0.0,3.56,18.25,OUT
2026-06-04 08:00:00,S4,Beverages,29.4,4.05,5.75,LOW
2026-06-04 08:00:00,S5,Snacks,35.3,2.91,7.0,LOW
2026-06-04 08:00:00,S6,Produce,0.0,5.52,8.0,OUT
2026-06-04 08:00:00,S7,Beverages,0.0,6.05,13.75,OUT
2026-06-04 08:00:00,S8,Bakery,23.0,6.39,3.5,LOW
2026-06-04 08:15:00,S1,Dairy,68.9,4.51,2.0,FULL
2026-06-04 08:15:00,S2,Bakery,30.8,,3.5,LOW
2026-06-04 08:15:00,S3,Dairy,0.0,3.13,18.5,OUT
2026-06-04 08:15:00,S4,Beverages,0.0,6.18,6.0,OUT
2026-06-04 08:15:00,S5,Snacks,21.8,3.47,7.25,LOW
2026-06-04 08:15:00,S6,Produce,5.0,3.55,8.25,OUT
2026-06-04 08:15:00,S7,Beverages,0.0,5.62,14.0,OUT
2026-06-04 08:15:00,S8,Bakery,21.6,6.86,3.75,LOW
2026-06-04 08:30:00,S1,Dairy,66.6,4.59,2.25,FULL
2026-06-04 08:30:00,S2,Bakery,33.3,5.41,3.75,LOW
2026-06-04 08:30:00,S3,Dairy,0.0,5.24,18.75,OUT
2026-06-04 08:30:00,S4,Beverages,0.1,4.76,6.25,OUT
2026-06-04 08:30:00,S5,Snacks,28.9,3.05,7.5,LOW
2026-06-04 08:30:00,S6,Produce,6.1,3.41,8.5,OUT
2026-06-04 08:30:00,S7,Beverages,0.0,6.7,14.25,OUT
2026-06-04 08:30:00,S8,Bakery,32.5,5.34,4.0,LOW
2026-06-04 08:45:00,S1,Dairy,58.3,5.7,2.5,LOW
2026-06-04 08:45:00,S2,Bakery,22.6,6.09,4.0,LOW
2026-06-04 08:45:00,S3,Dairy,0.0,5.1,19.0,OUT
2026-06-04 08:45:00,S4,Beverages,0.0,6.53,6.5,OUT
2026-06-04 08:45:00,S5,Snacks,3.2,3.7,7.75,OUT
2026-06-04 08:45:00,S6,Produce,0.0,4.11,8.75,OUT
2026-06-04 08:45:00,S7,Beverages,0.0,,14.5,OUT
2026-06-04 08:45:00,S8,Bakery,53.7,3.51,4.25,LOW
2026-06-04 09:00:00,S1,Dairy,52.9,5.22,2.75,LOW
2026-06-04 09:00:00,S2,Bakery,41.1,4.17,4.25,LOW
2026-06-04 09:00:00,S3,Dairy,0.0,5.85,19.25,OUT
2026-06-04 09:00:00,S4,Beverages,0.0,4.69,6.75,OUT
2026-06-04 09:00:00,S5,Snacks,22.9,2.83,,LOW
2026-06-04 09:00:00,S6,Produce,21.5,2.74,9.0,LOW
2026-06-04 09:00:00,S7,Beverages,0.0,6.29,14.75,OUT
2026-06-04 09:00:00,S8,Bakery,36.2,,4.5,LOW
2026-06-04 09:15:00,S1,Dairy,58.0,4.85,3.0,LOW
2026-06-04 09:15:00,S2,Bakery,28.7,4.87,4.5,LOW
2026-06-04 09:15:00,S3,Dairy,0.0,3.79,19.5,OUT
2026-06-04 09:15:00,S4,Beverages,0.0,6.78,7.0,OUT
2026-06-04 09:15:00,S5,Snacks,3.3,3.64,8.25,OUT
2026-06-04 09:15:00,S6,Produce,0.0,4.46,9.25,OUT
2026-06-04 09:15:00,S7,Beverages,0.0,7.78,15.0,OUT
2026-06-04 09:15:00,S8,Bakery,29.6,4.6,4.75,LOW
2026-06-04 09:30:00,S1,Dairy,53.1,4.74,3.25,LOW
2026-06-04 09:30:00,S2,Bakery,50.7,3.36,4.75,LOW
2026-06-04 09:30:00,S3,Dairy,0.0,4.65,19.75,OUT
2026-06-04 09:30:00,S4,Beverages,0.0,5.74,7.25,OUT
2026-06-04 09:30:00,S5,Snacks,,3.05,8.5,OUT
2026-06-04 09:30:00,S6,Produce,0.0,4.85,9.5,OUT
2026-06-04 09:30:00,S7,Beverages,0.0,6.81,15.25,OUT
2026-06-04 09:30:00,S8,Bakery,4.9,5.67,5.0,OUT
2026-06-04 09:45:00,S1,Dairy,45.7,4.71,3.5,LOW
2026-06-04 09:45:00,S2,Bakery,21.9,4.73,5.0,LOW
2026-06-04 09:45:00,S3,Dairy,0.0,4.67,20.0,OUT
2026-06-04 09:45:00,S4,Beverages,0.0,6.33,7.5,OUT
2026-06-04 09:45:00,S5,Snacks,26.6,2.61,8.75,LOW
2026-06-04 09:45:00,S6,Produce,0.0,5.44,9.75,OUT
2026-06-04 09:45:00,S7,Beverages,0.0,6.38,15.5,OUT
2026-06-04 09:45:00,S8,Bakery,15.3,4.88,5.25,OUT
2026-06-04 10:00:00,S1,Dairy,46.9,4.44,3.75,LOW
2026-06-04 10:00:00,S2,Bakery,2.4,5.59,5.25,OUT
2026-06-04 10:00:00,S3,Dairy,0.0,6.17,20.25,OUT
2026-06-04 10:00:00,S4,Beverages,0.0,8.14,7.75,OUT
2026-06-04 10:00:00,S5,Snacks,84.6,0.5,9.0,FULL
2026-06-04 10:00:00,S6,Produce,0.0,5.49,10.0,OUT
2026-06-04 10:00:00,S7,Beverages,0.0,5.38,15.75,OUT
2026-06-04 10:00:00,S8,Bakery,26.3,4.19,5.5,LOW
2026-06-04 10:15:00,S1,Dairy,35.8,,4.0,LOW
2026-06-04 10:15:00,S2,Bakery,21.6,4.29,5.5,LOW
2026-06-04 10:15:00,S3,Dairy,0.0,3.32,20.5,OUT
2026-06-04 10:15:00,S4,Beverages,0.0,5.27,8.0,OUT
2026-06-04 10:15:00,S5,Snacks,15.4,2.87,9.25,OUT
2026-06-04 10:15:00,S6,Produce,0.0,4.45,10.25,OUT
2026-06-04 10:15:00,S7,Beverages,0.0,5.57,16.0,OUT
2026-06-04 10:15:00,S8,Bakery,3.8,5.33,5.75,OUT
2026-06-04 10:30:00,S1,Dairy,46.0,4.0,4.25,LOW
2026-06-04 10:30:00,S2,Bakery,14.3,4.28,5.75,OUT
2026-06-04 10:30:00,S3,Dairy,0.0,4.14,20.75,OUT
2026-06-04 10:30:00,S4,Beverages,0.0,6.59,8.25,OUT
2026-06-04 10:30:00,S5,Snacks,0.0,3.38,9.5,OUT
2026-06-04 10:30:00,S6,Produce,0.0,4.75,10.5,OUT
2026-06-04 10:30:00,S7,Beverages,0.0,6.08,16.25,OUT
2026-06-04 10:30:00,S8,Bakery,19.2,4.27,6.0,OUT
2026-06-04 10:45:00,S1,Dairy,36.5,4.36,4.5,LOW
2026-06-04 10:45:00,S2,Bakery,25.1,4.07,6.0,LOW
2026-06-04 10:45:00,S3,Dairy,0.0,4.28,21.0,OUT
2026-06-04 10:45:00,S4,Beverages,0.0,5.99,8.5,OUT
2026-06-04 10:45:00,S5,Snacks,,3.74,9.75,OUT
2026-06-04 10:45:00,S6,Produce,0.0,3.25,10.75,OUT
2026-06-04 10:45:00,S7,Beverages,0.0,5.25,16.5,OUT
2026-06-04 10:45:00,S8,Bakery,4.4,4.67,6.25,OUT
2026-06-04 11:00:00,S1,Dairy,36.6,4.16,4.75,LOW
2026-06-04 11:00:00,S2,Bakery,7.0,4.63,6.25,OUT
2026-06-04 11:00:00,S3,Dairy,0.0,5.44,21.25,OUT
2026-06-04 11:00:00,S4,Beverages,0.0,4.42,8.75,OUT
2026-06-04 11:00:00,S5,Snacks,15.2,2.64,10.0,OUT
2026-06-04 11:00:00,S6,Produce,0.0,5.53,11.0,OUT
2026-06-04 11:00:00,S7,Beverages,0.0,5.46,16.75,OUT
2026-06-04 11:00:00,S8,Bakery,46.0,2.4,6.5,LOW
2026-06-04 11:15:00,S1,Dairy,0.0,6.92,5.0,OUT
2026-06-04 11:15:00,S2,Bakery,0.0,5.51,6.5,OUT
2026-06-04 11:15:00,S3,Dairy,0.0,3.38,21.5,OUT
2026-06-04 11:15:00,S4,Beverages,0.0,5.91,9.0,OUT
2026-06-04 11:15:00,S5,Snacks,0.0,3.9,10.25,OUT
2026-06-04 11:15:00,S6,Produce,15.9,2.49,11.25,OUT
2026-06-04 11:15:00,S7,Beverages,0.0,4.3,17.0,OUT
2026-06-04 11:15:00,S8,Bakery,0.0,5.56,6.75,OUT
2026-06-04 11:30:00,S1,Dairy,30.9,4.37,5.25,LOW
2026-06-04 11:30:00,S2,Bakery,0.0,6.09,6.75,OUT
2026-06-04 11:30:00,S3,Dairy,0.0,3.04,21.75,OUT
2026-06-04 11:30:00,S4,Beverages,0.0,7.07,9.25,OUT
2026-06-04 11:30:00,S5,Snacks,0.0,2.99,10.5,OUT
2026-06-04 11:30:00,S6,Produce,0.0,4.35,11.5,OUT
2026-06-04 11:30:00,S7,Beverages,0.0,6.15,17.25,OUT
2026-06-04 11:30:00,S8,Bakery,2.0,4.13,7.0,OUT
2026-06-04 11:45:00,S1,Dairy,26.4,4.47,5.5,LOW
2026-06-04 11:45:00,S2,Bakery,8.4,4.12,7.0,OUT
2026-06-04 11:45:00,S3,Dairy,0.0,,22.0,OUT
2026-06-04 11:45:00,S4,Beverages,0.0,4.27,9.5,OUT
2026-06-04 11:45:00,S5,Snacks,0.0,4.86,10.75,OUT
2026-06-04 11:45:00,S6,Produce,0.0,2.99,11.75,OUT
2026-06-04 11:45:00,S7,Beverages,0.0,7.75,17.5,OUT
2026-06-04 11:45:00,S8,Bakery,0.0,6.54,7.25,OUT
2026-06-04 12:00:00,S1,Dairy,0.0,6.5,5.75,OUT
2026-06-04 12:00:00,S2,Bakery,7.0,3.95,7.25,OUT
2026-06-04 12:00:00,S3,Dairy,0.0,5.11,22.25,OUT
2026-06-04 12:00:00,S4,Beverages,0.0,5.58,9.75,OUT
2026-06-04 12:00:00,S5,Snacks,0.8,2.72,11.0,OUT
2026-06-04 12:00:00,S6,Produce,0.0,4.04,12.0,OUT
2026-06-04 12:00:00,S7,Beverages,100.0,6.5,0.0,FULL
2026-06-04 12:00:00,S8,Bakery,0.0,6.0,7.5,OUT
2026-06-04 12:15:00,S1,Dairy,27.0,4.02,6.0,LOW
2026-06-04 12:15:00,S2,Bakery,0.0,4.31,7.5,OUT
2026-06-04 12:15:00,S3,Dairy,98.1,3.62,0.0,FULL
2026-06-04 12:15:00,S4,Beverages,0.0,6.61,10.0,OUT
2026-06-04 12:15:00,S5,Snacks,66.4,0.85,11.25,FULL
2026-06-04 12:15:00,S6,Produce,23.9,1.84,12.25,LOW
2026-06-04 12:15:00,S7,Beverages,97.9,5.41,0.25,FULL
2026-06-04 12:15:00,S8,Bakery,0.0,6.59,7.75,OUT
2026-06-04 12:30:00,S1,Dairy,24.6,3.63,6.25,LOW
2026-06-04 12:30:00,S2,Bakery,3.6,4.19,7.75,OUT
2026-06-04 12:30:00,S3,Dairy,94.7,5.3,0.25,FULL
2026-06-04 12:30:00,S4,Beverages,0.0,4.1,10.25,OUT
2026-06-04 12:30:00,S5,Snacks,0.0,3.29,11.5,OUT
2026-06-04 12:30:00,S6,Produce,0.0,3.89,12.5,OUT
2026-06-04 12:30:00,S7,Beverages,91.8,6.24,0.5,FULL
2026-06-04 12:30:00,S8,Bakery,0.7,3.89,8.0,OUT
2026-06-04 12:45:00,S1,Dairy,24.2,3.66,6.5,LOW
2026-06-04 12:45:00,S2,Bakery,0.0,3.83,8.0,OUT
2026-06-04 12:45:00,S3,Dairy,88.6,4.66,0.5,FULL
2026-06-04 12:45:00,S4,Beverages,0.0,5.38,10.5,OUT
2026-06-04 12:45:00,S5,Snacks,0.0,2.73,11.75,OUT
2026-06-04 12:45:00,S6,Produce,0.0,3.87,12.75,OUT
2026-06-04 12:45:00,S7,Beverages,89.1,4.55,0.75,FULL
2026-06-04 12:45:00,S8,Bakery,2.0,3.75,8.25,OUT
2026-06-04 13:00:00,S1,Dairy,35.6,3.17,6.75,LOW
2026-06-04 13:00:00,S2,Bakery,0.0,5.25,8.25,OUT
2026-06-04 13:00:00,S3,Dairy,92.0,3.99,0.75,FULL
2026-06-04 13:00:00,S4,Beverages,0.0,7.45,10.75,OUT
2026-06-04 13:00:00,S5,Snacks,63.6,0.93,12.0,FULL
2026-06-04 13:00:00,S6,Produce,0.0,3.65,13.0,OUT
2026-06-04 13:00:00,S7,Beverages,84.9,4.75,1.0,FULL
2026-06-04 13:00:00,S8,Bakery,0.0,5.14,8.5,OUT
2026-06-04 13:15:00,S1,Dairy,0.0,5.74,7.0,OUT
2026-06-04 13:15:00,S2,Bakery,0.0,6.23,8.5,OUT
2026-06-04 13:15:00,S3,Dairy,85.3,4.7,1.0,FULL
2026-06-04 13:15:00,S4,Beverages,0.0,6.25,11.0,OUT
2026-06-04 13:15:00,S5,Snacks,0.0,5.0,12.25,OUT
2026-06-04 13:15:00,S6,Produce,0.0,3.63,13.25,OUT
2026-06-04 13:15:00,S7,Beverages,75.7,6.82,1.25,FULL
2026-06-04 13:15:00,S8,Bakery,0.0,5.18,8.75,OUT
2026-06-04 13:30:00,S1,Dairy,0.0,4.94,7.25,OUT
2026-06-04 13:30:00,S2,Bakery,0.0,4.77,8.75,OUT
2026-06-04 13:30:00,S3,Dairy,79.9,4.32,1.25,FULL
2026-06-04 13:30:00,S4,Beverages,0.0,7.17,11.25,OUT
2026-06-04 13:30:00,S5,Snacks,0.0,3.34,12.5,OUT
2026-06-04 13:30:00,S6,Produce,0.0,3.31,13.5,OUT
2026-06-04 13:30:00,S7,Beverages,66.3,6.46,1.5,FULL
2026-06-04 13:30:00,S8,Bakery,0.0,5.08,9.0,OUT
2026-06-04 13:45:00,S1,Dairy,0.0,4.81,7.5,OUT
2026-06-04 13:45:00,S2,Bakery,0.0,6.29,9.0,OUT
2026-06-04 13:45:00,S3,Dairy,85.2,3.01,1.5,FULL
2026-06-04 13:45:00,S4,Beverages,0.0,5.47,11.5,OUT
2026-06-04 13:45:00,S5,Snacks,0.0,3.22,12.75,OUT
2026-06-04 13:45:00,S6,Produce,0.0,5.05,13.75,OUT
2026-06-04 13:45:00,S7,Beverages,72.5,6.15,1.75,FULL
2026-06-04 13:45:00,S8,Bakery,0.0,5.53,9.25,OUT
2026-06-04 14:00:00,S1,Dairy,0.0,5.1,7.75,OUT
2026-06-04 14:00:00,S2,Bakery,0.0,5.85,9.25,OUT
2026-06-04 14:00:00,S3,Dairy,69.7,4.49,1.75,FULL
2026-06-04 14:00:00,S4,Beverages,0.0,5.91,11.75,OUT
2026-06-04 14:00:00,S5,Snacks,0.0,3.05,13.0,OUT
2026-06-04 14:00:00,S6,Produce,0.0,4.22,14.0,OUT
2026-06-04 14:00:00,S7,Beverages,60.3,5.63,2.0,FULL
2026-06-04 14:00:00,S8,Bakery,0.0,3.24,9.5,OUT
2026-06-04 14:15:00,S1,Dairy,0.0,4.83,8.0,OUT
2026-06-04 14:15:00,S2,Bakery,0.0,3.78,9.5,OUT
2026-06-04 14:15:00,S3,Dairy,83.3,3.47,2.0,FULL
2026-06-04 14:15:00,S4,Beverages,0.0,5.96,12.0,OUT
2026-06-04 14:15:00,S5,Snacks,0.0,3.0,13.25,OUT
2026-06-04 14:15:00,S6,Produce,0.0,5.43,14.25,OUT
2026-06-04 14:15:00,S7,Beverages,56.9,5.76,2.25,LOW
2026-06-04 14:15:00,S8,Bakery,0.0,6.76,9.75,OUT
2026-06-04 14:30:00,S1,Dairy,0.0,6.03,8.25,OUT
2026-06-04 14:30:00,S2,Bakery,0.0,6.9,9.75,OUT
2026-06-04 14:30:00,S3,Dairy,69.3,4.12,2.25,FULL
2026-06-04 14:30:00,S4,Beverages,0.0,6.76,12.25,OUT
2026-06-04 14:30:00,S5,Snacks,0.0,2.88,13.5,OUT
2026-06-04 14:30:00,S6,Produce,0.0,2.73,14.5,OUT
2026-06-04 14:30:00,S7,Beverages,48.3,6.27,2.5,LOW
2026-06-04 14:30:00,S8,Bakery,0.0,5.9,10.0,OUT
2026-06-04 14:45:00,S1,Dairy,0.0,,8.5,OUT
2026-06-04 14:45:00,S2,Bakery,0.0,,10.0,OUT
2026-06-04 14:45:00,S3,Dairy,70.8,,2.5,FULL
2026-06-04 14:45:00,S4,Beverages,0.0,4.34,12.5,OUT
2026-06-04 14:45:00,S5,Snacks,0.0,3.39,13.75,OUT
2026-06-04 14:45:00,S6,Produce,0.0,3.49,14.75,OUT
2026-06-04 14:45:00,S7,Beverages,52.1,5.28,2.75,LOW
2026-06-04 14:45:00,S8,Bakery,0.0,6.26,10.25,OUT
2026-06-04 15:00:00,S1,Dairy,0.0,4.82,8.75,OUT
2026-06-04 15:00:00,S2,Bakery,0.0,4.19,10.25,OUT
2026-06-04 15:00:00,S3,Dairy,59.0,4.61,,LOW
2026-06-04 15:00:00,S4,Beverages,0.0,5.14,,OUT
2026-06-04 15:00:00,S5,Snacks,0.0,2.48,14.0,OUT
2026-06-04 15:00:00,S6,Produce,0.0,3.72,15.0,OUT
2026-06-04 15:00:00,S7,Beverages,53.2,5.02,3.0,LOW
2026-06-04 15:00:00,S8,Bakery,,4.75,10.5,OUT
2026-06-04 15:15:00,S1,Dairy,0.0,4.12,9.0,OUT
2026-06-04 15:15:00,S2,Bakery,0.0,5.74,10.5,OUT
2026-06-04 15:15:00,S3,Dairy,51.3,4.41,3.0,LOW
2026-06-04 15:15:00,S4,Beverages,0.0,5.83,13.0,OUT
2026-06-04 15:15:00,S5,Snacks,0.0,3.51,14.25,OUT
2026-06-04 15:15:00,S6,Produce,0.0,2.69,15.25,OUT
2026-06-04 15:15:00,S7,Beverages,37.4,6.64,3.25,LOW
2026-06-04 15:15:00,S8,Bakery,0.0,4.03,10.75,OUT
2026-06-04 15:30:00,S1,Dairy,0.0,,9.25,OUT
2026-06-04 15:30:00,S2,Bakery,0.0,5.07,10.75,OUT
2026-06-04 15:30:00,S3,Dairy,43.3,5.53,3.25,LOW
2026-06-04 15:30:00,S4,Beverages,0.0,3.37,13.25,OUT
2026-06-04 15:30:00,S5,Snacks,14.2,1.92,,OUT
2026-06-04 15:30:00,S6,Produce,0.0,2.87,15.5,OUT
2026-06-04 15:30:00,S7,Beverages,18.5,6.87,3.5,OUT
2026-06-04 15:30:00,S8,Bakery,0.0,6.03,11.0,OUT
2026-06-04 15:45:00,S1,Dairy,0.0,5.29,9.5,OUT
2026-06-04 15:45:00,S2,Bakery,0.0,4.94,11.0,OUT
2026-06-04 15:45:00,S3,Dairy,72.6,2.48,3.5,FULL
2026-06-04 15:45:00,S4,Beverages,0.0,5.27,13.5,OUT
2026-06-04 15:45:00,S5,Snacks,8.5,1.93,14.75,OUT
2026-06-04 15:45:00,S6,Produce,0.0,5.64,15.75,OUT
2026-06-04 15:45:00,S7,Beverages,17.5,7.18,3.75,OUT
2026-06-04 15:45:00,S8,Bakery,0.0,4.8,11.25,OUT
2026-06-04 16:00:00,S1,Dairy,0.0,3.25,9.75,OUT
2026-06-04 16:00:00,S2,Bakery,0.0,5.33,11.25,OUT
2026-06-04 16:00:00,S3,Dairy,33.3,5.75,3.75,LOW
2026-06-04 16:00:00,S4,Beverages,0.0,,13.75,OUT
2026-06-04 16:00:00,S5,Snacks,5.6,2.06,15.0,OUT
2026-06-04 16:00:00,S6,Produce,0.0,2.52,16.0,OUT
2026-06-04 16:00:00,S7,Beverages,24.6,6.1,4.0,LOW
2026-06-04 16:00:00,S8,Bakery,0.0,4.53,11.5,OUT
2026-06-04 16:15:00,S1,Dairy,0.0,4.56,10.0,OUT
2026-06-04 16:15:00,S2,Bakery,0.0,5.87,11.5,OUT
2026-06-04 16:15:00,S3,Dairy,51.2,3.78,4.0,LOW
2026-06-04 16:15:00,S4,Beverages,0.0,6.77,14.0,OUT
2026-06-04 16:15:00,S5,Snacks,100.0,1.1,0.0,FULL
2026-06-04 16:15:00,S6,Produce,99.3,5.84,0.0,FULL
2026-06-04 16:15:00,S7,Beverages,19.4,6.0,4.25,OUT
2026-06-04 16:15:00,S8,Bakery,0.0,3.41,11.75,OUT
2026-06-04 16:30:00,S1,Dairy,0.0,4.81,10.25,OUT
2026-06-04 16:30:00,S2,Bakery,0.0,3.09,11.75,OUT
2026-06-04 16:30:00,S3,Dairy,67.5,2.25,4.25,FULL
2026-06-04 16:30:00,S4,Beverages,0.0,7.12,14.25,OUT
2026-06-04 16:30:00,S5,Snacks,,4.53,0.25,FULL
2026-06-04 16:30:00,S6,Produce,,4.47,0.25,FULL
2026-06-04 16:30:00,S7,Beverages,0.4,6.77,4.5,OUT
2026-06-04 16:30:00,S8,Bakery,0.0,4.89,12.0,OUT
2026-06-04 16:45:00,S1,Dairy,8.2,2.79,10.5,OUT
2026-06-04 16:45:00,S2,Bakery,0.0,3.94,12.0,OUT
2026-06-04 16:45:00,S3,Dairy,37.2,4.48,4.5,LOW
2026-06-04 16:45:00,S4,Beverages,0.0,6.18,14.5,OUT
2026-06-04 16:45:00,S5,Snacks,96.2,3.07,0.5,FULL
2026-06-04 16:45:00,S6,Produce,97.2,3.53,0.5,FULL
2026-06-04 16:45:00,S7,Beverages,5.9,6.26,4.75,OUT
2026-06-04 16:45:00,S8,Bakery,0.0,5.4,12.25,OUT
2026-06-04 17:00:00,S1,Dairy,0.0,3.45,10.75,OUT
2026-06-04 17:00:00,S2,Bakery,0.0,5.08,12.25,OUT
2026-06-04 17:00:00,S3,Dairy,59.0,2.75,4.75,LOW
2026-06-04 17:00:00,S4,Beverages,0.0,6.49,14.75,OUT
2026-06-04 17:00:00,S5,Snacks,96.8,2.05,0.75,FULL
2026-06-04 17:00:00,S6,Produce,87.5,4.62,0.75,FULL
2026-06-04 17:00:00,S7,Beverages,0.0,6.45,5.0,OUT
2026-06-04 17:00:00,S8,Bakery,0.0,3.57,12.5,OUT
2026-06-04 17:15:00,S1,Dairy,0.0,3.13,11.0,OUT
2026-06-04 17:15:00,S2,Bakery,0.0,4.37,12.5,OUT
2026-06-04 17:15:00,S3,Dairy,15.6,5.26,5.0,OUT
2026-06-04 17:15:00,S4,Beverages,0.0,6.58,15.0,OUT
2026-06-04 17:15:00,S5,Snacks,93.7,2.77,,FULL
2026-06-04 17:15:00,S6,Produce,85.3,4.15,1.0,FULL
2026-06-04 17:15:00,S7,Beverages,10.6,5.13,5.25,OUT
2026-06-04 17:15:00,S8,Bakery,0.0,5.14,12.75,OUT
2026-06-04 17:30:00,S1,Dairy,0.0,3.98,11.25,OUT
2026-06-04 17:30:00,S2,Bakery,0.0,5.78,12.75,OUT
2026-06-04 17:30:00,S3,Dairy,18.5,4.99,5.25,OUT
2026-06-04 17:30:00,S4,Beverages,0.0,5.59,15.25,OUT
2026-06-04 17:30:00,S5,Snacks,85.0,3.54,1.25,FULL
2026-06-04 17:30:00,S6,Produce,80.0,4.69,1.25,FULL
2026-06-04 17:30:00,S7,Beverages,0.0,6.14,5.5,OUT
2026-06-04 17:30:00,S8,Bakery,0.0,4.33,13.0,OUT
2026-06-04 17:45:00,S1,Dairy,0.0,4.99,11.5,OUT
2026-06-04 17:45:00,S2,Bakery,0.0,6.34,13.0,OUT
2026-06-04 17:45:00,S3,Dairy,15.2,4.39,5.5,OUT
2026-06-04 17:45:00,S4,Beverages,0.0,5.58,15.5,OUT
2026-06-04 17:45:00,S5,Snacks,93.7,1.96,1.5,FULL
2026-06-04 17:45:00,S6,Produce,77.5,5.41,1.5,FULL
2026-06-04 17:45:00,S7,Beverages,0.0,5.68,5.75,OUT
2026-06-04 17:45:00,S8,Bakery,,,13.25,OUT
2026-06-04 18:00:00,S1,Dairy,0.0,3.71,11.75,OUT
2026-06-04 18:00:00,S2,Bakery,18.5,1.95,13.25,OUT
2026-06-04 18:00:00,S3,Dairy,65.9,1.65,5.75,FULL
2026-06-04 18:00:00,S4,Beverages,0.0,6.86,15.75,OUT
2026-06-04 18:00:00,S5,Snacks,74.3,4.57,1.75,FULL
2026-06-04 18:00:00,S6,Produce,75.4,3.93,1.75,FULL
2026-06-04 18:00:00,S7,Beverages,0.0,,6.0,OUT
2026-06-04 18:00:00,S8,Bakery,0.0,4.5,13.5,OUT
2026-06-04 18:15:00,S1,Dairy,0.0,4.92,12.0,OUT
2026-06-04 18:15:00,S2,Bakery,0.0,5.23,13.5,OUT
2026-06-04 18:15:00,S3,Dairy,13.3,4.67,6.0,OUT
2026-06-04 18:15:00,S4,Beverages,0.0,5.57,16.0,OUT
2026-06-04 18:15:00,S5,Snacks,82.8,2.22,2.0,FULL
2026-06-04 18:15:00,S6,Produce,,5.21,2.0,FULL
2026-06-04 18:15:00,S7,Beverages,0.0,5.24,6.25,OUT
2026-06-04 18:15:00,S8,Bakery,0.0,6.19,13.75,OUT
2026-06-04 18:30:00,S1,Dairy,0.0,4.43,12.25,OUT
2026-06-04 18:30:00,S2,Bakery,0.0,7.28,,OUT
2026-06-04 18:30:00,S3,Dairy,66.2,1.89,6.25,FULL
2026-06-04 18:30:00,S4,Beverages,0.0,6.09,16.25,OUT
2026-06-04 18:30:00,S5,Snacks,67.6,4.34,2.25,FULL
2026-06-04 18:30:00,S6,Produce,68.8,3.87,2.25,FULL
2026-06-04 18:30:00,S7,Beverages,0.0,5.48,6.5,OUT
2026-06-04 18:30:00,S8,Bakery,0.0,5.22,,OUT
2026-06-04 18:45:00,S1,Dairy,0.0,4.41,12.5,OUT
2026-06-04 18:45:00,S2,Bakery,0.0,3.66,14.0,OUT
2026-06-04 18:45:00,S3,Dairy,42.5,2.58,6.5,LOW
2026-06-04 18:45:00,S4,Beverages,0.0,7.2,16.5,OUT
2026-06-04 18:45:00,S5,Snacks,73.4,3.0,2.5,FULL
2026-06-04 18:45:00,S6,Produce,52.9,5.77,2.5,LOW
2026-06-04 18:45:00,S7,Beverages,0.0,5.67,6.75,OUT
2026-06-04 18:45:00,S8,Bakery,0.0,3.42,14.25,OUT
2026-06-04 19:00:00,S1,Dairy,0.0,3.31,12.75,OUT
2026-06-04 19:00:00,S2,Bakery,0.0,4.1,14.25,OUT
2026-06-04 19:00:00,S3,Dairy,0.0,4.7,6.75,OUT
2026-06-04 19:00:00,S4,Beverages,0.0,6.11,16.75,OUT
2026-06-04 19:00:00,S5,Snacks,62.8,4.17,2.75,FULL
2026-06-04 19:00:00,S6,Produce,63.0,4.23,2.75,FULL
2026-06-04 19:00:00,S7,Beverages,0.0,5.08,7.0,OUT
2026-06-04 19:00:00,S8,Bakery,0.0,5.71,14.5,OUT
2026-06-04 19:15:00,S1,Dairy,0.0,3.67,13.0,OUT
2026-06-04 19:15:00,S2,Bakery,0.0,3.91,14.5,OUT
2026-06-04 19:15:00,S3,Dairy,0.0,5.46,7.0,OUT
2026-06-04 19:15:00,S4,Beverages,0.0,7.89,17.0,OUT
2026-06-04 19:15:00,S5,Snacks,71.4,,3.0,FULL
2026-06-04 19:15:00,S6,Produce,47.1,4.87,3.0,LOW
2026-06-04 19:15:00,S7,Beverages,0.0,6.67,7.25,OUT
2026-06-04 19:15:00,S8,Bakery,0.0,5.43,14.75,OUT
2026-06-04 19:30:00,S1,Dairy,0.0,4.1,13.25,OUT
2026-06-04 19:30:00,S2,Bakery,0.0,4.19,14.75,OUT
2026-06-04 19:30:00,S3,Dairy,6.6,4.05,7.25,OUT
2026-06-04 19:30:00,S4,Beverages,0.0,6.26,17.25,OUT
2026-06-04 19:30:00,S5,Snacks,53.5,3.58,3.25,LOW
2026-06-04 19:30:00,S6,Produce,32.7,6.4,3.25,LOW
2026-06-04 19:30:00,S7,Beverages,,6.84,7.5,OUT
2026-06-04 19:30:00,S8,Bakery,0.0,4.65,15.0,OUT
2026-06-04 19:45:00,S1,Dairy,0.0,5.47,13.5,OUT
2026-06-04 19:45:00,S2,Bakery,0.0,5.49,15.0,OUT
2026-06-04 19:45:00,S3,Dairy,0.6,4.21,7.5,OUT
2026-06-04 19:45:00,S4,Beverages,0.0,5.51,17.5,OUT
2026-06-04 19:45:00,S5,Snacks,77.0,1.7,3.5,FULL
2026-06-04 19:45:00,S6,Produce,62.5,3.37,3.5,FULL
2026-06-04 19:45:00,S7,Beverages,0.0,6.96,7.75,OUT
2026-06-04 19:45:00,S8,Bakery,,5.37,15.25,OUT
2026-06-04 20:00:00,S1,Dairy,0.0,4.16,13.75,OUT
2026-06-04 20:00:00,S2,Bakery,0.0,5.48,15.25,OUT
2026-06-04 20:00:00,S3,Dairy,31.3,,7.75,LOW
2026-06-04 20:00:00,S4,Beverages,0.0,5.62,17.75,OUT
2026-06-04 20:00:00,S5,Snacks,60.7,3.26,3.75,FULL
2026-06-04 20:00:00,S6,Produce,21.9,6.63,3.75,LOW
2026-06-04 20:00:00,S7,Beverages,0.0,5.46,8.0,OUT
2026-06-04 20:00:00,S8,Bakery,96.2,4.44,0.0,FULL
2026-06-04 20:15:00,S1,Dairy,0.0,4.07,14.0,OUT
2026-06-04 20:15:00,S2,Bakery,0.0,3.4,15.5,OUT
2026-06-04 20:15:00,S3,Dairy,0.0,5.09,8.0,OUT
2026-06-04 20:15:00,S4,Beverages,0.0,7.5,18.0,OUT
2026-06-04 20:15:00,S5,Snacks,71.8,2.74,4.0,FULL
2026-06-04 20:15:00,S6,Produce,39.7,3.91,4.0,LOW
2026-06-04 20:15:00,S7,Beverages,0.0,6.55,8.25,OUT
2026-06-04 20:15:00,S8,Bakery,99.5,5.1,0.25,FULL
2026-06-04 20:30:00,S1,Dairy,0.0,4.38,14.25,OUT
2026-06-04 20:30:00,S2,Bakery,0.0,6.57,15.75,OUT
2026-06-04 20:30:00,S3,Dairy,0.0,4.74,8.25,OUT
2026-06-04 20:30:00,S4,Beverages,0.0,7.29,18.25,OUT
2026-06-04 20:30:00,S5,Snacks,73.9,1.96,4.25,FULL
2026-06-04 20:30:00,S6,Produce,29.1,4.95,4.25,LOW
2026-06-04 20:30:00,S7,Beverages,0.0,6.97,8.5,OUT
2026-06-04 20:30:00,S8,Bakery,90.2,4.72,0.5,FULL
2026-06-04 20:45:00,S1,Dairy,0.0,3.42,14.5,OUT
2026-06-04 20:45:00,S2,Bakery,0.0,4.61,16.0,OUT
2026-06-04 20:45:00,S3,Dairy,0.0,4.1,,OUT
2026-06-04 20:45:00,S4,Beverages,0.0,7.27,18.5,OUT
2026-06-04 20:45:00,S5,Snacks,61.5,2.68,4.5,FULL
2026-06-04 20:45:00,S6,Produce,21.3,5.49,4.5,LOW
2026-06-04 20:45:00,S7,Beverages,0.0,6.27,8.75,OUT
2026-06-04 20:45:00,S8,Bakery,88.4,4.42,0.75,FULL
2026-06-04 21:00:00,S1,Dairy,0.0,5.75,14.75,OUT
2026-06-04 21:00:00,S2,Bakery,,5.13,16.25,OUT
2026-06-04 21:00:00,S3,Dairy,0.0,5.68,8.75,OUT
2026-06-04 21:00:00,S4,Beverages,0.0,6.22,18.75,OUT
2026-06-04 21:00:00,S5,Snacks,77.5,1.77,4.75,FULL
2026-06-04 21:00:00,S6,Produce,30.5,4.51,4.75,LOW
2026-06-04 21:00:00,S7,Beverages,0.0,7.14,9.0,OUT
2026-06-04 21:00:00,S8,Bakery,82.5,5.02,1.0,FULL
2026-06-04 21:15:00,S1,Dairy,0.0,6.33,15.0,OUT
2026-06-04 21:15:00,S2,Bakery,0.0,4.16,16.5,OUT
2026-06-04 21:15:00,S3,Dairy,0.0,4.23,9.0,OUT
2026-06-04 21:15:00,S4,Beverages,0.0,4.18,19.0,OUT
2026-06-04 21:15:00,S5,Snacks,59.1,2.58,5.0,LOW
2026-06-04 21:15:00,S6,Produce,60.6,2.65,5.0,FULL
2026-06-04 21:15:00,S7,Beverages,0.0,7.02,9.25,OUT
2026-06-04 21:15:00,S8,Bakery,79.3,4.92,1.25,FULL
2026-06-04 21:30:00,S1,Dairy,0.0,5.76,15.25,OUT
2026-06-04 21:30:00,S2,Bakery,0.0,4.02,16.75,OUT
2026-06-04 21:30:00,S3,Dairy,0.0,5.36,9.25,OUT
2026-06-04 21:30:00,S4,Beverages,0.0,5.45,19.25,OUT
2026-06-04 21:30:00,S5,Snacks,48.2,3.04,5.25,LOW
2026-06-04 21:30:00,S6,Produce,17.7,5.16,5.25,OUT
2026-06-04 21:30:00,S7,Beverages,0.0,5.06,9.5,OUT
2026-06-04 21:30:00,S8,Bakery,75.0,5.73,1.5,FULL
2026-06-04 21:45:00,S1,Dairy,0.0,4.11,15.5,OUT
2026-06-04 21:45:00,S2,Bakery,0.0,4.72,17.0,OUT
2026-06-04 21:45:00,S3,Dairy,0.0,4.55,9.5,OUT
2026-06-04 21:45:00,S4,Beverages,0.0,5.05,19.5,OUT
2026-06-04 21:45:00,S5,Snacks,47.9,3.29,5.5,LOW
2026-06-04 21:45:00,S6,Produce,26.7,3.93,5.5,LOW
2026-06-04 21:45:00,S7,Beverages,0.0,6.8,9.75,OUT
2026-06-04 21:45:00,S8,Bakery,69.7,5.53,1.75,FULL
2026-06-04 22:00:00,S1,Dairy,0.0,1.97,15.75,OUT
2026-06-04 22:00:00,S2,Bakery,0.0,3.61,17.25,OUT
2026-06-04 22:00:00,S3,Dairy,,5.12,9.75,OUT
2026-06-04 22:00:00,S4,Beverages,0.0,6.26,19.75,OUT
2026-06-04 22:00:00,S5,Snacks,39.2,3.38,5.75,LOW
2026-06-04 22:00:00,S6,Produce,8.4,4.98,5.75,OUT
2026-06-04 22:00:00,S7,Beverages,0.0,7.69,10.0,OUT
2026-06-04 22:00:00,S8,Bakery,67.2,5.81,2.0,FULL
2026-06-04 22:15:00,S1,Dairy,0.0,4.36,16.0,OUT
2026-06-04 22:15:00,S2,Bakery,0.0,4.11,17.5,OUT
2026-06-04 22:15:00,S3,Dairy,2.9,3.01,10.0,OUT
2026-06-04 22:15:00,S4,Beverages,0.0,4.89,20.0,OUT
2026-06-04 22:15:00,S5,Snacks,58.7,2.11,6.0,LOW
2026-06-04 22:15:00,S6,Produce,0.0,5.69,6.0,OUT
2026-06-04 22:15:00,S7,Beverages,0.0,4.09,10.25,OUT
2026-06-04 22:15:00,S8,Bakery,70.9,4.19,2.25,FULL
2026-06-04 22:30:00,S1,Dairy,0.0,4.83,16.25,OUT
2026-06-04 22:30:00,S2,Bakery,0.0,5.09,17.75,OUT
2026-06-04 22:30:00,S3,Dairy,0.0,5.62,,OUT
2026-06-04 22:30:00,S4,Beverages,0.0,5.72,20.25,OUT
2026-06-04 22:30:00,S5,Snacks,64.0,1.78,6.25,FULL
2026-06-04 22:30:00,S6,Produce,35.5,3.33,6.25,LOW
2026-06-04 22:30:00,S7,Beverages,0.0,5.34,10.5,OUT
2026-06-04 22:30:00,S8,Bakery,54.0,5.15,2.5,LOW
2026-06-04 22:45:00,S1,Dairy,0.0,5.0,16.5,OUT
2026-06-04 22:45:00,S2,Bakery,0.0,4.79,18.0,OUT
2026-06-04 22:45:00,S3,Dairy,100.0,6.51,0.0,FULL
2026-06-04 22:45:00,S4,Beverages,0.0,3.96,20.5,OUT
2026-06-04 22:45:00,S5,Snacks,45.3,2.59,6.5,LOW
2026-06-04 22:45:00,S6,Produce,10.3,4.07,6.5,OUT
2026-06-04 22:45:00,S7,Beverages,0.0,5.29,10.75,OUT
2026-06-04 22:45:00,S8,Bakery,43.1,6.04,2.75,LOW
2026-06-04 23:00:00,S1,Dairy,0.0,5.4,16.75,OUT
2026-06-04 23:00:00,S2,Bakery,,4.58,18.25,OUT
2026-06-04 23:00:00,S3,Dairy,94.0,4.07,0.25,FULL
2026-06-04 23:00:00,S4,Beverages,0.0,8.13,20.75,OUT
2026-06-04 23:00:00,S5,Snacks,49.4,2.39,6.75,LOW
2026-06-04 23:00:00,S6,Produce,27.8,3.47,6.75,LOW
2026-06-04 23:00:00,S7,Beverages,0.0,5.38,11.0,OUT
2026-06-04 23:00:00,S8,Bakery,39.7,5.96,3.0,LOW
2026-06-04 23:15:00,S1,Dairy,0.0,3.64,17.0,OUT
2026-06-04 23:15:00,S2,Bakery,0.0,5.43,18.5,OUT
2026-06-04 23:15:00,S3,Dairy,91.5,5.02,0.5,FULL
2026-06-04 23:15:00,S4,Beverages,0.0,6.66,21.0,OUT
2026-06-04 23:15:00,S5,Snacks,37.0,2.84,,LOW
2026-06-04 23:15:00,S6,Produce,31.8,3.19,7.0,LOW
2026-06-04 23:15:00,S7,Beverages,0.0,5.59,11.25,OUT
2026-06-04 23:15:00,S8,Bakery,42.3,5.86,3.25,LOW
2026-06-04 23:30:00,S1,Dairy,0.0,3.81,17.25,OUT
2026-06-04 23:30:00,S2,Bakery,0.0,4.95,18.75,OUT
2026-06-04 23:30:00,S3,Dairy,89.4,3.59,0.75,FULL
2026-06-04 23:30:00,S4,Beverages,0.0,5.89,21.25,OUT
2026-06-04 23:30:00,S5,Snacks,0.0,4.61,7.25,OUT
2026-06-04 23:30:00,S6,Produce,23.3,3.28,7.25,LOW
2026-06-04 23:30:00,S7,Beverages,0.0,5.99,11.5,OUT
2026-06-04 23:30:00,S8,Bakery,34.4,5.84,3.5,LOW
2026-06-04 23:45:00,S1,Dairy,0.0,4.14,17.5,OUT
2026-06-04 23:45:00,S2,Bakery,0.0,5.18,19.0,OUT
2026-06-04 23:45:00,S3,Dairy,87.9,5.0,1.0,FULL
2026-06-04 23:45:00,S4,Beverages,0.0,6.3,21.5,OUT
2026-06-04 23:45:00,S5,Snacks,22.5,3.07,7.5,LOW
2026-06-04 23:45:00,S6,Produce,27.6,3.02,7.5,LOW
2026-06-04 23:45:00,S7,Beverages,0.0,4.89,11.75,OUT
2026-06-04 23:45:00,S8,Bakery,55.7,3.93,3.75,LOW
2026-06-05 00:00:00,S1,Dairy,0.0,4.89,17.75,OUT
2026-06-05 00:00:00,S2,Bakery,0.0,6.09,19.25,OUT
2026-06-05 00:00:00,S3,Dairy,80.8,4.26,1.25,FULL
2026-06-05 00:00:00,S4,Beverages,0.0,6.87,21.75,OUT
2026-06-05 00:00:00,S5,Snacks,14.2,3.55,7.75,OUT
2026-06-05 00:00:00,S6,Produce,0.0,3.98,7.75,OUT
2026-06-05 00:00:00,S7,Beverages,0.0,6.72,12.0,OUT
2026-06-05 00:00:00,S8,Bakery,36.2,4.62,4.0,LOW
2026-06-05 00:15:00,S1,Dairy,0.0,3.45,18.0,OUT
2026-06-05 00:15:00,S2,Bakery,0.0,6.26,19.5,OUT
2026-06-05 00:15:00,S3,Dairy,80.6,3.53,1.5,FULL
2026-06-05 00:15:00,S4,Beverages,0.0,6.01,22.0,OUT
2026-06-05 00:15:00,S5,Snacks,58.0,1.68,8.0,LOW
2026-06-05 00:15:00,S6,Produce,36.1,2.46,8.0,LOW
2026-06-05 00:15:00,S7,Beverages,0.0,6.4,12.25,OUT
2026-06-05 00:15:00,S8,Bakery,35.4,4.77,4.25,LOW
2026-06-05 00:30:00,S1,Dairy,0.0,5.71,18.25,OUT
2026-06-05 00:30:00,S2,Bakery,0.0,5.53,19.75,OUT
2026-06-05 00:30:00,S3,Dairy,72.8,5.02,1.75,FULL
2026-06-05 00:30:00,S4,Beverages,0.0,2.78,22.25,OUT
2026-06-05 00:30:00,S5,Snacks,20.9,,8.25,LOW
2026-06-05 00:30:00,S6,Produce,35.5,2.3,8.25,LOW
2026-06-05 00:30:00,S7,Beverages,0.0,6.98,12.5,OUT
2026-06-05 00:30:00,S8,Bakery,51.7,3.71,4.5,LOW
2026-06-05 00:45:00,S1,Dairy,0.0,2.53,18.5,OUT
2026-06-05 00:45:00,S2,Bakery,0.0,5.58,20.0,OUT
2026-06-05 00:45:00,S3,Dairy,70.6,4.2,2.0,FULL
2026-06-05 00:45:00,S4,Beverages,0.0,5.44,22.5,OUT
2026-06-05 00:45:00,S5,Snacks,76.4,0.92,8.5,FULL
2026-06-05 00:45:00,S6,Produce,0.0,5.18,8.5,OUT
2026-06-05 00:45:00,S7,Beverages,0.0,4.88,12.75,OUT
2026-06-05 00:45:00,S8,Bakery,24.9,,4.75,LOW
2026-06-05 01:00:00,S1,Dairy,0.0,2.82,18.75,OUT
2026-06-05 01:00:00,S2,Bakery,,4.34,20.25,OUT
2026-06-05 01:00:00,S3,Dairy,81.2,2.94,2.25,FULL
2026-06-05 01:00:00,S4,Beverages,0.0,5.48,22.75,OUT
2026-06-05 01:00:00,S5,Snacks,47.3,1.84,8.75,LOW
2026-06-05 01:00:00,S6,Produce,0.0,4.31,8.75,OUT
2026-06-05 01:00:00,S7,Beverages,0.0,5.09,13.0,OUT
2026-06-05 01:00:00,S8,Bakery,17.8,5.3,5.0,OUT
2026-06-05 01:15:00,S1,Dairy,,3.23,19.0,OUT
2026-06-05 01:15:00,S2,Bakery,0.0,3.87,20.5,OUT
2026-06-05 01:15:00,S3,Dairy,79.1,3.59,2.5,FULL
2026-06-05 01:15:00,S4,Beverages,0.0,6.52,23.0,OUT
2026-06-05 01:15:00,S5,Snacks,37.4,2.11,9.0,LOW
2026-06-05 01:15:00,S6,Produce,0.0,4.43,9.0,OUT
2026-06-05 01:15:00,S7,Beverages,0.0,5.49,13.25,OUT
2026-06-05 01:15:00,S8,Bakery,29.8,3.96,5.25,LOW
2026-06-05 01:30:00,S1,Dairy,0.0,7.34,19.25,OUT
2026-06-05 01:30:00,S2,Bakery,0.0,5.37,20.75,OUT
2026-06-05 01:30:00,S3,Dairy,65.3,4.02,2.75,FULL
2026-06-05 01:30:00,S4,Beverages,0.0,4.02,23.25,OUT
2026-06-05 01:30:00,S5,Snacks,37.2,2.0,9.25,LOW
2026-06-05 01:30:00,S6,Produce,0.0,4.27,9.25,OUT
2026-06-05 01:30:00,S7,Beverages,0.0,5.37,13.5,OUT
2026-06-05 01:30:00,S8,Bakery,16.5,4.49,5.5,OUT
2026-06-05 01:45:00,S1,Dairy,96.6,2.79,0.0,FULL
2026-06-05 01:45:00,S2,Bakery,0.0,5.1,21.0,OUT
2026-06-05 01:45:00,S3,Dairy,47.2,5.52,3.0,LOW
2026-06-05 01:45:00,S4,Beverages,0.0,5.44,23.5,OUT
2026-06-05 01:45:00,S5,Snacks,0.0,3.99,9.5,OUT
2026-06-05 01:45:00,S6,Produce,0.0,4.96,9.5,OUT
2026-06-05 01:45:00,S7,Beverages,0.0,7.54,13.75,OUT
2026-06-05 01:45:00,S8,Bakery,12.9,4.77,5.75,OUT
2026-06-05 02:00:00,S1,Dairy,,2.96,0.25,FULL
2026-06-05 02:00:00,S2,Bakery,0.0,4.06,21.25,OUT
2026-06-05 02:00:00,S3,Dairy,78.6,,3.25,FULL
2026-06-05 02:00:00,S4,Beverages,0.0,5.51,23.75,OUT
2026-06-05 02:00:00,S5,Snacks,,,9.75,OUT
2026-06-05 02:00:00,S6,Produce,0.0,6.49,9.75,OUT
2026-06-05 02:00:00,S7,Beverages,0.0,4.71,14.0,OUT
2026-06-05 02:00:00,S8,Bakery,2.4,5.09,6.0,OUT
2026-06-05 02:15:00,S1,Dairy,88.1,4.82,0.5,FULL
2026-06-05 02:15:00,S2,Bakery,0.0,5.18,21.5,OUT
2026-06-05 02:15:00,S3,Dairy,66.5,3.31,3.5,FULL
2026-06-05 02:15:00,S4,Beverages,0.0,6.37,24.0,OUT
2026-06-05 02:15:00,S5,Snacks,1.2,3.11,10.0,OUT
2026-06-05 02:15:00,S6,Produce,0.0,4.24,10.0,OUT
2026-06-05 02:15:00,S7,Beverages,0.0,5.83,14.25,OUT
2026-06-05 02:15:00,S8,Bakery,,4.93,6.25,OUT
2026-06-05 02:30:00,S1,Dairy,88.6,4.71,0.75,FULL
2026-06-05 02:30:00,S2,Bakery,0.0,6.23,21.75,OUT
2026-06-05 02:30:00,S3,Dairy,44.5,4.3,3.75,LOW
2026-06-05 02:30:00,S4,Beverages,96.4,4.93,0.0,FULL
2026-06-05 02:30:00,S5,Snacks,0.0,3.34,,OUT
2026-06-05 02:30:00,S6,Produce,0.0,5.75,10.25,OUT
2026-06-05 02:30:00,S7,Beverages,0.0,5.36,14.5,OUT
2026-06-05 02:30:00,S8,Bakery,0.0,5.82,6.5,OUT
2026-06-05 02:45:00,S1,Dairy,78.7,3.92,1.0,FULL
2026-06-05 02:45:00,S2,Bakery,0.0,4.51,22.0,OUT
2026-06-05 02:45:00,S3,Dairy,21.5,6.0,4.0,LOW
2026-06-05 02:45:00,S4,Beverages,93.9,6.99,0.25,FULL
2026-06-05 02:45:00,S5,Snacks,0.0,3.16,10.5,OUT
2026-06-05 02:45:00,S6,Produce,0.0,5.91,10.5,OUT
2026-06-05 02:45:00,S7,Beverages,100.0,5.5,0.0,FULL
2026-06-05 02:45:00,S8,Bakery,0.0,4.89,6.75,OUT
2026-06-05 03:00:00,S1,Dairy,83.9,3.82,1.25,FULL
2026-06-05 03:00:00,S2,Bakery,0.0,5.33,22.25,OUT
2026-06-05 03:00:00,S3,Dairy,48.4,3.68,4.25,LOW
2026-06-05 03:00:00,S4,Beverages,95.7,,0.5,FULL
2026-06-05 03:00:00,S5,Snacks,0.0,3.23,10.75,OUT
2026-06-05 03:00:00,S6,Produce,0.0,3.47,10.75,OUT
2026-06-05 03:00:00,S7,Beverages,95.0,5.36,0.25,FULL
2026-06-05 03:00:00,S8,Bakery,18.8,3.56,7.0,OUT
2026-06-05 03:15:00,S1,Dairy,79.4,3.72,1.5,FULL
2026-06-05 03:15:00,S2,Bakery,0.0,4.69,22.5,OUT
2026-06-05 03:15:00,S3,Dairy,40.6,4.17,4.5,LOW
2026-06-05 03:15:00,S4,Beverages,89.9,5.11,0.75,FULL
2026-06-05 03:15:00,S5,Snacks,15.7,2.61,11.0,OUT
2026-06-05 03:15:00,S6,Produce,0.0,3.75,11.0,OUT
2026-06-05 03:15:00,S7,Beverages,89.2,5.98,0.5,FULL
2026-06-05 03:15:00,S8,Bakery,1.3,4.24,7.25,OUT
2026-06-05 03:30:00,S1,Dairy,75.6,4.64,1.75,FULL
2026-06-05 03:30:00,S2,Bakery,100.0,3.84,0.0,FULL
2026-06-05 03:30:00,S3,Dairy,35.2,4.0,4.75,LOW
2026-06-05 03:30:00,S4,Beverages,88.2,3.16,1.0,FULL
2026-06-05 03:30:00,S5,Snacks,27.0,2.11,11.25,LOW
2026-06-05 03:30:00,S6,Produce,0.0,3.95,11.25,OUT
2026-06-05 03:30:00,S7,Beverages,81.6,7.44,0.75,FULL
2026-06-05 03:30:00,S8,Bakery,0.0,,7.5,OUT
2026-06-05 03:45:00,S1,Dairy,70.8,4.13,2.0,FULL
2026-06-05 03:45:00,S2,Bakery,99.6,4.12,0.25,FULL
2026-06-05 03:45:00,S3,Dairy,24.8,4.85,5.0,LOW
2026-06-05 03:45:00,S4,Beverages,77.1,4.84,1.25,FULL
2026-06-05 03:45:00,S5,Snacks,17.8,2.16,11.5,OUT
2026-06-05 03:45:00,S6,Produce,0.0,4.64,11.5,OUT
2026-06-05 03:45:00,S7,Beverages,80.3,6.8,1.0,FULL
2026-06-05 03:45:00,S8,Bakery,0.0,,7.75,OUT
2026-06-05 04:00:00,S1,Dairy,57.1,5.42,2.25,LOW
2026-06-05 04:00:00,S2,Bakery,92.8,5.12,0.5,FULL
2026-06-05 04:00:00,S3,Dairy,20.4,4.33,5.25,LOW
2026-06-05 04:00:00,S4,Beverages,73.1,5.85,1.5,FULL
2026-06-05 04:00:00,S5,Snacks,19.7,1.99,11.75,OUT
2026-06-05 04:00:00,S6,Produce,0.0,4.01,11.75,OUT
2026-06-05 04:00:00,S7,Beverages,82.4,5.59,,FULL
2026-06-05 04:00:00,S8,Bakery,0.0,7.18,8.0,OUT
2026-06-05 04:15:00,S1,Dairy,42.7,6.52,2.5,LOW
2026-06-05 04:15:00,S2,Bakery,86.5,4.96,0.75,FULL
2026-06-05 04:15:00,S3,Dairy,35.4,3.47,5.5,LOW
2026-06-05 04:15:00,S4,Beverages,68.6,,1.75,FULL
2026-06-05 04:15:00,S5,Snacks,0.0,3.56,,OUT
2026-06-05 04:15:00,S6,Produce,0.0,5.6,12.0,OUT
2026-06-05 04:15:00,S7,Beverages,73.2,5.88,1.5,FULL
2026-06-05 04:15:00,S8,Bakery,0.0,4.25,8.25,OUT
2026-06-05 04:30:00,S1,Dairy,52.6,4.92,2.75,LOW
2026-06-05 04:30:00,S2,Bakery,91.8,4.19,1.0,FULL
2026-06-05 04:30:00,S3,Dairy,15.2,4.92,5.75,OUT
2026-06-05 04:30:00,S4,Beverages,58.7,6.74,2.0,LOW
2026-06-05 04:30:00,S5,Snacks,39.6,1.55,12.25,LOW
2026-06-05 04:30:00,S6,Produce,0.0,,12.25,OUT
2026-06-05 04:30:00,S7,Beverages,58.1,7.53,1.75,LOW
2026-06-05 04:30:00,S8,Bakery,0.0,4.56,8.5,OUT
2026-06-05 04:45:00,S1,Dairy,59.9,4.14,3.0,LOW
2026-06-05 04:45:00,S2,Bakery,82.6,4.93,1.25,FULL
2026-06-05 04:45:00,S3,Dairy,47.2,2.7,6.0,LOW
2026-06-05 04:45:00,S4,Beverages,62.5,5.57,2.25,FULL
2026-06-05 04:45:00,S5,Snacks,0.0,3.44,12.5,OUT
2026-06-05 04:45:00,S6,Produce,0.0,2.67,12.5,OUT
2026-06-05 04:45:00,S7,Beverages,61.7,5.21,2.0,FULL
2026-06-05 04:45:00,S8,Bakery,0.0,4.55,8.75,OUT
2026-06-05 05:00:00,S1,Dairy,63.9,3.52,3.25,FULL
2026-06-05 05:00:00,S2,Bakery,71.1,6.36,1.5,FULL
2026-06-05 05:00:00,S3,Dairy,67.1,1.85,,FULL
2026-06-05 05:00:00,S4,Beverages,47.8,6.41,2.5,LOW
2026-06-05 05:00:00,S5,Snacks,0.0,3.52,12.75,OUT
2026-06-05 05:00:00,S6,Produce,0.0,5.0,12.75,OUT
2026-06-05 05:00:00,S7,Beverages,51.5,7.05,2.25,LOW
2026-06-05 05:00:00,S8,Bakery,0.0,4.85,9.0,OUT
2026-06-05 05:15:00,S1,Dairy,51.9,4.39,3.5,LOW
2026-06-05 05:15:00,S2,Bakery,62.7,6.16,1.75,FULL
2026-06-05 05:15:00,S3,Dairy,0.0,5.14,6.5,OUT
2026-06-05 05:15:00,S4,Beverages,46.1,6.47,2.75,LOW
2026-06-05 05:15:00,S5,Snacks,38.7,1.46,13.0,LOW
2026-06-05 05:15:00,S6,Produce,0.0,3.93,13.0,OUT
2026-06-05 05:15:00,S7,Beverages,45.1,,2.5,LOW
2026-06-05 05:15:00,S8,Bakery,0.0,5.48,9.25,OUT
2026-06-05 05:30:00,S1,Dairy,63.9,3.36,3.75,FULL
2026-06-05 05:30:00,S2,Bakery,59.5,5.82,2.0,LOW
2026-06-05 05:30:00,S3,Dairy,0.0,4.93,6.75,OUT
2026-06-05 05:30:00,S4,Beverages,47.0,5.57,3.0,LOW
2026-06-05 05:30:00,S5,Snacks,0.0,4.04,13.25,OUT
2026-06-05 05:30:00,S6,Produce,0.0,3.82,13.25,OUT
2026-06-05 05:30:00,S7,Beverages,50.5,6.12,2.75,LOW
2026-06-05 05:30:00,S8,Bakery,0.0,6.0,9.5,OUT
2026-06-05 05:45:00,S1,Dairy,43.1,4.59,4.0,LOW
2026-06-05 05:45:00,S2,Bakery,70.3,4.17,2.25,FULL
2026-06-05 05:45:00,S3,Dairy,0.0,5.08,7.0,OUT
2026-06-05 05:45:00,S4,Beverages,40.4,6.16,3.25,LOW
2026-06-05 05:45:00,S5,Snacks,8.8,2.12,13.5,OUT
2026-06-05 05:45:00,S6,Produce,0.0,4.05,13.5,OUT
2026-06-05 05:45:00,S7,Beverages,45.2,5.33,3.0,LOW
2026-06-05 05:45:00,S8,Bakery,0.0,4.99,9.75,OUT
2026-06-05 06:00:00,S1,Dairy,26.8,5.25,4.25,LOW
2026-06-05 06:00:00,S2,Bakery,78.2,3.56,2.5,FULL
2026-06-05 06:00:00,S3,Dairy,0.0,5.17,7.25,OUT
2026-06-05 06:00:00,S4,Beverages,37.2,5.6,3.5,LOW
2026-06-05 06:00:00,S5,Snacks,12.3,,13.75,OUT
2026-06-05 06:00:00,S6,Produce,0.0,2.93,13.75,OUT
2026-06-05 06:00:00,S7,Beverages,52.6,4.39,3.25,LOW
2026-06-05 06:00:00,S8,Bakery,0.0,5.31,10.0,OUT
2026-06-05 06:15:00,S1,Dairy,42.2,4.21,4.5,LOW
2026-06-05 06:15:00,S2,Bakery,60.9,4.45,2.75,FULL
2026-06-05 06:15:00,S3,Dairy,0.0,4.73,7.5,OUT
2026-06-05 06:15:00,S4,Beverages,22.2,6.31,3.75,LOW
2026-06-05 06:15:00,S5,Snacks,23.4,1.55,14.0,LOW
2026-06-05 06:15:00,S6,Produce,0.0,5.43,14.0,OUT
2026-06-05 06:15:00,S7,Beverages,28.1,6.63,3.5,LOW
2026-06-05 06:15:00,S8,Bakery,7.5,2.82,10.25,OUT
2026-06-05 06:30:00,S1,Dairy,14.0,5.47,4.75,OUT
2026-06-05 06:30:00,S2,Bakery,,6.76,3.0,LOW
2026-06-05 06:30:00,S3,Dairy,28.1,2.74,7.75,LOW
2026-06-05 06:30:00,S4,Beverages,5.0,7.13,4.0,OUT
2026-06-05 06:30:00,S5,Snacks,0.0,2.87,14.25,OUT
2026-06-05 06:30:00,S6,Produce,0.0,2.26,14.25,OUT
2026-06-05 06:30:00,S7,Beverages,15.9,6.81,3.75,OUT
2026-06-05 06:30:00,S8,Bakery,0.0,4.45,10.5,OUT
2026-06-05 06:45:00,S1,Dairy,18.4,4.91,5.0,OUT
2026-06-05 06:45:00,S2,Bakery,54.9,4.56,3.25,LOW
2026-06-05 06:45:00,S3,Dairy,0.0,4.73,8.0,OUT
2026-06-05 06:45:00,S4,Beverages,9.9,6.55,4.25,OUT
2026-06-05 06:45:00,S5,Snacks,0.0,4.94,14.5,OUT
2026-06-05 06:45:00,S6,Produce,0.0,3.04,14.5,OUT
2026-06-05 06:45:00,S7,Beverages,9.5,6.64,4.0,OUT
2026-06-05 06:45:00,S8,Bakery,0.0,3.77,10.75,OUT
2026-06-05 07:00:00,S1,Dairy,32.3,3.85,5.25,LOW
2026-06-05 07:00:00,S2,Bakery,56.8,4.21,3.5,LOW
2026-06-05 07:00:00,S3,Dairy,0.0,4.26,8.25,OUT
2026-06-05 07:00:00,S4,Beverages,0.0,7.28,4.5,OUT
2026-06-05 07:00:00,S5,Snacks,77.9,0.5,14.75,FULL
2026-06-05 07:00:00,S6,Produce,97.8,3.85,0.0,FULL
2026-06-05 07:00:00,S7,Beverages,,7.94,4.25,OUT
2026-06-05 07:00:00,S8,Bakery,0.0,5.67,11.0,OUT
2026-06-05 07:15:00,S1,Dairy,,2.86,5.5,LOW
2026-06-05 07:15:00,S2,Bakery,42.8,4.88,3.75,LOW
2026-06-05 07:15:00,S3,Dairy,0.0,3.75,8.5,OUT
2026-06-05 07:15:00,S4,Beverages,38.1,3.87,4.75,LOW
2026-06-05 07:15:00,S5,Snacks,0.0,3.43,15.0,OUT
2026-06-05 07:15:00,S6,Produce,96.7,4.83,0.25,FULL
2026-06-05 07:15:00,S7,Beverages,18.1,5.87,4.5,OUT
2026-06-05 07:15:00,S8,Bakery,0.0,5.07,,OUT
2026-06-05 07:30:00,S1,Dairy,16.0,4.38,5.75,OUT
2026-06-05 07:30:00,S2,Bakery,33.7,5.39,4.0,LOW
2026-06-05 07:30:00,S3,Dairy,0.0,5.19,8.75,OUT
2026-06-05 07:30:00,S4,Beverages,0.0,6.84,5.0,OUT
2026-06-05 07:30:00,S5,Snacks,0.0,3.2,15.25,OUT
2026-06-05 07:30:00,S6,Produce,92.8,4.57,0.5,FULL
2026-06-05 07:30:00,S7,Beverages,0.0,7.33,4.75,OUT
2026-06-05 07:30:00,S8,Bakery,0.0,6.53,11.5,OUT
2026-06-05 07:45:00,S1,Dairy,47.9,2.96,6.0,LOW
2026-06-05 07:45:00,S2,Bakery,36.6,4.83,4.25,LOW
2026-06-05 07:45:00,S3,Dairy,0.0,4.6,9.0,OUT
2026-06-05 07:45:00,S4,Beverages,35.6,4.2,5.25,LOW
2026-06-05 07:45:00,S5,Snacks,0.0,2.7,15.5,OUT
2026-06-05 07:45:00,S6,Produce,90.8,2.74,0.75,FULL
2026-06-05 07:45:00,S7,Beverages,0.0,7.3,5.0,OUT
2026-06-05 07:45:00,S8,Bakery,0.0,5.32,11.75,OUT
2026-06-05 08:00:00,S1,Dairy,10.1,4.45,6.25,OUT
2026-06-05 08:00:00,S2,Bakery,23.7,5.51,4.5,LOW
2026-06-05 08:00:00,S3,Dairy,0.0,5.1,9.25,OUT
2026-06-05 08:00:00,S4,Beverages,0.0,5.78,5.5,OUT
2026-06-05 08:00:00,S5,Snacks,0.0,2.84,15.75,OUT
2026-06-05 08:00:00,S6,Produce,89.8,3.63,1.0,FULL
2026-06-05 08:00:00,S7,Beverages,0.0,6.75,5.25,OUT
2026-06-05 08:00:00,S8,Bakery,0.0,5.42,12.0,OUT
2026-06-05 08:15:00,S1,Dairy,3.9,4.52,6.5,OUT
2026-06-05 08:15:00,S2,Bakery,14.3,5.76,4.75,OUT
2026-06-05 08:15:00,S3,Dairy,1.0,3.52,9.5,OUT
2026-06-05 08:15:00,S4,Beverages,0.0,6.04,5.75,OUT
2026-06-05 08:15:00,S5,Snacks,0.0,3.33,16.0,OUT
2026-06-05 08:15:00,S6,Produce,84.1,3.72,1.25,FULL
2026-06-05 08:15:00,S7,Beverages,12.0,5.15,5.5,OUT
2026-06-05 08:15:00,S8,Bakery,0.0,3.32,12.25,OUT
2026-06-05 08:30:00,S1,Dairy,9.2,4.32,6.75,OUT
2026-06-05 08:30:00,S2,Bakery,35.6,3.98,5.0,LOW
2026-06-05 08:30:00,S3,Dairy,0.0,6.1,9.75,OUT
2026-06-05 08:30:00,S4,Beverages,0.0,6.98,6.0,OUT
2026-06-05 08:30:00,S5,Snacks,0.0,2.65,16.25,OUT
2026-06-05 08:30:00,S6,Produce,93.4,2.67,1.5,FULL
2026-06-05 08:30:00,S7,Beverages,0.0,6.84,5.75,OUT
2026-06-05 08:30:00,S8,Bakery,0.0,5.46,12.5,OUT
2026-06-05 08:45:00,S1,Dairy,13.1,4.03,7.0,OUT
2026-06-05 08:45:00,S2,Bakery,29.2,4.53,5.25,LOW
2026-06-05 08:45:00,S3,Dairy,0.0,6.79,10.0,OUT
2026-06-05 08:45:00,S4,Beverages,0.0,5.43,6.25,OUT
2026-06-05 08:45:00,S5,Snacks,0.0,4.38,16.5,OUT
2026-06-05 08:45:00,S6,Produce,91.8,2.14,1.75,FULL
2026-06-05 08:45:00,S7,Beverages,0.0,7.39,6.0,OUT
2026-06-05 08:45:00,S8,Bakery,0.0,4.08,12.75,OUT
2026-06-05 09:00:00,S1,Dairy,0.0,5.1,7.25,OUT
2026-06-05 09:00:00,S2,Bakery,0.0,5.69,5.5,OUT
2026-06-05 09:00:00,S3,Dairy,0.0,3.63,10.25,OUT
2026-06-05 09:00:00,S4,Beverages,0.0,6.58,6.5,OUT
2026-06-05 09:00:00,S5,Snacks,0.0,2.03,16.75,OUT
2026-06-05 09:00:00,S6,Produce,77.2,4.35,2.0,FULL
2026-06-05 09:00:00,S7,Beverages,0.0,7.38,6.25,OUT
2026-06-05 09:00:00,S8,Bakery,0.0,5.23,13.0,OUT
2026-06-05 09:15:00,S1,Dairy,0.0,,7.5,OUT
2026-06-05 09:15:00,S2,Bakery,7.6,,5.75,OUT
2026-06-05 09:15:00,S3,Dairy,0.0,4.09,10.5,OUT
2026-06-05 09:15:00,S4,Beverages,0.0,5.09,6.75,OUT
2026-06-05 09:15:00,S5,Snacks,0.0,3.29,17.0,OUT
2026-06-05 09:15:00,S6,Produce,59.0,5.53,2.25,LOW
2026-06-05 09:15:00,S7,Beverages,0.0,5.85,6.5,OUT
2026-06-05 09:15:00,S8,Bakery,0.0,5.47,13.25,OUT
2026-06-05 09:30:00,S1,Dairy,4.8,3.74,7.75,OUT
2026-06-05 09:30:00,S2,Bakery,16.5,4.4,6.0,OUT
2026-06-05 09:30:00,S3,Dairy,0.0,4.8,10.75,OUT
2026-06-05 09:30:00,S4,Beverages,0.0,5.96,7.0,OUT
2026-06-05 09:30:00,S5,Snacks,5.4,1.79,17.25,OUT
2026-06-05 09:30:00,S6,Produce,64.3,4.57,2.5,FULL
2026-06-05 09:30:00,S7,Beverages,10.4,4.06,6.75,OUT
2026-06-05 09:30:00,S8,Bakery,0.0,4.76,13.5,OUT
2026-06-05 09:45:00,S1,Dairy,0.0,4.95,8.0,OUT
2026-06-05 09:45:00,S2,Bakery,0.0,5.92,6.25,OUT
2026-06-05 09:45:00,S3,Dairy,0.0,4.95,11.0,OUT
2026-06-05 09:45:00,S4,Beverages,0.0,5.81,7.25,OUT
2026-06-05 09:45:00,S5,Snacks,0.0,1.82,17.5,OUT
2026-06-05 09:45:00,S6,Produce,44.8,6.08,2.75,LOW
2026-06-05 09:45:00,S7,Beverages,0.0,6.91,7.0,OUT
2026-06-05 09:45:00,S8,Bakery,0.0,3.72,13.75,OUT
2026-06-05 10:00:00,S1,Dairy,0.0,3.83,8.25,OUT
2026-06-05 10:00:00,S2,Bakery,17.0,3.91,6.5,OUT
2026-06-05 10:00:00,S3,Dairy,23.9,,11.25,LOW
2026-06-05 10:00:00,S4,Beverages,0.0,5.98,7.5,OUT
2026-06-05 10:00:00,S5,Snacks,0.0,2.4,17.75,OUT
2026-06-05 10:00:00,S6,Produce,60.1,4.32,3.0,FULL
2026-06-05 10:00:00,S7,Beverages,0.0,6.52,7.25,OUT
2026-06-05 10:00:00,S8,Bakery,0.0,3.97,14.0,OUT
2026-06-05 10:15:00,S1,Dairy,14.7,3.08,8.5,OUT
2026-06-05 10:15:00,S2,Bakery,0.0,7.37,6.75,OUT
2026-06-05 10:15:00,S3,Dairy,0.0,5.21,11.5,OUT
2026-06-05 10:15:00,S4,Beverages,0.0,4.37,7.75,OUT
2026-06-05 10:15:00,S5,Snacks,0.0,3.36,18.0,OUT
2026-06-05 10:15:00,S6,Produce,61.2,3.96,3.25,FULL
2026-06-05 10:15:00,S7,Beverages,0.0,7.53,7.5,OUT
2026-06-05 10:15:00,S8,Bakery,0.0,5.75,14.25,OUT
2026-06-05 10:30:00,S1,Dairy,1.7,3.54,8.75,OUT
2026-06-05 10:30:00,S2,Bakery,0.0,4.46,7.0,OUT
2026-06-05 10:30:00,S3,Dairy,0.0,3.8,11.75,OUT
2026-06-05 10:30:00,S4,Beverages,0.0,5.72,8.0,OUT
2026-06-05 10:30:00,S5,Snacks,0.0,2.75,18.25,OUT
2026-06-05 10:30:00,S6,Produce,41.9,5.38,3.5,LOW
2026-06-05 10:30:00,S7,Beverages,0.0,7.22,7.75,OUT
2026-06-05 10:30:00,S8,Bakery,0.0,6.1,14.5,OUT
2026-06-05 10:45:00,S1,Dairy,0.0,5.89,9.0,OUT
2026-06-05 10:45:00,S2,Bakery,0.0,6.51,7.25,OUT
2026-06-05 10:45:00,S3,Dairy,0.0,3.94,12.0,OUT
2026-06-05 10:45:00,S4,Beverages,0.0,5.35,8.25,OUT
2026-06-05 10:45:00,S5,Snacks,0.0,3.05,18.5,OUT
2026-06-05 10:45:00,S6,Produce,69.6,2.42,3.75,FULL
2026-06-05 10:45:00,S7,Beverages,0.0,5.6,8.0,OUT
2026-06-05 10:45:00,S8,Bakery,0.0,4.79,14.75,OUT
2026-06-05 11:00:00,S1,Dairy,0.0,5.53,9.25,OUT
2026-06-05 11:00:00,S2,Bakery,13.3,3.4,,OUT
2026-06-05 11:00:00,S3,Dairy,0.0,3.9,12.25,OUT
2026-06-05 11:00:00,S4,Beverages,0.0,6.66,8.5,OUT
2026-06-05 11:00:00,S5,Snacks,0.0,2.74,18.75,OUT
2026-06-05 11:00:00,S6,Produce,67.3,3.02,4.0,FULL
2026-06-05 11:00:00,S7,Beverages,0.0,5.94,8.25,OUT
2026-06-05 11:00:00,S8,Bakery,0.0,4.35,15.0,OUT
2026-06-05 11:15:00,S1,Dairy,0.0,4.45,,OUT
2026-06-05 11:15:00,S2,Bakery,0.0,4.8,7.75,OUT
2026-06-05 11:15:00,S3,Dairy,0.0,5.72,12.5,OUT
2026-06-05 11:15:00,S4,Beverages,0.0,4.77,8.75,OUT
2026-06-05 11:15:00,S5,Snacks,6.2,1.51,19.0,OUT
2026-06-05 11:15:00,S6,Produce,32.8,4.93,4.25,LOW
2026-06-05 11:15:00,S7,Beverages,0.0,4.33,8.5,OUT
2026-06-05 11:15:00,S8,Bakery,0.0,4.0,15.25,OUT
2026-06-05 11:30:00,S1,Dairy,0.0,3.63,9.75,OUT
2026-06-05 11:30:00,S2,Bakery,0.0,5.24,,OUT
2026-06-05 11:30:00,S3,Dairy,0.0,6.33,12.75,OUT
2026-06-05 11:30:00,S4,Beverages,0.0,7.68,9.0,OUT
2026-06-05 11:30:00,S5,Snacks,0.0,3.36,19.25,OUT
2026-06-05 11:30:00,S6,Produce,60.0,2.74,4.5,LOW
2026-06-05 11:30:00,S7,Beverages,0.0,6.24,8.75,OUT
2026-06-05 11:30:00,S8,Bakery,0.0,6.22,15.5,OUT
2026-06-05 11:45:00,S1,Dairy,0.0,3.66,10.0,OUT
2026-06-05 11:45:00,S2,Bakery,0.0,,8.25,OUT
2026-06-05 11:45:00,S3,Dairy,0.0,2.75,13.0,OUT
2026-06-05 11:45:00,S4,Beverages,0.0,8.74,9.25,OUT
2026-06-05 11:45:00,S5,Snacks,0.0,2.28,19.5,OUT
2026-06-05 11:45:00,S6,Produce,24.4,5.11,,LOW
2026-06-05 11:45:00,S7,Beverages,0.0,5.33,9.0,OUT
2026-06-05 11:45:00,S8,Bakery,0.0,5.41,15.75,OUT
2026-06-05 12:00:00,S1,Dairy,0.0,7.32,10.25,OUT
2026-06-05 12:00:00,S2,Bakery,14.5,3.18,8.5,OUT
2026-06-05 12:00:00,S3,Dairy,0.0,4.2,13.25,OUT
2026-06-05 12:00:00,S4,Beverages,0.0,5.64,9.5,OUT
2026-06-05 12:00:00,S5,Snacks,0.0,2.98,19.75,OUT
2026-06-05 12:00:00,S6,Produce,23.0,4.91,5.0,LOW
2026-06-05 12:00:00,S7,Beverages,0.0,4.64,9.25,OUT
2026-06-05 12:00:00,S8,Bakery,0.0,2.69,16.0,OUT
2026-06-05 12:15:00,S1,Dairy,0.0,4.51,10.5,OUT
2026-06-05 12:15:00,S2,Bakery,0.0,4.0,,OUT
2026-06-05 12:15:00,S3,Dairy,0.0,4.63,13.5,OUT
2026-06-05 12:15:00,S4,Beverages,0.0,5.17,9.75,OUT
2026-06-05 12:15:00,S5,Snacks,0.0,2.92,20.0,OUT
2026-06-05 12:15:00,S6,Produce,20.8,4.79,5.25,LOW
2026-06-05 12:15:00,S7,Beverages,0.0,6.72,9.5,OUT
2026-06-05 12:15:00,S8,Bakery,0.0,4.12,16.25,OUT
2026-06-05 12:30:00,S1,Dairy,0.0,3.3,10.75,OUT
2026-06-05 12:30:00,S2,Bakery,0.0,4.44,9.0,OUT
2026-06-05 12:30:00,S3,Dairy,0.0,4.69,13.75,OUT
2026-06-05 12:30:00,S4,Beverages,,5.03,10.0,OUT
2026-06-05 12:30:00,S5,Snacks,0.0,3.34,20.25,OUT
2026-06-05 12:30:00,S6,Produce,5.3,5.39,5.5,OUT
2026-06-05 12:30:00,S7,Beverages,0.0,5.14,9.75,OUT
2026-06-05 12:30:00,S8,Bakery,0.0,4.43,16.5,OUT
2026-06-05 12:45:00,S1,Dairy,0.0,,11.0,OUT
2026-06-05 12:45:00,S2,Bakery,0.0,5.46,9.25,OUT
2026-06-05 12:45:00,S3,Dairy,0.0,5.15,14.0,OUT
2026-06-05 12:45:00,S4,Beverages,0.0,5.01,10.25,OUT
2026-06-05 12:45:00,S5,Snacks,0.0,3.19,20.5,OUT
2026-06-05 12:45:00,S6,Produce,39.9,3.13,5.75,LOW
2026-06-05 12:45:00,S7,Beverages,0.0,5.4,10.0,OUT
2026-06-05 12:45:00,S8,Bakery,0.0,6.7,16.75,OUT
2026-06-05 13:00:00,S1,Dairy,0.0,3.79,11.25,OUT
2026-06-05 13:00:00,S2,Bakery,0.0,4.94,9.5,OUT
2026-06-05 13:00:00,S3,Dairy,0.0,3.57,14.25,OUT
2026-06-05 13:00:00,S4,Beverages,0.0,3.44,10.5,OUT
2026-06-05 13:00:00,S5,Snacks,0.0,3.0,20.75,OUT
2026-06-05 13:00:00,S6,Produce,2.4,4.75,6.0,OUT
2026-06-05 13:00:00,S7,Beverages,0.0,8.33,10.25,OUT
2026-06-05 13:00:00,S8,Bakery,0.0,3.81,17.0,OUT
2026-06-05 13:15:00,S1,Dairy,0.0,2.91,11.5,OUT
2026-06-05 13:15:00,S2,Bakery,0.0,6.4,9.75,OUT
2026-06-05 13:15:00,S3,Dairy,0.0,5.71,14.5,OUT
2026-06-05 13:15:00,S4,Beverages,0.0,7.46,10.75,OUT
2026-06-05 13:15:00,S5,Snacks,0.0,1.79,21.0,OUT
2026-06-05 13:15:00,S6,Produce,17.3,4.08,6.25,OUT
2026-06-05 13:15:00,S7,Beverages,0.0,6.01,10.5,OUT
2026-06-05 13:15:00,S8,Bakery,0.0,4.95,17.25,OUT
2026-06-05 13:30:00,S1,Dairy,5.7,2.48,11.75,OUT
2026-06-05 13:30:00,S2,Bakery,0.0,4.21,10.0,OUT
2026-06-05 13:30:00,S3,Dairy,0.0,3.47,14.75,OUT
2026-06-05 13:30:00,S4,Beverages,0.0,5.35,11.0,OUT
2026-06-05 13:30:00,S5,Snacks,100.0,4.4,0.0,FULL
2026-06-05 13:30:00,S6,Produce,25.8,3.49,6.5,LOW
2026-06-05 13:30:00,S7,Beverages,0.0,5.85,10.75,OUT
2026-06-05 13:30:00,S8,Bakery,0.0,5.56,17.5,OUT
2026-06-05 13:45:00,S1,Dairy,7.0,2.43,12.0,OUT
2026-06-05 13:45:00,S2,Bakery,0.0,5.2,10.25,OUT
2026-06-05 13:45:00,S3,Dairy,0.0,5.78,15.0,OUT
2026-06-05 13:45:00,S4,Beverages,0.0,7.42,11.25,OUT
2026-06-05 13:45:00,S5,Snacks,95.6,3.41,0.25,FULL
2026-06-05 13:45:00,S6,Produce,0.0,4.84,6.75,OUT
2026-06-05 13:45:00,S7,Beverages,0.0,5.39,11.0,OUT
2026-06-05 13:45:00,S8,Bakery,0.0,5.91,17.75,OUT
2026-06-05 14:00:00,S1,Dairy,0.0,5.19,12.25,OUT
2026-06-05 14:00:00,S2,Bakery,0.0,4.57,10.5,OUT
2026-06-05 14:00:00,S3,Dairy,0.0,,15.25,OUT
2026-06-05 14:00:00,S4,Beverages,0.0,3.57,11.5,OUT
2026-06-05 14:00:00,S5,Snacks,96.1,1.66,0.5,FULL
2026-06-05 14:00:00,S6,Produce,13.9,3.79,7.0,OUT
2026-06-05 14:00:00,S7,Beverages,0.0,4.32,,OUT
2026-06-05 14:00:00,S8,Bakery,0.0,2.98,18.0,OUT
2026-06-05 14:15:00,S1,Dairy,97.6,5.45,0.0,FULL
2026-06-05 14:15:00,S2,Bakery,0.0,4.6,10.75,OUT
2026-06-05 14:15:00,S3,Dairy,0.0,3.97,15.5,OUT
2026-06-05 14:15:00,S4,Beverages,0.0,6.78,11.75,OUT
2026-06-05 14:15:00,S5,Snacks,89.1,2.94,0.75,FULL
2026-06-05 14:15:00,S6,Produce,0.0,5.08,7.25,OUT
2026-06-05 14:15:00,S7,Beverages,0.0,5.12,11.5,OUT
2026-06-05 14:15:00,S8,Bakery,0.0,5.19,18.25,OUT
2026-06-05 14:30:00,S1,Dairy,96.8,5.72,0.25,FULL
2026-06-05 14:30:00,S2,Bakery,0.0,7.17,11.0,OUT
2026-06-05 14:30:00,S3,Dairy,0.0,3.85,15.75,OUT
2026-06-05 14:30:00,S4,Beverages,99.9,6.54,0.0,FULL
2026-06-05 14:30:00,S5,Snacks,91.5,2.78,1.0,FULL
2026-06-05 14:30:00,S6,Produce,0.0,4.83,7.5,OUT
2026-06-05 14:30:00,S7,Beverages,0.0,5.5,11.75,OUT
2026-06-05 14:30:00,S8,Bakery,0.0,5.11,18.5,OUT
2026-06-05 14:45:00,S1,Dairy,91.7,8.06,0.5,FULL
2026-06-05 14:45:00,S2,Bakery,0.0,5.53,11.25,OUT
2026-06-05 14:45:00,S3,Dairy,0.0,3.11,16.0,OUT
2026-06-05 14:45:00,S4,Beverages,89.4,5.56,0.25,FULL
2026-06-05 14:45:00,S5,Snacks,84.4,3.11,1.25,FULL
2026-06-05 14:45:00,S6,Produce,35.7,2.47,7.75,LOW
2026-06-05 14:45:00,S7,Beverages,0.0,5.75,12.0,OUT
2026-06-05 14:45:00,S8,Bakery,0.0,3.72,18.75,OUT
2026-06-05 15:00:00,S1,Dairy,85.2,4.51,0.75,FULL
2026-06-05 15:00:00,S2,Bakery,0.0,5.21,11.5,OUT
2026-06-05 15:00:00,S3,Dairy,0.0,4.82,16.25,OUT
2026-06-05 15:00:00,S4,Beverages,92.9,4.95,0.5,FULL
2026-06-05 15:00:00,S5,Snacks,82.9,2.72,1.5,FULL
2026-06-05 15:00:00,S6,Produce,0.0,4.0,8.0,OUT
2026-06-05 15:00:00,S7,Beverages,0.0,4.63,12.25,OUT
2026-06-05 15:00:00,S8,Bakery,0.0,5.14,19.0,OUT
2026-06-05 15:15:00,S1,Dairy,82.2,5.2,1.0,FULL
2026-06-05 15:15:00,S2,Bakery,0.0,5.44,11.75,OUT
2026-06-05 15:15:00,S3,Dairy,0.0,3.32,16.5,OUT
2026-06-05 15:15:00,S4,Beverages,89.1,6.06,0.75,FULL
2026-06-05 15:15:00,S5,Snacks,82.3,3.61,1.75,FULL
2026-06-05 15:15:00,S6,Produce,0.0,4.99,8.25,OUT
2026-06-05 15:15:00,S7,Beverages,0.0,6.35,12.5,OUT
2026-06-05 15:15:00,S8,Bakery,97.4,5.53,0.0,FULL
2026-06-05 15:30:00,S1,Dairy,79.7,4.8,1.25,FULL
2026-06-05 15:30:00,S2,Bakery,0.0,,12.0,OUT
2026-06-05 15:30:00,S3,Dairy,0.0,5.82,16.75,OUT
2026-06-05 15:30:00,S4,Beverages,77.1,6.08,1.0,FULL
2026-06-05 15:30:00,S5,Snacks,100.0,1.0,2.0,FULL
2026-06-05 15:30:00,S6,Produce,0.0,5.31,8.5,OUT
2026-06-05 15:30:00,S7,Beverages,0.0,6.24,12.75,OUT
2026-06-05 15:30:00,S8,Bakery,96.8,,0.25,FULL
2026-06-05 15:45:00,S1,Dairy,84.6,3.39,1.5,FULL
2026-06-05 15:45:00,S2,Bakery,0.0,5.79,12.25,OUT
2026-06-05 15:45:00,S3,Dairy,0.0,5.0,17.0,OUT
2026-06-05 15:45:00,S4,Beverages,,7.27,1.25,FULL
2026-06-05 15:45:00,S5,Snacks,88.1,1.94,2.25,FULL
2026-06-05 15:45:00,S6,Produce,0.0,6.01,8.75,OUT
2026-06-05 15:45:00,S7,Beverages,0.0,6.68,13.0,OUT
2026-06-05 15:45:00,S8,Bakery,96.4,3.88,0.5,FULL
2026-06-05 16:00:00,S1,Dairy,64.6,5.29,1.75,FULL
2026-06-05 16:00:00,S2,Bakery,100.0,5.72,0.0,FULL
2026-06-05 16:00:00,S3,Dairy,0.0,5.19,17.25,OUT
2026-06-05 16:00:00,S4,Beverages,68.5,6.41,1.5,FULL
2026-06-05 16:00:00,S5,Snacks,72.1,3.24,2.5,FULL
2026-06-05 16:00:00,S6,Produce,0.0,4.19,9.0,OUT
2026-06-05 16:00:00,S7,Beverages,0.0,5.61,13.25,OUT
2026-06-05 16:00:00,S8,Bakery,90.2,5.34,0.75,FULL
2026-06-05 16:15:00,S1,Dairy,71.2,3.96,2.0,FULL
2026-06-05 16:15:00,S2,Bakery,98.4,4.16,0.25,FULL
2026-06-05 16:15:00,S3,Dairy,0.0,4.73,17.5,OUT
2026-06-05 16:15:00,S4,Beverages,54.7,7.7,1.75,LOW
2026-06-05 16:15:00,S5,Snacks,89.9,1.38,2.75,FULL
2026-06-05 16:15:00,S6,Produce,2.0,3.32,9.25,OUT
2026-06-05 16:15:00,S7,Beverages,0.0,5.53,13.5,OUT
2026-06-05 16:15:00,S8,Bakery,87.4,3.35,1.0,FULL
2026-06-05 16:30:00,S1,Dairy,63.7,4.95,2.25,FULL
2026-06-05 16:30:00,S2,Bakery,89.4,5.65,0.5,FULL
2026-06-05 16:30:00,S3,Dairy,0.0,3.93,17.75,OUT
2026-06-05 16:30:00,S4,Beverages,60.9,5.66,,FULL
2026-06-05 16:30:00,S5,Snacks,60.5,4.07,3.0,FULL
2026-06-05 16:30:00,S6,Produce,25.1,2.48,9.5,LOW
2026-06-05 16:30:00,S7,Beverages,0.0,5.2,13.75,OUT
2026-06-05 16:30:00,S8,Bakery,80.3,5.09,1.25,FULL
2026-06-05 16:45:00,S1,Dairy,64.9,4.89,,FULL
2026-06-05 16:45:00,S2,Bakery,84.6,6.06,0.75,FULL
2026-06-05 16:45:00,S3,Dairy,100.0,6.7,0.0,FULL
2026-06-05 16:45:00,S4,Beverages,57.0,5.68,2.25,LOW
2026-06-05 16:45:00,S5,Snacks,74.0,2.44,3.25,FULL
2026-06-05 16:45:00,S6,Produce,0.0,3.48,9.75,OUT
2026-06-05 16:45:00,S7,Beverages,,4.93,14.0,OUT
2026-06-05 16:45:00,S8,Bakery,68.2,6.26,1.5,FULL
2026-06-05 17:00:00,S1,Dairy,58.7,4.1,2.75,LOW
2026-06-05 17:00:00,S2,Bakery,77.5,5.08,1.0,FULL
2026-06-05 17:00:00,S3,Dairy,89.5,4.33,0.25,FULL
2026-06-05 17:00:00,S4,Beverages,38.4,6.91,2.5,LOW
2026-06-05 17:00:00,S5,Snacks,51.0,4.02,3.5,LOW
2026-06-05 17:00:00,S6,Produce,0.0,3.63,10.0,OUT
2026-06-05 17:00:00,S7,Beverages,0.0,5.93,14.25,OUT
2026-06-05 17:00:00,S8,Bakery,74.5,4.04,1.75,FULL
2026-06-05 17:15:00,S1,Dairy,77.6,2.47,3.0,FULL
2026-06-05 17:15:00,S2,Bakery,80.1,4.35,1.25,FULL
2026-06-05 17:15:00,S3,Dairy,95.0,3.41,0.5,FULL
2026-06-05 17:15:00,S4,Beverages,45.6,6.03,2.75,LOW
2026-06-05 17:15:00,S5,Snacks,68.6,2.08,3.75,FULL
2026-06-05 17:15:00,S6,Produce,3.1,3.0,10.25,OUT
2026-06-05 17:15:00,S7,Beverages,,7.42,14.5,OUT
2026-06-05 17:15:00,S8,Bakery,71.4,5.15,2.0,FULL
2026-06-05 17:30:00,S1,Dairy,60.6,3.99,3.25,FULL
2026-06-05 17:30:00,S2,Bakery,89.6,3.32,1.5,FULL
2026-06-05 17:30:00,S3,Dairy,85.6,4.42,0.75,FULL
2026-06-05 17:30:00,S4,Beverages,54.4,4.67,3.0,LOW
2026-06-05 17:30:00,S5,Snacks,88.1,0.75,4.0,FULL
2026-06-05 17:30:00,S6,Produce,21.3,2.28,10.5,LOW
2026-06-05 17:30:00,S7,Beverages,0.0,7.15,14.75,OUT
2026-06-05 17:30:00,S8,Bakery,53.8,6.14,2.25,LOW
2026-06-05 17:45:00,S1,Dairy,70.8,2.3,3.5,FULL
2026-06-05 17:45:00,S2,Bakery,69.8,5.25,1.75,FULL
2026-06-05 17:45:00,S3,Dairy,87.1,4.02,1.0,FULL
2026-06-05 17:45:00,S4,Beverages,41.8,5.85,3.25,LOW
2026-06-05 17:45:00,S5,Snacks,67.2,2.29,4.25,FULL
2026-06-05 17:45:00,S6,Produce,0.0,4.0,10.75,OUT
2026-06-05 17:45:00,S7,Beverages,0.0,6.37,15.0,OUT
2026-06-05 17:45:00,S8,Bakery,63.2,5.35,2.5,FULL
2026-06-05 18:00:00,S1,Dairy,45.9,4.47,3.75,LOW
2026-06-05 18:00:00,S2,Bakery,57.6,6.47,2.0,LOW
2026-06-05 18:00:00,S3,Dairy,90.9,3.11,1.25,FULL
2026-06-05 18:00:00,S4,Beverages,44.3,5.24,3.5,LOW
2026-06-05 18:00:00,S5,Snacks,61.4,2.51,4.5,FULL
2026-06-05 18:00:00,S6,Produce,0.0,4.13,11.0,OUT
2026-06-05 18:00:00,S7,Beverages,0.0,4.78,15.25,OUT
2026-06-05 18:00:00,S8,Bakery,46.6,5.94,2.75,LOW
2026-06-05 18:15:00,S1,Dairy,31.0,5.71,4.0,LOW
2026-06-05 18:15:00,S2,Bakery,61.0,5.67,2.25,FULL
2026-06-05 18:15:00,S3,Dairy,76.6,4.69,1.5,FULL
2026-06-05 18:15:00,S4,Beverages,17.9,6.77,3.75,OUT
2026-06-05 18:15:00,S5,Snacks,63.3,2.23,4.75,FULL
2026-06-05 18:15:00,S6,Produce,0.0,5.57,11.25,OUT
2026-06-05 18:15:00,S7,Beverages,0.0,5.37,15.5,OUT
2026-06-05 18:15:00,S8,Bakery,39.0,5.87,3.0,LOW
2026-06-05 18:30:00,S1,Dairy,49.7,3.7,4.25,LOW
2026-06-05 18:30:00,S2,Bakery,50.6,5.73,2.5,LOW
2026-06-05 18:30:00,S3,Dairy,67.6,5.75,1.75,FULL
2026-06-05 18:30:00,S4,Beverages,29.7,5.51,4.0,LOW
2026-06-05 18:30:00,S5,Snacks,24.6,4.4,5.0,LOW
2026-06-05 18:30:00,S6,Produce,0.0,3.17,11.5,OUT
2026-06-05 18:30:00,S7,Beverages,100.0,7.36,0.0,FULL
2026-06-05 18:30:00,S8,Bakery,55.8,3.98,3.25,LOW
2026-06-05 18:45:00,S1,Dairy,43.1,3.61,4.5,LOW
2026-06-05 18:45:00,S2,Bakery,63.5,3.77,2.75,FULL
2026-06-05 18:45:00,S3,Dairy,78.5,2.71,2.0,FULL
2026-06-05 18:45:00,S4,Beverages,31.9,5.27,4.25,LOW
2026-06-05 18:45:00,S5,Snacks,,5.09,5.25,OUT
2026-06-05 18:45:00,S6,Produce,0.0,4.54,11.75,OUT
2026-06-05 18:45:00,S7,Beverages,90.7,,0.25,FULL
2026-06-05 18:45:00,S8,Bakery,51.1,4.57,3.5,LOW
2026-06-05 19:00:00,S1,Dairy,21.7,5.07,4.75,LOW
2026-06-05 19:00:00,S2,Bakery,47.5,5.25,3.0,LOW
2026-06-05 19:00:00,S3,Dairy,59.3,5.7,2.25,LOW
2026-06-05 19:00:00,S4,Beverages,0.0,8.15,4.5,OUT
2026-06-05 19:00:00,S5,Snacks,65.3,2.11,5.5,FULL
2026-06-05 19:00:00,S6,Produce,0.0,4.48,12.0,OUT
2026-06-05 19:00:00,S7,Beverages,93.0,4.6,0.5,FULL
2026-06-05 19:00:00,S8,Bakery,41.4,4.41,3.75,LOW
2026-06-05 19:15:00,S1,Dairy,42.6,3.66,5.0,LOW
2026-06-05 19:15:00,S2,Bakery,65.5,3.61,3.25,FULL
2026-06-05 19:15:00,S3,Dairy,50.7,6.6,2.5,LOW
2026-06-05 19:15:00,S4,Beverages,12.5,5.97,4.75,OUT
2026-06-05 19:15:00,S5,Snacks,42.6,3.58,5.75,LOW
2026-06-05 19:15:00,S6,Produce,0.0,5.6,12.25,OUT
2026-06-05 19:15:00,S7,Beverages,86.2,7.42,0.75,FULL
2026-06-05 19:15:00,S8,Bakery,60.2,3.0,4.0,FULL
2026-06-05 19:30:00,S1,Dairy,4.8,5.75,5.25,OUT
2026-06-05 19:30:00,S2,Bakery,12.4,7.94,3.5,OUT
2026-06-05 19:30:00,S3,Dairy,71.9,2.83,2.75,FULL
2026-06-05 19:30:00,S4,Beverages,7.4,6.0,5.0,OUT
2026-06-05 19:30:00,S5,Snacks,41.6,3.22,6.0,LOW
2026-06-05 19:30:00,S6,Produce,0.0,3.36,12.5,OUT
2026-06-05 19:30:00,S7,Beverages,82.9,5.37,1.0,FULL
2026-06-05 19:30:00,S8,Bakery,4.0,6.81,4.25,OUT
2026-06-05 19:45:00,S1,Dairy,8.2,5.24,5.5,OUT
2026-06-05 19:45:00,S2,Bakery,36.7,5.06,3.75,LOW
2026-06-05 19:45:00,S3,Dairy,52.0,5.33,3.0,LOW
2026-06-05 19:45:00,S4,Beverages,6.2,5.58,5.25,OUT
2026-06-05 19:45:00,S5,Snacks,15.5,4.11,6.25,OUT
2026-06-05 19:45:00,S6,Produce,0.0,3.83,12.75,OUT
2026-06-05 19:45:00,S7,Beverages,75.2,6.67,1.25,FULL
2026-06-05 19:45:00,S8,Bakery,29.5,4.84,4.5,LOW
2026-06-05 20:00:00,S1,Dairy,27.5,3.86,5.75,LOW
2026-06-05 20:00:00,S2,Bakery,35.2,4.61,4.0,LOW
2026-06-05 20:00:00,S3,Dairy,45.1,5.21,3.25,LOW
2026-06-05 20:00:00,S4,Beverages,0.0,7.3,5.5,OUT
2026-06-05 20:00:00,S5,Snacks,44.3,2.56,6.5,LOW
2026-06-05 20:00:00,S6,Produce,0.0,4.02,13.0,OUT
2026-06-05 20:00:00,S7,Beverages,72.1,4.95,1.5,FULL
2026-06-05 20:00:00,S8,Bakery,13.6,5.65,4.75,OUT
2026-06-05 20:15:00,S1,Dairy,21.7,3.85,6.0,LOW
2026-06-05 20:15:00,S2,Bakery,45.7,4.02,4.25,LOW
2026-06-05 20:15:00,S3,Dairy,40.5,4.91,3.5,LOW
2026-06-05 20:15:00,S4,Beverages,5.7,5.0,5.75,OUT
2026-06-05 20:15:00,S5,Snacks,87.8,0.5,6.75,FULL
2026-06-05 20:15:00,S6,Produce,2.3,2.23,13.25,OUT
2026-06-05 20:15:00,S7,Beverages,66.3,5.34,1.75,FULL
2026-06-05 20:15:00,S8,Bakery,25.0,5.27,5.0,LOW
2026-06-05 20:30:00,S1,Dairy,20.5,3.78,6.25,LOW
2026-06-05 20:30:00,S2,Bakery,21.3,,4.5,LOW
2026-06-05 20:30:00,S3,Dairy,52.1,3.72,3.75,LOW
2026-06-05 20:30:00,S4,Beverages,0.0,7.96,6.0,OUT
2026-06-05 20:30:00,S5,Snacks,18.3,3.73,7.0,OUT
2026-06-05 20:30:00,S6,Produce,0.0,4.46,13.5,OUT
2026-06-05 20:30:00,S7,Beverages,61.2,6.25,2.0,FULL
2026-06-05 20:30:00,S8,Bakery,3.2,5.53,5.25,OUT
2026-06-05 20:45:00,S1,Dairy,20.4,3.84,6.5,LOW
2026-06-05 20:45:00,S2,Bakery,15.7,5.45,4.75,OUT
2026-06-05 20:45:00,S3,Dairy,39.1,4.74,4.0,LOW
2026-06-05 20:45:00,S4,Beverages,0.0,7.69,6.25,OUT
2026-06-05 20:45:00,S5,Snacks,51.7,2.0,7.25,LOW
2026-06-05 20:45:00,S6,Produce,0.0,4.61,13.75,OUT
2026-06-05 20:45:00,S7,Beverages,46.6,7.68,2.25,LOW
2026-06-05 20:45:00,S8,Bakery,0.0,6.84,5.5,OUT
2026-06-05 21:00:00,S1,Dairy,0.0,7.64,6.75,OUT
2026-06-05 21:00:00,S2,Bakery,33.5,4.19,5.0,LOW
2026-06-05 21:00:00,S3,Dairy,30.0,5.49,4.25,LOW
2026-06-05 21:00:00,S4,Beverages,13.5,4.29,6.5,OUT
2026-06-05 21:00:00,S5,Snacks,26.5,3.27,7.5,LOW
2026-06-05 21:00:00,S6,Produce,0.0,4.15,14.0,OUT
2026-06-05 21:00:00,S7,Beverages,46.0,7.2,2.5,LOW
2026-06-05 21:00:00,S8,Bakery,30.5,3.86,5.75,LOW
2026-06-05 21:15:00,S1,Dairy,0.0,6.56,7.0,OUT
2026-06-05 21:15:00,S2,Bakery,0.0,6.2,5.25,OUT
2026-06-05 21:15:00,S3,Dairy,34.8,4.88,4.5,LOW
2026-06-05 21:15:00,S4,Beverages,0.0,7.66,6.75,OUT
2026-06-05 21:15:00,S5,Snacks,55.2,1.82,7.75,LOW
2026-06-05 21:15:00,S6,Produce,0.0,4.29,,OUT
2026-06-05 21:15:00,S7,Beverages,62.5,4.12,2.75,FULL
2026-06-05 21:15:00,S8,Bakery,31.3,3.69,6.0,LOW
2026-06-05 21:30:00,S1,Dairy,0.0,4.8,7.25,OUT
2026-06-05 21:30:00,S2,Bakery,8.8,5.11,5.5,OUT
2026-06-05 21:30:00,S3,Dairy,23.3,4.93,4.75,LOW
2026-06-05 21:30:00,S4,Beverages,0.0,6.18,7.0,OUT
2026-06-05 21:30:00,S5,Snacks,64.0,1.37,8.0,FULL
2026-06-05 21:30:00,S6,Produce,0.0,4.25,14.5,OUT
2026-06-05 21:30:00,S7,Beverages,49.5,5.43,3.0,LOW
2026-06-05 21:30:00,S8,Bakery,0.0,5.17,6.25,OUT
2026-06-05 21:45:00,S1,Dairy,0.0,4.72,7.5,OUT
2026-06-05 21:45:00,S2,Bakery,17.9,4.44,5.75,OUT
2026-06-05 21:45:00,S3,Dairy,0.0,6.89,5.0,OUT
2026-06-05 21:45:00,S4,Beverages,0.0,5.82,7.25,OUT
2026-06-05 21:45:00,S5,Snacks,54.6,1.64,8.25,LOW
2026-06-05 21:45:00,S6,Produce,,4.76,14.75,OUT
2026-06-05 21:45:00,S7,Beverages,53.6,4.65,3.25,LOW
2026-06-05 21:45:00,S8,Bakery,0.0,5.76,6.5,OUT
2026-06-05 22:00:00,S1,Dairy,0.0,4.95,7.75,OUT
2026-06-05 22:00:00,S2,Bakery,15.9,4.35,6.0,OUT
2026-06-05 22:00:00,S3,Dairy,17.2,5.15,5.25,OUT
2026-06-05 22:00:00,S4,Beverages,0.0,7.4,7.5,OUT
2026-06-05 22:00:00,S5,Snacks,9.8,3.14,8.5,OUT
2026-06-05 22:00:00,S6,Produce,0.0,4.08,15.0,OUT
2026-06-05 22:00:00,S7,Beverages,50.5,4.86,3.5,LOW
2026-06-05 22:00:00,S8,Bakery,0.0,5.85,6.75,OUT
2026-06-05 22:15:00,S1,Dairy,0.0,4.84,8.0,OUT
2026-06-05 22:15:00,S2,Bakery,0.0,6.94,6.25,OUT
2026-06-05 22:15:00,S3,Dairy,0.0,5.7,5.5,OUT
2026-06-05 22:15:00,S4,Beverages,0.0,6.35,7.75,OUT
2026-06-05 22:15:00,S5,Snacks,0.0,3.96,8.75,OUT
2026-06-05 22:15:00,S6,Produce,0.0,4.18,15.25,OUT
2026-06-05 22:15:00,S7,Beverages,57.0,3.79,3.75,LOW
2026-06-05 22:15:00,S8,Bakery,0.0,4.78,7.0,OUT
2026-06-05 22:30:00,S1,Dairy,0.0,4.91,8.25,OUT
2026-06-05 22:30:00,S2,Bakery,1.5,4.88,6.5,OUT
2026-06-05 22:30:00,S3,Dairy,6.0,5.41,5.75,OUT
2026-06-05 22:30:00,S4,Beverages,0.0,7.45,8.0,OUT
2026-06-05 22:30:00,S5,Snacks,2.6,3.45,9.0,OUT
2026-06-05 22:30:00,S6,Produce,0.0,3.48,15.5,OUT
2026-06-05 22:30:00,S7,Beverages,27.9,5.84,4.0,LOW
2026-06-05 22:30:00,S8,Bakery,12.3,3.97,,OUT
2026-06-05 22:45:00,S1,Dairy,22.9,3.03,8.5,LOW
2026-06-05 22:45:00,S2,Bakery,0.0,4.91,6.75,OUT
2026-06-05 22:45:00,S3,Dairy,15.3,4.33,6.0,OUT
2026-06-05 22:45:00,S4,Beverages,0.0,6.82,8.25,OUT
2026-06-05 22:45:00,S5,Snacks,0.0,3.9,9.25,OUT
2026-06-05 22:45:00,S6,Produce,0.0,4.88,15.75,OUT
2026-06-05 22:45:00,S7,Beverages,10.2,,4.25,OUT
2026-06-05 22:45:00,S8,Bakery,0.0,6.42,7.5,OUT
2026-06-05 23:00:00,S1,Dairy,0.0,4.25,8.75,OUT
2026-06-05 23:00:00,S2,Bakery,9.0,4.02,7.0,OUT
2026-06-05 23:00:00,S3,Dairy,11.3,4.52,6.25,OUT
2026-06-05 23:00:00,S4,Beverages,0.0,6.14,8.5,OUT
2026-06-05 23:00:00,S5,Snacks,21.2,2.59,9.5,LOW
2026-06-05 23:00:00,S6,Produce,0.0,4.08,16.0,OUT
2026-06-05 23:00:00,S7,Beverages,16.2,6.19,4.5,OUT
2026-06-05 23:00:00,S8,Bakery,0.9,4.22,7.75,OUT
2026-06-05 23:15:00,S1,Dairy,,5.34,9.0,OUT
2026-06-05 23:15:00,S2,Bakery,10.1,3.73,7.25,OUT
2026-06-05 23:15:00,S3,Dairy,25.9,3.55,6.5,LOW
2026-06-05 23:15:00,S4,Beverages,0.0,6.33,8.75,OUT
2026-06-05 23:15:00,S5,Snacks,15.5,2.66,9.75,OUT
2026-06-05 23:15:00,S6,Produce,0.0,3.77,16.25,OUT
2026-06-05 23:15:00,S7,Beverages,0.0,7.46,4.75,OUT
2026-06-05 23:15:00,S8,Bakery,0.0,5.94,8.0,OUT
2026-06-05 23:30:00,S1,Dairy,0.0,6.6,9.25,OUT
2026-06-05 23:30:00,S2,Bakery,0.0,5.83,7.5,OUT
2026-06-05 23:30:00,S3,Dairy,9.2,4.1,6.75,OUT
2026-06-05 23:30:00,S4,Beverages,0.0,7.26,9.0,OUT
2026-06-05 23:30:00,S5,Snacks,56.0,1.32,10.0,LOW
2026-06-05 23:30:00,S6,Produce,0.0,3.77,16.5,OUT
2026-06-05 23:30:00,S7,Beverages,18.7,5.08,5.0,OUT
2026-06-05 23:30:00,S8,Bakery,0.0,4.72,8.25,OUT
2026-06-05 23:45:00,S1,Dairy,0.0,3.51,9.5,OUT
2026-06-05 23:45:00,S2,Bakery,0.0,5.66,7.75,OUT
2026-06-05 23:45:00,S3,Dairy,9.2,4.07,7.0,OUT
2026-06-05 23:45:00,S4,Beverages,0.0,5.16,9.25,OUT
2026-06-05 23:45:00,S5,Snacks,0.0,4.4,10.25,OUT
2026-06-05 23:45:00,S6,Produce,0.0,2.44,16.75,OUT
2026-06-05 23:45:00,S7,Beverages,0.0,5.84,5.25,OUT
2026-06-05 23:45:00,S8,Bakery,0.0,4.06,8.5,OUT
2026-06-06 00:00:00,S1,Dairy,0.0,5.85,9.75,OUT
2026-06-06 00:00:00,S2,Bakery,0.0,5.07,8.0,OUT
2026-06-06 00:00:00,S3,Dairy,0.0,5.16,7.25,OUT
2026-06-06 00:00:00,S4,Beverages,0.0,5.26,9.5,OUT
2026-06-06 00:00:00,S5,Snacks,11.3,2.71,10.5,OUT
2026-06-06 00:00:00,S6,Produce,0.0,2.87,17.0,OUT
2026-06-06 00:00:00,S7,Beverages,0.0,6.42,5.5,OUT
2026-06-06 00:00:00,S8,Bakery,0.0,7.03,8.75,OUT
2026-06-06 00:15:00,S1,Dairy,0.0,5.06,10.0,OUT
2026-06-06 00:15:00,S2,Bakery,0.0,6.19,8.25,OUT
2026-06-06 00:15:00,S3,Dairy,0.0,5.59,7.5,OUT
2026-06-06 00:15:00,S4,Beverages,0.0,7.19,9.75,OUT
2026-06-06 00:15:00,S5,Snacks,1.4,2.96,10.75,OUT
2026-06-06 00:15:00,S6,Produce,0.0,2.56,17.25,OUT
2026-06-06 00:15:00,S7,Beverages,10.8,4.82,5.75,OUT
2026-06-06 00:15:00,S8,Bakery,0.0,7.12,9.0,OUT
2026-06-06 00:30:00,S1,Dairy,0.0,3.09,10.25,OUT
2026-06-06 00:30:00,S2,Bakery,0.0,5.04,8.5,OUT
2026-06-06 00:30:00,S3,Dairy,0.0,4.46,7.75,OUT
2026-06-06 00:30:00,S4,Beverages,0.0,5.5,10.0,OUT
2026-06-06 00:30:00,S5,Snacks,0.0,2.95,11.0,OUT
2026-06-06 00:30:00,S6,Produce,12.0,1.6,,OUT
2026-06-06 00:30:00,S7,Beverages,0.0,5.59,6.0,OUT
2026-06-06 00:30:00,S8,Bakery,0.0,3.78,9.25,OUT
2026-06-06 00:45:00,S1,Dairy,0.0,4.65,10.5,OUT
2026-06-06 00:45:00,S2,Bakery,,5.08,8.75,OUT
2026-06-06 00:45:00,S3,Dairy,0.0,3.87,8.0,OUT
2026-06-06 00:45:00,S4,Beverages,95.9,5.02,0.0,FULL
2026-06-06 00:45:00,S5,Snacks,36.7,1.85,11.25,LOW
2026-06-06 00:45:00,S6,Produce,0.0,4.93,17.75,OUT
2026-06-06 00:45:00,S7,Beverages,0.0,5.87,6.25,OUT
2026-06-06 00:45:00,S8,Bakery,0.0,5.17,9.5,OUT
2026-06-06 01:00:00,S1,Dairy,97.6,2.41,0.0,FULL
2026-06-06 01:00:00,S2,Bakery,0.0,4.19,9.0,OUT
2026-06-06 01:00:00,S3,Dairy,0.0,5.87,8.25,OUT
2026-06-06 01:00:00,S4,Beverages,99.2,5.86,0.25,FULL
2026-06-06 01:00:00,S5,Snacks,49.0,1.4,11.5,LOW
2026-06-06 01:00:00,S6,Produce,0.0,3.34,18.0,OUT
2026-06-06 01:00:00,S7,Beverages,0.0,6.22,6.5,OUT
2026-06-06 01:00:00,S8,Bakery,0.0,4.51,9.75,OUT
2026-06-06 01:15:00,S1,Dairy,93.5,5.41,0.25,FULL
2026-06-06 01:15:00,S2,Bakery,0.0,3.94,9.25,OUT
2026-06-06 01:15:00,S3,Dairy,14.8,3.14,8.5,OUT
2026-06-06 01:15:00,S4,Beverages,94.1,3.45,0.5,FULL
2026-06-06 01:15:00,S5,Snacks,11.1,2.36,11.75,OUT
2026-06-06 01:15:00,S6,Produce,0.0,3.66,18.25,OUT
2026-06-06 01:15:00,S7,Beverages,0.0,6.91,6.75,OUT
2026-06-06 01:15:00,S8,Bakery,0.0,4.82,10.0,OUT
2026-06-06 01:30:00,S1,Dairy,95.3,5.28,0.5,FULL
2026-06-06 01:30:00,S2,Bakery,0.0,5.63,9.5,OUT
2026-06-06 01:30:00,S3,Dairy,0.0,4.59,8.75,OUT
2026-06-06 01:30:00,S4,Beverages,81.7,7.36,0.75,FULL
2026-06-06 01:30:00,S5,Snacks,0.0,3.52,12.0,OUT
2026-06-06 01:30:00,S6,Produce,0.0,3.39,18.5,OUT
2026-06-06 01:30:00,S7,Beverages,0.0,6.68,7.0,OUT
2026-06-06 01:30:00,S8,Bakery,0.0,3.73,10.25,OUT
2026-06-06 01:45:00,S1,Dairy,90.3,4.44,0.75,FULL
2026-06-06 01:45:00,S2,Bakery,0.0,5.43,9.75,OUT
2026-06-06 01:45:00,S3,Dairy,0.0,3.57,9.0,OUT
2026-06-06 01:45:00,S4,Beverages,80.4,5.49,1.0,FULL
2026-06-06 01:45:00,S5,Snacks,0.0,2.89,12.25,OUT
2026-06-06 01:45:00,S6,Produce,0.0,4.43,18.75,OUT
2026-06-06 01:45:00,S7,Beverages,0.0,5.9,7.25,OUT
2026-06-06 01:45:00,S8,Bakery,0.0,6.43,10.5,OUT
2026-06-06 02:00:00,S1,Dairy,98.1,1.7,1.0,FULL
2026-06-06 02:00:00,S2,Bakery,0.0,4.9,10.0,OUT
2026-06-06 02:00:00,S3,Dairy,0.0,5.35,9.25,OUT
2026-06-06 02:00:00,S4,Beverages,68.7,7.57,1.25,FULL
2026-06-06 02:00:00,S5,Snacks,0.0,3.71,12.5,OUT
2026-06-06 02:00:00,S6,Produce,0.0,2.35,19.0,OUT
2026-06-06 02:00:00,S7,Beverages,0.0,6.41,7.5,OUT
2026-06-06 02:00:00,S8,Bakery,0.0,4.09,10.75,OUT
2026-06-06 02:15:00,S1,Dairy,84.4,5.3,1.25,FULL
2026-06-06 02:15:00,S2,Bakery,0.0,6.19,10.25,OUT
2026-06-06 02:15:00,S3,Dairy,0.0,4.32,9.5,OUT
2026-06-06 02:15:00,S4,Beverages,73.7,5.95,1.5,FULL
2026-06-06 02:15:00,S5,Snacks,0.0,3.69,12.75,OUT
2026-06-06 02:15:00,S6,Produce,0.0,3.78,19.25,OUT
2026-06-06 02:15:00,S7,Beverages,0.0,4.36,7.75,OUT
2026-06-06 02:15:00,S8,Bakery,0.0,5.84,11.0,OUT
2026-06-06 02:30:00,S1,Dairy,72.3,5.54,1.5,FULL
2026-06-06 02:30:00,S2,Bakery,0.0,5.7,10.5,OUT
2026-06-06 02:30:00,S3,Dairy,0.0,3.46,9.75,OUT
2026-06-06 02:30:00,S4,Beverages,71.7,5.22,1.75,FULL
2026-06-06 02:30:00,S5,Snacks,94.0,3.2,0.0,FULL
2026-06-06 02:30:00,S6,Produce,0.0,3.28,19.5,OUT
2026-06-06 02:30:00,S7,Beverages,0.0,6.09,8.0,OUT
2026-06-06 02:30:00,S8,Bakery,0.0,3.63,11.25,OUT
2026-06-06 02:45:00,S1,Dairy,66.7,5.18,1.75,FULL
2026-06-06 02:45:00,S2,Bakery,0.0,5.17,10.75,OUT
2026-06-06 02:45:00,S3,Dairy,0.0,3.79,10.0,OUT
2026-06-06 02:45:00,S4,Beverages,65.4,5.59,2.0,FULL
2026-06-06 02:45:00,S5,Snacks,94.8,2.77,0.25,FULL
2026-06-06 02:45:00,S6,Produce,0.0,3.27,19.75,OUT
2026-06-06 02:45:00,S7,Beverages,0.0,5.15,8.25,OUT
2026-06-06 02:45:00,S8,Bakery,0.0,5.33,11.5,OUT
2026-06-06 03:00:00,S1,Dairy,52.9,5.78,2.0,LOW
2026-06-06 03:00:00,S2,Bakery,0.0,6.28,11.0,OUT
2026-06-06 03:00:00,S3,Dairy,94.6,3.62,0.0,FULL
2026-06-06 03:00:00,S4,Beverages,46.5,7.38,2.25,LOW
2026-06-06 03:00:00,S5,Snacks,90.2,2.75,0.5,FULL
2026-06-06 03:00:00,S6,Produce,0.0,4.14,20.0,OUT
2026-06-06 03:00:00,S7,Beverages,0.0,7.5,8.5,OUT
2026-06-06 03:00:00,S8,Bakery,0.0,6.45,11.75,OUT
2026-06-06 03:15:00,S1,Dairy,60.4,5.5,2.25,FULL
2026-06-06 03:15:00,S2,Bakery,0.0,5.43,11.25,OUT
2026-06-06 03:15:00,S3,Dairy,100.0,4.35,0.25,FULL
2026-06-06 03:15:00,S4,Beverages,44.1,7.31,2.5,LOW
2026-06-06 03:15:00,S5,Snacks,100.0,0.5,0.75,FULL
2026-06-06 03:15:00,S6,Produce,0.0,3.58,,OUT
2026-06-06 03:15:00,S7,Beverages,2.4,3.59,8.75,OUT
2026-06-06 03:15:00,S8,Bakery,100.0,3.59,0.0,FULL
2026-06-06 03:30:00,S1,Dairy,67.2,3.79,2.5,FULL
2026-06-06 03:30:00,S2,Bakery,0.0,4.8,11.5,OUT
2026-06-06 03:30:00,S3,Dairy,94.9,5.27,0.5,FULL
2026-06-06 03:30:00,S4,Beverages,53.9,5.34,2.75,LOW
2026-06-06 03:30:00,S5,Snacks,95.2,1.45,1.0,FULL
2026-06-06 03:30:00,S6,Produce,99.8,5.21,0.0,FULL
2026-06-06 03:30:00,S7,Beverages,0.0,3.46,9.0,OUT
2026-06-06 03:30:00,S8,Bakery,93.6,2.4,0.25,FULL
2026-06-06 03:45:00,S1,Dairy,61.5,4.21,2.75,FULL
2026-06-06 03:45:00,S2,Bakery,0.0,4.74,11.75,OUT
2026-06-06 03:45:00,S3,Dairy,88.5,5.61,0.75,FULL
2026-06-06 03:45:00,S4,Beverages,58.1,4.65,3.0,LOW
2026-06-06 03:45:00,S5,Snacks,87.8,3.02,1.25,FULL
2026-06-06 03:45:00,S6,Produce,,3.72,0.25,FULL
2026-06-06 03:45:00,S7,Beverages,0.0,,9.25,OUT
2026-06-06 03:45:00,S8,Bakery,94.6,4.18,0.5,FULL
2026-06-06 04:00:00,S1,Dairy,71.1,3.33,3.0,FULL
2026-06-06 04:00:00,S2,Bakery,0.0,4.44,,OUT
2026-06-06 04:00:00,S3,Dairy,,3.78,1.0,FULL
2026-06-06 04:00:00,S4,Beverages,43.3,5.39,3.25,LOW
2026-06-06 04:00:00,S5,Snacks,85.6,3.36,1.5,FULL
2026-06-06 04:00:00,S6,Produce,91.7,3.38,0.5,FULL
2026-06-06 04:00:00,S7,Beverages,0.0,6.3,9.5,OUT
2026-06-06 04:00:00,S8,Bakery,86.1,4.68,0.75,FULL
2026-06-06 04:15:00,S1,Dairy,55.7,4.05,3.25,LOW
2026-06-06 04:15:00,S2,Bakery,0.0,3.89,12.25,OUT
2026-06-06 04:15:00,S3,Dairy,72.9,4.96,1.25,FULL
2026-06-06 04:15:00,S4,Beverages,,6.34,3.5,LOW
2026-06-06 04:15:00,S5,Snacks,88.0,2.18,1.75,FULL
2026-06-06 04:15:00,S6,Produce,90.6,3.31,0.75,FULL
2026-06-06 04:15:00,S7,Beverages,0.0,4.93,9.75,OUT
2026-06-06 04:15:00,S8,Bakery,83.2,5.06,1.0,FULL
2026-06-06 04:30:00,S1,Dairy,62.4,3.8,3.5,FULL
2026-06-06 04:30:00,S2,Bakery,0.0,3.91,12.5,OUT
2026-06-06 04:30:00,S3,Dairy,84.9,3.72,1.5,FULL
2026-06-06 04:30:00,S4,Beverages,29.0,5.8,3.75,LOW
2026-06-06 04:30:00,S5,Snacks,79.6,3.55,2.0,FULL
2026-06-06 04:30:00,S6,Produce,84.2,4.97,1.0,FULL
2026-06-06 04:30:00,S7,Beverages,0.0,4.85,10.0,OUT
2026-06-06 04:30:00,S8,Bakery,78.5,5.08,1.25,FULL
2026-06-06 04:45:00,S1,Dairy,57.8,4.2,3.75,LOW
2026-06-06 04:45:00,S2,Bakery,0.0,4.06,12.75,OUT
2026-06-06 04:45:00,S3,Dairy,84.0,2.87,1.75,FULL
2026-06-06 04:45:00,S4,Beverages,2.7,7.82,4.0,OUT
2026-06-06 04:45:00,S5,Snacks,92.7,1.7,2.25,FULL
2026-06-06 04:45:00,S6,Produce,99.0,1.45,1.25,FULL
2026-06-06 04:45:00,S7,Beverages,0.0,6.62,10.25,OUT
2026-06-06 04:45:00,S8,Bakery,72.8,6.42,1.5,FULL
2026-06-06 05:00:00,S1,Dairy,54.2,3.61,4.0,LOW
2026-06-06 05:00:00,S2,Bakery,0.0,4.02,13.0,OUT
2026-06-06 05:00:00,S3,Dairy,70.5,4.47,2.0,FULL
2026-06-06 05:00:00,S4,Beverages,38.4,4.55,4.25,LOW
2026-06-06 05:00:00,S5,Snacks,65.4,4.2,2.5,FULL
2026-06-06 05:00:00,S6,Produce,80.8,3.95,1.5,FULL
2026-06-06 05:00:00,S7,Beverages,0.0,5.38,10.5,OUT
2026-06-06 05:00:00,S8,Bakery,68.7,4.95,1.75,FULL
2026-06-06 05:15:00,S1,Dairy,38.8,4.53,,LOW
2026-06-06 05:15:00,S2,Bakery,0.0,4.75,13.25,OUT
2026-06-06 05:15:00,S3,Dairy,72.5,4.17,2.25,FULL
2026-06-06 05:15:00,S4,Beverages,29.6,4.8,4.5,LOW
2026-06-06 05:15:00,S5,Snacks,63.6,3.51,2.75,FULL
2026-06-06 05:15:00,S6,Produce,72.5,4.87,1.75,FULL
2026-06-06 05:15:00,S7,Beverages,0.0,7.04,10.75,OUT
2026-06-06 05:15:00,S8,Bakery,66.4,5.25,2.0,FULL
2026-06-06 05:30:00,S1,Dairy,42.9,4.12,4.5,LOW
2026-06-06 05:30:00,S2,Bakery,0.0,6.59,13.5,OUT
2026-06-06 05:30:00,S3,Dairy,64.7,4.24,2.5,FULL
2026-06-06 05:30:00,S4,Beverages,10.3,5.67,4.75,OUT
2026-06-06 05:30:00,S5,Snacks,72.1,2.23,3.0,FULL
2026-06-06 05:30:00,S6,Produce,86.7,2.81,2.0,FULL
2026-06-06 05:30:00,S7,Beverages,100.0,7.79,0.0,FULL
2026-06-06 05:30:00,S8,Bakery,74.4,3.53,2.25,FULL
2026-06-06 05:45:00,S1,Dairy,20.1,5.32,4.75,LOW
2026-06-06 05:45:00,S2,Bakery,0.0,5.77,13.75,OUT
2026-06-06 05:45:00,S3,Dairy,57.2,4.61,2.75,LOW
2026-06-06 05:45:00,S4,Beverages,0.0,8.21,5.0,OUT
2026-06-06 05:45:00,S5,Snacks,70.1,2.94,3.25,FULL
2026-06-06 05:45:00,S6,Produce,70.9,3.93,2.25,FULL
2026-06-06 05:45:00,S7,Beverages,94.1,6.82,0.25,FULL
2026-06-06 05:45:00,S8,Bakery,59.6,4.51,2.5,LOW
2026-06-06 06:00:00,S1,Dairy,32.4,4.06,5.0,LOW
2026-06-06 06:00:00,S2,Bakery,0.0,6.66,14.0,OUT
2026-06-06 06:00:00,S3,Dairy,56.0,4.36,3.0,LOW
2026-06-06 06:00:00,S4,Beverages,27.6,4.8,5.25,LOW
2026-06-06 06:00:00,S5,Snacks,73.4,2.96,3.5,FULL
2026-06-06 06:00:00,S6,Produce,75.8,3.42,2.5,FULL
2026-06-06 06:00:00,S7,Beverages,86.8,5.75,0.5,FULL
2026-06-06 06:00:00,S8,Bakery,54.0,5.53,,LOW
2026-06-06 06:15:00,S1,Dairy,21.7,4.65,5.25,LOW
2026-06-06 06:15:00,S2,Bakery,0.0,7.32,14.25,OUT
2026-06-06 06:15:00,S3,Dairy,42.5,5.48,3.25,LOW
2026-06-06 06:15:00,S4,Beverages,19.3,4.52,5.5,OUT
2026-06-06 06:15:00,S5,Snacks,64.2,3.26,3.75,FULL
2026-06-06 06:15:00,S6,Produce,67.3,4.47,2.75,FULL
2026-06-06 06:15:00,S7,Beverages,86.2,4.81,0.75,FULL
2026-06-06 06:15:00,S8,Bakery,,4.97,3.0,LOW
2026-06-06 06:30:00,S1,Dairy,22.7,4.41,5.5,LOW
2026-06-06 06:30:00,S2,Bakery,0.0,3.39,14.5,OUT
2026-06-06 06:30:00,S3,Dairy,56.7,3.34,3.5,LOW
2026-06-06 06:30:00,S4,Beverages,0.0,6.29,5.75,OUT
2026-06-06 06:30:00,S5,Snacks,80.0,1.76,4.0,FULL
2026-06-06 06:30:00,S6,Produce,52.4,4.88,3.0,LOW
2026-06-06 06:30:00,S7,Beverages,81.6,4.46,1.0,FULL
2026-06-06 06:30:00,S8,Bakery,55.9,4.63,3.25,LOW
2026-06-06 06:45:00,S1,Dairy,21.2,4.43,5.75,LOW
2026-06-06 06:45:00,S2,Bakery,0.0,4.44,14.75,OUT
2026-06-06 06:45:00,S3,Dairy,42.7,4.93,3.75,LOW
2026-06-06 06:45:00,S4,Beverages,0.0,6.13,6.0,OUT
2026-06-06 06:45:00,S5,Snacks,67.8,2.07,4.25,FULL
2026-06-06 06:45:00,S6,Produce,66.5,3.52,,FULL
2026-06-06 06:45:00,S7,Beverages,73.5,5.95,1.25,FULL
2026-06-06 06:45:00,S8,Bakery,27.9,6.24,3.5,LOW
2026-06-06 07:00:00,S1,Dairy,15.8,4.6,6.0,OUT
2026-06-06 07:00:00,S2,Bakery,0.0,5.05,15.0,OUT
2026-06-06 07:00:00,S3,Dairy,26.9,5.74,4.0,LOW
2026-06-06 07:00:00,S4,Beverages,0.0,7.27,6.25,OUT
2026-06-06 07:00:00,S5,Snacks,73.8,1.91,4.5,FULL
2026-06-06 07:00:00,S6,Produce,72.3,2.24,3.5,FULL
2026-06-06 07:00:00,S7,Beverages,76.1,5.05,1.5,FULL
2026-06-06 07:00:00,S8,Bakery,53.6,3.73,3.75,LOW
2026-06-06 07:15:00,S1,Dairy,10.6,4.57,6.25,OUT
2026-06-06 07:15:00,S2,Bakery,0.0,4.5,15.25,OUT
2026-06-06 07:15:00,S3,Dairy,25.3,5.48,4.25,LOW
2026-06-06 07:15:00,S4,Beverages,0.0,5.75,6.5,OUT
2026-06-06 07:15:00,S5,Snacks,41.5,3.72,4.75,LOW
2026-06-06 07:15:00,S6,Produce,55.3,,3.75,LOW
2026-06-06 07:15:00,S7,Beverages,62.9,6.36,1.75,FULL
2026-06-06 07:15:00,S8,Bakery,33.9,5.34,4.0,LOW
2026-06-06 07:30:00,S1,Dairy,,3.9,6.5,OUT
2026-06-06 07:30:00,S2,Bakery,0.0,,15.5,OUT
2026-06-06 07:30:00,S3,Dairy,29.7,4.78,4.5,LOW
2026-06-06 07:30:00,S4,Beverages,0.0,5.29,6.75,OUT
2026-06-06 07:30:00,S5,Snacks,76.7,1.49,5.0,FULL
2026-06-06 07:30:00,S6,Produce,61.2,3.26,4.0,FULL
2026-06-06 07:30:00,S7,Beverages,50.5,7.97,2.0,LOW
2026-06-06 07:30:00,S8,Bakery,19.8,6.16,4.25,OUT
2026-06-06 07:45:00,S1,Dairy,0.0,5.13,6.75,OUT
2026-06-06 07:45:00,S2,Bakery,0.0,4.59,15.75,OUT
2026-06-06 07:45:00,S3,Dairy,23.6,4.76,4.75,LOW
2026-06-06 07:45:00,S4,Beverages,0.0,5.47,7.0,OUT
2026-06-06 07:45:00,S5,Snacks,28.3,4.21,5.25,LOW
2026-06-06 07:45:00,S6,Produce,44.9,4.5,4.25,LOW
2026-06-06 07:45:00,S7,Beverages,65.9,5.19,2.25,FULL
2026-06-06 07:45:00,S8,Bakery,65.9,2.38,4.5,FULL
2026-06-06 08:00:00,S1,Dairy,0.0,4.88,7.0,OUT
2026-06-06 08:00:00,S2,Bakery,0.0,4.47,16.0,OUT
2026-06-06 08:00:00,S3,Dairy,2.8,6.24,5.0,OUT
2026-06-06 08:00:00,S4,Beverages,0.0,5.33,7.25,OUT
2026-06-06 08:00:00,S5,Snacks,68.4,1.96,5.5,FULL
2026-06-06 08:00:00,S6,Produce,43.8,3.98,4.5,LOW
2026-06-06 08:00:00,S7,Beverages,55.2,5.24,2.5,LOW
2026-06-06 08:00:00,S8,Bakery,21.7,5.24,4.75,LOW
2026-06-06 08:15:00,S1,Dairy,0.0,5.63,7.25,OUT
2026-06-06 08:15:00,S2,Bakery,0.0,4.08,16.25,OUT
2026-06-06 08:15:00,S3,Dairy,34.1,3.82,5.25,LOW
2026-06-06 08:15:00,S4,Beverages,0.0,5.79,7.5,OUT
2026-06-06 08:15:00,S5,Snacks,74.2,1.62,5.75,FULL
2026-06-06 08:15:00,S6,Produce,34.9,4.14,4.75,LOW
2026-06-06 08:15:00,S7,Beverages,56.8,4.98,2.75,LOW
2026-06-06 08:15:00,S8,Bakery,12.7,5.2,5.0,OUT
2026-06-06 08:30:00,S1,Dairy,0.0,5.44,7.5,OUT
2026-06-06 08:30:00,S2,Bakery,0.0,3.99,16.5,OUT
2026-06-06 08:30:00,S3,Dairy,13.2,4.76,5.5,OUT
2026-06-06 08:30:00,S4,Beverages,0.0,6.03,7.75,OUT
2026-06-06 08:30:00,S5,Snacks,53.9,2.53,6.0,LOW
2026-06-06 08:30:00,S6,Produce,45.4,3.52,5.0,LOW
2026-06-06 08:30:00,S7,Beverages,51.7,5.33,3.0,LOW
2026-06-06 08:30:00,S8,Bakery,18.9,4.81,5.25,OUT
2026-06-06 08:45:00,S1,Dairy,3.7,3.96,,OUT
2026-06-06 08:45:00,S2,Bakery,,6.4,16.75,OUT
2026-06-06 08:45:00,S3,Dairy,13.3,4.54,5.75,OUT
2026-06-06 08:45:00,S4,Beverages,0.0,5.69,8.0,OUT
2026-06-06 08:45:00,S5,Snacks,63.7,1.68,6.25,FULL
2026-06-06 08:45:00,S6,Produce,54.2,2.78,5.25,LOW
2026-06-06 08:45:00,S7,Beverages,40.6,6.0,3.25,LOW
2026-06-06 08:45:00,S8,Bakery,0.0,6.47,5.5,OUT
2026-06-06 09:00:00,S1,Dairy,0.0,4.72,8.0,OUT
2026-06-06 09:00:00,S2,Bakery,,3.68,17.0,OUT
2026-06-06 09:00:00,S3,Dairy,18.1,4.29,6.0,OUT
2026-06-06 09:00:00,S4,Beverages,0.0,6.92,8.25,OUT
2026-06-06 09:00:00,S5,Snacks,40.5,2.77,6.5,LOW
2026-06-06 09:00:00,S6,Produce,19.3,4.66,5.5,OUT
2026-06-06 09:00:00,S7,Beverages,36.9,5.25,3.5,LOW
2026-06-06 09:00:00,S8,Bakery,0.0,6.8,5.75,OUT
2026-06-06 09:15:00,S1,Dairy,0.0,4.07,8.25,OUT
2026-06-06 09:15:00,S2,Bakery,0.0,4.53,17.25,OUT
2026-06-06 09:15:00,S3,Dairy,34.2,3.38,6.25,LOW
2026-06-06 09:15:00,S4,Beverages,0.0,5.8,8.5,OUT
2026-06-06 09:15:00,S5,Snacks,74.5,1.28,6.75,FULL
2026-06-06 09:15:00,S6,Produce,16.6,4.34,5.75,OUT
2026-06-06 09:15:00,S7,Beverages,40.2,4.86,3.75,LOW
2026-06-06 09:15:00,S8,Bakery,3.2,4.76,6.0,OUT
2026-06-06 09:30:00,S1,Dairy,0.0,4.57,8.5,OUT
2026-06-06 09:30:00,S2,Bakery,0.0,5.65,17.5,OUT
2026-06-06 09:30:00,S3,Dairy,16.5,4.01,6.5,OUT
2026-06-06 09:30:00,S4,Beverages,0.0,7.04,8.75,OUT
2026-06-06 09:30:00,S5,Snacks,52.4,2.21,7.0,LOW
2026-06-06 09:30:00,S6,Produce,41.2,3.32,6.0,LOW
2026-06-06 09:30:00,S7,Beverages,15.3,6.26,4.0,OUT
2026-06-06 09:30:00,S8,Bakery,8.3,4.41,6.25,OUT
2026-06-06 09:45:00,S1,Dairy,0.0,4.92,8.75,OUT
2026-06-06 09:45:00,S2,Bakery,0.0,5.14,17.75,OUT
2026-06-06 09:45:00,S3,Dairy,13.7,4.2,6.75,OUT
2026-06-06 09:45:00,S4,Beverages,0.0,5.02,9.0,OUT
2026-06-06 09:45:00,S5,Snacks,24.9,3.36,7.25,LOW
2026-06-06 09:45:00,S6,Produce,16.3,4.11,6.25,OUT
2026-06-06 09:45:00,S7,Beverages,15.6,6.0,4.25,OUT
2026-06-06 09:45:00,S8,Bakery,0.0,6.48,6.5,OUT
2026-06-06 10:00:00,S1,Dairy,0.0,4.09,9.0,OUT
2026-06-06 10:00:00,S2,Bakery,0.0,6.42,18.0,OUT
2026-06-06 10:00:00,S3,Dairy,37.4,2.71,7.0,LOW
2026-06-06 10:00:00,S4,Beverages,0.0,6.09,9.25,OUT
2026-06-06 10:00:00,S5,Snacks,71.1,1.12,7.5,FULL
2026-06-06 10:00:00,S6,Produce,22.9,3.85,6.5,LOW
2026-06-06 10:00:00,S7,Beverages,0.0,7.06,4.5,OUT
2026-06-06 10:00:00,S8,Bakery,0.0,7.25,6.75,OUT
2026-06-06 10:15:00,S1,Dairy,8.5,3.07,9.25,OUT
2026-06-06 10:15:00,S2,Bakery,0.0,5.44,18.25,OUT
2026-06-06 10:15:00,S3,Dairy,0.0,5.63,7.25,OUT
2026-06-06 10:15:00,S4,Beverages,0.0,4.54,9.5,OUT
2026-06-06 10:15:00,S5,Snacks,0.0,4.56,7.75,OUT
2026-06-06 10:15:00,S6,Produce,56.9,2.01,6.75,LOW
2026-06-06 10:15:00,S7,Beverages,0.3,6.55,4.75,OUT
2026-06-06 10:15:00,S8,Bakery,10.3,4.17,7.0,OUT
2026-06-06 10:30:00,S1,Dairy,0.0,5.07,9.5,OUT
2026-06-06 10:30:00,S2,Bakery,0.0,6.07,18.5,OUT
2026-06-06 10:30:00,S3,Dairy,0.0,4.02,7.5,OUT
2026-06-06 10:30:00,S4,Beverages,0.0,5.21,9.75,OUT
2026-06-06 10:30:00,S5,Snacks,0.0,4.24,8.0,OUT
2026-06-06 10:30:00,S6,Produce,0.0,5.64,,OUT
2026-06-06 10:30:00,S7,Beverages,0.0,6.61,5.0,OUT
2026-06-06 10:30:00,S8,Bakery,0.0,6.05,7.25,OUT
2026-06-06 10:45:00,S1,Dairy,0.0,5.14,9.75,OUT
2026-06-06 10:45:00,S2,Bakery,0.0,6.96,18.75,OUT
2026-06-06 10:45:00,S3,Dairy,2.7,3.87,7.75,OUT
2026-06-06 10:45:00,S4,Beverages,0.0,8.09,10.0,OUT
2026-06-06 10:45:00,S5,Snacks,24.6,2.87,8.25,LOW
2026-06-06 10:45:00,S6,Produce,0.0,6.84,7.25,OUT
2026-06-06 10:45:00,S7,Beverages,0.0,6.1,5.25,OUT
2026-06-06 10:45:00,S8,Bakery,0.0,5.13,,OUT
2026-06-06 11:00:00,S1,Dairy,0.0,4.42,10.0,OUT
2026-06-06 11:00:00,S2,Bakery,0.0,6.16,19.0,OUT
2026-06-06 11:00:00,S3,Dairy,0.0,5.86,8.0,OUT
2026-06-06 11:00:00,S4,Beverages,0.0,6.35,10.25,OUT
2026-06-06 11:00:00,S5,Snacks,58.0,1.48,8.5,LOW
2026-06-06 11:00:00,S6,Produce,26.0,2.93,7.5,LOW
2026-06-06 11:00:00,S7,Beverages,14.7,4.7,5.5,OUT
2026-06-06 11:00:00,S8,Bakery,0.0,4.33,7.75,OUT
2026-06-06 11:15:00,S1,Dairy,0.0,4.69,10.25,OUT
2026-06-06 11:15:00,S2,Bakery,0.0,7.07,19.25,OUT
2026-06-06 11:15:00,S3,Dairy,2.8,3.66,8.25,OUT
2026-06-06 11:15:00,S4,Beverages,0.0,6.13,10.5,OUT
2026-06-06 11:15:00,S5,Snacks,49.2,1.71,8.75,LOW
2026-06-06 11:15:00,S6,Produce,53.5,1.97,7.75,LOW
2026-06-06 11:15:00,S7,Beverages,0.0,7.26,5.75,OUT
2026-06-06 11:15:00,S8,Bakery,0.0,5.27,8.0,OUT
2026-06-06 11:30:00,S1,Dairy,0.0,4.73,10.5,OUT
2026-06-06 11:30:00,S2,Bakery,0.0,4.44,19.5,OUT
2026-06-06 11:30:00,S3,Dairy,,5.41,8.5,OUT
2026-06-06 11:30:00,S4,Beverages,0.0,5.33,10.75,OUT
2026-06-06 11:30:00,S5,Snacks,0.0,3.52,9.0,OUT
2026-06-06 11:30:00,S6,Produce,0.0,4.62,8.0,OUT
2026-06-06 11:30:00,S7,Beverages,0.0,7.49,6.0,OUT
2026-06-06 11:30:00,S8,Bakery,0.0,,8.25,OUT
2026-06-06 11:45:00,S1,Dairy,0.0,6.31,10.75,OUT
2026-06-06 11:45:00,S2,Bakery,0.0,3.96,19.75,OUT
2026-06-06 11:45:00,S3,Dairy,0.0,4.43,8.75,OUT
2026-06-06 11:45:00,S4,Beverages,100.0,5.35,0.0,FULL
2026-06-06 11:45:00,S5,Snacks,0.0,3.81,9.25,OUT
2026-06-06 11:45:00,S6,Produce,0.0,5.47,8.25,OUT
2026-06-06 11:45:00,S7,Beverages,0.0,7.16,6.25,OUT
2026-06-06 11:45:00,S8,Bakery,0.0,3.96,8.5,OUT
2026-06-06 12:00:00,S1,Dairy,100.0,5.29,0.0,FULL
2026-06-06 12:00:00,S2,Bakery,0.0,5.88,20.0,OUT
2026-06-06 12:00:00,S3,Dairy,0.0,4.53,9.0,OUT
2026-06-06 12:00:00,S4,Beverages,97.9,6.5,0.25,FULL
2026-06-06 12:00:00,S5,Snacks,0.0,3.63,9.5,OUT
2026-06-06 12:00:00,S6,Produce,22.4,2.89,8.5,LOW
2026-06-06 12:00:00,S7,Beverages,0.0,5.89,6.5,OUT
2026-06-06 12:00:00,S8,Bakery,0.0,6.03,8.75,OUT
2026-06-06 12:15:00,S1,Dairy,100.0,2.73,0.25,FULL
2026-06-06 12:15:00,S2,Bakery,100.0,5.35,0.0,FULL
2026-06-06 12:15:00,S3,Dairy,19.1,2.8,9.25,OUT
2026-06-06 12:15:00,S4,Beverages,93.1,5.27,0.5,FULL
2026-06-06 12:15:00,S5,Snacks,0.0,3.16,9.75,OUT
2026-06-06 12:15:00,S6,Produce,0.0,4.28,,OUT
2026-06-06 12:15:00,S7,Beverages,0.0,7.88,6.75,OUT
2026-06-06 12:15:00,S8,Bakery,0.0,5.3,9.0,OUT
2026-06-06 12:30:00,S1,Dairy,92.6,2.08,0.5,FULL
2026-06-06 12:30:00,S2,Bakery,93.4,4.59,0.25,FULL
2026-06-06 12:30:00,S3,Dairy,0.0,6.4,9.5,OUT
2026-06-06 12:30:00,S4,Beverages,87.4,5.11,0.75,FULL
2026-06-06 12:30:00,S5,Snacks,0.0,4.29,10.0,OUT
2026-06-06 12:30:00,S6,Produce,0.0,3.74,9.0,OUT
2026-06-06 12:30:00,S7,Beverages,0.0,6.23,7.0,OUT
2026-06-06 12:30:00,S8,Bakery,0.0,4.45,9.25,OUT
2026-06-06 12:45:00,S1,Dairy,90.0,5.03,0.75,FULL
2026-06-06 12:45:00,S2,Bakery,99.2,,0.5,FULL
2026-06-06 12:45:00,S3,Dairy,0.0,5.16,9.75,OUT
2026-06-06 12:45:00,S4,Beverages,79.5,5.55,1.0,FULL
2026-06-06 12:45:00,S5,Snacks,27.7,2.47,10.25,LOW
2026-06-06 12:45:00,S6,Produce,12.6,2.92,9.25,OUT
2026-06-06 12:45:00,S7,Beverages,0.0,6.15,7.25,OUT
2026-06-06 12:45:00,S8,Bakery,0.0,6.25,9.5,OUT
2026-06-06 13:00:00,S1,Dairy,88.3,4.29,1.0,FULL
2026-06-06 13:00:00,S2,Bakery,89.7,5.94,0.75,FULL
2026-06-06 13:00:00,S3,Dairy,0.0,3.89,10.0,OUT
2026-06-06 13:00:00,S4,Beverages,80.0,4.88,1.25,FULL
2026-06-06 13:00:00,S5,Snacks,0.0,4.26,10.5,OUT
2026-06-06 13:00:00,S6,Produce,0.0,4.44,9.5,OUT
2026-06-06 13:00:00,S7,Beverages,0.0,7.24,7.5,OUT
2026-06-06 13:00:00,S8,Bakery,0.0,4.32,9.75,OUT
2026-06-06 13:15:00,S1,Dairy,80.3,5.42,1.25,FULL
2026-06-06 13:15:00,S2,Bakery,81.2,6.36,1.0,FULL
2026-06-06 13:15:00,S3,Dairy,0.0,3.05,10.25,OUT
2026-06-06 13:15:00,S4,Beverages,69.1,6.13,1.5,FULL
2026-06-06 13:15:00,S5,Snacks,0.0,3.35,10.75,OUT
2026-06-06 13:15:00,S6,Produce,30.9,2.23,9.75,LOW
2026-06-06 13:15:00,S7,Beverages,0.0,7.53,7.75,OUT
2026-06-06 13:15:00,S8,Bakery,0.0,3.87,10.0,OUT
2026-06-06 13:30:00,S1,Dairy,78.4,3.33,1.5,FULL
2026-06-06 13:30:00,S2,Bakery,78.7,5.52,1.25,FULL
2026-06-06 13:30:00,S3,Dairy,0.0,4.34,10.5,OUT
2026-06-06 13:30:00,S4,Beverages,68.9,5.71,,FULL
2026-06-06 13:30:00,S5,Snacks,0.0,3.08,11.0,OUT
2026-06-06 13:30:00,S6,Produce,0.0,4.78,10.0,OUT
2026-06-06 13:30:00,S7,Beverages,0.0,9.09,8.0,OUT
2026-06-06 13:30:00,S8,Bakery,0.0,5.03,10.25,OUT
2026-06-06 13:45:00,S1,Dairy,61.1,5.72,1.75,FULL
2026-06-06 13:45:00,S2,Bakery,81.5,4.55,1.5,FULL
2026-06-06 13:45:00,S3,Dairy,0.0,3.33,10.75,OUT
2026-06-06 13:45:00,S4,Beverages,56.5,,2.0,LOW
2026-06-06 13:45:00,S5,Snacks,5.0,2.67,11.25,OUT
2026-06-06 13:45:00,S6,Produce,0.0,4.99,10.25,OUT
2026-06-06 13:45:00,S7,Beverages,0.0,3.98,8.25,OUT
2026-06-06 13:45:00,S8,Bakery,0.0,4.86,10.5,OUT
2026-06-06 14:00:00,S1,Dairy,77.6,,2.0,FULL
2026-06-06 14:00:00,S2,Bakery,63.4,6.32,1.75,FULL
2026-06-06 14:00:00,S3,Dairy,0.0,3.21,11.0,OUT
2026-06-06 14:00:00,S4,Beverages,57.3,5.61,2.25,LOW
2026-06-06 14:00:00,S5,Snacks,0.0,3.16,11.5,OUT
2026-06-06 14:00:00,S6,Produce,0.0,4.94,10.5,OUT
2026-06-06 14:00:00,S7,Beverages,0.0,7.28,8.5,OUT
2026-06-06 14:00:00,S8,Bakery,0.0,3.25,10.75,OUT
2026-06-06 14:15:00,S1,Dairy,62.3,4.85,2.25,FULL
2026-06-06 14:15:00,S2,Bakery,65.8,5.32,2.0,FULL
2026-06-06 14:15:00,S3,Dairy,0.0,4.15,,OUT
2026-06-06 14:15:00,S4,Beverages,33.9,8.18,2.5,LOW
2026-06-06 14:15:00,S5,Snacks,18.9,2.28,11.75,OUT
2026-06-06 14:15:00,S6,Produce,0.0,7.43,10.75,OUT
2026-06-06 14:15:00,S7,Beverages,0.0,5.0,8.75,OUT
2026-06-06 14:15:00,S8,Bakery,0.0,6.65,11.0,OUT
2026-06-06 14:30:00,S1,Dairy,72.8,3.72,2.5,FULL
2026-06-06 14:30:00,S2,Bakery,57.0,5.61,2.25,LOW
2026-06-06 14:30:00,S3,Dairy,0.0,4.33,11.5,OUT
2026-06-06 14:30:00,S4,Beverages,42.1,7.19,2.75,LOW
2026-06-06 14:30:00,S5,Snacks,36.2,1.65,12.0,LOW
2026-06-06 14:30:00,S6,Produce,0.0,,11.0,OUT
2026-06-06 14:30:00,S7,Beverages,0.0,4.87,9.0,OUT
2026-06-06 14:30:00,S8,Bakery,0.0,5.02,11.25,OUT
2026-06-06 14:45:00,S1,Dairy,55.7,4.42,2.75,LOW
2026-06-06 14:45:00,S2,Bakery,65.0,4.44,2.5,FULL
2026-06-06 14:45:00,S3,Dairy,0.0,3.54,11.75,OUT
2026-06-06 14:45:00,S4,Beverages,49.9,4.87,3.0,LOW
2026-06-06 14:45:00,S5,Snacks,0.0,3.98,12.25,OUT
2026-06-06 14:45:00,S6,Produce,0.0,3.48,11.25,OUT
2026-06-06 14:45:00,S7,Beverages,0.0,5.13,9.25,OUT
2026-06-06 14:45:00,S8,Bakery,99.5,3.9,0.0,FULL
2026-06-06 15:00:00,S1,Dairy,55.4,,3.0,LOW
2026-06-06 15:00:00,S2,Bakery,52.6,5.6,2.75,LOW
2026-06-06 15:00:00,S3,Dairy,0.0,5.25,12.0,OUT
2026-06-06 15:00:00,S4,Beverages,38.8,5.46,3.25,LOW
2026-06-06 15:00:00,S5,Snacks,0.0,3.7,12.5,OUT
2026-06-06 15:00:00,S6,Produce,0.0,5.76,11.5,OUT
2026-06-06 15:00:00,S7,Beverages,0.0,5.22,9.5,OUT
2026-06-06 15:00:00,S8,Bakery,92.3,6.12,0.25,FULL
2026-06-06 15:15:00,S1,Dairy,40.8,5.7,3.25,LOW
2026-06-06 15:15:00,S2,Bakery,45.5,5.59,3.0,LOW
2026-06-06 15:15:00,S3,Dairy,0.0,4.95,12.25,OUT
2026-06-06 15:15:00,S4,Beverages,22.6,7.03,3.5,LOW
2026-06-06 15:15:00,S5,Snacks,0.0,2.51,12.75,OUT
2026-06-06 15:15:00,S6,Produce,,2.59,11.75,OUT
2026-06-06 15:15:00,S7,Beverages,0.0,6.72,9.75,OUT
2026-06-06 15:15:00,S8,Bakery,90.0,5.92,0.5,FULL
2026-06-06 15:30:00,S1,Dairy,47.6,4.5,3.5,LOW
2026-06-06 15:30:00,S2,Bakery,42.9,5.09,3.25,LOW
2026-06-06 15:30:00,S3,Dairy,0.0,3.17,12.5,OUT
2026-06-06 15:30:00,S4,Beverages,57.4,3.43,3.75,LOW
2026-06-06 15:30:00,S5,Snacks,0.0,3.82,13.0,OUT
2026-06-06 15:30:00,S6,Produce,0.0,4.22,12.0,OUT
2026-06-06 15:30:00,S7,Beverages,0.0,4.63,10.0,OUT
2026-06-06 15:30:00,S8,Bakery,84.6,4.63,0.75,FULL
2026-06-06 15:45:00,S1,Dairy,44.2,4.34,3.75,LOW
2026-06-06 15:45:00,S2,Bakery,22.6,6.69,3.5,LOW
2026-06-06 15:45:00,S3,Dairy,0.0,2.79,12.75,OUT
2026-06-06 15:45:00,S4,Beverages,24.3,5.94,4.0,LOW
2026-06-06 15:45:00,S5,Snacks,0.0,4.3,13.25,OUT
2026-06-06 15:45:00,S6,Produce,0.0,4.68,12.25,OUT
2026-06-06 15:45:00,S7,Beverages,0.0,6.26,10.25,OUT
2026-06-06 15:45:00,S8,Bakery,85.3,4.44,1.0,FULL
2026-06-06 16:00:00,S1,Dairy,39.6,5.03,4.0,LOW
2026-06-06 16:00:00,S2,Bakery,31.3,5.8,3.75,LOW
2026-06-06 16:00:00,S3,Dairy,0.0,2.79,13.0,OUT
2026-06-06 16:00:00,S4,Beverages,0.0,8.49,,OUT
2026-06-06 16:00:00,S5,Snacks,,2.5,13.5,OUT
2026-06-06 16:00:00,S6,Produce,0.0,5.83,12.5,OUT
2026-06-06 16:00:00,S7,Beverages,0.0,4.68,10.5,OUT
2026-06-06 16:00:00,S8,Bakery,87.8,3.32,1.25,FULL
2026-06-06 16:15:00,S1,Dairy,36.8,4.85,4.25,LOW
2026-06-06 16:15:00,S2,Bakery,9.6,6.76,4.0,OUT
2026-06-06 16:15:00,S3,Dairy,0.0,4.34,13.25,OUT
2026-06-06 16:15:00,S4,Beverages,20.0,5.71,4.5,LOW
2026-06-06 16:15:00,S5,Snacks,0.0,2.64,13.75,OUT
2026-06-06 16:15:00,S6,Produce,0.0,2.79,12.75,OUT
2026-06-06 16:15:00,S7,Beverages,0.0,4.59,10.75,OUT
2026-06-06 16:15:00,S8,Bakery,78.5,5.61,1.5,FULL
2026-06-06 16:30:00,S1,Dairy,40.1,4.16,4.5,LOW
2026-06-06 16:30:00,S2,Bakery,28.3,5.35,4.25,LOW
2026-06-06 16:30:00,S3,Dairy,0.0,4.54,13.5,OUT
2026-06-06 16:30:00,S4,Beverages,0.0,6.63,4.75,OUT
2026-06-06 16:30:00,S5,Snacks,0.0,2.85,14.0,OUT
2026-06-06 16:30:00,S6,Produce,0.0,4.2,13.0,OUT
2026-06-06 16:30:00,S7,Beverages,0.0,4.51,11.0,OUT
2026-06-06 16:30:00,S8,Bakery,79.5,3.66,1.75,FULL
2026-06-06 16:45:00,S1,Dairy,30.5,4.83,4.75,LOW
2026-06-06 16:45:00,S2,Bakery,24.7,5.23,4.5,LOW
2026-06-06 16:45:00,S3,Dairy,0.0,5.45,13.75,OUT
2026-06-06 16:45:00,S4,Beverages,0.0,7.22,5.0,OUT
2026-06-06 16:45:00,S5,Snacks,0.0,3.41,14.25,OUT
2026-06-06 16:45:00,S6,Produce,0.0,3.87,13.25,OUT
2026-06-06 16:45:00,S7,Beverages,0.0,5.78,11.25,OUT
2026-06-06 16:45:00,S8,Bakery,71.0,4.55,2.0,FULL
2026-06-06 17:00:00,S1,Dairy,34.8,4.21,,LOW
2026-06-06 17:00:00,S2,Bakery,26.1,4.99,4.75,LOW
2026-06-06 17:00:00,S3,Dairy,54.2,1.03,14.0,LOW
2026-06-06 17:00:00,S4,Beverages,0.0,6.46,5.25,OUT
2026-06-06 17:00:00,S5,Snacks,0.0,3.09,14.5,OUT
2026-06-06 17:00:00,S6,Produce,1.8,2.3,13.5,OUT
2026-06-06 17:00:00,S7,Beverages,100.0,7.52,0.0,FULL
2026-06-06 17:00:00,S8,Bakery,64.1,5.37,2.25,FULL
2026-06-06 17:15:00,S1,Dairy,0.0,,5.25,OUT
2026-06-06 17:15:00,S2,Bakery,12.6,5.4,5.0,OUT
2026-06-06 17:15:00,S3,Dairy,0.0,6.15,14.25,OUT
2026-06-06 17:15:00,S4,Beverages,0.0,6.95,5.5,OUT
2026-06-06 17:15:00,S5,Snacks,0.0,3.52,14.75,OUT
2026-06-06 17:15:00,S6,Produce,100.0,5.54,,FULL
2026-06-06 17:15:00,S7,Beverages,94.0,,0.25,FULL
2026-06-06 17:15:00,S8,Bakery,58.5,5.68,2.5,LOW
2026-06-06 17:30:00,S1,Dairy,0.0,5.76,5.5,OUT
2026-06-06 17:30:00,S2,Bakery,44.0,3.38,5.25,LOW
2026-06-06 17:30:00,S3,Dairy,0.0,4.28,14.5,OUT
2026-06-06 17:30:00,S4,Beverages,16.2,4.59,5.75,OUT
2026-06-06 17:30:00,S5,Snacks,0.0,2.54,15.0,OUT
2026-06-06 17:30:00,S6,Produce,95.5,3.36,0.25,FULL
2026-06-06 17:30:00,S7,Beverages,87.9,6.83,0.5,FULL
2026-06-06 17:30:00,S8,Bakery,72.2,3.74,2.75,FULL
2026-06-06 17:45:00,S1,Dairy,49.0,2.7,5.75,LOW
2026-06-06 17:45:00,S2,Bakery,0.0,6.93,5.5,OUT
2026-06-06 17:45:00,S3,Dairy,0.0,4.54,14.75,OUT
2026-06-06 17:45:00,S4,Beverages,0.0,5.64,6.0,OUT
2026-06-06 17:45:00,S5,Snacks,0.0,2.6,15.25,OUT
2026-06-06 17:45:00,S6,Produce,91.9,2.61,0.5,FULL
2026-06-06 17:45:00,S7,Beverages,81.2,6.13,0.75,FULL
2026-06-06 17:45:00,S8,Bakery,61.2,4.41,3.0,FULL
2026-06-06 18:00:00,S1,Dairy,17.5,4.46,6.0,OUT
2026-06-06 18:00:00,S2,Bakery,0.0,,5.75,OUT
2026-06-06 18:00:00,S3,Dairy,0.0,5.37,15.0,OUT
2026-06-06 18:00:00,S4,Beverages,0.0,8.76,6.25,OUT
2026-06-06 18:00:00,S5,Snacks,0.0,2.58,15.5,OUT
2026-06-06 18:00:00,S6,Produce,90.8,4.51,,FULL
2026-06-06 18:00:00,S7,Beverages,81.8,5.92,1.0,FULL
2026-06-06 18:00:00,S8,Bakery,44.8,5.46,3.25,LOW
2026-06-06 18:15:00,S1,Dairy,21.5,4.09,6.25,LOW
2026-06-06 18:15:00,S2,Bakery,0.0,6.52,6.0,OUT
2026-06-06 18:15:00,S3,Dairy,0.0,4.36,15.25,OUT
2026-06-06 18:15:00,S4,Beverages,3.3,4.74,6.5,OUT
2026-06-06 18:15:00,S5,Snacks,,3.1,15.75,OUT
2026-06-06 18:15:00,S6,Produce,92.8,2.34,1.0,FULL
2026-06-06 18:15:00,S7,Beverages,73.2,6.71,1.25,FULL
2026-06-06 18:15:00,S8,Bakery,47.1,4.96,3.5,LOW
2026-06-06 18:30:00,S1,Dairy,18.4,4.16,,OUT
2026-06-06 18:30:00,S2,Bakery,0.0,7.54,6.25,OUT
2026-06-06 18:30:00,S3,Dairy,0.0,4.01,15.5,OUT
2026-06-06 18:30:00,S4,Beverages,0.0,4.83,6.75,OUT
2026-06-06 18:30:00,S5,Snacks,0.0,3.7,16.0,OUT
2026-06-06 18:30:00,S6,Produce,78.7,3.65,1.25,FULL
2026-06-06 18:30:00,S7,Beverages,69.8,6.54,1.5,FULL
2026-06-06 18:30:00,S8,Bakery,25.5,6.96,3.75,LOW
2026-06-06 18:45:00,S1,Dairy,25.8,3.32,6.75,LOW
2026-06-06 18:45:00,S2,Bakery,30.4,3.53,6.5,LOW
2026-06-06 18:45:00,S3,Dairy,0.0,6.45,15.75,OUT
2026-06-06 18:45:00,S4,Beverages,0.0,6.15,7.0,OUT
2026-06-06 18:45:00,S5,Snacks,0.0,3.92,16.25,OUT
2026-06-06 18:45:00,S6,Produce,78.2,4.45,1.5,FULL
2026-06-06 18:45:00,S7,Beverages,72.6,4.87,1.75,FULL
2026-06-06 18:45:00,S8,Bakery,13.1,6.38,4.0,OUT
2026-06-06 19:00:00,S1,Dairy,35.0,2.9,7.0,LOW
2026-06-06 19:00:00,S2,Bakery,8.3,4.32,6.75,OUT
2026-06-06 19:00:00,S3,Dairy,0.0,4.92,16.0,OUT
2026-06-06 19:00:00,S4,Beverages,0.0,6.68,7.25,OUT
2026-06-06 19:00:00,S5,Snacks,0.0,3.28,16.5,OUT
2026-06-06 19:00:00,S6,Produce,80.2,3.69,1.75,FULL
2026-06-06 19:00:00,S7,Beverages,57.3,6.85,2.0,LOW
2026-06-06 19:00:00,S8,Bakery,50.2,3.4,4.25,LOW
2026-06-06 19:15:00,S1,Dairy,0.2,4.38,7.25,OUT
2026-06-06 19:15:00,S2,Bakery,0.0,6.11,7.0,OUT
2026-06-06 19:15:00,S3,Dairy,0.0,5.42,16.25,OUT
2026-06-06 19:15:00,S4,Beverages,0.0,6.61,7.5,OUT
2026-06-06 19:15:00,S5,Snacks,100.0,3.06,0.0,FULL
2026-06-06 19:15:00,S6,Produce,81.8,3.13,2.0,FULL
2026-06-06 19:15:00,S7,Beverages,52.8,6.76,2.25,LOW
2026-06-06 19:15:00,S8,Bakery,17.0,6.11,4.5,OUT
2026-06-06 19:30:00,S1,Dairy,0.0,4.19,7.5,OUT
2026-06-06 19:30:00,S2,Bakery,7.0,4.1,7.25,OUT
2026-06-06 19:30:00,S3,Dairy,0.0,4.49,16.5,OUT
2026-06-06 19:30:00,S4,Beverages,0.0,7.08,7.75,OUT
2026-06-06 19:30:00,S5,Snacks,97.3,3.27,0.25,FULL
2026-06-06 19:30:00,S6,Produce,79.3,2.78,,FULL
2026-06-06 19:30:00,S7,Beverages,51.7,,2.5,LOW
2026-06-06 19:30:00,S8,Bakery,12.6,5.51,4.75,OUT
2026-06-06 19:45:00,S1,Dairy,0.0,4.16,7.75,OUT
2026-06-06 19:45:00,S2,Bakery,0.0,5.21,7.5,OUT
2026-06-06 19:45:00,S3,Dairy,0.0,3.37,16.75,OUT
2026-06-06 19:45:00,S4,Beverages,0.0,6.51,8.0,OUT
2026-06-06 19:45:00,S5,Snacks,97.5,1.78,0.5,FULL
2026-06-06 19:45:00,S6,Produce,56.1,5.86,2.5,LOW
2026-06-06 19:45:00,S7,Beverages,50.1,5.4,2.75,LOW
2026-06-06 19:45:00,S8,Bakery,27.7,4.53,5.0,LOW
2026-06-06 20:00:00,S1,Dairy,0.0,4.23,8.0,OUT
2026-06-06 20:00:00,S2,Bakery,0.0,5.05,7.75,OUT
2026-06-06 20:00:00,S3,Dairy,0.0,5.2,17.0,OUT
2026-06-06 20:00:00,S4,Beverages,0.0,6.38,8.25,OUT
2026-06-06 20:00:00,S5,Snacks,94.5,2.78,0.75,FULL
2026-06-06 20:00:00,S6,Produce,57.9,5.29,2.75,LOW
2026-06-06 20:00:00,S7,Beverages,19.0,8.15,3.0,OUT
2026-06-06 20:00:00,S8,Bakery,25.4,4.16,5.25,LOW
2026-06-06 20:15:00,S1,Dairy,38.5,2.47,8.25,LOW
2026-06-06 20:15:00,S2,Bakery,0.0,6.3,8.0,OUT
2026-06-06 20:15:00,S3,Dairy,0.0,4.76,17.25,OUT
2026-06-06 20:15:00,S4,Beverages,0.0,5.88,8.5,OUT
2026-06-06 20:15:00,S5,Snacks,89.5,2.86,1.0,FULL
2026-06-06 20:15:00,S6,Produce,56.2,4.43,3.0,LOW
2026-06-06 20:15:00,S7,Beverages,61.3,3.74,3.25,FULL
2026-06-06 20:15:00,S8,Bakery,32.3,3.98,5.5,LOW
2026-06-06 20:30:00,S1,Dairy,0.0,4.89,8.5,OUT
2026-06-06 20:30:00,S2,Bakery,20.7,3.23,8.25,LOW
2026-06-06 20:30:00,S3,Dairy,0.0,4.54,17.5,OUT
2026-06-06 20:30:00,S4,Beverages,0.0,7.48,8.75,OUT
2026-06-06 20:30:00,S5,Snacks,91.4,1.14,1.25,FULL
2026-06-06 20:30:00,S6,Produce,57.6,4.07,3.25,LOW
2026-06-06 20:30:00,S7,Beverages,41.2,5.07,3.5,LOW
2026-06-06 20:30:00,S8,Bakery,0.0,6.23,5.75,OUT
2026-06-06 20:45:00,S1,Dairy,0.0,5.34,8.75,OUT
2026-06-06 20:45:00,S2,Bakery,0.0,4.8,8.5,OUT
2026-06-06 20:45:00,S3,Dairy,0.0,3.36,17.75,OUT
2026-06-06 20:45:00,S4,Beverages,0.0,4.29,9.0,OUT
2026-06-06 20:45:00,S5,Snacks,100.0,0.97,1.5,FULL
2026-06-06 20:45:00,S6,Produce,69.8,3.05,3.5,FULL
2026-06-06 20:45:00,S7,Beverages,13.6,7.07,3.75,OUT
2026-06-06 20:45:00,S8,Bakery,45.3,2.9,6.0,LOW
2026-06-06 21:00:00,S1,Dairy,,3.66,9.0,OUT
2026-06-06 21:00:00,S2,Bakery,0.0,5.16,,OUT
2026-06-06 21:00:00,S3,Dairy,0.0,3.32,18.0,OUT
2026-06-06 21:00:00,S4,Beverages,0.0,6.8,9.25,OUT
2026-06-06 21:00:00,S5,Snacks,90.3,1.89,1.75,FULL
2026-06-06 21:00:00,S6,Produce,47.3,4.64,3.75,LOW
2026-06-06 21:00:00,S7,Beverages,27.4,5.55,4.0,LOW
2026-06-06 21:00:00,S8,Bakery,0.0,6.45,6.25,OUT
2026-06-06 21:15:00,S1,Dairy,0.0,4.98,9.25,OUT
2026-06-06 21:15:00,S2,Bakery,0.0,5.59,9.0,OUT
2026-06-06 21:15:00,S3,Dairy,0.0,,18.25,OUT
2026-06-06 21:15:00,S4,Beverages,0.0,6.73,9.5,OUT
2026-06-06 21:15:00,S5,Snacks,82.5,2.48,2.0,FULL
2026-06-06 21:15:00,S6,Produce,48.9,3.96,4.0,LOW
2026-06-06 21:15:00,S7,Beverages,10.9,6.5,4.25,OUT
2026-06-06 21:15:00,S8,Bakery,0.0,5.27,6.5,OUT
2026-06-06 21:30:00,S1,Dairy,0.0,4.01,9.5,OUT
2026-06-06 21:30:00,S2,Bakery,0.0,5.21,9.25,OUT
2026-06-06 21:30:00,S3,Dairy,0.0,4.33,18.5,OUT
2026-06-06 21:30:00,S4,Beverages,0.0,7.0,9.75,OUT
2026-06-06 21:30:00,S5,Snacks,74.4,2.95,2.25,FULL
2026-06-06 21:30:00,S6,Produce,50.1,3.69,4.25,LOW
2026-06-06 21:30:00,S7,Beverages,12.1,6.71,4.5,OUT
2026-06-06 21:30:00,S8,Bakery,0.0,5.07,6.75,OUT
2026-06-06 21:45:00,S1,Dairy,0.0,3.71,9.75,OUT
2026-06-06 21:45:00,S2,Bakery,0.0,6.17,9.5,OUT
2026-06-06 21:45:00,S3,Dairy,0.0,4.36,18.75,OUT
2026-06-06 21:45:00,S4,Beverages,0.0,5.63,10.0,OUT
2026-06-06 21:45:00,S5,Snacks,71.1,3.5,2.5,FULL
2026-06-06 21:45:00,S6,Produce,42.5,3.83,4.5,LOW
2026-06-06 21:45:00,S7,Beverages,0.0,6.45,4.75,OUT
2026-06-06 21:45:00,S8,Bakery,13.1,3.81,7.0,OUT
2026-06-06 22:00:00,S1,Dairy,0.0,6.5,10.0,OUT
2026-06-06 22:00:00,S2,Bakery,0.0,4.79,9.75,OUT
2026-06-06 22:00:00,S3,Dairy,0.0,5.19,19.0,OUT
2026-06-06 22:00:00,S4,Beverages,0.0,5.39,10.25,OUT
2026-06-06 22:00:00,S5,Snacks,67.0,3.89,2.75,FULL
2026-06-06 22:00:00,S6,Produce,28.8,4.39,4.75,LOW
2026-06-06 22:00:00,S7,Beverages,0.0,7.31,5.0,OUT
2026-06-06 22:00:00,S8,Bakery,14.5,3.65,7.25,OUT
2026-06-06 22:15:00,S1,Dairy,0.0,4.34,10.25,OUT
2026-06-06 22:15:00,S2,Bakery,0.0,4.04,10.0,OUT
2026-06-06 22:15:00,S3,Dairy,0.0,4.4,19.25,OUT
2026-06-06 22:15:00,S4,Beverages,0.0,7.49,10.5,OUT
2026-06-06 22:15:00,S5,Snacks,63.2,3.84,3.0,FULL
2026-06-06 22:15:00,S6,Produce,,2.2,5.0,FULL
2026-06-06 22:15:00,S7,Beverages,11.9,5.1,5.25,OUT
2026-06-06 22:15:00,S8,Bakery,9.5,3.78,7.5,OUT
2026-06-06 22:30:00,S1,Dairy,0.0,5.21,10.5,OUT
2026-06-06 22:30:00,S2,Bakery,0.0,5.65,10.25,OUT
2026-06-06 22:30:00,S3,Dairy,0.0,5.12,19.5,OUT
2026-06-06 22:30:00,S4,Beverages,0.0,5.78,10.75,OUT
2026-06-06 22:30:00,S5,Snacks,68.9,2.78,3.25,FULL
2026-06-06 22:30:00,S6,Produce,51.1,2.99,5.25,LOW
2026-06-06 22:30:00,S7,Beverages,17.0,4.99,5.5,OUT
2026-06-06 22:30:00,S8,Bakery,0.0,6.32,7.75,OUT
2026-06-06 22:45:00,S1,Dairy,0.0,3.38,10.75,OUT
2026-06-06 22:45:00,S2,Bakery,0.0,4.19,10.5,OUT
2026-06-06 22:45:00,S3,Dairy,0.0,5.95,19.75,OUT
2026-06-06 22:45:00,S4,Beverages,0.0,8.17,11.0,OUT
2026-06-06 22:45:00,S5,Snacks,61.9,3.11,3.5,FULL
2026-06-06 22:45:00,S6,Produce,19.7,4.23,5.5,OUT
2026-06-06 22:45:00,S7,Beverages,0.0,7.19,5.75,OUT
2026-06-06 22:45:00,S8,Bakery,0.0,5.71,8.0,OUT
2026-06-06 23:00:00,S1,Dairy,0.0,5.35,11.0,OUT
2026-06-06 23:00:00,S2,Bakery,0.0,7.73,10.75,OUT
2026-06-06 23:00:00,S3,Dairy,0.0,5.78,20.0,OUT
2026-06-06 23:00:00,S4,Beverages,0.0,5.93,11.25,OUT
2026-06-06 23:00:00,S5,Snacks,59.7,3.65,3.75,LOW
2026-06-06 23:00:00,S6,Produce,57.3,2.41,5.75,LOW
2026-06-06 23:00:00,S7,Beverages,0.0,6.03,6.0,OUT
2026-06-06 23:00:00,S8,Bakery,0.0,6.23,8.25,OUT
2026-06-06 23:15:00,S1,Dairy,0.0,,11.25,OUT
2026-06-06 23:15:00,S2,Bakery,0.0,5.29,11.0,OUT
2026-06-06 23:15:00,S3,Dairy,0.0,4.03,20.25,OUT
2026-06-06 23:15:00,S4,Beverages,0.0,5.61,11.5,OUT
2026-06-06 23:15:00,S5,Snacks,64.3,2.78,4.0,FULL
2026-06-06 23:15:00,S6,Produce,12.1,4.33,6.0,OUT
2026-06-06 23:15:00,S7,Beverages,0.0,7.07,6.25,OUT
2026-06-06 23:15:00,S8,Bakery,0.0,6.04,8.5,OUT
2026-06-06 23:30:00,S1,Dairy,0.0,4.15,11.5,OUT
2026-06-06 23:30:00,S2,Bakery,0.0,4.28,11.25,OUT
2026-06-06 23:30:00,S3,Dairy,0.0,5.73,20.5,OUT
2026-06-06 23:30:00,S4,Beverages,0.0,6.35,11.75,OUT
2026-06-06 23:30:00,S5,Snacks,51.9,3.25,4.25,LOW
2026-06-06 23:30:00,S6,Produce,25.2,3.73,6.25,LOW
2026-06-06 23:30:00,S7,Beverages,0.0,5.77,6.5,OUT
2026-06-06 23:30:00,S8,Bakery,0.0,6.02,8.75,OUT
2026-06-06 23:45:00,S1,Dairy,7.1,2.48,11.75,OUT
2026-06-06 23:45:00,S2,Bakery,0.0,5.26,11.5,OUT
2026-06-06 23:45:00,S3,Dairy,0.0,4.27,20.75,OUT
2026-06-06 23:45:00,S4,Beverages,97.9,6.18,0.0,FULL
2026-06-06 23:45:00,S5,Snacks,58.0,3.06,4.5,LOW
2026-06-06 23:45:00,S6,Produce,15.4,4.23,6.5,OUT
2026-06-06 23:45:00,S7,Beverages,0.4,4.97,6.75,OUT
2026-06-06 23:45:00,S8,Bakery,0.0,5.63,9.0,OUT
2026-06-07 00:00:00,S1,Dairy,0.0,4.81,12.0,OUT
2026-06-07 00:00:00,S2,Bakery,0.0,4.68,11.75,OUT
2026-06-07 00:00:00,S3,Dairy,0.0,5.06,21.0,OUT
2026-06-07 00:00:00,S4,Beverages,94.4,7.73,0.25,FULL
2026-06-07 00:00:00,S5,Snacks,50.2,3.34,,LOW
2026-06-07 00:00:00,S6,Produce,,3.99,6.75,OUT
2026-06-07 00:00:00,S7,Beverages,0.0,6.06,7.0,OUT
2026-06-07 00:00:00,S8,Bakery,33.0,2.26,9.25,LOW
2026-06-07 00:15:00,S1,Dairy,99.6,4.17,0.0,FULL
2026-06-07 00:15:00,S2,Bakery,0.0,5.03,12.0,OUT
2026-06-07 00:15:00,S3,Dairy,0.0,4.15,21.25,OUT
2026-06-07 00:15:00,S4,Beverages,91.9,5.63,0.5,FULL
2026-06-07 00:15:00,S5,Snacks,59.7,2.55,5.0,LOW
2026-06-07 00:15:00,S6,Produce,19.3,3.69,7.0,OUT
2026-06-07 00:15:00,S7,Beverages,0.0,6.46,7.25,OUT
2026-06-07 00:15:00,S8,Bakery,0.0,4.92,9.5,OUT
2026-06-07 00:30:00,S1,Dairy,97.6,4.23,0.25,FULL
2026-06-07 00:30:00,S2,Bakery,0.0,4.58,12.25,OUT
2026-06-07 00:30:00,S3,Dairy,0.0,,21.5,OUT
2026-06-07 00:30:00,S4,Beverages,82.6,6.61,0.75,FULL
2026-06-07 00:30:00,S5,Snacks,21.9,4.55,5.25,LOW
2026-06-07 00:30:00,S6,Produce,0.0,5.37,7.25,OUT
2026-06-07 00:30:00,S7,Beverages,0.0,5.24,7.5,OUT
2026-06-07 00:30:00,S8,Bakery,0.0,5.4,9.75,OUT
2026-06-07 00:45:00,S1,Dairy,95.4,5.35,0.5,FULL
2026-06-07 00:45:00,S2,Bakery,0.0,5.13,12.5,OUT
2026-06-07 00:45:00,S3,Dairy,0.0,3.82,21.75,OUT
2026-06-07 00:45:00,S4,Beverages,74.9,6.7,1.0,FULL
2026-06-07 00:45:00,S5,Snacks,85.5,0.89,5.5,FULL
2026-06-07 00:45:00,S6,Produce,0.0,6.61,7.5,OUT
2026-06-07 00:45:00,S7,Beverages,0.0,6.52,7.75,OUT
2026-06-07 00:45:00,S8,Bakery,0.0,5.3,10.0,OUT
2026-06-07 01:00:00,S1,Dairy,94.6,2.34,0.75,FULL
2026-06-07 01:00:00,S2,Bakery,0.0,4.85,12.75,OUT
2026-06-07 01:00:00,S3,Dairy,,3.93,22.0,OUT
2026-06-07 01:00:00,S4,Beverages,84.0,4.81,1.25,FULL
2026-06-07 01:00:00,S5,Snacks,16.9,4.26,5.75,OUT
2026-06-07 01:00:00,S6,Produce,0.0,4.22,7.75,OUT
2026-06-07 01:00:00,S7,Beverages,0.0,6.36,8.0,OUT
2026-06-07 01:00:00,S8,Bakery,0.0,3.76,10.25,OUT
2026-06-07 01:15:00,S1,Dairy,83.2,4.78,1.0,FULL
2026-06-07 01:15:00,S2,Bakery,0.0,5.24,13.0,OUT
2026-06-07 01:15:00,S3,Dairy,0.0,3.23,22.25,OUT
2026-06-07 01:15:00,S4,Beverages,56.9,7.72,1.5,LOW
2026-06-07 01:15:00,S5,Snacks,12.3,4.35,6.0,OUT
2026-06-07 01:15:00,S6,Produce,12.7,3.5,8.0,OUT
2026-06-07 01:15:00,S7,Beverages,0.0,6.05,8.25,OUT
2026-06-07 01:15:00,S8,Bakery,0.0,4.64,10.5,OUT
2026-06-07 01:30:00,S1,Dairy,73.0,5.95,1.25,FULL
2026-06-07 01:30:00,S2,Bakery,0.0,4.42,13.25,OUT
2026-06-07 01:30:00,S3,Dairy,0.0,4.01,22.5,OUT
2026-06-07 01:30:00,S4,Beverages,72.2,5.18,1.75,FULL
2026-06-07 01:30:00,S5,Snacks,37.5,2.96,6.25,LOW
2026-06-07 01:30:00,S6,Produce,,3.68,8.25,OUT
2026-06-07 01:30:00,S7,Beverages,0.0,6.0,8.5,OUT
2026-06-07 01:30:00,S8,Bakery,,5.6,10.75,OUT
2026-06-07 01:45:00,S1,Dairy,79.6,4.08,1.5,FULL
2026-06-07 01:45:00,S2,Bakery,0.0,6.04,13.5,OUT
2026-06-07 01:45:00,S3,Dairy,0.0,3.51,22.75,OUT
2026-06-07 01:45:00,S4,Beverages,57.9,6.98,2.0,LOW
2026-06-07 01:45:00,S5,Snacks,47.7,2.51,6.5,LOW
2026-06-07 01:45:00,S6,Produce,0.0,5.71,8.5,OUT
2026-06-07 01:45:00,S7,Beverages,0.0,5.39,8.75,OUT
2026-06-07 01:45:00,S8,Bakery,0.0,5.04,11.0,OUT
2026-06-07 02:00:00,S1,Dairy,74.4,4.62,1.75,FULL
2026-06-07 02:00:00,S2,Bakery,0.0,6.59,13.75,OUT
2026-06-07 02:00:00,S3,Dairy,0.0,4.6,23.0,OUT
2026-06-07 02:00:00,S4,Beverages,50.7,6.61,2.25,LOW
2026-06-07 02:00:00,S5,Snacks,43.5,2.42,6.75,LOW
2026-06-07 02:00:00,S6,Produce,0.0,4.1,8.75,OUT
2026-06-07 02:00:00,S7,Beverages,0.0,7.15,9.0,OUT
2026-06-07 02:00:00,S8,Bakery,98.4,3.65,0.0,FULL
2026-06-07 02:15:00,S1,Dairy,71.4,4.56,2.0,FULL
2026-06-07 02:15:00,S2,Bakery,0.0,4.48,14.0,OUT
2026-06-07 02:15:00,S3,Dairy,0.0,5.95,23.25,OUT
2026-06-07 02:15:00,S4,Beverages,42.9,6.82,2.5,LOW
2026-06-07 02:15:00,S5,Snacks,44.9,2.39,7.0,LOW
2026-06-07 02:15:00,S6,Produce,0.0,3.65,9.0,OUT
2026-06-07 02:15:00,S7,Beverages,0.0,6.96,9.25,OUT
2026-06-07 02:15:00,S8,Bakery,91.0,6.45,0.25,FULL
2026-06-07 02:30:00,S1,Dairy,73.6,4.59,2.25,FULL
2026-06-07 02:30:00,S2,Bakery,0.0,4.23,14.25,OUT
2026-06-07 02:30:00,S3,Dairy,0.0,5.01,23.5,OUT
2026-06-07 02:30:00,S4,Beverages,59.7,4.89,2.75,LOW
2026-06-07 02:30:00,S5,Snacks,32.1,2.81,7.25,LOW
2026-06-07 02:30:00,S6,Produce,0.0,4.09,9.25,OUT
2026-06-07 02:30:00,S7,Beverages,0.0,4.87,9.5,OUT
2026-06-07 02:30:00,S8,Bakery,91.0,7.21,0.5,FULL
2026-06-07 02:45:00,S1,Dairy,51.8,6.05,2.5,LOW
2026-06-07 02:45:00,S2,Bakery,0.0,5.91,14.5,OUT
2026-06-07 02:45:00,S3,Dairy,0.0,4.65,23.75,OUT
2026-06-07 02:45:00,S4,Beverages,34.2,6.39,3.0,LOW
2026-06-07 02:45:00,S5,Snacks,65.0,1.6,7.5,FULL
2026-06-07 02:45:00,S6,Produce,0.0,5.54,9.5,OUT
2026-06-07 02:45:00,S7,Beverages,0.0,5.89,9.75,OUT
2026-06-07 02:45:00,S8,Bakery,,5.5,0.75,FULL
2026-06-07 03:00:00,S1,Dairy,71.1,3.35,2.75,FULL
2026-06-07 03:00:00,S2,Bakery,0.0,4.36,14.75,OUT
2026-06-07 03:00:00,S3,Dairy,100.0,4.47,0.0,FULL
2026-06-07 03:00:00,S4,Beverages,44.9,5.03,3.25,LOW
2026-06-07 03:00:00,S5,Snacks,15.3,3.32,7.75,OUT
2026-06-07 03:00:00,S6,Produce,0.0,4.31,9.75,OUT
2026-06-07 03:00:00,S7,Beverages,0.0,5.37,10.0,OUT
2026-06-07 03:00:00,S8,Bakery,83.6,4.64,1.0,FULL
2026-06-07 03:15:00,S1,Dairy,36.8,6.62,3.0,LOW
2026-06-07 03:15:00,S2,Bakery,0.0,3.89,15.0,OUT
2026-06-07 03:15:00,S3,Dairy,96.7,3.33,0.25,FULL
2026-06-07 03:15:00,S4,Beverages,22.6,7.09,3.5,LOW
2026-06-07 03:15:00,S5,Snacks,8.2,3.75,8.0,OUT
2026-06-07 03:15:00,S6,Produce,0.0,4.35,10.0,OUT
2026-06-07 03:15:00,S7,Beverages,0.0,5.91,10.25,OUT
2026-06-07 03:15:00,S8,Bakery,83.0,5.42,1.25,FULL
2026-06-07 03:30:00,S1,Dairy,57.0,4.43,3.25,LOW
2026-06-07 03:30:00,S2,Bakery,0.0,4.68,15.25,OUT
2026-06-07 03:30:00,S3,Dairy,94.7,5.41,0.5,FULL
2026-06-07 03:30:00,S4,Beverages,49.4,4.24,3.75,LOW
2026-06-07 03:30:00,S5,Snacks,37.7,2.31,8.25,LOW
2026-06-07 03:30:00,S6,Produce,0.0,3.13,10.25,OUT
2026-06-07 03:30:00,S7,Beverages,0.0,6.84,10.5,OUT
2026-06-07 03:30:00,S8,Bakery,85.7,3.69,1.5,FULL
2026-06-07 03:45:00,S1,Dairy,55.8,4.13,3.5,LOW
2026-06-07 03:45:00,S2,Bakery,0.0,4.27,15.5,OUT
2026-06-07 03:45:00,S3,Dairy,81.8,6.49,0.75,FULL
2026-06-07 03:45:00,S4,Beverages,26.7,5.86,4.0,LOW
2026-06-07 03:45:00,S5,Snacks,58.2,1.68,8.5,LOW
2026-06-07 03:45:00,S6,Produce,0.9,3.06,10.5,OUT
2026-06-07 03:45:00,S7,Beverages,0.0,5.9,10.75,OUT
2026-06-07 03:45:00,S8,Bakery,69.4,4.83,1.75,FULL
2026-06-07 04:00:00,S1,Dairy,73.5,2.72,3.75,FULL
2026-06-07 04:00:00,S2,Bakery,0.0,5.31,15.75,OUT
2026-06-07 04:00:00,S3,Dairy,83.2,4.11,1.0,FULL
2026-06-07 04:00:00,S4,Beverages,10.9,6.88,4.25,OUT
2026-06-07 04:00:00,S5,Snacks,41.2,2.15,8.75,LOW
2026-06-07 04:00:00,S6,Produce,0.0,4.49,10.75,OUT
2026-06-07 04:00:00,S7,Beverages,0.0,8.22,11.0,OUT
2026-06-07 04:00:00,S8,Bakery,61.6,5.89,2.0,FULL
2026-06-07 04:15:00,S1,Dairy,50.8,3.31,4.0,LOW
2026-06-07 04:15:00,S2,Bakery,0.0,3.27,16.0,OUT
2026-06-07 04:15:00,S3,Dairy,,4.74,1.25,FULL
2026-06-07 04:15:00,S4,Beverages,26.6,5.04,4.5,LOW
2026-06-07 04:15:00,S5,Snacks,0.0,4.26,9.0,OUT
2026-06-07 04:15:00,S6,Produce,0.0,5.35,11.0,OUT
2026-06-07 04:15:00,S7,Beverages,0.0,3.87,11.25,OUT
2026-06-07 04:15:00,S8,Bakery,50.2,6.51,2.25,LOW
2026-06-07 04:30:00,S1,Dairy,54.1,3.16,4.25,LOW
2026-06-07 04:30:00,S2,Bakery,0.0,6.39,16.25,OUT
2026-06-07 04:30:00,S3,Dairy,74.4,6.06,1.5,FULL
2026-06-07 04:30:00,S4,Beverages,23.2,5.36,4.75,LOW
2026-06-07 04:30:00,S5,Snacks,7.9,2.99,9.25,OUT
2026-06-07 04:30:00,S6,Produce,0.0,3.72,11.25,OUT
2026-06-07 04:30:00,S7,Beverages,0.0,4.35,11.5,OUT
2026-06-07 04:30:00,S8,Bakery,66.4,4.35,2.5,FULL
2026-06-07 04:45:00,S1,Dairy,51.3,3.92,4.5,LOW
2026-06-07 04:45:00,S2,Bakery,0.0,5.57,16.5,OUT
2026-06-07 04:45:00,S3,Dairy,67.5,5.85,1.75,FULL
2026-06-07 04:45:00,S4,Beverages,0.0,7.03,5.0,OUT
2026-06-07 04:45:00,S5,Snacks,50.5,1.56,9.5,LOW
2026-06-07 04:45:00,S6,Produce,0.0,4.13,11.5,OUT
2026-06-07 04:45:00,S7,Beverages,0.0,7.31,11.75,OUT
2026-06-07 04:45:00,S8,Bakery,64.0,4.26,2.75,FULL
2026-06-07 05:00:00,S1,Dairy,36.0,4.43,4.75,LOW
2026-06-07 05:00:00,S2,Bakery,0.0,5.26,16.75,OUT
2026-06-07 05:00:00,S3,Dairy,78.5,3.82,2.0,FULL
2026-06-07 05:00:00,S4,Beverages,16.5,4.51,5.25,OUT
2026-06-07 05:00:00,S5,Snacks,10.8,2.73,9.75,OUT
2026-06-07 05:00:00,S6,Produce,2.5,2.56,11.75,OUT
2026-06-07 05:00:00,S7,Beverages,0.0,5.32,12.0,OUT
2026-06-07 05:00:00,S8,Bakery,47.8,5.22,3.0,LOW
2026-06-07 05:15:00,S1,Dairy,46.0,3.44,5.0,LOW
2026-06-07 05:15:00,S2,Bakery,0.0,6.93,17.0,OUT
2026-06-07 05:15:00,S3,Dairy,69.2,4.5,2.25,FULL
2026-06-07 05:15:00,S4,Beverages,0.0,5.38,5.5,OUT
2026-06-07 05:15:00,S5,Snacks,16.3,2.72,10.0,OUT
2026-06-07 05:15:00,S6,Produce,0.0,3.09,12.0,OUT
2026-06-07 05:15:00,S7,Beverages,0.0,5.98,12.25,OUT
2026-06-07 05:15:00,S8,Bakery,44.1,5.3,3.25,LOW
2026-06-07 05:30:00,S1,Dairy,25.7,4.68,5.25,LOW
2026-06-07 05:30:00,S2,Bakery,0.0,6.97,17.25,OUT
2026-06-07 05:30:00,S3,Dairy,68.9,4.1,2.5,FULL
2026-06-07 05:30:00,S4,Beverages,0.0,7.94,5.75,OUT
2026-06-07 05:30:00,S5,Snacks,4.5,2.92,,OUT
2026-06-07 05:30:00,S6,Produce,0.0,4.27,12.25,OUT
2026-06-07 05:30:00,S7,Beverages,0.0,5.65,12.5,OUT
2026-06-07 05:30:00,S8,Bakery,30.9,5.79,3.5,LOW
2026-06-07 05:45:00,S1,Dairy,0.0,6.37,5.5,OUT
2026-06-07 05:45:00,S2,Bakery,0.0,6.05,17.5,OUT
2026-06-07 05:45:00,S3,Dairy,46.2,5.63,2.75,LOW
2026-06-07 05:45:00,S4,Beverages,0.0,7.5,6.0,OUT
2026-06-07 05:45:00,S5,Snacks,14.3,2.46,10.5,OUT
2026-06-07 05:45:00,S6,Produce,0.0,4.72,12.5,OUT
2026-06-07 05:45:00,S7,Beverages,100.0,7.58,0.0,FULL
2026-06-07 05:45:00,S8,Bakery,26.1,6.09,3.75,LOW
2026-06-07 06:00:00,S1,Dairy,34.5,3.71,5.75,LOW
2026-06-07 06:00:00,S2,Bakery,0.0,6.04,17.75,OUT
2026-06-07 06:00:00,S3,Dairy,56.8,4.8,3.0,LOW
2026-06-07 06:00:00,S4,Beverages,0.0,5.18,6.25,OUT
2026-06-07 06:00:00,S5,Snacks,1.5,2.91,10.75,OUT
2026-06-07 06:00:00,S6,Produce,0.0,4.3,12.75,OUT
2026-06-07 06:00:00,S7,Beverages,94.7,5.17,0.25,FULL
2026-06-07 06:00:00,S8,Bakery,71.9,2.12,4.0,FULL
2026-06-07 06:15:00,S1,Dairy,25.8,3.94,6.0,LOW
2026-06-07 06:15:00,S2,Bakery,0.0,5.89,18.0,OUT
2026-06-07 06:15:00,S3,Dairy,43.9,5.48,3.25,LOW
2026-06-07 06:15:00,S4,Beverages,0.0,6.53,6.5,OUT
2026-06-07 06:15:00,S5,Snacks,49.0,1.58,11.0,LOW
2026-06-07 06:15:00,S6,Produce,0.0,3.85,13.0,OUT
2026-06-07 06:15:00,S7,Beverages,94.2,5.23,0.5,FULL
2026-06-07 06:15:00,S8,Bakery,41.7,4.52,4.25,LOW
2026-06-07 06:30:00,S1,Dairy,8.3,4.68,,OUT
2026-06-07 06:30:00,S2,Bakery,0.0,6.09,18.25,OUT
2026-06-07 06:30:00,S3,Dairy,25.5,6.32,3.5,LOW
2026-06-07 06:30:00,S4,Beverages,0.0,6.17,6.75,OUT
2026-06-07 06:30:00,S5,Snacks,28.7,1.97,11.25,LOW
2026-06-07 06:30:00,S6,Produce,3.7,2.33,13.25,OUT
2026-06-07 06:30:00,S7,Beverages,95.9,5.05,0.75,FULL
2026-06-07 06:30:00,S8,Bakery,10.8,5.87,4.5,OUT
2026-06-07 06:45:00,S1,Dairy,10.1,4.19,6.5,OUT
2026-06-07 06:45:00,S2,Bakery,0.0,3.84,18.5,OUT
2026-06-07 06:45:00,S3,Dairy,40.1,5.14,3.75,LOW
2026-06-07 06:45:00,S4,Beverages,0.0,6.09,7.0,OUT
2026-06-07 06:45:00,S5,Snacks,11.8,2.32,11.5,OUT
2026-06-07 06:45:00,S6,Produce,0.0,4.04,13.5,OUT
2026-06-07 06:45:00,S7,Beverages,83.2,5.1,1.0,FULL
2026-06-07 06:45:00,S8,Bakery,26.7,4.9,4.75,LOW
2026-06-07 07:00:00,S1,Dairy,29.1,3.29,6.75,LOW
2026-06-07 07:00:00,S2,Bakery,0.0,4.91,18.75,OUT
2026-06-07 07:00:00,S3,Dairy,56.7,3.52,4.0,LOW
2026-06-07 07:00:00,S4,Beverages,0.0,5.57,7.25,OUT
2026-06-07 07:00:00,S5,Snacks,56.2,1.21,11.75,LOW
2026-06-07 07:00:00,S6,Produce,0.0,5.87,13.75,OUT
2026-06-07 07:00:00,S7,Beverages,76.9,5.89,1.25,FULL
2026-06-07 07:00:00,S8,Bakery,,5.47,5.0,OUT
2026-06-07 07:15:00,S1,Dairy,18.6,3.47,7.0,OUT
2026-06-07 07:15:00,S2,Bakery,98.0,6.09,,FULL
2026-06-07 07:15:00,S3,Dairy,29.2,4.93,4.25,LOW
2026-06-07 07:15:00,S4,Beverages,0.0,7.58,7.5,OUT
2026-06-07 07:15:00,S5,Snacks,100.0,3.13,0.0,FULL
2026-06-07 07:15:00,S6,Produce,0.0,4.55,14.0,OUT
2026-06-07 07:15:00,S7,Beverages,65.9,6.87,1.5,FULL
2026-06-07 07:15:00,S8,Bakery,34.0,3.67,5.25,LOW
2026-06-07 07:30:00,S1,Dairy,0.0,5.45,7.25,OUT
2026-06-07 07:30:00,S2,Bakery,93.5,6.4,,FULL
2026-06-07 07:30:00,S3,Dairy,46.3,3.89,4.5,LOW
2026-06-07 07:30:00,S4,Beverages,0.0,7.44,7.75,OUT
2026-06-07 07:30:00,S5,Snacks,100.0,2.9,0.25,FULL
2026-06-07 07:30:00,S6,Produce,0.0,3.06,14.25,OUT
2026-06-07 07:30:00,S7,Beverages,61.2,6.15,1.75,FULL
2026-06-07 07:30:00,S8,Bakery,15.5,4.85,5.5,OUT
2026-06-07 07:45:00,S1,Dairy,0.0,4.62,7.5,OUT
2026-06-07 07:45:00,S2,Bakery,89.5,5.82,0.5,FULL
2026-06-07 07:45:00,S3,Dairy,14.1,5.94,4.75,OUT
2026-06-07 07:45:00,S4,Beverages,0.0,5.8,8.0,OUT
2026-06-07 07:45:00,S5,Snacks,96.0,3.68,0.5,FULL
2026-06-07 07:45:00,S6,Produce,10.8,1.89,14.5,OUT
2026-06-07 07:45:00,S7,Beverages,70.8,4.9,2.0,FULL
2026-06-07 07:45:00,S8,Bakery,21.8,4.33,5.75,LOW
2026-06-07 08:00:00,S1,Dairy,0.0,5.85,7.75,OUT
2026-06-07 08:00:00,S2,Bakery,84.0,5.35,0.75,FULL
2026-06-07 08:00:00,S3,Dairy,30.9,4.24,5.0,LOW
2026-06-07 08:00:00,S4,Beverages,0.0,5.52,8.25,OUT
2026-06-07 08:00:00,S5,Snacks,95.7,1.9,0.75,FULL
2026-06-07 08:00:00,S6,Produce,0.0,4.91,14.75,OUT
2026-06-07 08:00:00,S7,Beverages,43.3,7.73,2.25,LOW
2026-06-07 08:00:00,S8,Bakery,3.3,4.89,6.0,OUT
2026-06-07 08:15:00,S1,Dairy,0.0,5.21,8.0,OUT
2026-06-07 08:15:00,S2,Bakery,79.9,5.42,1.0,FULL
2026-06-07 08:15:00,S3,Dairy,53.2,2.71,5.25,LOW
2026-06-07 08:15:00,S4,Beverages,0.0,6.15,8.5,OUT
2026-06-07 08:15:00,S5,Snacks,90.8,3.13,1.0,FULL
2026-06-07 08:15:00,S6,Produce,100.0,4.45,0.0,FULL
2026-06-07 08:15:00,S7,Beverages,50.2,6.15,2.5,LOW
2026-06-07 08:15:00,S8,Bakery,4.8,4.58,6.25,OUT
2026-06-07 08:30:00,S1,Dairy,0.0,3.95,8.25,OUT
2026-06-07 08:30:00,S2,Bakery,79.3,5.36,1.25,FULL
2026-06-07 08:30:00,S3,Dairy,4.0,5.42,5.5,OUT
2026-06-07 08:30:00,S4,Beverages,0.0,6.39,8.75,OUT
2026-06-07 08:30:00,S5,Snacks,86.3,3.75,1.25,FULL
2026-06-07 08:30:00,S6,Produce,98.0,4.48,0.25,FULL
2026-06-07 08:30:00,S7,Beverages,50.2,6.05,2.75,LOW
2026-06-07 08:30:00,S8,Bakery,0.0,6.13,6.5,OUT
2026-06-07 08:45:00,S1,Dairy,0.0,4.28,8.5,OUT
2026-06-07 08:45:00,S2,Bakery,89.9,2.37,1.5,FULL
2026-06-07 08:45:00,S3,Dairy,45.3,2.84,5.75,LOW
2026-06-07 08:45:00,S4,Beverages,0.0,6.69,9.0,OUT
2026-06-07 08:45:00,S5,Snacks,87.9,2.28,1.5,FULL
2026-06-07 08:45:00,S6,Produce,91.9,3.98,0.5,FULL
2026-06-07 08:45:00,S7,Beverages,27.0,7.5,3.0,LOW
2026-06-07 08:45:00,S8,Bakery,0.0,5.71,6.75,OUT
2026-06-07 09:00:00,S1,Dairy,0.0,4.4,8.75,OUT
2026-06-07 09:00:00,S2,Bakery,56.3,6.58,1.75,LOW
2026-06-07 09:00:00,S3,Dairy,63.0,2.09,6.0,FULL
2026-06-07 09:00:00,S4,Beverages,0.0,6.88,9.25,OUT
2026-06-07 09:00:00,S5,Snacks,81.1,3.31,1.75,FULL
2026-06-07 09:00:00,S6,Produce,94.2,2.07,0.75,FULL
2026-06-07 09:00:00,S7,Beverages,51.8,4.63,,LOW
2026-06-07 09:00:00,S8,Bakery,19.1,3.49,7.0,OUT
2026-06-07 09:15:00,S1,Dairy,0.0,6.1,9.0,OUT
2026-06-07 09:15:00,S2,Bakery,81.4,3.59,2.0,FULL
2026-06-07 09:15:00,S3,Dairy,18.9,4.18,6.25,OUT
2026-06-07 09:15:00,S4,Beverages,0.0,5.28,9.5,OUT
2026-06-07 09:15:00,S5,Snacks,77.0,3.71,2.0,FULL
2026-06-07 09:15:00,S6,Produce,91.8,2.46,1.0,FULL
2026-06-07 09:15:00,S7,Beverages,38.8,6.05,3.5,LOW
2026-06-07 09:15:00,S8,Bakery,4.0,4.32,7.25,OUT
2026-06-07 09:30:00,S1,Dairy,18.2,2.72,9.25,OUT
2026-06-07 09:30:00,S2,Bakery,55.5,5.82,2.25,LOW
2026-06-07 09:30:00,S3,Dairy,0.0,4.76,6.5,OUT
2026-06-07 09:30:00,S4,Beverages,0.0,5.96,9.75,OUT
2026-06-07 09:30:00,S5,Snacks,75.4,3.19,2.25,FULL
2026-06-07 09:30:00,S6,Produce,83.7,4.61,1.25,FULL
2026-06-07 09:30:00,S7,Beverages,35.7,5.34,3.75,LOW
2026-06-07 09:30:00,S8,Bakery,0.0,6.47,7.5,OUT
2026-06-07 09:45:00,S1,Dairy,0.0,5.28,9.5,OUT
2026-06-07 09:45:00,S2,Bakery,74.0,3.08,2.5,FULL
2026-06-07 09:45:00,S3,Dairy,0.0,6.16,6.75,OUT
2026-06-07 09:45:00,S4,Beverages,0.0,6.89,10.0,OUT
2026-06-07 09:45:00,S5,Snacks,76.6,2.45,2.5,FULL
2026-06-07 09:45:00,S6,Produce,76.2,4.7,1.5,FULL
2026-06-07 09:45:00,S7,Beverages,6.0,7.08,4.0,OUT
2026-06-07 09:45:00,S8,Bakery,0.0,5.29,7.75,OUT
2026-06-07 10:00:00,S1,Dairy,0.0,3.67,9.75,OUT
2026-06-07 10:00:00,S2,Bakery,58.8,4.6,2.75,LOW
2026-06-07 10:00:00,S3,Dairy,0.0,4.91,,OUT
2026-06-07 10:00:00,S4,Beverages,0.0,6.11,10.25,OUT
2026-06-07 10:00:00,S5,Snacks,64.4,4.25,2.75,FULL
2026-06-07 10:00:00,S6,Produce,82.4,3.1,1.75,FULL
2026-06-07 10:00:00,S7,Beverages,12.1,6.42,4.25,OUT
2026-06-07 10:00:00,S8,Bakery,0.0,4.1,8.0,OUT
2026-06-07 10:15:00,S1,Dairy,0.0,4.93,10.0,OUT
2026-06-07 10:15:00,S2,Bakery,35.0,6.59,3.0,LOW
2026-06-07 10:15:00,S3,Dairy,0.0,4.7,7.25,OUT
2026-06-07 10:15:00,S4,Beverages,0.0,6.57,10.5,OUT
2026-06-07 10:15:00,S5,Snacks,73.1,2.36,3.0,FULL
2026-06-07 10:15:00,S6,Produce,,3.98,2.0,FULL
2026-06-07 10:15:00,S7,Beverages,17.9,5.78,4.5,OUT
2026-06-07 10:15:00,S8,Bakery,0.0,3.98,8.25,OUT
2026-06-07 10:30:00,S1,Dairy,0.0,4.43,10.25,OUT
2026-06-07 10:30:00,S2,Bakery,,5.95,3.25,LOW
2026-06-07 10:30:00,S3,Dairy,0.0,4.68,,OUT
2026-06-07 10:30:00,S4,Beverages,0.0,7.63,,OUT
2026-06-07 10:30:00,S5,Snacks,73.9,2.33,3.25,FULL
2026-06-07 10:30:00,S6,Produce,62.0,5.81,2.25,FULL
2026-06-07 10:30:00,S7,Beverages,0.0,8.08,4.75,OUT
2026-06-07 10:30:00,S8,Bakery,0.0,4.83,8.5,OUT
2026-06-07 10:45:00,S1,Dairy,0.0,4.63,10.5,OUT
2026-06-07 10:45:00,S2,Bakery,34.8,6.01,3.5,LOW
2026-06-07 10:45:00,S3,Dairy,0.0,4.85,7.75,OUT
2026-06-07 10:45:00,S4,Beverages,0.0,5.19,11.0,OUT
2026-06-07 10:45:00,S5,Snacks,58.5,,3.5,LOW
2026-06-07 10:45:00,S6,Produce,64.3,4.6,2.5,FULL
2026-06-07 10:45:00,S7,Beverages,16.0,5.59,5.0,OUT
2026-06-07 10:45:00,S8,Bakery,0.0,4.73,,OUT
2026-06-07 11:00:00,S1,Dairy,100.0,5.71,0.0,FULL
2026-06-07 11:00:00,S2,Bakery,31.7,5.61,3.75,LOW
2026-06-07 11:00:00,S3,Dairy,0.0,4.24,8.0,OUT
2026-06-07 11:00:00,S4,Beverages,0.0,6.92,11.25,OUT
2026-06-07 11:00:00,S5,Snacks,69.1,2.72,3.75,FULL
2026-06-07 11:00:00,S6,Produce,78.7,2.07,2.75,FULL
2026-06-07 11:00:00,S7,Beverages,0.0,6.74,5.25,OUT
2026-06-07 11:00:00,S8,Bakery,0.0,5.07,9.0,OUT
2026-06-07 11:15:00,S1,Dairy,92.1,5.79,0.25,FULL
2026-06-07 11:15:00,S2,Bakery,37.8,4.73,4.0,LOW
2026-06-07 11:15:00,S3,Dairy,18.4,2.88,8.25,OUT
2026-06-07 11:15:00,S4,Beverages,0.0,4.3,11.5,OUT
2026-06-07 11:15:00,S5,Snacks,63.0,2.71,4.0,FULL
2026-06-07 11:15:00,S6,Produce,67.6,3.54,3.0,FULL
2026-06-07 11:15:00,S7,Beverages,0.0,8.02,5.5,OUT
2026-06-07 11:15:00,S8,Bakery,26.9,2.33,9.25,LOW
2026-06-07 11:30:00,S1,Dairy,86.7,4.88,0.5,FULL
2026-06-07 11:30:00,S2,Bakery,21.0,6.06,4.25,LOW
2026-06-07 11:30:00,S3,Dairy,0.0,4.96,8.5,OUT
2026-06-07 11:30:00,S4,Beverages,0.0,6.19,11.75,OUT
2026-06-07 11:30:00,S5,Snacks,63.7,2.57,4.25,FULL
2026-06-07 11:30:00,S6,Produce,81.9,1.79,3.25,FULL
2026-06-07 11:30:00,S7,Beverages,0.0,7.55,5.75,OUT
2026-06-07 11:30:00,S8,Bakery,0.0,4.92,9.5,OUT
2026-06-07 11:45:00,S1,Dairy,86.1,4.35,0.75,FULL
2026-06-07 11:45:00,S2,Bakery,18.8,5.47,4.5,OUT
2026-06-07 11:45:00,S3,Dairy,0.0,4.22,8.75,OUT
2026-06-07 11:45:00,S4,Beverages,0.0,,12.0,OUT
2026-06-07 11:45:00,S5,Snacks,56.0,3.02,4.5,LOW
2026-06-07 11:45:00,S6,Produce,53.0,4.15,3.5,LOW
2026-06-07 11:45:00,S7,Beverages,16.0,4.46,6.0,OUT
2026-06-07 11:45:00,S8,Bakery,0.0,4.51,9.75,OUT
2026-06-07 12:00:00,S1,Dairy,77.3,4.9,1.0,FULL
2026-06-07 12:00:00,S2,Bakery,39.5,4.09,4.75,LOW
2026-06-07 12:00:00,S3,Dairy,0.0,5.0,9.0,OUT
2026-06-07 12:00:00,S4,Beverages,0.0,5.19,12.25,OUT
2026-06-07 12:00:00,S5,Snacks,75.4,1.93,4.75,FULL
2026-06-07 12:00:00,S6,Produce,64.8,3.23,3.75,FULL
2026-06-07 12:00:00,S7,Beverages,0.0,7.14,6.25,OUT
2026-06-07 12:00:00,S8,Bakery,0.0,3.43,10.0,OUT
2026-06-07 12:15:00,S1,Dairy,85.0,4.55,1.25,FULL
2026-06-07 12:15:00,S2,Bakery,50.3,3.29,5.0,LOW
2026-06-07 12:15:00,S3,Dairy,0.0,4.16,9.25,OUT
2026-06-07 12:15:00,S4,Beverages,0.0,6.39,12.5,OUT
2026-06-07 12:15:00,S5,Snacks,34.5,4.16,5.0,LOW
2026-06-07 12:15:00,S6,Produce,62.4,2.99,4.0,FULL
2026-06-07 12:15:00,S7,Beverages,0.0,5.03,6.5,OUT
2026-06-07 12:15:00,S8,Bakery,0.0,4.23,10.25,OUT
2026-06-07 12:30:00,S1,Dairy,78.0,4.82,1.5,FULL
2026-06-07 12:30:00,S2,Bakery,56.4,3.06,5.25,LOW
2026-06-07 12:30:00,S3,Dairy,0.0,4.57,9.5,OUT
2026-06-07 12:30:00,S4,Beverages,0.0,6.46,12.75,OUT
2026-06-07 12:30:00,S5,Snacks,60.2,2.26,5.25,FULL
2026-06-07 12:30:00,S6,Produce,23.9,5.12,4.25,LOW
2026-06-07 12:30:00,S7,Beverages,0.0,6.26,6.75,OUT
2026-06-07 12:30:00,S8,Bakery,0.0,3.92,10.5,OUT
2026-06-07 12:45:00,S1,Dairy,88.9,3.01,1.75,FULL
2026-06-07 12:45:00,S2,Bakery,7.5,5.35,5.5,OUT
2026-06-07 12:45:00,S3,Dairy,0.0,4.46,9.75,OUT
2026-06-07 12:45:00,S4,Beverages,0.0,4.92,13.0,OUT
2026-06-07 12:45:00,S5,Snacks,80.2,1.22,5.5,FULL
2026-06-07 12:45:00,S6,Produce,59.2,3.09,4.5,LOW
2026-06-07 12:45:00,S7,Beverages,0.0,6.76,7.0,OUT
2026-06-07 12:45:00,S8,Bakery,0.0,4.45,10.75,OUT
2026-06-07 13:00:00,S1,Dairy,63.6,5.57,2.0,FULL
2026-06-07 13:00:00,S2,Bakery,1.3,5.2,,OUT
2026-06-07 13:00:00,S3,Dairy,0.0,4.1,10.0,OUT
2026-06-07 13:00:00,S4,Beverages,0.0,4.27,13.25,OUT
2026-06-07 13:00:00,S5,Snacks,63.6,2.09,5.75,FULL
2026-06-07 13:00:00,S6,Produce,44.7,3.81,4.75,LOW
2026-06-07 13:00:00,S7,Beverages,0.0,4.77,7.25,OUT
2026-06-07 13:00:00,S8,Bakery,0.0,5.45,11.0,OUT
2026-06-07 13:15:00,S1,Dairy,71.5,3.95,2.25,FULL
2026-06-07 13:15:00,S2,Bakery,32.2,3.64,6.0,LOW
2026-06-07 13:15:00,S3,Dairy,0.0,4.46,,OUT
2026-06-07 13:15:00,S4,Beverages,0.0,7.07,13.5,OUT
2026-06-07 13:15:00,S5,Snacks,64.0,1.84,6.0,FULL
2026-06-07 13:15:00,S6,Produce,45.2,3.6,5.0,LOW
2026-06-07 13:15:00,S7,Beverages,0.0,6.61,7.5,OUT
2026-06-07 13:15:00,S8,Bakery,0.0,4.94,11.25,OUT
2026-06-07 13:30:00,S1,Dairy,81.3,2.12,2.5,FULL
2026-06-07 13:30:00,S2,Bakery,5.8,4.62,6.25,OUT
2026-06-07 13:30:00,S3,Dairy,0.0,4.32,10.5,OUT
2026-06-07 13:30:00,S4,Beverages,0.0,,13.75,OUT
2026-06-07 13:30:00,S5,Snacks,76.7,1.23,6.25,FULL
2026-06-07 13:30:00,S6,Produce,53.5,2.78,5.25,LOW
2026-06-07 13:30:00,S7,Beverages,0.0,,7.75,OUT
2026-06-07 13:30:00,S8,Bakery,0.0,4.58,11.5,OUT
2026-06-07 13:45:00,S1,Dairy,51.5,5.19,2.75,LOW
2026-06-07 13:45:00,S2,Bakery,4.2,4.8,6.5,OUT
2026-06-07 13:45:00,S3,Dairy,0.0,5.26,10.75,OUT
2026-06-07 13:45:00,S4,Beverages,0.0,7.74,14.0,OUT
2026-06-07 13:45:00,S5,Snacks,45.9,2.54,6.5,LOW
2026-06-07 13:45:00,S6,Produce,5.0,5.6,5.5,OUT
2026-06-07 13:45:00,S7,Beverages,0.0,6.84,8.0,OUT
2026-06-07 13:45:00,S8,Bakery,0.0,5.35,11.75,OUT
2026-06-07 14:00:00,S1,Dairy,50.9,,3.0,LOW
2026-06-07 14:00:00,S2,Bakery,12.0,4.16,6.75,OUT
2026-06-07 14:00:00,S3,Dairy,0.0,4.93,11.0,OUT
2026-06-07 14:00:00,S4,Beverages,0.0,6.44,14.25,OUT
2026-06-07 14:00:00,S5,Snacks,38.6,2.73,6.75,LOW
2026-06-07 14:00:00,S6,Produce,22.2,4.07,5.75,LOW
2026-06-07 14:00:00,S7,Beverages,0.0,6.21,8.25,OUT
2026-06-07 14:00:00,S8,Bakery,0.0,5.02,12.0,OUT
2026-06-07 14:15:00,S1,Dairy,42.5,5.27,3.25,LOW
2026-06-07 14:15:00,S2,Bakery,3.6,4.18,7.0,OUT
2026-06-07 14:15:00,S3,Dairy,0.0,4.48,11.25,OUT
2026-06-07 14:15:00,S4,Beverages,0.0,5.79,14.5,OUT
2026-06-07 14:15:00,S5,Snacks,84.1,0.98,7.0,FULL
2026-06-07 14:15:00,S6,Produce,24.6,3.97,6.0,LOW
2026-06-07 14:15:00,S7,Beverages,0.0,6.41,8.5,OUT
2026-06-07 14:15:00,S8,Bakery,0.0,4.81,12.25,OUT
2026-06-07 14:30:00,S1,Dairy,47.4,4.75,3.5,LOW
2026-06-07 14:30:00,S2,Bakery,23.4,3.31,7.25,LOW
2026-06-07 14:30:00,S3,Dairy,0.0,3.26,11.5,OUT
2026-06-07 14:30:00,S4,Beverages,0.0,4.99,14.75,OUT
2026-06-07 14:30:00,S5,Snacks,61.7,1.46,7.25,FULL
2026-06-07 14:30:00,S6,Produce,41.7,2.91,6.25,LOW
2026-06-07 14:30:00,S7,Beverages,0.0,4.89,8.75,OUT
2026-06-07 14:30:00,S8,Bakery,0.0,5.75,12.5,OUT
2026-06-07 14:45:00,S1,Dairy,61.4,3.6,3.75,FULL
2026-06-07 14:45:00,S2,Bakery,0.0,5.22,7.5,OUT
2026-06-07 14:45:00,S3,Dairy,0.0,5.09,11.75,OUT
2026-06-07 14:45:00,S4,Beverages,0.0,4.26,15.0,OUT
2026-06-07 14:45:00,S5,Snacks,19.4,3.34,7.5,OUT
2026-06-07 14:45:00,S6,Produce,33.5,3.28,6.5,LOW
2026-06-07 14:45:00,S7,Beverages,0.0,5.94,9.0,OUT
2026-06-07 14:45:00,S8,Bakery,0.0,4.72,12.75,OUT
2026-06-07 15:00:00,S1,Dairy,1.6,7.44,4.0,OUT
2026-06-07 15:00:00,S2,Bakery,0.0,6.68,7.75,OUT
2026-06-07 15:00:00,S3,Dairy,0.0,5.16,12.0,OUT
2026-06-07 15:00:00,S4,Beverages,0.0,7.01,15.25,OUT
2026-06-07 15:00:00,S5,Snacks,50.4,2.15,7.75,LOW
2026-06-07 15:00:00,S6,Produce,43.4,2.65,6.75,LOW
2026-06-07 15:00:00,S7,Beverages,0.0,4.81,9.25,OUT
2026-06-07 15:00:00,S8,Bakery,0.0,4.4,13.0,OUT
2026-06-07 15:15:00,S1,Dairy,28.5,5.18,4.25,LOW
2026-06-07 15:15:00,S2,Bakery,0.0,4.6,8.0,OUT
2026-06-07 15:15:00,S3,Dairy,21.5,,12.25,LOW
2026-06-07 15:15:00,S4,Beverages,0.0,6.46,15.5,OUT
2026-06-07 15:15:00,S5,Snacks,59.2,1.76,8.0,LOW
2026-06-07 15:15:00,S6,Produce,20.7,3.72,7.0,LOW
2026-06-07 15:15:00,S7,Beverages,0.0,3.82,9.5,OUT
2026-06-07 15:15:00,S8,Bakery,0.0,5.59,13.25,OUT
2026-06-07 15:30:00,S1,Dairy,17.5,6.03,4.5,OUT
2026-06-07 15:30:00,S2,Bakery,0.0,6.11,8.25,OUT
2026-06-07 15:30:00,S3,Dairy,0.0,3.14,12.5,OUT
2026-06-07 15:30:00,S4,Beverages,0.0,3.84,15.75,OUT
2026-06-07 15:30:00,S5,Snacks,5.9,3.38,8.25,OUT
2026-06-07 15:30:00,S6,Produce,52.6,2.03,7.25,LOW
2026-06-07 15:30:00,S7,Beverages,0.0,6.46,9.75,OUT
2026-06-07 15:30:00,S8,Bakery,0.0,5.67,,OUT
2026-06-07 15:45:00,S1,Dairy,27.3,4.81,4.75,LOW
2026-06-07 15:45:00,S2,Bakery,0.0,5.34,8.5,OUT
2026-06-07 15:45:00,S3,Dairy,0.0,5.13,12.75,OUT
2026-06-07 15:45:00,S4,Beverages,0.0,5.22,16.0,OUT
2026-06-07 15:45:00,S5,Snacks,50.3,1.86,8.5,LOW
2026-06-07 15:45:00,S6,Produce,7.3,3.98,7.5,OUT
2026-06-07 15:45:00,S7,Beverages,0.0,6.61,10.0,OUT
2026-06-07 15:45:00,S8,Bakery,0.0,3.92,13.75,OUT
2026-06-07 16:00:00,S1,Dairy,12.4,5.7,5.0,OUT
2026-06-07 16:00:00,S2,Bakery,,,8.75,OUT
2026-06-07 16:00:00,S3,Dairy,0.0,4.02,13.0,OUT
2026-06-07 16:00:00,S4,Beverages,0.0,5.33,16.25,OUT
2026-06-07 16:00:00,S5,Snacks,18.4,2.77,8.75,OUT
2026-06-07 16:00:00,S6,Produce,0.0,4.45,7.75,OUT
2026-06-07 16:00:00,S7,Beverages,99.8,6.58,0.0,FULL
2026-06-07 16:00:00,S8,Bakery,0.0,5.39,14.0,OUT
2026-06-07 16:15:00,S1,Dairy,27.5,4.3,5.25,LOW
2026-06-07 16:15:00,S2,Bakery,,5.73,9.0,OUT
2026-06-07 16:15:00,S3,Dairy,0.0,5.75,13.25,OUT
2026-06-07 16:15:00,S4,Beverages,0.0,5.39,16.5,OUT
2026-06-07 16:15:00,S5,Snacks,23.9,2.62,9.0,LOW
2026-06-07 16:15:00,S6,Produce,15.5,3.34,8.0,OUT
2026-06-07 16:15:00,S7,Beverages,97.5,5.91,0.25,FULL
2026-06-07 16:15:00,S8,Bakery,0.0,5.23,14.25,OUT
2026-06-07 16:30:00,S1,Dairy,46.8,2.88,5.5,LOW
2026-06-07 16:30:00,S2,Bakery,0.0,4.79,9.25,OUT
2026-06-07 16:30:00,S3,Dairy,0.0,4.1,13.5,OUT
2026-06-07 16:30:00,S4,Beverages,0.0,5.03,16.75,OUT
2026-06-07 16:30:00,S5,Snacks,37.1,2.08,9.25,LOW
2026-06-07 16:30:00,S6,Produce,24.8,2.77,8.25,LOW
2026-06-07 16:30:00,S7,Beverages,88.2,6.77,,FULL
2026-06-07 16:30:00,S8,Bakery,0.0,5.27,14.5,OUT
2026-06-07 16:45:00,S1,Dairy,38.0,3.16,5.75,LOW
2026-06-07 16:45:00,S2,Bakery,0.0,,9.5,OUT
2026-06-07 16:45:00,S3,Dairy,0.0,4.28,13.75,OUT
2026-06-07 16:45:00,S4,Beverages,0.0,4.79,17.0,OUT
2026-06-07 16:45:00,S5,Snacks,38.6,2.22,9.5,LOW
2026-06-07 16:45:00,S6,Produce,17.3,2.86,8.5,OUT
2026-06-07 16:45:00,S7,Beverages,85.8,6.75,0.75,FULL
2026-06-07 16:45:00,S8,Bakery,0.0,5.04,14.75,OUT
2026-06-07 17:00:00,S1,Dairy,51.5,2.61,6.0,LOW
2026-06-07 17:00:00,S2,Bakery,0.0,6.44,9.75,OUT
2026-06-07 17:00:00,S3,Dairy,0.0,5.47,14.0,OUT
2026-06-07 17:00:00,S4,Beverages,0.0,6.4,17.25,OUT
2026-06-07 17:00:00,S5,Snacks,18.2,2.81,9.75,OUT
2026-06-07 17:00:00,S6,Produce,0.0,3.92,8.75,OUT
2026-06-07 17:00:00,S7,Beverages,83.9,5.57,1.0,FULL
2026-06-07 17:00:00,S8,Bakery,,2.2,15.0,OUT
2026-06-07 17:15:00,S1,Dairy,20.5,3.89,6.25,LOW
2026-06-07 17:15:00,S2,Bakery,0.0,5.16,10.0,OUT
2026-06-07 17:15:00,S3,Dairy,0.0,3.32,14.25,OUT
2026-06-07 17:15:00,S4,Beverages,0.0,7.1,17.5,OUT
2026-06-07 17:15:00,S5,Snacks,20.2,2.52,10.0,LOW
2026-06-07 17:15:00,S6,Produce,7.7,3.21,9.0,OUT
2026-06-07 17:15:00,S7,Beverages,77.5,5.65,1.25,FULL
2026-06-07 17:15:00,S8,Bakery,0.0,4.62,15.25,OUT
2026-06-07 17:30:00,S1,Dairy,40.1,3.06,6.5,LOW
2026-06-07 17:30:00,S2,Bakery,0.0,6.18,10.25,OUT
2026-06-07 17:30:00,S3,Dairy,0.0,5.11,14.5,OUT
2026-06-07 17:30:00,S4,Beverages,0.0,5.32,17.75,OUT
2026-06-07 17:30:00,S5,Snacks,35.8,2.0,10.25,LOW
2026-06-07 17:30:00,S6,Produce,35.5,2.29,9.25,LOW
2026-06-07 17:30:00,S7,Beverages,76.1,5.08,1.5,FULL
2026-06-07 17:30:00,S8,Bakery,0.0,5.0,15.5,OUT
2026-06-07 17:45:00,S1,Dairy,0.0,4.86,6.75,OUT
2026-06-07 17:45:00,S2,Bakery,0.0,6.38,10.5,OUT
2026-06-07 17:45:00,S3,Dairy,98.2,3.25,0.0,FULL
2026-06-07 17:45:00,S4,Beverages,0.0,7.38,18.0,OUT
2026-06-07 17:45:00,S5,Snacks,0.0,4.61,10.5,OUT
2026-06-07 17:45:00,S6,Produce,0.0,4.34,9.5,OUT
2026-06-07 17:45:00,S7,Beverages,68.4,6.1,1.75,FULL
2026-06-07 17:45:00,S8,Bakery,0.0,5.86,15.75,OUT
2026-06-07 18:00:00,S1,Dairy,0.0,4.84,7.0,OUT
2026-06-07 18:00:00,S2,Bakery,0.0,5.59,10.75,OUT
2026-06-07 18:00:00,S3,Dairy,97.0,2.76,0.25,FULL
2026-06-07 18:00:00,S4,Beverages,0.0,6.29,18.25,OUT
2026-06-07 18:00:00,S5,Snacks,9.0,2.56,10.75,OUT
2026-06-07 18:00:00,S6,Produce,0.0,5.88,9.75,OUT
2026-06-07 18:00:00,S7,Beverages,51.0,7.15,2.0,LOW
2026-06-07 18:00:00,S8,Bakery,0.0,4.84,16.0,OUT
2026-06-07 18:15:00,S1,Dairy,10.9,3.94,7.25,OUT
2026-06-07 18:15:00,S2,Bakery,,4.77,11.0,OUT
2026-06-07 18:15:00,S3,Dairy,92.4,5.28,0.5,FULL
2026-06-07 18:15:00,S4,Beverages,0.0,4.92,18.5,OUT
2026-06-07 18:15:00,S5,Snacks,0.0,2.8,11.0,OUT
2026-06-07 18:15:00,S6,Produce,12.4,2.74,10.0,OUT
2026-06-07 18:15:00,S7,Beverages,52.4,6.72,2.25,LOW
2026-06-07 18:15:00,S8,Bakery,,5.87,16.25,OUT
2026-06-07 18:30:00,S1,Dairy,0.0,4.37,7.5,OUT
2026-06-07 18:30:00,S2,Bakery,0.0,5.74,11.25,OUT
2026-06-07 18:30:00,S3,Dairy,93.5,4.33,0.75,FULL
2026-06-07 18:30:00,S4,Beverages,0.0,5.78,,OUT
2026-06-07 18:30:00,S5,Snacks,21.9,2.29,11.25,LOW
2026-06-07 18:30:00,S6,Produce,0.0,5.21,10.25,OUT
2026-06-07 18:30:00,S7,Beverages,53.0,5.92,2.5,LOW
2026-06-07 18:30:00,S8,Bakery,98.1,4.56,0.0,FULL
2026-06-07 18:45:00,S1,Dairy,51.2,1.87,7.75,LOW
2026-06-07 18:45:00,S2,Bakery,0.0,3.72,11.5,OUT
2026-06-07 18:45:00,S3,Dairy,84.9,4.15,1.0,FULL
2026-06-07 18:45:00,S4,Beverages,0.0,7.57,19.0,OUT
2026-06-07 18:45:00,S5,Snacks,0.0,4.09,11.5,OUT
2026-06-07 18:45:00,S6,Produce,100.0,5.13,0.0,FULL
2026-06-07 18:45:00,S7,Beverages,33.9,7.75,2.75,LOW
2026-06-07 18:45:00,S8,Bakery,96.4,4.94,0.25,FULL
2026-06-07 19:00:00,S1,Dairy,0.0,5.25,8.0,OUT
2026-06-07 19:00:00,S2,Bakery,0.0,3.7,11.75,OUT
2026-06-07 19:00:00,S3,Dairy,86.5,3.74,1.25,FULL
2026-06-07 19:00:00,S4,Beverages,0.0,6.52,19.25,OUT
2026-06-07 19:00:00,S5,Snacks,18.2,2.2,11.75,OUT
2026-06-07 19:00:00,S6,Produce,98.3,5.03,0.25,FULL
2026-06-07 19:00:00,S7,Beverages,35.7,6.8,3.0,LOW
2026-06-07 19:00:00,S8,Bakery,90.4,6.17,0.5,FULL
2026-06-07 19:15:00,S1,Dairy,10.9,3.25,8.25,OUT
2026-06-07 19:15:00,S2,Bakery,0.0,5.04,12.0,OUT
2026-06-07 19:15:00,S3,Dairy,81.9,3.89,1.5,FULL
2026-06-07 19:15:00,S4,Beverages,0.0,5.5,19.5,OUT
2026-06-07 19:15:00,S5,Snacks,0.0,3.03,12.0,OUT
2026-06-07 19:15:00,S6,Produce,94.2,3.35,0.5,FULL
2026-06-07 19:15:00,S7,Beverages,31.5,6.79,,LOW
2026-06-07 19:15:00,S8,Bakery,87.1,5.52,0.75,FULL
2026-06-07 19:30:00,S1,Dairy,0.0,4.82,8.5,OUT
2026-06-07 19:30:00,S2,Bakery,0.0,4.87,12.25,OUT
2026-06-07 19:30:00,S3,Dairy,73.9,4.59,1.75,FULL
2026-06-07 19:30:00,S4,Beverages,0.0,7.29,19.75,OUT
2026-06-07 19:30:00,S5,Snacks,0.0,3.44,12.25,OUT
2026-06-07 19:30:00,S6,Produce,90.6,4.53,0.75,FULL
2026-06-07 19:30:00,S7,Beverages,27.9,6.18,3.5,LOW
2026-06-07 19:30:00,S8,Bakery,80.9,5.39,1.0,FULL
2026-06-07 19:45:00,S1,Dairy,0.0,3.7,8.75,OUT
2026-06-07 19:45:00,S2,Bakery,0.0,3.9,12.5,OUT
2026-06-07 19:45:00,S3,Dairy,64.6,5.64,2.0,FULL
2026-06-07 19:45:00,S4,Beverages,0.0,6.14,20.0,OUT
2026-06-07 19:45:00,S5,Snacks,0.0,2.96,12.5,OUT
2026-06-07 19:45:00,S6,Produce,89.1,3.19,1.0,FULL
2026-06-07 19:45:00,S7,Beverages,18.6,6.96,3.75,OUT
2026-06-07 19:45:00,S8,Bakery,83.6,3.89,1.25,FULL
2026-06-07 20:00:00,S1,Dairy,0.0,6.26,9.0,OUT
2026-06-07 20:00:00,S2,Bakery,0.0,5.38,12.75,OUT
2026-06-07 20:00:00,S3,Dairy,62.9,5.59,2.25,FULL
2026-06-07 20:00:00,S4,Beverages,0.0,7.99,20.25,OUT
2026-06-07 20:00:00,S5,Snacks,18.1,1.98,12.75,OUT
2026-06-07 20:00:00,S6,Produce,69.9,6.97,1.25,FULL
2026-06-07 20:00:00,S7,Beverages,38.5,4.63,4.0,LOW
2026-06-07 20:00:00,S8,Bakery,67.4,6.7,,FULL
2026-06-07 20:15:00,S1,Dairy,2.2,3.43,9.25,OUT
2026-06-07 20:15:00,S2,Bakery,0.0,5.41,13.0,OUT
2026-06-07 20:15:00,S3,Dairy,57.0,5.0,2.5,LOW
2026-06-07 20:15:00,S4,Beverages,0.0,5.8,20.5,OUT
2026-06-07 20:15:00,S5,Snacks,0.0,3.78,13.0,OUT
2026-06-07 20:15:00,S6,Produce,88.6,3.19,1.5,FULL
2026-06-07 20:15:00,S7,Beverages,,6.38,4.25,OUT
2026-06-07 20:15:00,S8,Bakery,78.7,3.64,1.75,FULL
2026-06-07 20:30:00,S1,Dairy,0.0,4.69,9.5,OUT
2026-06-07 20:30:00,S2,Bakery,0.0,4.33,13.25,OUT
2026-06-07 20:30:00,S3,Dairy,45.1,6.14,2.75,LOW
2026-06-07 20:30:00,S4,Beverages,0.0,6.55,20.75,OUT
2026-06-07 20:30:00,S5,Snacks,0.0,4.01,13.25,OUT
2026-06-07 20:30:00,S6,Produce,86.2,3.09,1.75,FULL
2026-06-07 20:30:00,S7,Beverages,22.9,5.39,4.5,LOW
2026-06-07 20:30:00,S8,Bakery,78.8,3.99,2.0,FULL
2026-06-07 20:45:00,S1,Dairy,0.0,4.66,9.75,OUT
2026-06-07 20:45:00,S2,Bakery,0.0,3.85,13.5,OUT
2026-06-07 20:45:00,S3,Dairy,54.3,4.09,3.0,LOW
2026-06-07 20:45:00,S4,Beverages,0.0,5.61,21.0,OUT
2026-06-07 20:45:00,S5,Snacks,0.0,4.23,13.5,OUT
2026-06-07 20:45:00,S6,Produce,71.9,3.99,2.0,FULL
2026-06-07 20:45:00,S7,Beverages,0.3,6.65,4.75,OUT
2026-06-07 20:45:00,S8,Bakery,73.2,3.76,2.25,FULL
2026-06-07 21:00:00,S1,Dairy,0.0,3.69,10.0,OUT
2026-06-07 21:00:00,S2,Bakery,,4.88,13.75,OUT
2026-06-07 21:00:00,S3,Dairy,46.8,5.46,3.25,LOW
2026-06-07 21:00:00,S4,Beverages,0.0,5.22,21.25,OUT
2026-06-07 21:00:00,S5,Snacks,0.0,3.47,13.75,OUT
2026-06-07 21:00:00,S6,Produce,80.8,2.47,2.25,FULL
2026-06-07 21:00:00,S7,Beverages,0.0,6.99,5.0,OUT
2026-06-07 21:00:00,S8,Bakery,62.9,4.48,2.5,FULL
2026-06-07 21:15:00,S1,Dairy,0.0,3.07,10.25,OUT
2026-06-07 21:15:00,S2,Bakery,0.0,4.84,14.0,OUT
2026-06-07 21:15:00,S3,Dairy,47.5,4.67,3.5,LOW
2026-06-07 21:15:00,S4,Beverages,0.0,7.07,21.5,OUT
2026-06-07 21:15:00,S5,Snacks,100.0,3.05,0.0,FULL
2026-06-07 21:15:00,S6,Produce,70.7,4.21,2.5,FULL
2026-06-07 21:15:00,S7,Beverages,24.7,4.14,5.25,LOW
2026-06-07 21:15:00,S8,Bakery,49.9,,2.75,LOW
2026-06-07 21:30:00,S1,Dairy,0.0,4.1,10.5,OUT
2026-06-07 21:30:00,S2,Bakery,0.0,5.37,14.25,OUT
2026-06-07 21:30:00,S3,Dairy,40.5,4.68,3.75,LOW
2026-06-07 21:30:00,S4,Beverages,0.0,6.28,21.75,OUT
2026-06-07 21:30:00,S5,Snacks,,2.19,0.25,FULL
2026-06-07 21:30:00,S6,Produce,65.1,4.45,2.75,FULL
2026-06-07 21:30:00,S7,Beverages,33.1,4.04,5.5,LOW
2026-06-07 21:30:00,S8,Bakery,54.4,4.76,3.0,LOW
2026-06-07 21:45:00,S1,Dairy,0.0,3.7,10.75,OUT
2026-06-07 21:45:00,S2,Bakery,0.0,4.72,14.5,OUT
2026-06-07 21:45:00,S3,Dairy,34.7,4.96,4.0,LOW
2026-06-07 21:45:00,S4,Beverages,91.2,,0.0,FULL
2026-06-07 21:45:00,S5,Snacks,95.2,3.59,0.5,FULL
2026-06-07 21:45:00,S6,Produce,67.3,3.95,3.0,FULL
2026-06-07 21:45:00,S7,Beverages,0.0,6.77,5.75,OUT
2026-06-07 21:45:00,S8,Bakery,41.2,5.59,3.25,LOW
2026-06-07 22:00:00,S1,Dairy,0.0,4.39,11.0,OUT
2026-06-07 22:00:00,S2,Bakery,0.0,6.8,14.75,OUT
2026-06-07 22:00:00,S3,Dairy,30.3,5.06,4.25,LOW
2026-06-07 22:00:00,S4,Beverages,94.1,6.5,0.25,FULL
2026-06-07 22:00:00,S5,Snacks,88.5,4.14,0.75,FULL
2026-06-07 22:00:00,S6,Produce,54.8,4.53,3.25,LOW
2026-06-07 22:00:00,S7,Beverages,0.0,7.42,6.0,OUT
2026-06-07 22:00:00,S8,Bakery,42.7,5.25,3.5,LOW
2026-06-07 22:15:00,S1,Dairy,0.0,4.24,,OUT
2026-06-07 22:15:00,S2,Bakery,97.1,3.81,0.0,FULL
2026-06-07 22:15:00,S3,Dairy,41.8,4.11,4.5,LOW
2026-06-07 22:15:00,S4,Beverages,93.9,3.86,0.5,FULL
2026-06-07 22:15:00,S5,Snacks,85.5,4.48,1.0,FULL
2026-06-07 22:15:00,S6,Produce,64.7,3.47,3.5,FULL
2026-06-07 22:15:00,S7,Beverages,0.0,,6.25,OUT
2026-06-07 22:15:00,S8,Bakery,39.9,5.04,3.75,LOW
2026-06-07 22:30:00,S1,Dairy,0.0,4.74,11.5,OUT
2026-06-07 22:30:00,S2,Bakery,98.4,3.55,0.25,FULL
2026-06-07 22:30:00,S3,Dairy,29.1,4.88,4.75,LOW
2026-06-07 22:30:00,S4,Beverages,90.4,5.82,0.75,FULL
2026-06-07 22:30:00,S5,Snacks,80.5,4.15,1.25,FULL
2026-06-07 22:30:00,S6,Produce,44.2,4.45,3.75,LOW
2026-06-07 22:30:00,S7,Beverages,0.0,4.79,6.5,OUT
2026-06-07 22:30:00,S8,Bakery,52.2,4.25,4.0,LOW
2026-06-07 22:45:00,S1,Dairy,0.0,3.72,11.75,OUT
2026-06-07 22:45:00,S2,Bakery,89.3,4.28,0.5,FULL
2026-06-07 22:45:00,S3,Dairy,35.3,4.48,5.0,LOW
2026-06-07 22:45:00,S4,Beverages,86.2,5.13,1.0,FULL
2026-06-07 22:45:00,S5,Snacks,81.2,3.78,1.5,FULL
2026-06-07 22:45:00,S6,Produce,61.3,3.24,4.0,FULL
2026-06-07 22:45:00,S7,Beverages,0.0,4.93,6.75,OUT
2026-06-07 22:45:00,S8,Bakery,8.1,6.71,4.25,OUT
2026-06-07 23:00:00,S1,Dairy,0.0,5.14,12.0,OUT
2026-06-07 23:00:00,S2,Bakery,87.2,4.65,0.75,FULL
2026-06-07 23:00:00,S3,Dairy,32.3,3.77,5.25,LOW
2026-06-07 23:00:00,S4,Beverages,74.8,6.81,1.25,FULL
2026-06-07 23:00:00,S5,Snacks,92.4,1.12,,FULL
2026-06-07 23:00:00,S6,Produce,42.3,4.53,4.25,LOW
2026-06-07 23:00:00,S7,Beverages,0.0,5.79,7.0,OUT
2026-06-07 23:00:00,S8,Bakery,25.5,5.21,4.5,LOW
2026-06-07 23:15:00,S1,Dairy,0.0,4.73,12.25,OUT
2026-06-07 23:15:00,S2,Bakery,85.2,4.11,1.0,FULL
2026-06-07 23:15:00,S3,Dairy,13.4,4.85,5.5,OUT
2026-06-07 23:15:00,S4,Beverages,74.3,6.37,1.5,FULL
2026-06-07 23:15:00,S5,Snacks,86.7,2.63,2.0,FULL
2026-06-07 23:15:00,S6,Produce,18.3,5.39,4.5,OUT
2026-06-07 23:15:00,S7,Beverages,0.0,5.5,7.25,OUT
2026-06-07 23:15:00,S8,Bakery,9.9,5.8,4.75,OUT
2026-06-07 23:30:00,S1,Dairy,0.0,6.06,12.5,OUT
2026-06-07 23:30:00,S2,Bakery,82.5,5.33,1.25,FULL
2026-06-07 23:30:00,S3,Dairy,40.9,3.5,5.75,LOW
2026-06-07 23:30:00,S4,Beverages,64.9,5.85,1.75,FULL
2026-06-07 23:30:00,S5,Snacks,81.0,2.74,2.25,FULL
2026-06-07 23:30:00,S6,Produce,10.4,5.55,4.75,OUT
2026-06-07 23:30:00,S7,Beverages,0.0,5.95,,OUT
2026-06-07 23:30:00,S8,Bakery,9.4,5.62,5.0,OUT
2026-06-07 23:45:00,S1,Dairy,0.0,5.31,12.75,OUT
2026-06-07 23:45:00,S2,Bakery,75.5,5.65,1.5,FULL
2026-06-07 23:45:00,S3,Dairy,21.9,4.03,6.0,LOW
2026-06-07 23:45:00,S4,Beverages,63.4,5.87,2.0,FULL
2026-06-07 23:45:00,S5,Snacks,75.2,2.9,2.5,FULL
2026-06-07 23:45:00,S6,Produce,43.6,3.64,5.0,LOW
2026-06-07 23:45:00,S7,Beverages,0.0,5.82,7.75,OUT
2026-06-07 23:45:00,S8,Bakery,0.0,6.62,5.25,OUT
2026-06-08 00:00:00,S1,Dairy,0.0,3.91,13.0,OUT
2026-06-08 00:00:00,S2,Bakery,77.9,4.65,1.75,FULL
2026-06-08 00:00:00,S3,Dairy,0.0,6.35,6.25,OUT
2026-06-08 00:00:00,S4,Beverages,63.1,6.04,2.25,FULL
2026-06-08 00:00:00,S5,Snacks,77.3,2.65,2.75,FULL
2026-06-08 00:00:00,S6,Produce,48.3,3.13,5.25,LOW
2026-06-08 00:00:00,S7,Beverages,0.0,5.87,8.0,OUT
2026-06-08 00:00:00,S8,Bakery,38.6,3.66,5.5,LOW
2026-06-08 00:15:00,S1,Dairy,0.0,4.91,13.25,OUT
2026-06-08 00:15:00,S2,Bakery,60.4,6.97,2.0,FULL
2026-06-08 00:15:00,S3,Dairy,40.8,2.7,6.5,LOW
2026-06-08 00:15:00,S4,Beverages,50.7,6.28,2.5,LOW
2026-06-08 00:15:00,S5,Snacks,65.0,3.55,3.0,FULL
2026-06-08 00:15:00,S6,Produce,48.0,3.12,5.5,LOW
2026-06-08 00:15:00,S7,Beverages,0.0,7.11,8.25,OUT
2026-06-08 00:15:00,S8,Bakery,0.0,6.11,5.75,OUT
2026-06-08 00:30:00,S1,Dairy,100.0,4.36,0.0,FULL
2026-06-08 00:30:00,S2,Bakery,,,2.25,FULL
2026-06-08 00:30:00,S3,Dairy,10.7,4.17,6.75,OUT
2026-06-08 00:30:00,S4,Beverages,55.0,5.21,2.75,LOW
2026-06-08 00:30:00,S5,Snacks,78.5,,3.25,FULL
2026-06-08 00:30:00,S6,Produce,36.8,3.51,5.75,LOW
2026-06-08 00:30:00,S7,Beverages,0.0,4.74,8.5,OUT
2026-06-08 00:30:00,S8,Bakery,0.0,6.08,6.0,OUT
2026-06-08 00:45:00,S1,Dairy,93.7,6.34,0.25,FULL
2026-06-08 00:45:00,S2,Bakery,52.2,5.96,2.5,LOW
2026-06-08 00:45:00,S3,Dairy,0.0,4.42,7.0,OUT
2026-06-08 00:45:00,S4,Beverages,,5.17,3.0,LOW
2026-06-08 00:45:00,S5,Snacks,64.7,3.74,3.5,FULL
2026-06-08 00:45:00,S6,Produce,32.1,3.51,6.0,LOW
2026-06-08 00:45:00,S7,Beverages,0.0,6.24,8.75,OUT
2026-06-08 00:45:00,S8,Bakery,3.0,4.84,6.25,OUT
2026-06-08 01:00:00,S1,Dairy,91.8,4.06,0.5,FULL
2026-06-08 01:00:00,S2,Bakery,59.6,4.55,,LOW
2026-06-08 01:00:00,S3,Dairy,8.5,3.95,7.25,OUT
2026-06-08 01:00:00,S4,Beverages,36.2,6.58,3.25,LOW
2026-06-08 01:00:00,S5,Snacks,63.8,2.68,3.75,FULL
2026-06-08 01:00:00,S6,Produce,44.7,2.64,6.25,LOW
2026-06-08 01:00:00,S7,Beverages,0.0,4.58,9.0,OUT
2026-06-08 01:00:00,S8,Bakery,0.0,4.91,6.5,OUT
2026-06-08 01:15:00,S1,Dairy,94.9,3.09,0.75,FULL
2026-06-08 01:15:00,S2,Bakery,55.9,4.92,3.0,LOW
2026-06-08 01:15:00,S3,Dairy,0.0,4.74,7.5,OUT
2026-06-08 01:15:00,S4,Beverages,30.5,5.73,3.5,LOW
2026-06-08 01:15:00,S5,Snacks,59.4,3.05,4.0,LOW
2026-06-08 01:15:00,S6,Produce,10.3,4.45,6.5,OUT
2026-06-08 01:15:00,S7,Beverages,0.0,5.59,9.25,OUT
2026-06-08 01:15:00,S8,Bakery,0.0,5.1,6.75,OUT
2026-06-08 01:30:00,S1,Dairy,81.0,4.48,1.0,FULL
2026-06-08 01:30:00,S2,Bakery,35.7,5.96,3.25,LOW
2026-06-08 01:30:00,S3,Dairy,3.6,4.01,7.75,OUT
2026-06-08 01:30:00,S4,Beverages,26.6,5.76,3.75,LOW
2026-06-08 01:30:00,S5,Snacks,59.0,3.13,4.25,LOW
2026-06-08 01:30:00,S6,Produce,9.6,4.23,6.75,OUT
2026-06-08 01:30:00,S7,Beverages,0.0,7.28,9.5,OUT
2026-06-08 01:30:00,S8,Bakery,0.0,4.69,7.0,OUT
2026-06-08 01:45:00,S1,Dairy,81.0,4.66,1.25,FULL
2026-06-08 01:45:00,S2,Bakery,36.0,5.47,3.5,LOW
2026-06-08 01:45:00,S3,Dairy,2.3,3.75,8.0,OUT
2026-06-08 01:45:00,S4,Beverages,32.4,5.15,4.0,LOW
2026-06-08 01:45:00,S5,Snacks,63.3,2.71,4.5,FULL
2026-06-08 01:45:00,S6,Produce,7.8,4.0,7.0,OUT
2026-06-08 01:45:00,S7,Beverages,0.0,,9.75,OUT
2026-06-08 01:45:00,S8,Bakery,0.0,4.77,7.25,OUT
2026-06-08 02:00:00,S1,Dairy,76.3,4.52,1.5,FULL
2026-06-08 02:00:00,S2,Bakery,40.1,5.47,3.75,LOW
2026-06-08 02:00:00,S3,Dairy,7.5,3.47,8.25,OUT
2026-06-08 02:00:00,S4,Beverages,11.7,6.92,4.25,OUT
2026-06-08 02:00:00,S5,Snacks,51.0,2.96,4.75,LOW
2026-06-08 02:00:00,S6,Produce,33.7,2.78,7.25,LOW
2026-06-08 02:00:00,S7,Beverages,0.0,5.53,10.0,OUT
2026-06-08 02:00:00,S8,Bakery,0.0,5.29,7.5,OUT
2026-06-08 02:15:00,S1,Dairy,85.8,3.31,1.75,FULL
2026-06-08 02:15:00,S2,Bakery,25.4,5.41,4.0,LOW
2026-06-08 02:15:00,S3,Dairy,0.0,4.03,8.5,OUT
2026-06-08 02:15:00,S4,Beverages,35.4,4.47,4.5,LOW
2026-06-08 02:15:00,S5,Snacks,46.6,3.68,5.0,LOW
2026-06-08 02:15:00,S6,Produce,28.8,2.77,7.5,LOW
2026-06-08 02:15:00,S7,Beverages,0.0,4.45,10.25,OUT
2026-06-08 02:15:00,S8,Bakery,0.0,5.41,7.75,OUT
2026-06-08 02:30:00,S1,Dairy,70.0,5.21,2.0,FULL
2026-06-08 02:30:00,S2,Bakery,48.2,3.71,4.25,LOW
2026-06-08 02:30:00,S3,Dairy,0.0,3.67,8.75,OUT
2026-06-08 02:30:00,S4,Beverages,8.4,6.06,4.75,OUT
2026-06-08 02:30:00,S5,Snacks,44.3,3.26,5.25,LOW
2026-06-08 02:30:00,S6,Produce,0.0,4.5,7.75,OUT
2026-06-08 02:30:00,S7,Beverages,0.0,4.47,10.5,OUT
2026-06-08 02:30:00,S8,Bakery,0.0,4.11,8.0,OUT
2026-06-08 02:45:00,S1,Dairy,77.4,3.3,2.25,FULL
2026-06-08 02:45:00,S2,Bakery,10.5,6.34,4.5,OUT
2026-06-08 02:45:00,S3,Dairy,41.6,2.22,9.0,LOW
2026-06-08 02:45:00,S4,Beverages,0.0,6.14,5.0,OUT
2026-06-08 02:45:00,S5,Snacks,38.7,3.42,5.5,LOW
2026-06-08 02:45:00,S6,Produce,34.4,2.61,8.0,LOW
2026-06-08 02:45:00,S7,Beverages,,6.27,10.75,OUT
2026-06-08 02:45:00,S8,Bakery,0.0,4.1,8.25,OUT
2026-06-08 03:00:00,S1,Dairy,63.1,4.33,2.5,FULL
2026-06-08 03:00:00,S2,Bakery,44.6,3.64,4.75,LOW
2026-06-08 03:00:00,S3,Dairy,0.0,5.53,9.25,OUT
2026-06-08 03:00:00,S4,Beverages,0.0,6.65,5.25,OUT
2026-06-08 03:00:00,S5,Snacks,34.4,3.67,5.75,LOW
2026-06-08 03:00:00,S6,Produce,3.0,3.81,8.25,OUT
2026-06-08 03:00:00,S7,Beverages,0.0,6.83,11.0,OUT
2026-06-08 03:00:00,S8,Bakery,0.0,4.6,8.5,OUT
2026-06-08 03:15:00,S1,Dairy,73.4,3.32,2.75,FULL
2026-06-08 03:15:00,S2,Bakery,13.3,5.49,5.0,OUT
2026-06-08 03:15:00,S3,Dairy,0.0,5.8,9.5,OUT
2026-06-08 03:15:00,S4,Beverages,0.0,6.37,5.5,OUT
2026-06-08 03:15:00,S5,Snacks,28.7,3.91,6.0,LOW
2026-06-08 03:15:00,S6,Produce,18.5,3.2,8.5,OUT
2026-06-08 03:15:00,S7,Beverages,0.0,5.82,11.25,OUT
2026-06-08 03:15:00,S8,Bakery,0.0,6.3,8.75,OUT
2026-06-08 03:30:00,S1,Dairy,42.0,5.79,3.0,LOW
2026-06-08 03:30:00,S2,Bakery,0.0,6.06,5.25,OUT
2026-06-08 03:30:00,S3,Dairy,0.0,4.64,9.75,OUT
2026-06-08 03:30:00,S4,Beverages,0.0,6.0,5.75,OUT
2026-06-08 03:30:00,S5,Snacks,14.1,4.47,6.25,OUT
2026-06-08 03:30:00,S6,Produce,,4.04,8.75,OUT
2026-06-08 03:30:00,S7,Beverages,0.0,5.99,11.5,OUT
2026-06-08 03:30:00,S8,Bakery,0.0,4.37,9.0,OUT
2026-06-08 03:45:00,S1,Dairy,40.8,5.11,3.25,LOW
2026-06-08 03:45:00,S2,Bakery,11.4,5.47,5.5,OUT
2026-06-08 03:45:00,S3,Dairy,0.0,4.05,10.0,OUT
2026-06-08 03:45:00,S4,Beverages,0.0,6.94,6.0,OUT
2026-06-08 03:45:00,S5,Snacks,85.9,0.82,6.5,FULL
2026-06-08 03:45:00,S6,Produce,4.1,3.27,9.0,OUT
2026-06-08 03:45:00,S7,Beverages,0.0,5.43,11.75,OUT
2026-06-08 03:45:00,S8,Bakery,,4.35,9.25,OUT
2026-06-08 04:00:00,S1,Dairy,54.4,4.09,3.5,LOW
2026-06-08 04:00:00,S2,Bakery,23.2,4.56,5.75,LOW
2026-06-08 04:00:00,S3,Dairy,0.0,3.57,10.25,OUT
2026-06-08 04:00:00,S4,Beverages,0.0,6.68,6.25,OUT
2026-06-08 04:00:00,S5,Snacks,2.6,4.41,6.75,OUT
2026-06-08 04:00:00,S6,Produce,0.0,4.34,9.25,OUT
2026-06-08 04:00:00,S7,Beverages,0.0,5.3,12.0,OUT
2026-06-08 04:00:00,S8,Bakery,0.0,6.83,9.5,OUT
2026-06-08 04:15:00,S1,Dairy,59.2,3.63,3.75,LOW
2026-06-08 04:15:00,S2,Bakery,0.0,5.38,6.0,OUT
2026-06-08 04:15:00,S3,Dairy,0.0,6.27,10.5,OUT
2026-06-08 04:15:00,S4,Beverages,0.0,5.94,6.5,OUT
2026-06-08 04:15:00,S5,Snacks,5.2,4.24,7.0,OUT
2026-06-08 04:15:00,S6,Produce,20.1,2.55,9.5,LOW
2026-06-08 04:15:00,S7,Beverages,0.0,5.72,12.25,OUT
2026-06-08 04:15:00,S8,Bakery,0.0,7.86,9.75,OUT
2026-06-08 04:30:00,S1,Dairy,37.8,5.31,4.0,LOW
2026-06-08 04:30:00,S2,Bakery,0.0,5.16,6.25,OUT
2026-06-08 04:30:00,S3,Dairy,0.0,3.76,10.75,OUT
2026-06-08 04:30:00,S4,Beverages,0.0,8.06,,OUT
2026-06-08 04:30:00,S5,Snacks,,1.64,7.25,FULL
2026-06-08 04:30:00,S6,Produce,0.0,3.97,9.75,OUT
2026-06-08 04:30:00,S7,Beverages,0.0,6.71,12.5,OUT
2026-06-08 04:30:00,S8,Bakery,0.0,4.68,10.0,OUT
2026-06-08 04:45:00,S1,Dairy,44.4,4.12,4.25,LOW
2026-06-08 04:45:00,S2,Bakery,18.8,4.1,6.5,OUT
2026-06-08 04:45:00,S3,Dairy,0.0,3.87,11.0,OUT
2026-06-08 04:45:00,S4,Beverages,0.0,6.25,7.0,OUT
2026-06-08 04:45:00,S5,Snacks,0.0,4.63,7.5,OUT
2026-06-08 04:45:00,S6,Produce,0.0,3.9,10.0,OUT
2026-06-08 04:45:00,S7,Beverages,0.0,6.47,12.75,OUT
2026-06-08 04:45:00,S8,Bakery,,,10.25,OUT
2026-06-08 05:00:00,S1,Dairy,38.6,4.16,4.5,LOW
2026-06-08 05:00:00,S2,Bakery,0.0,4.5,6.75,OUT
2026-06-08 05:00:00,S3,Dairy,0.0,4.31,11.25,OUT
2026-06-08 05:00:00,S4,Beverages,0.0,5.2,7.25,OUT
2026-06-08 05:00:00,S5,Snacks,54.6,1.84,7.75,LOW
2026-06-08 05:00:00,S6,Produce,3.8,3.0,10.25,OUT
2026-06-08 05:00:00,S7,Beverages,0.0,7.29,13.0,OUT
2026-06-08 05:00:00,S8,Bakery,0.0,4.24,10.5,OUT
2026-06-08 05:15:00,S1,Dairy,49.1,3.29,4.75,LOW
2026-06-08 05:15:00,S2,Bakery,18.6,3.69,7.0,OUT
2026-06-08 05:15:00,S3,Dairy,0.0,3.93,11.5,OUT
2026-06-08 05:15:00,S4,Beverages,0.0,6.21,7.5,OUT
2026-06-08 05:15:00,S5,Snacks,9.0,3.69,8.0,OUT
2026-06-08 05:15:00,S6,Produce,0.0,5.25,10.5,OUT
2026-06-08 05:15:00,S7,Beverages,0.0,7.92,13.25,OUT
2026-06-08 05:15:00,S8,Bakery,0.0,5.0,10.75,OUT
2026-06-08 05:30:00,S1,Dairy,20.1,4.85,5.0,LOW
2026-06-08 05:30:00,S2,Bakery,5.3,4.17,7.25,OUT
2026-06-08 05:30:00,S3,Dairy,0.0,3.45,11.75,OUT
2026-06-08 05:30:00,S4,Beverages,0.0,5.49,7.75,OUT
2026-06-08 05:30:00,S5,Snacks,0.0,4.74,8.25,OUT
2026-06-08 05:30:00,S6,Produce,0.0,4.16,10.75,OUT
2026-06-08 05:30:00,S7,Beverages,0.0,6.21,13.5,OUT
2026-06-08 05:30:00,S8,Bakery,100.0,3.7,0.0,FULL
2026-06-08 05:45:00,S1,Dairy,42.3,3.33,5.25,LOW
2026-06-08 05:45:00,S2,Bakery,0.0,5.48,7.5,OUT
2026-06-08 05:45:00,S3,Dairy,0.0,4.05,12.0,OUT
2026-06-08 05:45:00,S4,Beverages,0.0,6.17,8.0,OUT
2026-06-08 05:45:00,S5,Snacks,21.8,3.08,8.5,LOW
2026-06-08 05:45:00,S6,Produce,0.0,3.94,11.0,OUT
2026-06-08 05:45:00,S7,Beverages,0.0,5.73,13.75,OUT
2026-06-08 05:45:00,S8,Bakery,94.6,4.76,0.25,FULL
2026-06-08 06:00:00,S1,Dairy,42.2,3.19,5.5,LOW
2026-06-08 06:00:00,S2,Bakery,0.0,4.82,7.75,OUT
2026-06-08 06:00:00,S3,Dairy,0.0,3.72,12.25,OUT
2026-06-08 06:00:00,S4,Beverages,0.0,5.87,8.25,OUT
2026-06-08 06:00:00,S5,Snacks,0.0,3.97,8.75,OUT
2026-06-08 06:00:00,S6,Produce,0.0,3.72,11.25,OUT
2026-06-08 06:00:00,S7,Beverages,0.0,5.6,14.0,OUT
2026-06-08 06:00:00,S8,Bakery,94.0,4.12,0.5,FULL
2026-06-08 06:15:00,S1,Dairy,1.3,5.5,5.75,OUT
2026-06-08 06:15:00,S2,Bakery,4.9,3.76,8.0,OUT
2026-06-08 06:15:00,S3,Dairy,0.0,4.99,12.5,OUT
2026-06-08 06:15:00,S4,Beverages,0.0,8.7,8.5,OUT
2026-06-08 06:15:00,S5,Snacks,2.3,3.19,9.0,OUT
2026-06-08 06:15:00,S6,Produce,8.0,2.63,11.5,OUT
2026-06-08 06:15:00,S7,Beverages,0.0,6.84,14.25,OUT
2026-06-08 06:15:00,S8,Bakery,88.5,5.04,0.75,FULL
2026-06-08 06:30:00,S1,Dairy,17.8,4.62,6.0,OUT
2026-06-08 06:30:00,S2,Bakery,0.0,5.38,8.25,OUT
2026-06-08 06:30:00,S3,Dairy,0.0,4.07,12.75,OUT
2026-06-08 06:30:00,S4,Beverages,0.0,4.18,8.75,OUT
2026-06-08 06:30:00,S5,Snacks,25.2,2.5,9.25,LOW
2026-06-08 06:30:00,S6,Produce,0.0,5.06,11.75,OUT
2026-06-08 06:30:00,S7,Beverages,0.0,7.03,14.5,OUT
2026-06-08 06:30:00,S8,Bakery,80.3,4.93,1.0,FULL
2026-06-08 06:45:00,S1,Dairy,0.0,5.84,6.25,OUT
2026-06-08 06:45:00,S2,Bakery,0.0,4.43,8.5,OUT
2026-06-08 06:45:00,S3,Dairy,0.0,3.55,13.0,OUT
2026-06-08 06:45:00,S4,Beverages,0.0,6.0,9.0,OUT
2026-06-08 06:45:00,S5,Snacks,37.7,2.01,9.5,LOW
2026-06-08 06:45:00,S6,Produce,0.0,5.0,12.0,OUT
2026-06-08 06:45:00,S7,Beverages,0.0,6.12,14.75,OUT
2026-06-08 06:45:00,S8,Bakery,81.3,5.2,1.25,FULL
2026-06-08 07:00:00,S1,Dairy,0.0,,6.5,OUT
2026-06-08 07:00:00,S2,Bakery,0.0,5.19,8.75,OUT
2026-06-08 07:00:00,S3,Dairy,0.0,4.76,13.25,OUT
2026-06-08 07:00:00,S4,Beverages,0.0,8.69,,OUT
2026-06-08 07:00:00,S5,Snacks,0.0,4.29,9.75,OUT
2026-06-08 07:00:00,S6,Produce,0.0,5.72,12.25,OUT
2026-06-08 07:00:00,S7,Beverages,0.0,5.85,15.0,OUT
2026-06-08 07:00:00,S8,Bakery,82.2,4.29,1.5,FULL
2026-06-08 07:15:00,S1,Dairy,17.9,3.85,6.75,OUT
2026-06-08 07:15:00,S2,Bakery,0.0,4.08,9.0,OUT
2026-06-08 07:15:00,S3,Dairy,0.0,4.63,13.5,OUT
2026-06-08 07:15:00,S4,Beverages,0.0,6.72,9.5,OUT
2026-06-08 07:15:00,S5,Snacks,25.3,2.36,10.0,LOW
2026-06-08 07:15:00,S6,Produce,0.0,2.59,12.5,OUT
2026-06-08 07:15:00,S7,Beverages,0.0,6.08,15.25,OUT
2026-06-08 07:15:00,S8,Bakery,68.9,5.57,1.75,FULL
2026-06-08 07:30:00,S1,Dairy,0.0,5.58,7.0,OUT
2026-06-08 07:30:00,S2,Bakery,0.0,3.86,9.25,OUT
2026-06-08 07:30:00,S3,Dairy,0.0,4.93,13.75,OUT
2026-06-08 07:30:00,S4,Beverages,0.0,5.16,9.75,OUT
2026-06-08 07:30:00,S5,Snacks,0.0,3.25,10.25,OUT
2026-06-08 07:30:00,S6,Produce,0.0,4.68,12.75,OUT
2026-06-08 07:30:00,S7,Beverages,0.0,5.15,15.5,OUT
2026-06-08 07:30:00,S8,Bakery,76.0,4.24,2.0,FULL
2026-06-08 07:45:00,S1,Dairy,0.0,5.58,7.25,OUT
2026-06-08 07:45:00,S2,Bakery,0.0,4.17,9.5,OUT
2026-06-08 07:45:00,S3,Dairy,0.0,6.15,14.0,OUT
2026-06-08 07:45:00,S4,Beverages,0.0,6.74,10.0,OUT
2026-06-08 07:45:00,S5,Snacks,0.0,2.99,10.5,OUT
2026-06-08 07:45:00,S6,Produce,0.0,3.93,13.0,OUT
2026-06-08 07:45:00,S7,Beverages,0.0,6.69,15.75,OUT
2026-06-08 07:45:00,S8,Bakery,46.8,7.56,2.25,LOW
2026-06-08 08:00:00,S1,Dairy,0.0,6.43,7.5,OUT
2026-06-08 08:00:00,S2,Bakery,0.0,4.35,9.75,OUT
2026-06-08 08:00:00,S3,Dairy,0.0,3.57,14.25,OUT
2026-06-08 08:00:00,S4,Beverages,0.0,5.49,10.25,OUT
2026-06-08 08:00:00,S5,Snacks,64.6,1.06,10.75,FULL
2026-06-08 08:00:00,S6,Produce,0.0,3.32,13.25,OUT
2026-06-08 08:00:00,S7,Beverages,0.0,5.84,16.0,OUT
2026-06-08 08:00:00,S8,Bakery,61.0,4.42,2.5,FULL
2026-06-08 08:15:00,S1,Dairy,0.0,5.6,7.75,OUT
2026-06-08 08:15:00,S2,Bakery,0.0,4.94,10.0,OUT
2026-06-08 08:15:00,S3,Dairy,100.0,5.0,0.0,FULL
2026-06-08 08:15:00,S4,Beverages,0.0,4.59,10.5,OUT
2026-06-08 08:15:00,S5,Snacks,28.1,1.97,11.0,LOW
2026-06-08 08:15:00,S6,Produce,0.0,2.89,13.5,OUT
2026-06-08 08:15:00,S7,Beverages,0.0,4.98,16.25,OUT
2026-06-08 08:15:00,S8,Bakery,54.7,4.42,2.75,LOW
2026-06-08 08:30:00,S1,Dairy,0.0,3.89,8.0,OUT
2026-06-08 08:30:00,S2,Bakery,0.0,3.87,10.25,OUT
2026-06-08 08:30:00,S3,Dairy,96.1,4.1,0.25,FULL
2026-06-08 08:30:00,S4,Beverages,0.0,4.79,10.75,OUT
2026-06-08 08:30:00,S5,Snacks,35.9,1.84,11.25,LOW
2026-06-08 08:30:00,S6,Produce,0.0,3.34,13.75,OUT
2026-06-08 08:30:00,S7,Beverages,0.0,3.87,16.5,OUT
2026-06-08 08:30:00,S8,Bakery,66.8,3.28,3.0,FULL
2026-06-08 08:45:00,S1,Dairy,0.0,4.59,8.25,OUT
2026-06-08 08:45:00,S2,Bakery,0.0,4.16,10.5,OUT
2026-06-08 08:45:00,S3,Dairy,87.4,6.91,0.5,FULL
2026-06-08 08:45:00,S4,Beverages,0.0,6.39,11.0,OUT
2026-06-08 08:45:00,S5,Snacks,69.3,0.79,11.5,FULL
2026-06-08 08:45:00,S6,Produce,97.4,3.65,0.0,FULL
2026-06-08 08:45:00,S7,Beverages,0.0,4.14,16.75,OUT
2026-06-08 08:45:00,S8,Bakery,33.3,6.48,3.25,LOW
2026-06-08 09:00:00,S1,Dairy,0.0,5.66,8.5,OUT
2026-06-08 09:00:00,S2,Bakery,0.0,5.42,10.75,OUT
2026-06-08 09:00:00,S3,Dairy,86.9,4.84,0.75,FULL
2026-06-08 09:00:00,S4,Beverages,0.0,5.9,11.25,OUT
2026-06-08 09:00:00,S5,Snacks,41.9,1.56,11.75,LOW
2026-06-08 09:00:00,S6,Produce,97.7,3.51,0.25,FULL
2026-06-08 09:00:00,S7,Beverages,100.0,4.74,0.0,FULL
2026-06-08 09:00:00,S8,Bakery,,7.09,3.5,LOW
2026-06-08 09:15:00,S1,Dairy,0.1,3.64,8.75,OUT
2026-06-08 09:15:00,S2,Bakery,0.0,4.46,11.0,OUT
2026-06-08 09:15:00,S3,Dairy,90.7,3.21,1.0,FULL
2026-06-08 09:15:00,S4,Beverages,0.0,5.3,11.5,OUT
2026-06-08 09:15:00,S5,Snacks,10.7,2.29,12.0,OUT
2026-06-08 09:15:00,S6,Produce,91.6,4.61,0.5,FULL
2026-06-08 09:15:00,S7,Beverages,94.6,7.38,0.25,FULL
2026-06-08 09:15:00,S8,Bakery,54.5,3.71,3.75,LOW
2026-06-08 09:30:00,S1,Dairy,0.0,5.31,9.0,OUT
2026-06-08 09:30:00,S2,Bakery,0.0,5.78,11.25,OUT
2026-06-08 09:30:00,S3,Dairy,77.6,5.12,1.25,FULL
2026-06-08 09:30:00,S4,Beverages,0.0,6.6,11.75,OUT
2026-06-08 09:30:00,S5,Snacks,0.0,3.87,12.25,OUT
2026-06-08 09:30:00,S6,Produce,85.5,3.95,0.75,FULL
2026-06-08 09:30:00,S7,Beverages,90.5,5.49,0.5,FULL
2026-06-08 09:30:00,S8,Bakery,33.0,5.06,4.0,LOW
2026-06-08 09:45:00,S1,Dairy,0.0,5.36,9.25,OUT
2026-06-08 09:45:00,S2,Bakery,,4.92,11.5,OUT
2026-06-08 09:45:00,S3,Dairy,86.7,2.6,1.5,FULL
2026-06-08 09:45:00,S4,Beverages,0.0,4.92,12.0,OUT
2026-06-08 09:45:00,S5,Snacks,9.8,2.35,12.5,OUT
2026-06-08 09:45:00,S6,Produce,95.5,2.03,1.0,FULL
2026-06-08 09:45:00,S7,Beverages,87.2,5.96,0.75,FULL
2026-06-08 09:45:00,S8,Bakery,36.8,4.88,4.25,LOW
2026-06-08 10:00:00,S1,Dairy,17.9,2.72,9.5,OUT
2026-06-08 10:00:00,S2,Bakery,0.0,5.01,11.75,OUT
2026-06-08 10:00:00,S3,Dairy,72.5,5.41,1.75,FULL
2026-06-08 10:00:00,S4,Beverages,99.8,5.98,0.0,FULL
2026-06-08 10:00:00,S5,Snacks,0.0,2.71,12.75,OUT
2026-06-08 10:00:00,S6,Produce,80.8,4.81,1.25,FULL
2026-06-08 10:00:00,S7,Beverages,87.9,5.71,1.0,FULL
2026-06-08 10:00:00,S8,Bakery,34.3,4.81,4.5,LOW
2026-06-08 10:15:00,S1,Dairy,0.0,4.78,9.75,OUT
2026-06-08 10:15:00,S2,Bakery,0.0,5.96,12.0,OUT
2026-06-08 10:15:00,S3,Dairy,79.8,3.66,2.0,FULL
2026-06-08 10:15:00,S4,Beverages,94.4,7.21,0.25,FULL
2026-06-08 10:15:00,S5,Snacks,0.0,4.02,13.0,OUT
2026-06-08 10:15:00,S6,Produce,74.0,6.62,1.5,FULL
2026-06-08 10:15:00,S7,Beverages,74.0,6.34,1.25,FULL
2026-06-08 10:15:00,S8,Bakery,6.4,5.94,4.75,OUT
2026-06-08 10:30:00,S1,Dairy,0.0,6.07,10.0,OUT
2026-06-08 10:30:00,S2,Bakery,0.0,4.55,12.25,OUT
2026-06-08 10:30:00,S3,Dairy,64.1,5.11,2.25,FULL
2026-06-08 10:30:00,S4,Beverages,95.5,6.63,0.5,FULL
2026-06-08 10:30:00,S5,Snacks,3.8,2.35,13.25,OUT
2026-06-08 10:30:00,S6,Produce,82.0,3.24,1.75,FULL
2026-06-08 10:30:00,S7,Beverages,72.4,5.04,1.5,FULL
2026-06-08 10:30:00,S8,Bakery,13.9,5.26,5.0,OUT
2026-06-08 10:45:00,S1,Dairy,0.0,5.38,10.25,OUT
2026-06-08 10:45:00,S2,Bakery,0.0,4.69,12.5,OUT
2026-06-08 10:45:00,S3,Dairy,58.3,5.63,2.5,LOW
2026-06-08 10:45:00,S4,Beverages,86.7,6.46,0.75,FULL
2026-06-08 10:45:00,S5,Snacks,0.0,3.55,13.5,OUT
2026-06-08 10:45:00,S6,Produce,70.7,4.86,2.0,FULL
2026-06-08 10:45:00,S7,Beverages,65.9,5.56,1.75,FULL
2026-06-08 10:45:00,S8,Bakery,24.3,4.22,5.25,LOW
2026-06-08 11:00:00,S1,Dairy,0.0,5.2,10.5,OUT
2026-06-08 11:00:00,S2,Bakery,0.0,5.74,,OUT
2026-06-08 11:00:00,S3,Dairy,60.4,4.45,2.75,FULL
2026-06-08 11:00:00,S4,Beverages,85.2,5.2,1.0,FULL
2026-06-08 11:00:00,S5,Snacks,0.0,,13.75,OUT
2026-06-08 11:00:00,S6,Produce,80.2,2.96,2.25,FULL
2026-06-08 11:00:00,S7,Beverages,61.5,6.65,2.0,FULL
2026-06-08 11:00:00,S8,Bakery,17.8,4.37,5.5,OUT
2026-06-08 11:15:00,S1,Dairy,100.0,4.81,0.0,FULL
2026-06-08 11:15:00,S2,Bakery,0.0,6.61,13.0,OUT
2026-06-08 11:15:00,S3,Dairy,74.8,2.29,3.0,FULL
2026-06-08 11:15:00,S4,Beverages,78.0,6.57,1.25,FULL
2026-06-08 11:15:00,S5,Snacks,0.0,2.46,14.0,OUT
2026-06-08 11:15:00,S6,Produce,70.9,3.87,2.5,FULL
2026-06-08 11:15:00,S7,Beverages,47.5,7.71,2.25,LOW
2026-06-08 11:15:00,S8,Bakery,30.0,3.92,5.75,LOW
2026-06-08 11:30:00,S1,Dairy,96.0,3.87,0.25,FULL
2026-06-08 11:30:00,S2,Bakery,0.0,,13.25,OUT
2026-06-08 11:30:00,S3,Dairy,55.9,3.88,3.25,LOW
2026-06-08 11:30:00,S4,Beverages,66.9,6.58,1.5,FULL
2026-06-08 11:30:00,S5,Snacks,35.6,1.44,14.25,LOW
2026-06-08 11:30:00,S6,Produce,73.1,2.84,2.75,FULL
2026-06-08 11:30:00,S7,Beverages,68.0,4.12,2.5,FULL
2026-06-08 11:30:00,S8,Bakery,18.2,4.56,6.0,OUT
2026-06-08 11:45:00,S1,Dairy,92.7,5.6,0.5,FULL
2026-06-08 11:45:00,S2,Bakery,0.0,3.61,,OUT
2026-06-08 11:45:00,S3,Dairy,43.9,4.6,3.5,LOW
2026-06-08 11:45:00,S4,Beverages,71.1,5.74,1.75,FULL
2026-06-08 11:45:00,S5,Snacks,0.0,4.92,14.5,OUT
2026-06-08 11:45:00,S6,Produce,57.9,4.64,3.0,LOW
2026-06-08 11:45:00,S7,Beverages,44.8,6.71,2.75,LOW
2026-06-08 11:45:00,S8,Bakery,9.5,4.37,6.25,OUT
2026-06-08 12:00:00,S1,Dairy,84.0,6.17,0.75,FULL
2026-06-08 12:00:00,S2,Bakery,0.0,5.31,13.75,OUT
2026-06-08 12:00:00,S3,Dairy,43.6,4.89,3.75,LOW
2026-06-08 12:00:00,S4,Beverages,53.7,6.9,2.0,LOW
2026-06-08 12:00:00,S5,Snacks,0.0,3.28,14.75,OUT
2026-06-08 12:00:00,S6,Produce,57.3,3.98,3.25,LOW
2026-06-08 12:00:00,S7,Beverages,48.2,5.43,3.0,LOW
2026-06-08 12:00:00,S8,Bakery,16.7,3.98,6.5,OUT
2026-06-08 12:15:00,S1,Dairy,74.7,6.1,1.0,FULL
2026-06-08 12:15:00,S2,Bakery,0.0,5.32,14.0,OUT
2026-06-08 12:15:00,S3,Dairy,44.2,4.28,4.0,LOW
2026-06-08 12:15:00,S4,Beverages,52.5,6.21,2.25,LOW
2026-06-08 12:15:00,S5,Snacks,22.3,1.57,15.0,LOW
2026-06-08 12:15:00,S6,Produce,65.1,3.77,3.5,FULL
2026-06-08 12:15:00,S7,Beverages,46.3,5.96,3.25,LOW
2026-06-08 12:15:00,S8,Bakery,0.0,6.93,6.75,OUT
2026-06-08 12:30:00,S1,Dairy,80.4,4.33,1.25,FULL
2026-06-08 12:30:00,S2,Bakery,0.0,4.58,14.25,OUT
2026-06-08 12:30:00,S3,Dairy,20.4,6.14,4.25,LOW
2026-06-08 12:30:00,S4,Beverages,49.5,6.49,2.5,LOW
2026-06-08 12:30:00,S5,Snacks,0.0,3.57,15.25,OUT
2026-06-08 12:30:00,S6,Produce,52.5,4.27,3.75,LOW
2026-06-08 12:30:00,S7,Beverages,30.0,6.51,3.5,LOW
2026-06-08 12:30:00,S8,Bakery,17.3,3.57,7.0,OUT
2026-06-08 12:45:00,S1,Dairy,75.1,5.83,1.5,FULL
2026-06-08 12:45:00,S2,Bakery,0.0,4.81,14.5,OUT
2026-06-08 12:45:00,S3,Dairy,69.2,2.59,4.5,FULL
2026-06-08 12:45:00,S4,Beverages,45.5,6.96,2.75,LOW
2026-06-08 12:45:00,S5,Snacks,,3.47,15.5,OUT
2026-06-08 12:45:00,S6,Produce,51.0,4.03,4.0,LOW
2026-06-08 12:45:00,S7,Beverages,17.5,6.99,3.75,OUT
2026-06-08 12:45:00,S8,Bakery,0.0,4.6,7.25,OUT
2026-06-08 13:00:00,S1,Dairy,74.3,4.97,1.75,FULL
2026-06-08 13:00:00,S2,Bakery,0.0,3.43,14.75,OUT
2026-06-08 13:00:00,S3,Dairy,33.1,4.58,4.75,LOW
2026-06-08 13:00:00,S4,Beverages,42.1,5.73,3.0,LOW
2026-06-08 13:00:00,S5,Snacks,0.0,4.09,15.75,OUT
2026-06-08 13:00:00,S6,Produce,58.0,2.89,4.25,LOW
2026-06-08 13:00:00,S7,Beverages,33.1,5.06,4.0,LOW
2026-06-08 13:00:00,S8,Bakery,0.0,5.96,7.5,OUT
2026-06-08 13:15:00,S1,Dairy,93.8,1.5,2.0,FULL
2026-06-08 13:15:00,S2,Bakery,0.0,4.71,15.0,OUT
2026-06-08 13:15:00,S3,Dairy,24.3,4.63,5.0,LOW
2026-06-08 13:15:00,S4,Beverages,50.9,5.14,3.25,LOW
2026-06-08 13:15:00,S5,Snacks,10.8,1.73,16.0,OUT
2026-06-08 13:15:00,S6,Produce,63.6,2.91,4.5,FULL
2026-06-08 13:15:00,S7,Beverages,6.9,7.07,4.25,OUT
2026-06-08 13:15:00,S8,Bakery,0.0,5.9,7.75,OUT
2026-06-08 13:30:00,S1,Dairy,66.8,5.6,2.25,FULL
2026-06-08 13:30:00,S2,Bakery,0.0,4.35,,OUT
2026-06-08 13:30:00,S3,Dairy,20.0,4.88,5.25,OUT
2026-06-08 13:30:00,S4,Beverages,35.4,5.97,3.5,LOW
2026-06-08 13:30:00,S5,Snacks,0.0,2.68,16.25,OUT
2026-06-08 13:30:00,S6,Produce,39.6,4.21,4.75,LOW
2026-06-08 13:30:00,S7,Beverages,0.0,7.51,4.5,OUT
2026-06-08 13:30:00,S8,Bakery,19.8,2.94,8.0,OUT
2026-06-08 13:45:00,S1,Dairy,77.8,2.85,2.5,FULL
2026-06-08 13:45:00,S2,Bakery,0.0,7.02,15.5,OUT
2026-06-08 13:45:00,S3,Dairy,0.0,6.86,5.5,OUT
2026-06-08 13:45:00,S4,Beverages,27.9,6.19,3.75,LOW
2026-06-08 13:45:00,S5,Snacks,0.0,4.22,16.5,OUT
2026-06-08 13:45:00,S6,Produce,36.9,4.02,5.0,LOW
2026-06-08 13:45:00,S7,Beverages,0.0,7.36,4.75,OUT
2026-06-08 13:45:00,S8,Bakery,0.0,4.85,8.25,OUT
2026-06-08 14:00:00,S1,Dairy,59.3,4.47,2.75,LOW
2026-06-08 14:00:00,S2,Bakery,0.0,5.7,15.75,OUT
2026-06-08 14:00:00,S3,Dairy,27.3,4.13,5.75,LOW
2026-06-08 14:00:00,S4,Beverages,22.6,6.38,4.0,LOW
2026-06-08 14:00:00,S5,Snacks,0.0,2.85,16.75,OUT
2026-06-08 14:00:00,S6,Produce,21.7,4.35,,LOW
2026-06-08 14:00:00,S7,Beverages,12.5,5.47,5.0,OUT
2026-06-08 14:00:00,S8,Bakery,0.0,3.92,8.5,OUT
2026-06-08 14:15:00,S1,Dairy,37.5,6.07,3.0,LOW
2026-06-08 14:15:00,S2,Bakery,0.0,4.21,16.0,OUT
2026-06-08 14:15:00,S3,Dairy,0.0,4.8,6.0,OUT
2026-06-08 14:15:00,S4,Beverages,6.3,6.6,4.25,OUT
2026-06-08 14:15:00,S5,Snacks,0.0,1.84,17.0,OUT
2026-06-08 14:15:00,S6,Produce,27.4,4.18,5.5,LOW
2026-06-08 14:15:00,S7,Beverages,0.0,6.19,5.25,OUT
2026-06-08 14:15:00,S8,Bakery,0.0,5.83,8.75,OUT
2026-06-08 14:30:00,S1,Dairy,60.6,3.58,3.25,FULL
2026-06-08 14:30:00,S2,Bakery,0.0,4.36,16.25,OUT
2026-06-08 14:30:00,S3,Dairy,0.0,5.54,6.25,OUT
2026-06-08 14:30:00,S4,Beverages,0.0,7.99,4.5,OUT
2026-06-08 14:30:00,S5,Snacks,0.0,4.93,17.25,OUT
2026-06-08 14:30:00,S6,Produce,11.9,4.61,5.75,OUT
2026-06-08 14:30:00,S7,Beverages,0.0,8.55,5.5,OUT
2026-06-08 14:30:00,S8,Bakery,0.0,7.14,9.0,OUT
2026-06-08 14:45:00,S1,Dairy,53.4,4.39,3.5,LOW
2026-06-08 14:45:00,S2,Bakery,0.0,5.47,16.5,OUT
2026-06-08 14:45:00,S3,Dairy,3.6,4.66,6.5,OUT
2026-06-08 14:45:00,S4,Beverages,0.2,6.53,4.75,OUT
2026-06-08 14:45:00,S5,Snacks,0.0,2.44,17.5,OUT
2026-06-08 14:45:00,S6,Produce,17.1,4.48,,OUT
2026-06-08 14:45:00,S7,Beverages,0.0,6.53,5.75,OUT
2026-06-08 14:45:00,S8,Bakery,0.0,4.51,9.25,OUT
2026-06-08 15:00:00,S1,Dairy,43.6,4.28,3.75,LOW
2026-06-08 15:00:00,S2,Bakery,0.0,5.06,16.75,OUT
2026-06-08 15:00:00,S3,Dairy,14.2,4.03,6.75,OUT
2026-06-08 15:00:00,S4,Beverages,25.2,4.59,5.0,LOW
2026-06-08 15:00:00,S5,Snacks,100.0,2.08,0.0,FULL
2026-06-08 15:00:00,S6,Produce,27.7,3.56,6.25,LOW
2026-06-08 15:00:00,S7,Beverages,0.0,6.33,6.0,OUT
2026-06-08 15:00:00,S8,Bakery,0.0,6.69,9.5,OUT
2026-06-08 15:15:00,S1,Dairy,72.6,2.23,4.0,FULL
2026-06-08 15:15:00,S2,Bakery,0.0,4.72,17.0,OUT
2026-06-08 15:15:00,S3,Dairy,36.8,3.04,7.0,LOW
2026-06-08 15:15:00,S4,Beverages,,6.63,5.25,OUT
2026-06-08 15:15:00,S5,Snacks,95.7,2.54,0.25,FULL
2026-06-08 15:15:00,S6,Produce,3.2,4.54,6.5,OUT
2026-06-08 15:15:00,S7,Beverages,0.0,6.97,6.25,OUT
2026-06-08 15:15:00,S8,Bakery,0.0,4.74,9.75,OUT
2026-06-08 15:30:00,S1,Dairy,21.8,5.69,4.25,LOW
2026-06-08 15:30:00,S2,Bakery,0.0,5.21,17.25,OUT
2026-06-08 15:30:00,S3,Dairy,32.7,2.92,7.25,LOW
2026-06-08 15:30:00,S4,Beverages,15.1,4.67,5.5,OUT
2026-06-08 15:30:00,S5,Snacks,98.9,2.0,,FULL
2026-06-08 15:30:00,S6,Produce,4.6,4.18,6.75,OUT
2026-06-08 15:30:00,S7,Beverages,0.0,5.5,6.5,OUT
2026-06-08 15:30:00,S8,Bakery,0.0,6.39,10.0,OUT
2026-06-08 15:45:00,S1,Dairy,35.0,4.47,4.5,LOW
2026-06-08 15:45:00,S2,Bakery,0.0,5.68,17.5,OUT
2026-06-08 15:45:00,S3,Dairy,0.0,6.35,7.5,OUT
2026-06-08 15:45:00,S4,Beverages,0.0,5.64,5.75,OUT
2026-06-08 15:45:00,S5,Snacks,87.5,4.03,0.75,FULL
2026-06-08 15:45:00,S6,Produce,23.1,3.42,7.0,LOW
2026-06-08 15:45:00,S7,Beverages,10.0,4.21,6.75,OUT
2026-06-08 15:45:00,S8,Bakery,0.0,4.67,10.25,OUT
2026-06-08 16:00:00,S1,Dairy,33.5,4.59,4.75,LOW
2026-06-08 16:00:00,S2,Bakery,,5.5,17.75,OUT
2026-06-08 16:00:00,S3,Dairy,0.0,4.63,7.75,OUT
2026-06-08 16:00:00,S4,Beverages,7.5,4.81,6.0,OUT
2026-06-08 16:00:00,S5,Snacks,92.4,1.45,1.0,FULL
2026-06-08 16:00:00,S6,Produce,19.6,3.35,7.25,OUT
2026-06-08 16:00:00,S7,Beverages,0.0,8.36,7.0,OUT
2026-06-08 16:00:00,S8,Bakery,0.0,4.76,10.5,OUT
2026-06-08 16:15:00,S1,Dairy,22.2,4.78,5.0,LOW
2026-06-08 16:15:00,S2,Bakery,0.0,5.18,18.0,OUT
2026-06-08 16:15:00,S3,Dairy,0.0,5.02,8.0,OUT
2026-06-08 16:15:00,S4,Beverages,,6.46,6.25,OUT
2026-06-08 16:15:00,S5,Snacks,91.6,2.92,1.25,FULL
2026-06-08 16:15:00,S6,Produce,0.0,5.23,7.5,OUT
2026-06-08 16:15:00,S7,Beverages,0.0,6.14,7.25,OUT
2026-06-08 16:15:00,S8,Bakery,0.0,6.67,10.75,OUT
2026-06-08 16:30:00,S1,Dairy,11.1,5.16,5.25,OUT
2026-06-08 16:30:00,S2,Bakery,0.0,4.47,18.25,OUT
2026-06-08 16:30:00,S3,Dairy,33.0,2.48,8.25,LOW
2026-06-08 16:30:00,S4,Beverages,0.0,6.79,6.5,OUT
2026-06-08 16:30:00,S5,Snacks,92.1,2.07,1.5,FULL
2026-06-08 16:30:00,S6,Produce,43.7,2.16,7.75,LOW
2026-06-08 16:30:00,S7,Beverages,0.0,5.25,7.5,OUT
2026-06-08 16:30:00,S8,Bakery,0.0,4.84,11.0,OUT
2026-06-08 16:45:00,S1,Dairy,48.8,2.7,5.5,LOW
2026-06-08 16:45:00,S2,Bakery,0.0,6.56,18.5,OUT
2026-06-08 16:45:00,S3,Dairy,0.0,4.6,8.5,OUT
2026-06-08 16:45:00,S4,Beverages,5.4,4.66,6.75,OUT
2026-06-08 16:45:00,S5,Snacks,71.5,5.14,1.75,FULL
2026-06-08 16:45:00,S6,Produce,10.8,3.37,8.0,OUT
2026-06-08 16:45:00,S7,Beverages,0.0,5.35,7.75,OUT
2026-06-08 16:45:00,S8,Bakery,0.0,4.07,11.25,OUT
2026-06-08 17:00:00,S1,Dairy,8.0,5.04,5.75,OUT
2026-06-08 17:00:00,S2,Bakery,0.0,5.71,18.75,OUT
2026-06-08 17:00:00,S3,Dairy,0.0,4.87,8.75,OUT
2026-06-08 17:00:00,S4,Beverages,0.0,6.26,7.0,OUT
2026-06-08 17:00:00,S5,Snacks,80.3,3.77,2.0,FULL
2026-06-08 17:00:00,S6,Produce,87.9,0.5,8.25,FULL
2026-06-08 17:00:00,S7,Beverages,0.0,6.15,,OUT
2026-06-08 17:00:00,S8,Bakery,0.0,3.64,11.5,OUT
2026-06-08 17:15:00,S1,Dairy,29.3,4.0,,LOW
2026-06-08 17:15:00,S2,Bakery,0.0,5.44,19.0,OUT
2026-06-08 17:15:00,S3,Dairy,0.0,4.92,9.0,OUT
2026-06-08 17:15:00,S4,Beverages,0.0,5.28,7.25,OUT
2026-06-08 17:15:00,S5,Snacks,86.9,2.09,2.25,FULL
2026-06-08 17:15:00,S6,Produce,13.4,3.23,8.5,OUT
2026-06-08 17:15:00,S7,Beverages,0.0,6.0,8.25,OUT
2026-06-08 17:15:00,S8,Bakery,0.0,5.73,11.75,OUT
2026-06-08 17:30:00,S1,Dairy,,4.22,6.25,OUT
2026-06-08 17:30:00,S2,Bakery,0.0,4.65,19.25,OUT
2026-06-08 17:30:00,S3,Dairy,0.0,5.62,9.25,OUT
2026-06-08 17:30:00,S4,Beverages,0.0,8.28,7.5,OUT
2026-06-08 17:30:00,S5,Snacks,92.1,0.8,2.5,FULL
2026-06-08 17:30:00,S6,Produce,19.6,2.86,8.75,OUT
2026-06-08 17:30:00,S7,Beverages,0.0,5.04,8.5,OUT
2026-06-08 17:30:00,S8,Bakery,0.0,5.72,12.0,OUT
2026-06-08 17:45:00,S1,Dairy,20.5,3.73,6.5,LOW
2026-06-08 17:45:00,S2,Bakery,0.0,4.0,19.5,OUT
2026-06-08 17:45:00,S3,Dairy,4.4,2.93,9.5,OUT
2026-06-08 17:45:00,S4,Beverages,0.0,6.91,7.75,OUT
2026-06-08 17:45:00,S5,Snacks,77.3,2.58,2.75,FULL
2026-06-08 17:45:00,S6,Produce,0.0,5.62,9.0,OUT
2026-06-08 17:45:00,S7,Beverages,0.0,4.99,8.75,OUT
2026-06-08 17:45:00,S8,Bakery,0.0,3.65,12.25,OUT
2026-06-08 18:00:00,S1,Dairy,31.1,3.21,6.75,LOW
2026-06-08 18:00:00,S2,Bakery,0.0,5.7,19.75,OUT
2026-06-08 18:00:00,S3,Dairy,0.0,4.27,9.75,OUT
2026-06-08 18:00:00,S4,Beverages,0.0,6.66,8.0,OUT
2026-06-08 18:00:00,S5,Snacks,71.2,2.49,3.0,FULL
2026-06-08 18:00:00,S6,Produce,0.0,5.02,9.25,OUT
2026-06-08 18:00:00,S7,Beverages,0.0,6.01,9.0,OUT
2026-06-08 18:00:00,S8,Bakery,0.0,6.09,12.5,OUT
2026-06-08 18:15:00,S1,Dairy,0.0,5.45,7.0,OUT
2026-06-08 18:15:00,S2,Bakery,0.0,3.79,20.0,OUT
2026-06-08 18:15:00,S3,Dairy,0.0,3.81,10.0,OUT
2026-06-08 18:15:00,S4,Beverages,,5.78,8.25,OUT
2026-06-08 18:15:00,S5,Snacks,78.1,2.0,3.25,FULL
2026-06-08 18:15:00,S6,Produce,0.0,4.4,9.5,OUT
2026-06-08 18:15:00,S7,Beverages,0.0,5.19,9.25,OUT
2026-06-08 18:15:00,S8,Bakery,0.0,4.35,12.75,OUT
2026-06-08 18:30:00,S1,Dairy,24.5,3.33,7.25,LOW
2026-06-08 18:30:00,S2,Bakery,0.0,4.94,20.25,OUT
2026-06-08 18:30:00,S3,Dairy,0.0,3.48,10.25,OUT
2026-06-08 18:30:00,S4,Beverages,0.0,6.0,8.5,OUT
2026-06-08 18:30:00,S5,Snacks,60.4,3.46,3.5,FULL
2026-06-08 18:30:00,S6,Produce,21.1,2.51,9.75,LOW
2026-06-08 18:30:00,S7,Beverages,0.0,7.96,,OUT
2026-06-08 18:30:00,S8,Bakery,0.0,6.0,13.0,OUT
2026-06-08 18:45:00,S1,Dairy,26.4,2.97,7.5,LOW
2026-06-08 18:45:00,S2,Bakery,0.0,5.0,20.5,OUT
2026-06-08 18:45:00,S3,Dairy,0.0,4.56,10.5,OUT
2026-06-08 18:45:00,S4,Beverages,0.0,6.34,8.75,OUT
2026-06-08 18:45:00,S5,Snacks,63.2,3.06,3.75,FULL
2026-06-08 18:45:00,S6,Produce,0.0,3.86,10.0,OUT
2026-06-08 18:45:00,S7,Beverages,0.0,4.2,9.75,OUT
2026-06-08 18:45:00,S8,Bakery,0.0,4.46,13.25,OUT
2026-06-08 19:00:00,S1,Dairy,1.2,3.88,7.75,OUT
2026-06-08 19:00:00,S2,Bakery,0.0,4.48,20.75,OUT
2026-06-08 19:00:00,S3,Dairy,0.0,4.25,10.75,OUT
2026-06-08 19:00:00,S4,Beverages,0.0,8.67,9.0,OUT
2026-06-08 19:00:00,S5,Snacks,52.5,3.49,4.0,LOW
2026-06-08 19:00:00,S6,Produce,0.0,3.92,10.25,OUT
2026-06-08 19:00:00,S7,Beverages,0.0,6.46,10.0,OUT
2026-06-08 19:00:00,S8,Bakery,0.0,6.12,13.5,OUT
2026-06-08 19:15:00,S1,Dairy,0.0,5.28,8.0,OUT
2026-06-08 19:15:00,S2,Bakery,0.0,3.86,21.0,OUT
2026-06-08 19:15:00,S3,Dairy,0.0,4.7,11.0,OUT
2026-06-08 19:15:00,S4,Beverages,0.0,5.72,9.25,OUT
2026-06-08 19:15:00,S5,Snacks,59.6,2.85,4.25,LOW
2026-06-08 19:15:00,S6,Produce,0.0,3.49,10.5,OUT
2026-06-08 19:15:00,S7,Beverages,0.0,6.79,10.25,OUT
2026-06-08 19:15:00,S8,Bakery,0.0,4.24,13.75,OUT
2026-06-08 19:30:00,S1,Dairy,0.0,4.73,8.25,OUT
2026-06-08 19:30:00,S2,Bakery,0.0,5.48,21.25,OUT
2026-06-08 19:30:00,S3,Dairy,0.0,4.08,,OUT
2026-06-08 19:30:00,S4,Beverages,0.0,4.58,9.5,OUT
2026-06-08 19:30:00,S5,Snacks,,2.54,4.5,FULL
2026-06-08 19:30:00,S6,Produce,0.0,4.14,10.75,OUT
2026-06-08 19:30:00,S7,Beverages,0.0,6.09,10.5,OUT
2026-06-08 19:30:00,S8,Bakery,0.0,4.46,14.0,OUT
2026-06-08 19:45:00,S1,Dairy,0.0,3.71,8.5,OUT
2026-06-08 19:45:00,S2,Bakery,0.0,4.44,21.5,OUT
2026-06-08 19:45:00,S3,Dairy,0.0,4.46,11.5,OUT
2026-06-08 19:45:00,S4,Beverages,0.0,5.89,9.75,OUT
2026-06-08 19:45:00,S5,Snacks,76.3,1.46,4.75,FULL
2026-06-08 19:45:00,S6,Produce,0.0,3.14,11.0,OUT
2026-06-08 19:45:00,S7,Beverages,0.0,5.5,10.75,OUT
2026-06-08 19:45:00,S8,Bakery,0.0,4.91,14.25,OUT
2026-06-08 20:00:00,S1,Dairy,0.0,4.08,8.75,OUT
2026-06-08 20:00:00,S2,Bakery,0.0,2.39,21.75,OUT
2026-06-08 20:00:00,S3,Dairy,0.0,5.92,11.75,OUT
2026-06-08 20:00:00,S4,Beverages,0.0,5.3,10.0,OUT
2026-06-08 20:00:00,S5,Snacks,20.3,4.66,5.0,LOW
2026-06-08 20:00:00,S6,Produce,0.0,3.01,11.25,OUT
2026-06-08 20:00:00,S7,Beverages,0.0,6.59,11.0,OUT
2026-06-08 20:00:00,S8,Bakery,0.0,4.07,14.5,OUT
2026-06-08 20:15:00,S1,Dairy,0.0,4.79,9.0,OUT
2026-06-08 20:15:00,S2,Bakery,0.0,3.54,,OUT
2026-06-08 20:15:00,S3,Dairy,0.0,6.12,12.0,OUT
2026-06-08 20:15:00,S4,Beverages,0.0,8.81,10.25,OUT
2026-06-08 20:15:00,S5,Snacks,61.3,2.21,5.25,FULL
2026-06-08 20:15:00,S6,Produce,0.0,4.93,11.5,OUT
2026-06-08 20:15:00,S7,Beverages,0.0,5.92,11.25,OUT
2026-06-08 20:15:00,S8,Bakery,0.0,4.92,14.75,OUT
2026-06-08 20:30:00,S1,Dairy,0.0,4.27,9.25,OUT
2026-06-08 20:30:00,S2,Bakery,0.0,6.34,22.25,OUT
2026-06-08 20:30:00,S3,Dairy,0.0,3.35,12.25,OUT
2026-06-08 20:30:00,S4,Beverages,0.0,5.07,10.5,OUT
2026-06-08 20:30:00,S5,Snacks,39.8,3.57,5.5,LOW
2026-06-08 20:30:00,S6,Produce,0.0,4.92,11.75,OUT
2026-06-08 20:30:00,S7,Beverages,0.0,7.96,11.5,OUT
2026-06-08 20:30:00,S8,Bakery,0.0,5.47,15.0,OUT
2026-06-08 20:45:00,S1,Dairy,0.0,4.51,9.5,OUT
2026-06-08 20:45:00,S2,Bakery,0.0,5.42,22.5,OUT
2026-06-08 20:45:00,S3,Dairy,0.0,4.24,12.5,OUT
2026-06-08 20:45:00,S4,Beverages,0.0,5.62,10.75,OUT
2026-06-08 20:45:00,S5,Snacks,49.7,3.06,5.75,LOW
2026-06-08 20:45:00,S6,Produce,0.0,2.74,12.0,OUT
2026-06-08 20:45:00,S7,Beverages,0.0,5.61,11.75,OUT
2026-06-08 20:45:00,S8,Bakery,0.0,6.39,15.25,OUT
2026-06-08 21:00:00,S1,Dairy,0.0,4.25,9.75,OUT
2026-06-08 21:00:00,S2,Bakery,0.0,7.23,22.75,OUT
2026-06-08 21:00:00,S3,Dairy,0.0,3.43,12.75,OUT
2026-06-08 21:00:00,S4,Beverages,0.0,4.4,11.0,OUT
2026-06-08 21:00:00,S5,Snacks,62.4,2.08,6.0,FULL
2026-06-08 21:00:00,S6,Produce,0.0,3.63,12.25,OUT
2026-06-08 21:00:00,S7,Beverages,0.0,6.84,12.0,OUT
2026-06-08 21:00:00,S8,Bakery,0.0,5.08,15.5,OUT
2026-06-08 21:15:00,S1,Dairy,2.6,2.94,10.0,OUT
2026-06-08 21:15:00,S2,Bakery,0.0,4.89,23.0,OUT
2026-06-08 21:15:00,S3,Dairy,0.0,4.83,13.0,OUT
2026-06-08 21:15:00,S4,Beverages,0.0,6.39,11.25,OUT
2026-06-08 21:15:00,S5,Snacks,49.6,2.4,6.25,LOW
2026-06-08 21:15:00,S6,Produce,0.0,4.7,12.5,OUT
2026-06-08 21:15:00,S7,Beverages,0.0,5.53,12.25,OUT
2026-06-08 21:15:00,S8,Bakery,0.0,4.56,15.75,OUT
2026-06-08 21:30:00,S1,Dairy,0.0,4.96,10.25,OUT
2026-06-08 21:30:00,S2,Bakery,0.0,,23.25,OUT
2026-06-08 21:30:00,S3,Dairy,0.0,3.56,13.25,OUT
2026-06-08 21:30:00,S4,Beverages,0.0,6.26,11.5,OUT
2026-06-08 21:30:00,S5,Snacks,37.5,2.94,6.5,LOW
2026-06-08 21:30:00,S6,Produce,0.0,2.47,12.75,OUT
2026-06-08 21:30:00,S7,Beverages,0.0,4.68,12.5,OUT
2026-06-08 21:30:00,S8,Bakery,0.0,3.7,16.0,OUT
2026-06-08 21:45:00,S1,Dairy,0.0,3.63,10.5,OUT
2026-06-08 21:45:00,S2,Bakery,0.0,5.03,23.5,OUT
2026-06-08 21:45:00,S3,Dairy,0.0,2.99,13.5,OUT
2026-06-08 21:45:00,S4,Beverages,0.0,7.31,11.75,OUT
2026-06-08 21:45:00,S5,Snacks,30.2,3.0,6.75,LOW
2026-06-08 21:45:00,S6,Produce,0.0,3.91,13.0,OUT
2026-06-08 21:45:00,S7,Beverages,0.0,6.27,12.75,OUT
2026-06-08 21:45:00,S8,Bakery,0.0,4.11,16.25,OUT
2026-06-08 22:00:00,S1,Dairy,0.0,5.03,10.75,OUT
2026-06-08 22:00:00,S2,Bakery,0.0,6.1,23.75,OUT
2026-06-08 22:00:00,S3,Dairy,8.3,1.96,13.75,OUT
2026-06-08 22:00:00,S4,Beverages,0.0,5.82,12.0,OUT
2026-06-08 22:00:00,S5,Snacks,53.2,1.99,7.0,LOW
2026-06-08 22:00:00,S6,Produce,0.0,2.8,13.25,OUT
2026-06-08 22:00:00,S7,Beverages,0.0,7.41,13.0,OUT
2026-06-08 22:00:00,S8,Bakery,0.0,3.85,16.5,OUT
2026-06-08 22:15:00,S1,Dairy,0.0,3.86,11.0,OUT
2026-06-08 22:15:00,S2,Bakery,0.0,3.98,24.0,OUT
2026-06-08 22:15:00,S3,Dairy,0.0,4.55,14.0,OUT
2026-06-08 22:15:00,S4,Beverages,0.0,6.72,12.25,OUT
2026-06-08 22:15:00,S5,Snacks,45.0,2.35,7.25,LOW
2026-06-08 22:15:00,S6,Produce,0.0,3.71,13.5,OUT
2026-06-08 22:15:00,S7,Beverages,0.0,5.22,13.25,OUT
2026-06-08 22:15:00,S8,Bakery,0.0,4.4,16.75,OUT
2026-06-08 22:30:00,S1,Dairy,0.0,5.3,11.25,OUT
2026-06-08 22:30:00,S2,Bakery,0.0,5.1,24.25,OUT
2026-06-08 22:30:00,S3,Dairy,0.0,4.7,14.25,OUT
2026-06-08 22:30:00,S4,Beverages,0.0,4.82,12.5,OUT
2026-06-08 22:30:00,S5,Snacks,0.0,4.42,7.5,OUT
2026-06-08 22:30:00,S6,Produce,0.0,5.17,13.75,OUT
2026-06-08 22:30:00,S7,Beverages,0.0,5.88,13.5,OUT
2026-06-08 22:30:00,S8,Bakery,0.0,2.71,,OUT
2026-06-08 22:45:00,S1,Dairy,0.0,5.53,11.5,OUT
2026-06-08 22:45:00,S2,Bakery,0.0,3.7,24.5,OUT
2026-06-08 22:45:00,S3,Dairy,0.0,5.2,14.5,OUT
2026-06-08 22:45:00,S4,Beverages,0.0,5.8,12.75,OUT
2026-06-08 22:45:00,S5,Snacks,25.3,2.93,7.75,LOW
2026-06-08 22:45:00,S6,Produce,0.0,3.88,14.0,OUT
2026-06-08 22:45:00,S7,Beverages,0.0,6.52,13.75,OUT
2026-06-08 22:45:00,S8,Bakery,0.0,7.25,17.25,OUT
2026-06-08 23:00:00,S1,Dairy,1.2,2.66,11.75,OUT
2026-06-08 23:00:00,S2,Bakery,0.0,5.36,24.75,OUT
2026-06-08 23:00:00,S3,Dairy,0.0,2.67,14.75,OUT
2026-06-08 23:00:00,S4,Beverages,0.0,5.16,13.0,OUT
2026-06-08 23:00:00,S5,Snacks,52.4,1.84,8.0,LOW
2026-06-08 23:00:00,S6,Produce,0.0,3.72,14.25,OUT
2026-06-08 23:00:00,S7,Beverages,0.0,4.88,14.0,OUT
2026-06-08 23:00:00,S8,Bakery,0.0,5.03,17.5,OUT
2026-06-08 23:15:00,S1,Dairy,0.0,4.92,12.0,OUT
2026-06-08 23:15:00,S2,Bakery,0.0,4.16,25.0,OUT
2026-06-08 23:15:00,S3,Dairy,0.0,3.8,15.0,OUT
2026-06-08 23:15:00,S4,Beverages,0.0,7.17,13.25,OUT
2026-06-08 23:15:00,S5,Snacks,0.0,4.57,8.25,OUT
2026-06-08 23:15:00,S6,Produce,0.0,3.44,14.5,OUT
2026-06-08 23:15:00,S7,Beverages,98.7,5.29,0.0,FULL
2026-06-08 23:15:00,S8,Bakery,0.0,6.6,17.75,OUT
2026-06-08 23:30:00,S1,Dairy,0.0,3.55,12.25,OUT
2026-06-08 23:30:00,S2,Bakery,0.0,4.98,,OUT
2026-06-08 23:30:00,S3,Dairy,0.0,,15.25,OUT
2026-06-08 23:30:00,S4,Beverages,0.0,6.9,13.5,OUT
2026-06-08 23:30:00,S5,Snacks,28.2,2.61,8.5,LOW
2026-06-08 23:30:00,S6,Produce,,1.96,14.75,OUT
2026-06-08 23:30:00,S7,Beverages,93.8,5.27,0.25,FULL
2026-06-08 23:30:00,S8,Bakery,0.0,6.34,18.0,OUT
2026-06-08 23:45:00,S1,Dairy,0.0,4.4,12.5,OUT
2026-06-08 23:45:00,S2,Bakery,0.0,4.18,25.5,OUT
2026-06-08 23:45:00,S3,Dairy,0.0,5.49,,OUT
2026-06-08 23:45:00,S4,Beverages,0.0,7.61,13.75,OUT
2026-06-08 23:45:00,S5,Snacks,21.8,2.9,8.75,LOW
2026-06-08 23:45:00,S6,Produce,0.0,4.04,15.0,OUT
2026-06-08 23:45:00,S7,Beverages,85.6,5.82,0.5,FULL
2026-06-08 23:45:00,S8,Bakery,0.0,5.66,18.25,OUT
2026-06-09 00:00:00,S1,Dairy,0.0,6.73,12.75,OUT
2026-06-09 00:00:00,S2,Bakery,0.0,6.79,25.75,OUT
2026-06-09 00:00:00,S3,Dairy,0.0,,15.75,OUT
2026-06-09 00:00:00,S4,Beverages,0.0,,14.0,OUT
2026-06-09 00:00:00,S5,Snacks,26.8,2.64,9.0,LOW
2026-06-09 00:00:00,S6,Produce,0.0,4.62,15.25,OUT
2026-06-09 00:00:00,S7,Beverages,82.2,8.38,0.75,FULL
2026-06-09 00:00:00,S8,Bakery,0.0,4.77,18.5,OUT
2026-06-09 00:15:00,S1,Dairy,0.0,5.26,13.0,OUT
2026-06-09 00:15:00,S2,Bakery,0.0,4.58,26.0,OUT
2026-06-09 00:15:00,S3,Dairy,0.0,5.04,16.0,OUT
2026-06-09 00:15:00,S4,Beverages,0.0,6.61,14.25,OUT
2026-06-09 00:15:00,S5,Snacks,9.4,3.26,9.25,OUT
2026-06-09 00:15:00,S6,Produce,0.0,3.44,15.5,OUT
2026-06-09 00:15:00,S7,Beverages,,4.69,1.0,FULL
2026-06-09 00:15:00,S8,Bakery,0.0,4.87,18.75,OUT
2026-06-09 00:30:00,S1,Dairy,0.0,4.03,13.25,OUT
2026-06-09 00:30:00,S2,Bakery,0.0,4.62,26.25,OUT
2026-06-09 00:30:00,S3,Dairy,0.0,2.45,16.25,OUT
2026-06-09 00:30:00,S4,Beverages,0.0,5.65,14.5,OUT
2026-06-09 00:30:00,S5,Snacks,0.0,3.62,9.5,OUT
2026-06-09 00:30:00,S6,Produce,0.0,2.77,15.75,OUT
2026-06-09 00:30:00,S7,Beverages,71.5,6.7,1.25,FULL
2026-06-09 00:30:00,S8,Bakery,0.0,2.45,19.0,OUT
2026-06-09 00:45:00,S1,Dairy,99.0,3.77,0.0,FULL
2026-06-09 00:45:00,S2,Bakery,0.0,4.49,26.5,OUT
2026-06-09 00:45:00,S3,Dairy,0.0,3.24,16.5,OUT
2026-06-09 00:45:00,S4,Beverages,0.0,5.74,14.75,OUT
2026-06-09 00:45:00,S5,Snacks,0.0,4.19,9.75,OUT
2026-06-09 00:45:00,S6,Produce,0.0,6.48,16.0,OUT
2026-06-09 00:45:00,S7,Beverages,68.0,6.2,1.5,FULL
2026-06-09 00:45:00,S8,Bakery,0.0,4.73,19.25,OUT
2026-06-09 01:00:00,S1,Dairy,91.2,4.14,0.25,FULL
2026-06-09 01:00:00,S2,Bakery,0.0,7.39,26.75,OUT
2026-06-09 01:00:00,S3,Dairy,0.0,4.71,16.75,OUT
2026-06-09 01:00:00,S4,Beverages,0.0,7.75,15.0,OUT
2026-06-09 01:00:00,S5,Snacks,0.0,3.68,10.0,OUT
2026-06-09 01:00:00,S6,Produce,0.0,3.32,16.25,OUT
2026-06-09 01:00:00,S7,Beverages,56.6,7.14,1.75,LOW
2026-06-09 01:00:00,S8,Bakery,0.0,7.48,19.5,OUT
2026-06-09 01:15:00,S1,Dairy,92.7,4.9,0.5,FULL
2026-06-09 01:15:00,S2,Bakery,97.4,3.44,0.0,FULL
2026-06-09 01:15:00,S3,Dairy,0.0,5.39,17.0,OUT
2026-06-09 01:15:00,S4,Beverages,0.0,5.67,15.25,OUT
2026-06-09 01:15:00,S5,Snacks,1.6,2.99,10.25,OUT
2026-06-09 01:15:00,S6,Produce,0.0,,16.5,OUT
2026-06-09 01:15:00,S7,Beverages,62.2,5.94,2.0,FULL
2026-06-09 01:15:00,S8,Bakery,0.0,6.75,19.75,OUT
2026-06-09 01:30:00,S1,Dairy,94.3,2.93,0.75,FULL
2026-06-09 01:30:00,S2,Bakery,99.3,5.51,0.25,FULL
2026-06-09 01:30:00,S3,Dairy,0.0,3.73,17.25,OUT
2026-06-09 01:30:00,S4,Beverages,0.0,6.54,15.5,OUT
2026-06-09 01:30:00,S5,Snacks,0.0,2.94,10.5,OUT
2026-06-09 01:30:00,S6,Produce,0.0,3.76,16.75,OUT
2026-06-09 01:30:00,S7,Beverages,45.9,7.04,2.25,LOW
2026-06-09 01:30:00,S8,Bakery,0.0,4.53,20.0,OUT
2026-06-09 01:45:00,S1,Dairy,85.2,4.91,1.0,FULL
2026-06-09 01:45:00,S2,Bakery,95.9,2.19,0.5,FULL
2026-06-09 01:45:00,S3,Dairy,0.0,4.64,17.5,OUT
2026-06-09 01:45:00,S4,Beverages,0.0,7.76,15.75,OUT
2026-06-09 01:45:00,S5,Snacks,19.0,2.32,10.75,OUT
2026-06-09 01:45:00,S6,Produce,0.0,5.03,17.0,OUT
2026-06-09 01:45:00,S7,Beverages,45.7,6.98,2.5,LOW
2026-06-09 01:45:00,S8,Bakery,0.0,4.32,20.25,OUT
2026-06-09 02:00:00,S1,Dairy,79.9,5.09,1.25,FULL
2026-06-09 02:00:00,S2,Bakery,91.2,4.47,0.75,FULL
2026-06-09 02:00:00,S3,Dairy,0.0,3.77,17.75,OUT
2026-06-09 02:00:00,S4,Beverages,0.0,4.32,16.0,OUT
2026-06-09 02:00:00,S5,Snacks,0.0,2.94,11.0,OUT
2026-06-09 02:00:00,S6,Produce,0.0,5.22,17.25,OUT
2026-06-09 02:00:00,S7,Beverages,42.4,5.47,2.75,LOW
2026-06-09 02:00:00,S8,Bakery,0.0,5.69,20.5,OUT
2026-06-09 02:15:00,S1,Dairy,70.5,5.72,1.5,FULL
2026-06-09 02:15:00,S2,Bakery,79.5,5.94,1.0,FULL
2026-06-09 02:15:00,S3,Dairy,0.0,5.98,18.0,OUT
2026-06-09 02:15:00,S4,Beverages,0.0,7.01,16.25,OUT
2026-06-09 02:15:00,S5,Snacks,60.2,1.29,11.25,FULL
2026-06-09 02:15:00,S6,Produce,0.0,4.01,17.5,OUT
2026-06-09 02:15:00,S7,Beverages,52.7,5.21,3.0,LOW
2026-06-09 02:15:00,S8,Bakery,0.0,5.72,20.75,OUT
2026-06-09 02:30:00,S1,Dairy,68.4,4.82,1.75,FULL
2026-06-09 02:30:00,S2,Bakery,87.3,4.6,,FULL
2026-06-09 02:30:00,S3,Dairy,0.0,4.2,18.25,OUT
2026-06-09 02:30:00,S4,Beverages,0.0,5.46,16.5,OUT
2026-06-09 02:30:00,S5,Snacks,33.4,1.77,11.5,LOW
2026-06-09 02:30:00,S6,Produce,0.0,6.7,17.75,OUT
2026-06-09 02:30:00,S7,Beverages,33.2,6.2,3.25,LOW
2026-06-09 02:30:00,S8,Bakery,0.0,5.47,21.0,OUT
2026-06-09 02:45:00,S1,Dairy,67.2,3.75,2.0,FULL
2026-06-09 02:45:00,S2,Bakery,84.0,4.0,1.5,FULL
2026-06-09 02:45:00,S3,Dairy,0.0,4.12,18.5,OUT
2026-06-09 02:45:00,S4,Beverages,0.0,7.61,16.75,OUT
2026-06-09 02:45:00,S5,Snacks,0.0,2.68,11.75,OUT
2026-06-09 02:45:00,S6,Produce,0.0,2.83,18.0,OUT
2026-06-09 02:45:00,S7,Beverages,28.8,6.44,3.5,LOW
2026-06-09 02:45:00,S8,Bakery,0.0,5.94,21.25,OUT
2026-06-09 03:00:00,S1,Dairy,69.0,3.89,2.25,FULL
2026-06-09 03:00:00,S2,Bakery,82.0,3.19,1.75,FULL
2026-06-09 03:00:00,S3,Dairy,0.0,6.48,18.75,OUT
2026-06-09 03:00:00,S4,Beverages,0.0,6.81,17.0,OUT
2026-06-09 03:00:00,S5,Snacks,0.0,2.73,12.0,OUT
2026-06-09 03:00:00,S6,Produce,2.3,1.72,18.25,OUT
2026-06-09 03:00:00,S7,Beverages,43.1,4.46,3.75,LOW
2026-06-09 03:00:00,S8,Bakery,0.0,2.87,21.5,OUT
2026-06-09 03:15:00,S1,Dairy,53.1,5.53,2.5,LOW
2026-06-09 03:15:00,S2,Bakery,76.9,4.62,2.0,FULL
2026-06-09 03:15:00,S3,Dairy,0.0,3.83,19.0,OUT
2026-06-09 03:15:00,S4,Beverages,0.0,6.96,17.25,OUT
2026-06-09 03:15:00,S5,Snacks,0.0,2.98,12.25,OUT
2026-06-09 03:15:00,S6,Produce,0.0,2.92,,OUT
2026-06-09 03:15:00,S7,Beverages,16.8,6.41,4.0,OUT
2026-06-09 03:15:00,S8,Bakery,0.0,5.53,21.75,OUT
2026-06-09 03:30:00,S1,Dairy,62.2,4.73,2.75,FULL
2026-06-09 03:30:00,S2,Bakery,49.5,6.06,2.25,LOW
2026-06-09 03:30:00,S3,Dairy,0.0,7.03,19.25,OUT
2026-06-09 03:30:00,S4,Beverages,0.0,5.22,17.5,OUT
2026-06-09 03:30:00,S5,Snacks,0.0,3.49,12.5,OUT
2026-06-09 03:30:00,S6,Produce,0.0,3.89,18.75,OUT
2026-06-09 03:30:00,S7,Beverages,0.0,7.6,4.25,OUT
2026-06-09 03:30:00,S8,Bakery,0.0,4.38,22.0,OUT
2026-06-09 03:45:00,S1,Dairy,47.2,5.77,3.0,LOW
2026-06-09 03:45:00,S2,Bakery,68.0,3.8,2.5,FULL
2026-06-09 03:45:00,S3,Dairy,0.0,4.76,19.5,OUT
2026-06-09 03:45:00,S4,Beverages,0.0,7.05,17.75,OUT
2026-06-09 03:45:00,S5,Snacks,33.8,1.53,12.75,LOW
2026-06-09 03:45:00,S6,Produce,,3.92,19.0,OUT
2026-06-09 03:45:00,S7,Beverages,24.9,5.02,4.5,LOW
2026-06-09 03:45:00,S8,Bakery,0.0,4.5,22.25,OUT
2026-06-09 04:00:00,S1,Dairy,41.1,5.52,3.25,LOW
2026-06-09 04:00:00,S2,Bakery,42.7,6.66,2.75,LOW
2026-06-09 04:00:00,S3,Dairy,0.0,5.25,19.75,OUT
2026-06-09 04:00:00,S4,Beverages,0.0,,18.0,OUT
2026-06-09 04:00:00,S5,Snacks,0.0,3.67,13.0,OUT
2026-06-09 04:00:00,S6,Produce,98.2,5.97,0.0,FULL
2026-06-09 04:00:00,S7,Beverages,10.1,6.02,4.75,OUT
2026-06-09 04:00:00,S8,Bakery,0.0,5.13,22.5,OUT
2026-06-09 04:15:00,S1,Dairy,52.1,4.3,3.5,LOW
2026-06-09 04:15:00,S2,Bakery,61.9,3.8,3.0,FULL
2026-06-09 04:15:00,S3,Dairy,0.0,6.87,20.0,OUT
2026-06-09 04:15:00,S4,Beverages,0.0,5.73,18.25,OUT
2026-06-09 04:15:00,S5,Snacks,0.0,3.03,13.25,OUT
2026-06-09 04:15:00,S6,Produce,92.9,4.87,0.25,FULL
2026-06-09 04:15:00,S7,Beverages,2.6,5.82,5.0,OUT
2026-06-09 04:15:00,S8,Bakery,0.0,5.96,22.75,OUT
2026-06-09 04:30:00,S1,Dairy,51.4,4.23,3.75,LOW
2026-06-09 04:30:00,S2,Bakery,33.8,5.93,3.25,LOW
2026-06-09 04:30:00,S3,Dairy,0.0,4.07,20.25,OUT
2026-06-09 04:30:00,S4,Beverages,0.0,6.13,18.5,OUT
2026-06-09 04:30:00,S5,Snacks,0.0,2.47,13.5,OUT
2026-06-09 04:30:00,S6,Produce,88.7,6.17,0.5,FULL
2026-06-09 04:30:00,S7,Beverages,1.2,5.95,5.25,OUT
2026-06-09 04:30:00,S8,Bakery,100.0,4.21,0.0,FULL
2026-06-09 04:45:00,S1,Dairy,36.1,4.87,4.0,LOW
2026-06-09 04:45:00,S2,Bakery,50.2,4.66,3.5,LOW
2026-06-09 04:45:00,S3,Dairy,0.0,5.76,20.5,OUT
2026-06-09 04:45:00,S4,Beverages,0.0,4.96,18.75,OUT
2026-06-09 04:45:00,S5,Snacks,0.0,2.52,13.75,OUT
2026-06-09 04:45:00,S6,Produce,83.7,5.74,0.75,FULL
2026-06-09 04:45:00,S7,Beverages,16.6,4.63,5.5,OUT
2026-06-09 04:45:00,S8,Bakery,95.2,5.79,0.25,FULL
2026-06-09 05:00:00,S1,Dairy,63.3,2.8,4.25,FULL
2026-06-09 05:00:00,S2,Bakery,62.2,3.15,3.75,FULL
2026-06-09 05:00:00,S3,Dairy,0.0,3.52,20.75,OUT
2026-06-09 05:00:00,S4,Beverages,0.0,5.08,19.0,OUT
2026-06-09 05:00:00,S5,Snacks,26.5,1.62,14.0,LOW
2026-06-09 05:00:00,S6,Produce,86.7,3.61,1.0,FULL
2026-06-09 05:00:00,S7,Beverages,0.0,5.81,5.75,OUT
2026-06-09 05:00:00,S8,Bakery,89.9,7.49,0.5,FULL
2026-06-09 05:15:00,S1,Dairy,35.8,4.72,4.5,LOW
2026-06-09 05:15:00,S2,Bakery,25.4,5.46,4.0,LOW
2026-06-09 05:15:00,S3,Dairy,0.0,4.98,21.0,OUT
2026-06-09 05:15:00,S4,Beverages,0.0,5.91,19.25,OUT
2026-06-09 05:15:00,S5,Snacks,38.3,1.27,,LOW
2026-06-09 05:15:00,S6,Produce,84.7,3.7,1.25,FULL
2026-06-09 05:15:00,S7,Beverages,0.0,7.61,6.0,OUT
2026-06-09 05:15:00,S8,Bakery,89.1,6.05,0.75,FULL
2026-06-09 05:30:00,S1,Dairy,31.6,4.74,,LOW
2026-06-09 05:30:00,S2,Bakery,40.6,4.55,4.25,LOW
2026-06-09 05:30:00,S3,Dairy,100.0,5.49,0.0,FULL
2026-06-09 05:30:00,S4,Beverages,0.0,5.63,19.5,OUT
2026-06-09 05:30:00,S5,Snacks,37.9,1.44,14.5,LOW
2026-06-09 05:30:00,S6,Produce,82.6,4.43,1.5,FULL
2026-06-09 05:30:00,S7,Beverages,0.0,6.05,6.25,OUT
2026-06-09 05:30:00,S8,Bakery,83.8,5.41,1.0,FULL
2026-06-09 05:45:00,S1,Dairy,6.4,5.92,5.0,OUT
2026-06-09 05:45:00,S2,Bakery,33.4,4.93,4.5,LOW
2026-06-09 05:45:00,S3,Dairy,100.0,4.15,0.25,FULL
2026-06-09 05:45:00,S4,Beverages,99.5,5.68,0.0,FULL
2026-06-09 05:45:00,S5,Snacks,0.0,3.62,14.75,OUT
2026-06-09 05:45:00,S6,Produce,80.1,4.45,1.75,FULL
2026-06-09 05:45:00,S7,Beverages,14.9,4.17,6.5,OUT
2026-06-09 05:45:00,S8,Bakery,82.4,4.19,1.25,FULL
2026-06-09 06:00:00,S1,Dairy,41.0,3.5,5.25,LOW
2026-06-09 06:00:00,S2,Bakery,55.2,2.86,4.75,LOW
2026-06-09 06:00:00,S3,Dairy,92.1,5.75,0.5,FULL
2026-06-09 06:00:00,S4,Beverages,93.7,6.1,0.25,FULL
2026-06-09 06:00:00,S5,Snacks,0.0,2.64,15.0,OUT
2026-06-09 06:00:00,S6,Produce,85.1,1.72,2.0,FULL
2026-06-09 06:00:00,S7,Beverages,0.0,4.74,6.75,OUT
2026-06-09 06:00:00,S8,Bakery,71.2,5.44,1.5,FULL
2026-06-09 06:15:00,S1,Dairy,19.9,4.31,5.5,OUT
2026-06-09 06:15:00,S2,Bakery,12.9,5.43,5.0,OUT
2026-06-09 06:15:00,S3,Dairy,85.5,5.36,0.75,FULL
2026-06-09 06:15:00,S4,Beverages,91.7,4.67,0.5,FULL
2026-06-09 06:15:00,S5,Snacks,0.0,3.22,15.25,OUT
2026-06-09 06:15:00,S6,Produce,67.6,4.95,2.25,FULL
2026-06-09 06:15:00,S7,Beverages,0.0,5.92,7.0,OUT
2026-06-09 06:15:00,S8,Bakery,67.0,5.54,1.75,FULL
2026-06-09 06:30:00,S1,Dairy,0.0,5.42,5.75,OUT
2026-06-09 06:30:00,S2,Bakery,20.6,5.04,5.25,LOW
2026-06-09 06:30:00,S3,Dairy,85.7,2.9,1.0,FULL
2026-06-09 06:30:00,S4,Beverages,82.8,6.86,0.75,FULL
2026-06-09 06:30:00,S5,Snacks,100.0,1.43,0.0,FULL
2026-06-09 06:30:00,S6,Produce,60.8,4.16,2.5,FULL
2026-06-09 06:30:00,S7,Beverages,0.0,6.36,7.25,OUT
2026-06-09 06:30:00,S8,Bakery,69.4,4.8,2.0,FULL
2026-06-09 06:45:00,S1,Dairy,21.7,3.99,6.0,LOW
2026-06-09 06:45:00,S2,Bakery,22.6,4.62,5.5,LOW
2026-06-09 06:45:00,S3,Dairy,81.7,4.93,1.25,FULL
2026-06-09 06:45:00,S4,Beverages,76.2,7.79,1.0,FULL
2026-06-09 06:45:00,S5,Snacks,93.0,3.67,0.25,FULL
2026-06-09 06:45:00,S6,Produce,39.1,6.87,2.75,LOW
2026-06-09 06:45:00,S7,Beverages,0.0,6.8,7.5,OUT
2026-06-09 06:45:00,S8,Bakery,63.6,4.62,,FULL
2026-06-09 07:00:00,S1,Dairy,30.8,,6.25,LOW
2026-06-09 07:00:00,S2,Bakery,1.5,5.27,5.75,OUT
2026-06-09 07:00:00,S3,Dairy,80.4,4.51,1.5,FULL
2026-06-09 07:00:00,S4,Beverages,82.4,5.41,1.25,FULL
2026-06-09 07:00:00,S5,Snacks,95.8,2.79,0.5,FULL
2026-06-09 07:00:00,S6,Produce,45.6,5.85,3.0,LOW
2026-06-09 07:00:00,S7,Beverages,0.0,4.79,7.75,OUT
2026-06-09 07:00:00,S8,Bakery,60.6,4.56,2.5,FULL
2026-06-09 07:15:00,S1,Dairy,7.3,4.27,6.5,OUT
2026-06-09 07:15:00,S2,Bakery,0.0,6.16,6.0,OUT
2026-06-09 07:15:00,S3,Dairy,71.1,5.01,1.75,FULL
2026-06-09 07:15:00,S4,Beverages,78.1,5.51,1.5,FULL
2026-06-09 07:15:00,S5,Snacks,97.6,1.83,0.75,FULL
2026-06-09 07:15:00,S6,Produce,66.1,3.42,3.25,FULL
2026-06-09 07:15:00,S7,Beverages,0.0,5.01,8.0,OUT
2026-06-09 07:15:00,S8,Bakery,52.1,5.63,2.75,LOW
2026-06-09 07:30:00,S1,Dairy,0.0,4.78,6.75,OUT
2026-06-09 07:30:00,S2,Bakery,13.2,4.22,6.25,OUT
2026-06-09 07:30:00,S3,Dairy,90.8,2.31,2.0,FULL
2026-06-09 07:30:00,S4,Beverages,68.1,6.6,1.75,FULL
2026-06-09 07:30:00,S5,Snacks,88.3,2.08,1.0,FULL
2026-06-09 07:30:00,S6,Produce,39.8,5.48,3.5,LOW
2026-06-09 07:30:00,S7,Beverages,0.0,5.25,8.25,OUT
2026-06-09 07:30:00,S8,Bakery,56.5,4.64,3.0,LOW
2026-06-09 07:45:00,S1,Dairy,6.0,4.01,7.0,OUT
2026-06-09 07:45:00,S2,Bakery,18.6,4.02,6.5,OUT
2026-06-09 07:45:00,S3,Dairy,62.6,5.23,2.25,FULL
2026-06-09 07:45:00,S4,Beverages,62.9,5.37,2.0,FULL
2026-06-09 07:45:00,S5,Snacks,92.0,0.83,1.25,FULL
2026-06-09 07:45:00,S6,Produce,48.1,4.24,3.75,LOW
2026-06-09 07:45:00,S7,Beverages,0.0,5.83,,OUT
2026-06-09 07:45:00,S8,Bakery,63.7,3.5,3.25,FULL
2026-06-09 08:00:00,S1,Dairy,0.0,5.96,7.25,OUT
2026-06-09 08:00:00,S2,Bakery,0.0,4.91,6.75,OUT
2026-06-09 08:00:00,S3,Dairy,60.0,5.23,2.5,FULL
2026-06-09 08:00:00,S4,Beverages,64.3,5.21,2.25,FULL
2026-06-09 08:00:00,S5,Snacks,83.5,4.23,1.5,FULL
2026-06-09 08:00:00,S6,Produce,30.7,5.23,4.0,LOW
2026-06-09 08:00:00,S7,Beverages,0.0,7.33,8.75,OUT
2026-06-09 08:00:00,S8,Bakery,57.5,4.51,3.5,LOW
2026-06-09 08:15:00,S1,Dairy,0.0,4.72,7.5,OUT
2026-06-09 08:15:00,S2,Bakery,0.0,4.87,7.0,OUT
2026-06-09 08:15:00,S3,Dairy,65.4,4.31,2.75,FULL
2026-06-09 08:15:00,S4,Beverages,45.8,6.82,2.5,LOW
2026-06-09 08:15:00,S5,Snacks,80.1,3.8,1.75,FULL
2026-06-09 08:15:00,S6,Produce,43.3,4.23,4.25,LOW
2026-06-09 08:15:00,S7,Beverages,0.0,6.11,9.0,OUT
2026-06-09 08:15:00,S8,Bakery,38.2,5.19,3.75,LOW
2026-06-09 08:30:00,S1,Dairy,0.0,5.85,7.75,OUT
2026-06-09 08:30:00,S2,Bakery,0.0,6.41,7.25,OUT
2026-06-09 08:30:00,S3,Dairy,54.1,4.86,3.0,LOW
2026-06-09 08:30:00,S4,Beverages,34.8,7.11,2.75,LOW
2026-06-09 08:30:00,S5,Snacks,79.5,2.66,2.0,FULL
2026-06-09 08:30:00,S6,Produce,44.4,3.74,4.5,LOW
2026-06-09 08:30:00,S7,Beverages,0.0,7.18,9.25,OUT
2026-06-09 08:30:00,S8,Bakery,47.4,4.1,4.0,LOW
2026-06-09 08:45:00,S1,Dairy,8.9,3.58,8.0,OUT
2026-06-09 08:45:00,S2,Bakery,0.0,4.81,7.5,OUT
2026-06-09 08:45:00,S3,Dairy,54.5,4.69,3.25,LOW
2026-06-09 08:45:00,S4,Beverages,35.4,6.34,3.0,LOW
2026-06-09 08:45:00,S5,Snacks,75.9,3.02,2.25,FULL
2026-06-09 08:45:00,S6,Produce,0.0,6.68,4.75,OUT
2026-06-09 08:45:00,S7,Beverages,0.0,6.21,9.5,OUT
2026-06-09 08:45:00,S8,Bakery,31.0,4.94,4.25,LOW
2026-06-09 09:00:00,S1,Dairy,,4.78,8.25,OUT
2026-06-09 09:00:00,S2,Bakery,0.0,5.48,7.75,OUT
2026-06-09 09:00:00,S3,Dairy,37.6,5.57,3.5,LOW
2026-06-09 09:00:00,S4,Beverages,33.1,6.55,3.25,LOW
2026-06-09 09:00:00,S5,Snacks,77.5,3.14,2.5,FULL
2026-06-09 09:00:00,S6,Produce,35.6,4.22,5.0,LOW
2026-06-09 09:00:00,S7,Beverages,0.0,5.93,9.75,OUT
2026-06-09 09:00:00,S8,Bakery,14.5,5.92,4.5,OUT
2026-06-09 09:15:00,S1,Dairy,0.0,4.34,8.5,OUT
2026-06-09 09:15:00,S2,Bakery,0.0,5.61,8.0,OUT
2026-06-09 09:15:00,S3,Dairy,33.3,5.33,3.75,LOW
2026-06-09 09:15:00,S4,Beverages,43.0,5.34,3.5,LOW
2026-06-09 09:15:00,S5,Snacks,62.8,4.05,2.75,FULL
2026-06-09 09:15:00,S6,Produce,19.5,4.71,5.25,OUT
2026-06-09 09:15:00,S7,Beverages,0.0,3.69,10.0,OUT
2026-06-09 09:15:00,S8,Bakery,25.5,,4.75,LOW
2026-06-09 09:30:00,S1,Dairy,0.0,3.91,8.75,OUT
2026-06-09 09:30:00,S2,Bakery,0.0,5.36,,OUT
2026-06-09 09:30:00,S3,Dairy,40.8,4.38,4.0,LOW
2026-06-09 09:30:00,S4,Beverages,31.4,5.43,3.75,LOW
2026-06-09 09:30:00,S5,Snacks,81.2,2.25,,FULL
2026-06-09 09:30:00,S6,Produce,0.0,5.67,5.5,OUT
2026-06-09 09:30:00,S7,Beverages,0.0,6.02,10.25,OUT
2026-06-09 09:30:00,S8,Bakery,16.6,5.1,5.0,OUT
2026-06-09 09:45:00,S1,Dairy,0.0,4.66,9.0,OUT
2026-06-09 09:45:00,S2,Bakery,0.0,6.21,8.5,OUT
2026-06-09 09:45:00,S3,Dairy,37.6,4.9,4.25,LOW
2026-06-09 09:45:00,S4,Beverages,27.7,5.7,4.0,LOW
2026-06-09 09:45:00,S5,Snacks,65.1,3.09,3.25,FULL
2026-06-09 09:45:00,S6,Produce,31.5,3.87,5.75,LOW
2026-06-09 09:45:00,S7,Beverages,97.5,5.0,0.0,FULL
2026-06-09 09:45:00,S8,Bakery,31.7,4.15,5.25,LOW
2026-06-09 10:00:00,S1,Dairy,0.0,5.32,9.25,OUT
2026-06-09 10:00:00,S2,Bakery,0.0,3.47,8.75,OUT
2026-06-09 10:00:00,S3,Dairy,25.0,5.24,4.5,LOW
2026-06-09 10:00:00,S4,Beverages,17.5,6.07,4.25,OUT
2026-06-09 10:00:00,S5,Snacks,70.9,2.44,3.5,FULL
2026-06-09 10:00:00,S6,Produce,16.9,4.49,6.0,OUT
2026-06-09 10:00:00,S7,Beverages,92.8,7.09,0.25,FULL
2026-06-09 10:00:00,S8,Bakery,0.0,5.91,5.5,OUT
2026-06-09 10:15:00,S1,Dairy,0.0,6.09,9.5,OUT
2026-06-09 10:15:00,S2,Bakery,0.0,5.88,9.0,OUT
2026-06-09 10:15:00,S3,Dairy,48.3,3.36,4.75,LOW
2026-06-09 10:15:00,S4,Beverages,5.4,5.99,4.5,OUT
2026-06-09 10:15:00,S5,Snacks,63.2,3.15,3.75,FULL
2026-06-09 10:15:00,S6,Produce,24.0,3.7,6.25,LOW
2026-06-09 10:15:00,S7,Beverages,94.9,5.15,0.5,FULL
2026-06-09 10:15:00,S8,Bakery,0.0,5.68,5.75,OUT
2026-06-09 10:30:00,S1,Dairy,0.0,4.8,9.75,OUT
2026-06-09 10:30:00,S2,Bakery,,3.32,9.25,OUT
2026-06-09 10:30:00,S3,Dairy,13.8,5.64,5.0,OUT
2026-06-09 10:30:00,S4,Beverages,4.3,6.04,4.75,OUT
2026-06-09 10:30:00,S5,Snacks,38.6,4.65,4.0,LOW
2026-06-09 10:30:00,S6,Produce,3.7,,6.5,OUT
2026-06-09 10:30:00,S7,Beverages,79.3,9.13,0.75,FULL
2026-06-09 10:30:00,S8,Bakery,30.5,3.45,6.0,LOW
2026-06-09 10:45:00,S1,Dairy,0.0,,10.0,OUT
2026-06-09 10:45:00,S2,Bakery,5.4,3.16,9.5,OUT
2026-06-09 10:45:00,S3,Dairy,30.4,3.73,5.25,LOW
2026-06-09 10:45:00,S4,Beverages,10.8,5.32,5.0,OUT
2026-06-09 10:45:00,S5,Snacks,73.4,2.31,4.25,FULL
2026-06-09 10:45:00,S6,Produce,13.2,4.22,6.75,OUT
2026-06-09 10:45:00,S7,Beverages,80.7,5.88,1.0,FULL
2026-06-09 10:45:00,S8,Bakery,0.0,5.5,6.25,OUT
2026-06-09 11:00:00,S1,Dairy,0.0,5.21,10.25,OUT
2026-06-09 11:00:00,S2,Bakery,0.0,5.89,9.75,OUT
2026-06-09 11:00:00,S3,Dairy,0.0,5.54,5.5,OUT
2026-06-09 11:00:00,S4,Beverages,22.7,4.71,5.25,LOW
2026-06-09 11:00:00,S5,Snacks,33.4,4.39,4.5,LOW
2026-06-09 11:00:00,S6,Produce,23.7,3.28,7.0,LOW
2026-06-09 11:00:00,S7,Beverages,76.7,5.71,1.25,FULL
2026-06-09 11:00:00,S8,Bakery,0.0,5.36,6.5,OUT
2026-06-09 11:15:00,S1,Dairy,0.0,4.39,10.5,OUT
2026-06-09 11:15:00,S2,Bakery,0.0,6.32,10.0,OUT
2026-06-09 11:15:00,S3,Dairy,17.4,4.42,5.75,OUT
2026-06-09 11:15:00,S4,Beverages,9.5,5.36,5.5,OUT
2026-06-09 11:15:00,S5,Snacks,49.1,3.31,4.75,LOW
2026-06-09 11:15:00,S6,Produce,0.0,4.66,7.25,OUT
2026-06-09 11:15:00,S7,Beverages,57.3,8.29,1.5,LOW
2026-06-09 11:15:00,S8,Bakery,0.0,5.85,6.75,OUT
2026-06-09 11:30:00,S1,Dairy,0.0,3.67,10.75,OUT
2026-06-09 11:30:00,S2,Bakery,0.0,4.86,10.25,OUT
2026-06-09 11:30:00,S3,Dairy,0.0,5.06,6.0,OUT
2026-06-09 11:30:00,S4,Beverages,0.0,5.92,5.75,OUT
2026-06-09 11:30:00,S5,Snacks,35.4,3.96,5.0,LOW
2026-06-09 11:30:00,S6,Produce,38.1,2.77,7.5,LOW
2026-06-09 11:30:00,S7,Beverages,57.1,7.28,1.75,LOW
2026-06-09 11:30:00,S8,Bakery,15.0,3.87,7.0,OUT
2026-06-09 11:45:00,S1,Dairy,8.7,2.57,11.0,OUT
2026-06-09 11:45:00,S2,Bakery,0.0,4.73,10.5,OUT
2026-06-09 11:45:00,S3,Dairy,13.4,4.15,6.25,OUT
2026-06-09 11:45:00,S4,Beverages,0.0,5.82,6.0,OUT
2026-06-09 11:45:00,S5,Snacks,64.0,2.18,5.25,FULL
2026-06-09 11:45:00,S6,Produce,0.0,,7.75,OUT
2026-06-09 11:45:00,S7,Beverages,68.3,4.35,2.0,FULL
2026-06-09 11:45:00,S8,Bakery,0.0,5.59,7.25,OUT
2026-06-09 12:00:00,S1,Dairy,0.0,3.02,11.25,OUT
2026-06-09 12:00:00,S2,Bakery,0.0,4.45,10.75,OUT
2026-06-09 12:00:00,S3,Dairy,0.0,5.99,6.5,OUT
2026-06-09 12:00:00,S4,Beverages,0.0,5.28,6.25,OUT
2026-06-09 12:00:00,S5,Snacks,83.0,0.99,5.5,FULL
2026-06-09 12:00:00,S6,Produce,45.6,2.24,8.0,LOW
2026-06-09 12:00:00,S7,Beverages,47.9,7.35,2.25,LOW
2026-06-09 12:00:00,S8,Bakery,0.0,6.04,7.5,OUT
2026-06-09 12:15:00,S1,Dairy,93.5,6.17,0.0,FULL
2026-06-09 12:15:00,S2,Bakery,0.0,5.03,11.0,OUT
2026-06-09 12:15:00,S3,Dairy,14.2,4.0,6.75,OUT
2026-06-09 12:15:00,S4,Beverages,0.0,8.06,6.5,OUT
2026-06-09 12:15:00,S5,Snacks,53.3,2.3,5.75,LOW
2026-06-09 12:15:00,S6,Produce,0.0,5.01,8.25,OUT
2026-06-09 12:15:00,S7,Beverages,45.7,6.75,2.5,LOW
2026-06-09 12:15:00,S8,Bakery,0.0,5.15,7.75,OUT
2026-06-09 12:30:00,S1,Dairy,97.8,4.47,0.25,FULL
2026-06-09 12:30:00,S2,Bakery,0.0,3.73,11.25,OUT
2026-06-09 12:30:00,S3,Dairy,18.8,3.59,7.0,OUT
2026-06-09 12:30:00,S4,Beverages,0.0,,6.75,OUT
2026-06-09 12:30:00,S5,Snacks,17.0,4.51,6.0,OUT
2026-06-09 12:30:00,S6,Produce,22.6,2.8,8.5,LOW
2026-06-09 12:30:00,S7,Beverages,63.1,4.52,2.75,FULL
2026-06-09 12:30:00,S8,Bakery,8.0,3.54,8.0,OUT
2026-06-09 12:45:00,S1,Dairy,89.6,4.32,0.5,FULL
2026-06-09 12:45:00,S2,Bakery,0.0,4.43,11.5,OUT
2026-06-09 12:45:00,S3,Dairy,0.0,5.36,7.25,OUT
2026-06-09 12:45:00,S4,Beverages,0.0,4.96,7.0,OUT
2026-06-09 12:45:00,S5,Snacks,33.1,3.21,6.25,LOW
2026-06-09 12:45:00,S6,Produce,0.0,3.92,8.75,OUT
2026-06-09 12:45:00,S7,Beverages,27.7,7.12,3.0,LOW
2026-06-09 12:45:00,S8,Bakery,0.0,4.17,8.25,OUT
2026-06-09 13:00:00,S1,Dairy,86.1,4.98,0.75,FULL
2026-06-09 13:00:00,S2,Bakery,0.0,5.61,11.75,OUT
2026-06-09 13:00:00,S3,Dairy,0.1,4.22,7.5,OUT
2026-06-09 13:00:00,S4,Beverages,0.0,9.05,7.25,OUT
2026-06-09 13:00:00,S5,Snacks,51.1,2.67,6.5,LOW
2026-06-09 13:00:00,S6,Produce,18.3,2.64,9.0,OUT
2026-06-09 13:00:00,S7,Beverages,42.4,5.64,3.25,LOW
2026-06-09 13:00:00,S8,Bakery,0.0,4.81,8.5,OUT
2026-06-09 13:15:00,S1,Dairy,90.2,2.37,1.0,FULL
2026-06-09 13:15:00,S2,Bakery,0.0,4.49,12.0,OUT
2026-06-09 13:15:00,S3,Dairy,0.0,5.65,7.75,OUT
2026-06-09 13:15:00,S4,Beverages,0.0,5.75,7.5,OUT
2026-06-09 13:15:00,S5,Snacks,22.5,3.64,6.75,LOW
2026-06-09 13:15:00,S6,Produce,0.0,4.12,9.25,OUT
2026-06-09 13:15:00,S7,Beverages,53.8,4.32,3.5,LOW
2026-06-09 13:15:00,S8,Bakery,0.0,5.36,8.75,OUT
2026-06-09 13:30:00,S1,Dairy,80.2,4.89,1.25,FULL
2026-06-09 13:30:00,S2,Bakery,0.0,5.12,12.25,OUT
2026-06-09 13:30:00,S3,Dairy,0.0,5.56,8.0,OUT
2026-06-09 13:30:00,S4,Beverages,0.0,6.62,7.75,OUT
2026-06-09 13:30:00,S5,Snacks,17.9,3.6,7.0,OUT
2026-06-09 13:30:00,S6,Produce,0.0,5.2,9.5,OUT
2026-06-09 13:30:00,S7,Beverages,,5.68,3.75,LOW
2026-06-09 13:30:00,S8,Bakery,0.0,4.89,9.0,OUT
2026-06-09 13:45:00,S1,Dairy,67.0,6.54,1.5,FULL
2026-06-09 13:45:00,S2,Bakery,0.0,4.15,12.5,OUT
2026-06-09 13:45:00,S3,Dairy,0.0,5.08,8.25,OUT
2026-06-09 13:45:00,S4,Beverages,0.0,6.07,8.0,OUT
2026-06-09 13:45:00,S5,Snacks,23.5,3.12,7.25,LOW
2026-06-09 13:45:00,S6,Produce,1.6,3.33,9.75,OUT
2026-06-09 13:45:00,S7,Beverages,18.6,6.52,4.0,OUT
2026-06-09 13:45:00,S8,Bakery,0.0,6.26,9.25,OUT
2026-06-09 14:00:00,S1,Dairy,72.1,5.32,1.75,FULL
2026-06-09 14:00:00,S2,Bakery,0.0,3.6,12.75,OUT
2026-06-09 14:00:00,S3,Dairy,0.0,4.09,8.5,OUT
2026-06-09 14:00:00,S4,Beverages,0.0,6.78,8.25,OUT
2026-06-09 14:00:00,S5,Snacks,60.8,1.6,7.5,FULL
2026-06-09 14:00:00,S6,Produce,,3.56,10.0,OUT
2026-06-09 14:00:00,S7,Beverages,25.2,5.4,4.25,LOW
2026-06-09 14:00:00,S8,Bakery,0.0,6.29,9.5,OUT
2026-06-09 14:15:00,S1,Dairy,82.1,2.92,2.0,FULL
2026-06-09 14:15:00,S2,Bakery,0.0,5.5,13.0,OUT
2026-06-09 14:15:00,S3,Dairy,0.0,4.98,8.75,OUT
2026-06-09 14:15:00,S4,Beverages,0.0,6.52,8.5,OUT
2026-06-09 14:15:00,S5,Snacks,62.1,1.48,7.75,FULL
2026-06-09 14:15:00,S6,Produce,100.0,2.52,0.0,FULL
2026-06-09 14:15:00,S7,Beverages,35.4,4.57,,LOW
2026-06-09 14:15:00,S8,Bakery,0.0,5.18,9.75,OUT
2026-06-09 14:30:00,S1,Dairy,64.7,4.66,2.25,FULL
2026-06-09 14:30:00,S2,Bakery,0.0,4.97,13.25,OUT
2026-06-09 14:30:00,S3,Dairy,0.0,5.2,9.0,OUT
2026-06-09 14:30:00,S4,Beverages,0.0,5.65,8.75,OUT
2026-06-09 14:30:00,S5,Snacks,6.6,3.7,8.0,OUT
2026-06-09 14:30:00,S6,Produce,96.5,4.33,0.25,FULL
2026-06-09 14:30:00,S7,Beverages,24.5,5.01,4.75,LOW
2026-06-09 14:30:00,S8,Bakery,0.0,6.44,10.0,OUT
2026-06-09 14:45:00,S1,Dairy,,5.85,2.5,LOW
2026-06-09 14:45:00,S2,Bakery,0.0,4.89,13.5,OUT
2026-06-09 14:45:00,S3,Dairy,0.0,4.13,9.25,OUT
2026-06-09 14:45:00,S4,Beverages,0.0,8.11,9.0,OUT
2026-06-09 14:45:00,S5,Snacks,5.2,3.53,8.25,OUT
2026-06-09 14:45:00,S6,Produce,87.7,5.56,0.5,FULL
2026-06-09 14:45:00,S7,Beverages,0.0,6.28,5.0,OUT
2026-06-09 14:45:00,S8,Bakery,0.0,6.82,10.25,OUT
2026-06-09 15:00:00,S1,Dairy,64.8,3.9,2.75,FULL
2026-06-09 15:00:00,S2,Bakery,0.0,5.57,13.75,OUT
2026-06-09 15:00:00,S3,Dairy,0.0,4.42,9.5,OUT
2026-06-09 15:00:00,S4,Beverages,0.0,5.76,9.25,OUT
2026-06-09 15:00:00,S5,Snacks,0.0,4.32,8.5,OUT
2026-06-09 15:00:00,S6,Produce,96.9,2.62,0.75,FULL
2026-06-09 15:00:00,S7,Beverages,0.0,6.81,5.25,OUT
2026-06-09 15:00:00,S8,Bakery,0.0,6.96,10.5,OUT
2026-06-09 15:15:00,S1,Dairy,72.4,3.35,3.0,FULL
2026-06-09 15:15:00,S2,Bakery,0.0,3.97,14.0,OUT
2026-06-09 15:15:00,S3,Dairy,0.0,3.8,9.75,OUT
2026-06-09 15:15:00,S4,Beverages,0.0,5.75,9.5,OUT
2026-06-09 15:15:00,S5,Snacks,0.0,3.73,8.75,OUT
2026-06-09 15:15:00,S6,Produce,87.1,4.86,1.0,FULL
2026-06-09 15:15:00,S7,Beverages,0.0,6.12,5.5,OUT
2026-06-09 15:15:00,S8,Bakery,0.0,5.42,10.75,OUT
2026-06-09 15:30:00,S1,Dairy,55.5,4.12,3.25,LOW
2026-06-09 15:30:00,S2,Bakery,0.0,3.86,,OUT
2026-06-09 15:30:00,S3,Dairy,53.2,1.45,10.0,LOW
2026-06-09 15:30:00,S4,Beverages,0.0,4.4,9.75,OUT
2026-06-09 15:30:00,S5,Snacks,0.0,3.86,9.0,OUT
2026-06-09 15:30:00,S6,Produce,81.3,3.77,1.25,FULL
2026-06-09 15:30:00,S7,Beverages,15.7,4.59,5.75,OUT
2026-06-09 15:30:00,S8,Bakery,0.0,8.22,11.0,OUT
2026-06-09 15:45:00,S1,Dairy,,6.42,3.5,LOW
2026-06-09 15:45:00,S2,Bakery,0.0,4.3,14.5,OUT
2026-06-09 15:45:00,S3,Dairy,0.0,4.04,10.25,OUT
2026-06-09 15:45:00,S4,Beverages,0.0,4.89,10.0,OUT
2026-06-09 15:45:00,S5,Snacks,42.6,1.96,9.25,LOW
2026-06-09 15:45:00,S6,Produce,80.4,4.29,1.5,FULL
2026-06-09 15:45:00,S7,Beverages,0.0,6.24,6.0,OUT
2026-06-09 15:45:00,S8,Bakery,0.0,6.57,11.25,OUT
2026-06-09 16:00:00,S1,Dairy,33.0,5.36,3.75,LOW
2026-06-09 16:00:00,S2,Bakery,0.0,5.56,14.75,OUT
2026-06-09 16:00:00,S3,Dairy,0.0,3.07,10.5,OUT
2026-06-09 16:00:00,S4,Beverages,0.0,4.81,10.25,OUT
2026-06-09 16:00:00,S5,Snacks,42.2,1.88,9.5,LOW
2026-06-09 16:00:00,S6,Produce,70.0,5.49,1.75,FULL
2026-06-09 16:00:00,S7,Beverages,0.0,9.21,6.25,OUT
2026-06-09 16:00:00,S8,Bakery,100.0,4.6,0.0,FULL
2026-06-09 16:15:00,S1,Dairy,44.8,4.56,4.0,LOW
2026-06-09 16:15:00,S2,Bakery,0.0,4.88,15.0,OUT
2026-06-09 16:15:00,S3,Dairy,0.0,5.77,10.75,OUT
2026-06-09 16:15:00,S4,Beverages,0.0,5.56,10.5,OUT
2026-06-09 16:15:00,S5,Snacks,33.6,2.09,,LOW
2026-06-09 16:15:00,S6,Produce,64.3,5.83,2.0,FULL
2026-06-09 16:15:00,S7,Beverages,0.0,6.48,6.5,OUT
2026-06-09 16:15:00,S8,Bakery,96.1,4.98,0.25,FULL
2026-06-09 16:30:00,S1,Dairy,50.1,3.68,4.25,LOW
2026-06-09 16:30:00,S2,Bakery,0.0,4.27,15.25,OUT
2026-06-09 16:30:00,S3,Dairy,0.0,3.74,11.0,OUT
2026-06-09 16:30:00,S4,Beverages,0.0,5.19,10.75,OUT
2026-06-09 16:30:00,S5,Snacks,0.0,3.77,10.0,OUT
2026-06-09 16:30:00,S6,Produce,82.5,2.85,2.25,FULL
2026-06-09 16:30:00,S7,Beverages,0.7,4.51,6.75,OUT
2026-06-09 16:30:00,S8,Bakery,88.1,6.18,0.5,FULL
2026-06-09 16:45:00,S1,Dairy,64.9,2.4,4.5,FULL
2026-06-09 16:45:00,S2,Bakery,0.0,4.93,15.5,OUT
2026-06-09 16:45:00,S3,Dairy,0.0,4.9,11.25,OUT
2026-06-09 16:45:00,S4,Beverages,0.0,6.66,11.0,OUT
2026-06-09 16:45:00,S5,Snacks,0.0,3.97,10.25,OUT
2026-06-09 16:45:00,S6,Produce,62.8,4.46,2.5,FULL
2026-06-09 16:45:00,S7,Beverages,0.0,5.01,7.0,OUT
2026-06-09 16:45:00,S8,Bakery,89.4,,0.75,FULL
2026-06-09 17:00:00,S1,Dairy,39.1,3.95,,LOW
2026-06-09 17:00:00,S2,Bakery,0.0,4.45,15.75,OUT
2026-06-09 17:00:00,S3,Dairy,0.0,5.18,11.5,OUT
2026-06-09 17:00:00,S4,Beverages,0.0,5.21,11.25,OUT
2026-06-09 17:00:00,S5,Snacks,73.4,0.89,10.5,FULL
2026-06-09 17:00:00,S6,Produce,52.9,5.68,2.75,LOW
2026-06-09 17:00:00,S7,Beverages,0.0,4.51,7.25,OUT
2026-06-09 17:00:00,S8,Bakery,90.5,3.44,1.0,FULL
2026-06-09 17:15:00,S1,Dairy,51.0,3.29,5.0,LOW
2026-06-09 17:15:00,S2,Bakery,0.0,5.08,16.0,OUT
2026-06-09 17:15:00,S3,Dairy,0.0,,11.75,OUT
2026-06-09 17:15:00,S4,Beverages,0.0,6.47,11.5,OUT
2026-06-09 17:15:00,S5,Snacks,23.2,2.4,10.75,LOW
2026-06-09 17:15:00,S6,Produce,52.3,4.74,3.0,LOW
2026-06-09 17:15:00,S7,Beverages,0.0,5.86,7.5,OUT
2026-06-09 17:15:00,S8,Bakery,73.1,6.34,1.25,FULL
2026-06-09 17:30:00,S1,Dairy,22.3,4.66,5.25,LOW
2026-06-09 17:30:00,S2,Bakery,0.0,6.19,16.25,OUT
2026-06-09 17:30:00,S3,Dairy,0.0,4.11,12.0,OUT
2026-06-09 17:30:00,S4,Beverages,0.0,7.63,11.75,OUT
2026-06-09 17:30:00,S5,Snacks,28.6,2.0,11.0,LOW
2026-06-09 17:30:00,S6,Produce,72.3,3.3,3.25,FULL
2026-06-09 17:30:00,S7,Beverages,0.0,4.29,7.75,OUT
2026-06-09 17:30:00,S8,Bakery,71.0,6.21,1.5,FULL
2026-06-09 17:45:00,S1,Dairy,34.6,3.92,5.5,LOW
2026-06-09 17:45:00,S2,Bakery,0.0,3.47,16.5,OUT
2026-06-09 17:45:00,S3,Dairy,0.0,4.41,12.25,OUT
2026-06-09 17:45:00,S4,Beverages,0.0,5.09,12.0,OUT
2026-06-09 17:45:00,S5,Snacks,0.0,4.0,11.25,OUT
2026-06-09 17:45:00,S6,Produce,48.0,4.71,3.5,LOW
2026-06-09 17:45:00,S7,Beverages,0.0,7.08,8.0,OUT
2026-06-09 17:45:00,S8,Bakery,68.6,6.33,1.75,FULL
2026-06-09 18:00:00,S1,Dairy,10.9,4.82,5.75,OUT
2026-06-09 18:00:00,S2,Bakery,0.0,4.43,16.75,OUT
2026-06-09 18:00:00,S3,Dairy,0.0,6.03,,OUT
2026-06-09 18:00:00,S4,Beverages,0.0,5.33,12.25,OUT
2026-06-09 18:00:00,S5,Snacks,0.0,3.17,11.5,OUT
2026-06-09 18:00:00,S6,Produce,40.4,4.71,3.75,LOW
2026-06-09 18:00:00,S7,Beverages,0.0,6.04,8.25,OUT
2026-06-09 18:00:00,S8,Bakery,69.4,4.92,2.0,FULL
2026-06-09 18:15:00,S1,Dairy,10.9,4.84,6.0,OUT
2026-06-09 18:15:00,S2,Bakery,0.0,5.37,17.0,OUT
2026-06-09 18:15:00,S3,Dairy,0.0,4.12,12.75,OUT
2026-06-09 18:15:00,S4,Beverages,0.0,4.22,12.5,OUT
2026-06-09 18:15:00,S5,Snacks,0.0,3.7,11.75,OUT
2026-06-09 18:15:00,S6,Produce,49.9,4.23,4.0,LOW
2026-06-09 18:15:00,S7,Beverages,0.0,5.78,8.5,OUT
2026-06-09 18:15:00,S8,Bakery,64.6,4.77,2.25,FULL
2026-06-09 18:30:00,S1,Dairy,,3.21,6.25,LOW
2026-06-09 18:30:00,S2,Bakery,0.0,4.1,17.25,OUT
2026-06-09 18:30:00,S3,Dairy,0.0,3.42,13.0,OUT
2026-06-09 18:30:00,S4,Beverages,100.0,6.19,0.0,FULL
2026-06-09 18:30:00,S5,Snacks,0.0,3.66,12.0,OUT
2026-06-09 18:30:00,S6,Produce,36.7,4.77,4.25,LOW
2026-06-09 18:30:00,S7,Beverages,0.0,6.3,8.75,OUT
2026-06-09 18:30:00,S8,Bakery,60.3,4.74,2.5,FULL
2026-06-09 18:45:00,S1,Dairy,8.9,4.56,6.5,OUT
2026-06-09 18:45:00,S2,Bakery,0.0,5.92,17.5,OUT
2026-06-09 18:45:00,S3,Dairy,0.0,4.72,13.25,OUT
2026-06-09 18:45:00,S4,Beverages,93.0,6.52,0.25,FULL
2026-06-09 18:45:00,S5,Snacks,100.0,4.26,0.0,FULL
2026-06-09 18:45:00,S6,Produce,34.6,4.44,4.5,LOW
2026-06-09 18:45:00,S7,Beverages,0.0,4.97,9.0,OUT
2026-06-09 18:45:00,S8,Bakery,45.0,6.1,2.75,LOW
2026-06-09 19:00:00,S1,Dairy,54.0,2.24,6.75,LOW
2026-06-09 19:00:00,S2,Bakery,0.0,7.11,17.75,OUT
2026-06-09 19:00:00,S3,Dairy,0.0,4.31,13.5,OUT
2026-06-09 19:00:00,S4,Beverages,91.8,6.02,,FULL
2026-06-09 19:00:00,S5,Snacks,100.0,2.16,0.25,FULL
2026-06-09 19:00:00,S6,Produce,40.0,3.68,4.75,LOW
2026-06-09 19:00:00,S7,Beverages,0.0,,9.25,OUT
2026-06-09 19:00:00,S8,Bakery,56.3,4.86,3.0,LOW
2026-06-09 19:15:00,S1,Dairy,0.0,4.89,7.0,OUT
2026-06-09 19:15:00,S2,Bakery,0.0,4.13,18.0,OUT
2026-06-09 19:15:00,S3,Dairy,0.0,3.18,13.75,OUT
2026-06-09 19:15:00,S4,Beverages,84.6,5.63,0.75,FULL
2026-06-09 19:15:00,S5,Snacks,96.6,2.39,0.5,FULL
2026-06-09 19:15:00,S6,Produce,19.1,5.18,5.0,OUT
2026-06-09 19:15:00,S7,Beverages,0.0,5.91,9.5,OUT
2026-06-09 19:15:00,S8,Bakery,50.3,4.76,3.25,LOW
2026-06-09 19:30:00,S1,Dairy,16.1,3.84,7.25,OUT
2026-06-09 19:30:00,S2,Bakery,0.0,6.16,18.25,OUT
2026-06-09 19:30:00,S3,Dairy,0.0,4.15,14.0,OUT
2026-06-09 19:30:00,S4,Beverages,86.9,5.46,1.0,FULL
2026-06-09 19:30:00,S5,Snacks,87.9,2.62,0.75,FULL
2026-06-09 19:30:00,S6,Produce,37.4,3.77,5.25,LOW
2026-06-09 19:30:00,S7,Beverages,0.0,5.82,9.75,OUT
2026-06-09 19:30:00,S8,Bakery,41.9,5.65,3.5,LOW
2026-06-09 19:45:00,S1,Dairy,2.3,4.22,7.5,OUT
2026-06-09 19:45:00,S2,Bakery,0.0,4.89,18.5,OUT
2026-06-09 19:45:00,S3,Dairy,97.7,3.51,0.0,FULL
2026-06-09 19:45:00,S4,Beverages,73.4,6.15,1.25,FULL
2026-06-09 19:45:00,S5,Snacks,88.3,4.58,1.0,FULL
2026-06-09 19:45:00,S6,Produce,24.9,4.17,5.5,LOW
2026-06-09 19:45:00,S7,Beverages,0.0,5.12,10.0,OUT
2026-06-09 19:45:00,S8,Bakery,,4.51,3.75,LOW
2026-06-09 20:00:00,S1,Dairy,0.0,4.77,7.75,OUT
2026-06-09 20:00:00,S2,Bakery,0.0,6.49,18.75,OUT
2026-06-09 20:00:00,S3,Dairy,96.8,4.96,0.25,FULL
2026-06-09 20:00:00,S4,Beverages,68.8,6.76,1.5,FULL
2026-06-09 20:00:00,S5,Snacks,93.4,1.94,1.25,FULL
2026-06-09 20:00:00,S6,Produce,61.2,2.19,5.75,FULL
2026-06-09 20:00:00,S7,Beverages,0.0,4.45,10.25,OUT
2026-06-09 20:00:00,S8,Bakery,,6.09,4.0,LOW
2026-06-09 20:15:00,S1,Dairy,0.0,4.81,8.0,OUT
2026-06-09 20:15:00,S2,Bakery,0.0,4.72,19.0,OUT
2026-06-09 20:15:00,S3,Dairy,89.0,5.01,0.5,FULL
2026-06-09 20:15:00,S4,Beverages,67.9,6.44,1.75,FULL
2026-06-09 20:15:00,S5,Snacks,91.9,2.02,1.5,FULL
2026-06-09 20:15:00,S6,Produce,27.4,,6.0,LOW
2026-06-09 20:15:00,S7,Beverages,0.0,3.87,10.5,OUT
2026-06-09 20:15:00,S8,Bakery,56.6,3.24,4.25,LOW
2026-06-09 20:30:00,S1,Dairy,0.0,4.9,8.25,OUT
2026-06-09 20:30:00,S2,Bakery,0.0,4.51,19.25,OUT
2026-06-09 20:30:00,S3,Dairy,83.5,6.03,0.75,FULL
2026-06-09 20:30:00,S4,Beverages,54.6,6.84,2.0,LOW
2026-06-09 20:30:00,S5,Snacks,84.3,,1.75,FULL
2026-06-09 20:30:00,S6,Produce,0.0,5.01,6.25,OUT
2026-06-09 20:30:00,S7,Beverages,0.0,5.11,10.75,OUT
2026-06-09 20:30:00,S8,Bakery,7.6,6.19,4.5,OUT
2026-06-09 20:45:00,S1,Dairy,0.0,5.5,8.5,OUT
2026-06-09 20:45:00,S2,Bakery,0.0,4.63,19.5,OUT
2026-06-09 20:45:00,S3,Dairy,77.9,6.34,1.0,FULL
2026-06-09 20:45:00,S4,Beverages,47.7,7.09,2.25,LOW
2026-06-09 20:45:00,S5,Snacks,75.4,3.5,2.0,FULL
2026-06-09 20:45:00,S6,Produce,28.5,3.35,6.5,LOW
2026-06-09 20:45:00,S7,Beverages,0.0,4.9,11.0,OUT
2026-06-09 20:45:00,S8,Bakery,10.1,5.66,4.75,OUT
2026-06-09 21:00:00,S1,Dairy,0.0,5.97,8.75,OUT
2026-06-09 21:00:00,S2,Bakery,0.0,5.2,19.75,OUT
2026-06-09 21:00:00,S3,Dairy,80.0,,1.25,FULL
2026-06-09 21:00:00,S4,Beverages,47.2,6.23,2.5,LOW
2026-06-09 21:00:00,S5,Snacks,79.0,2.17,2.25,FULL
2026-06-09 21:00:00,S6,Produce,0.0,6.13,6.75,OUT
2026-06-09 21:00:00,S7,Beverages,0.0,5.28,11.25,OUT
2026-06-09 21:00:00,S8,Bakery,12.0,5.55,5.0,OUT
2026-06-09 21:15:00,S1,Dairy,0.0,4.33,9.0,OUT
2026-06-09 21:15:00,S2,Bakery,0.0,6.34,20.0,OUT
2026-06-09 21:15:00,S3,Dairy,71.6,4.92,1.5,FULL
2026-06-09 21:15:00,S4,Beverages,33.1,7.35,2.75,LOW
2026-06-09 21:15:00,S5,Snacks,78.7,3.05,2.5,FULL
2026-06-09 21:15:00,S6,Produce,34.8,2.82,7.0,LOW
2026-06-09 21:15:00,S7,Beverages,0.0,7.25,11.5,OUT
2026-06-09 21:15:00,S8,Bakery,5.7,5.84,5.25,OUT
2026-06-09 21:30:00,S1,Dairy,0.0,5.04,9.25,OUT
2026-06-09 21:30:00,S2,Bakery,0.0,6.76,20.25,OUT
2026-06-09 21:30:00,S3,Dairy,62.5,7.03,1.75,FULL
2026-06-09 21:30:00,S4,Beverages,31.3,7.28,3.0,LOW
2026-06-09 21:30:00,S5,Snacks,68.9,3.36,2.75,FULL
2026-06-09 21:30:00,S6,Produce,0.0,4.78,7.25,OUT
2026-06-09 21:30:00,S7,Beverages,0.0,5.43,11.75,OUT
2026-06-09 21:30:00,S8,Bakery,9.6,5.04,5.5,OUT
2026-06-09 21:45:00,S1,Dairy,0.0,4.36,9.5,OUT
2026-06-09 21:45:00,S2,Bakery,0.0,4.01,20.5,OUT
2026-06-09 21:45:00,S3,Dairy,79.6,3.45,2.0,FULL
2026-06-09 21:45:00,S4,Beverages,22.3,7.27,3.25,LOW
2026-06-09 21:45:00,S5,Snacks,65.5,3.51,3.0,FULL
2026-06-09 21:45:00,S6,Produce,0.0,4.9,7.5,OUT
2026-06-09 21:45:00,S7,Beverages,0.0,3.8,12.0,OUT
2026-06-09 21:45:00,S8,Bakery,0.0,6.3,5.75,OUT
2026-06-09 22:00:00,S1,Dairy,0.0,5.28,9.75,OUT
2026-06-09 22:00:00,S2,Bakery,0.0,5.19,20.75,OUT
2026-06-09 22:00:00,S3,Dairy,82.1,2.45,2.25,FULL
2026-06-09 22:00:00,S4,Beverages,32.6,5.33,3.5,LOW
2026-06-09 22:00:00,S5,Snacks,47.7,5.11,3.25,LOW
2026-06-09 22:00:00,S6,Produce,0.0,4.44,7.75,OUT
2026-06-09 22:00:00,S7,Beverages,0.0,6.67,12.25,OUT
2026-06-09 22:00:00,S8,Bakery,0.0,6.81,6.0,OUT
2026-06-09 22:15:00,S1,Dairy,0.0,4.78,10.0,OUT
2026-06-09 22:15:00,S2,Bakery,0.0,5.14,21.0,OUT
2026-06-09 22:15:00,S3,Dairy,52.2,6.07,2.5,LOW
2026-06-09 22:15:00,S4,Beverages,43.5,4.92,3.75,LOW
2026-06-09 22:15:00,S5,Snacks,66.9,3.2,3.5,FULL
2026-06-09 22:15:00,S6,Produce,0.0,4.13,8.0,OUT
2026-06-09 22:15:00,S7,Beverages,0.0,6.16,12.5,OUT
2026-06-09 22:15:00,S8,Bakery,2.7,4.84,6.25,OUT
2026-06-09 22:30:00,S1,Dairy,0.0,3.67,,OUT
2026-06-09 22:30:00,S2,Bakery,0.0,2.77,21.25,OUT
2026-06-09 22:30:00,S3,Dairy,71.8,3.71,2.75,FULL
2026-06-09 22:30:00,S4,Beverages,19.7,6.64,4.0,OUT
2026-06-09 22:30:00,S5,Snacks,58.7,3.12,3.75,LOW
2026-06-09 22:30:00,S6,Produce,12.0,3.18,8.25,OUT
2026-06-09 22:30:00,S7,Beverages,0.0,6.11,12.75,OUT
2026-06-09 22:30:00,S8,Bakery,0.0,6.03,6.5,OUT
2026-06-09 22:45:00,S1,Dairy,0.0,4.68,10.5,OUT
2026-06-09 22:45:00,S2,Bakery,0.0,3.97,21.5,OUT
2026-06-09 22:45:00,S3,Dairy,54.7,4.95,3.0,LOW
2026-06-09 22:45:00,S4,Beverages,,5.46,4.25,LOW
2026-06-09 22:45:00,S5,Snacks,57.0,3.82,4.0,LOW
2026-06-09 22:45:00,S6,Produce,0.0,4.45,8.5,OUT
2026-06-09 22:45:00,S7,Beverages,0.0,4.67,13.0,OUT
2026-06-09 22:45:00,S8,Bakery,2.8,4.43,6.75,OUT
2026-06-09 23:00:00,S1,Dairy,0.0,5.07,10.75,OUT
2026-06-09 23:00:00,S2,Bakery,0.0,7.03,21.75,OUT
2026-06-09 23:00:00,S3,Dairy,37.6,6.27,3.25,LOW
2026-06-09 23:00:00,S4,Beverages,49.1,3.52,4.5,LOW
2026-06-09 23:00:00,S5,Snacks,48.5,3.1,4.25,LOW
2026-06-09 23:00:00,S6,Produce,0.0,4.18,8.75,OUT
2026-06-09 23:00:00,S7,Beverages,0.0,7.26,13.25,OUT
2026-06-09 23:00:00,S8,Bakery,16.9,3.63,7.0,OUT
2026-06-09 23:15:00,S1,Dairy,0.0,3.85,11.0,OUT
2026-06-09 23:15:00,S2,Bakery,0.0,5.91,22.0,OUT
2026-06-09 23:15:00,S3,Dairy,45.3,5.11,3.5,LOW
2026-06-09 23:15:00,S4,Beverages,17.9,5.24,4.75,OUT
2026-06-09 23:15:00,S5,Snacks,67.9,2.12,4.5,FULL
2026-06-09 23:15:00,S6,Produce,0.0,3.82,9.0,OUT
2026-06-09 23:15:00,S7,Beverages,0.0,5.27,,OUT
2026-06-09 23:15:00,S8,Bakery,0.0,5.27,7.25,OUT
2026-06-09 23:30:00,S1,Dairy,0.0,3.61,11.25,OUT
2026-06-09 23:30:00,S2,Bakery,0.0,3.38,22.25,OUT
2026-06-09 23:30:00,S3,Dairy,52.0,3.82,3.75,LOW
2026-06-09 23:30:00,S4,Beverages,3.8,5.97,5.0,OUT
2026-06-09 23:30:00,S5,Snacks,64.6,2.32,4.75,FULL
2026-06-09 23:30:00,S6,Produce,0.0,5.23,,OUT
2026-06-09 23:30:00,S7,Beverages,0.0,6.03,13.75,OUT
2026-06-09 23:30:00,S8,Bakery,3.7,3.97,7.5,OUT
2026-06-09 23:45:00,S1,Dairy,0.0,3.07,11.5,OUT
2026-06-09 23:45:00,S2,Bakery,0.0,4.7,22.5,OUT
2026-06-09 23:45:00,S3,Dairy,37.3,4.89,4.0,LOW
2026-06-09 23:45:00,S4,Beverages,28.3,4.21,5.25,LOW
2026-06-09 23:45:00,S5,Snacks,39.3,3.64,5.0,LOW
2026-06-09 23:45:00,S6,Produce,50.3,1.73,9.5,LOW
2026-06-09 23:45:00,S7,Beverages,0.0,6.62,14.0,OUT
2026-06-09 23:45:00,S8,Bakery,0.0,4.86,7.75,OUT
2026-06-10 00:00:00,S1,Dairy,0.0,6.03,11.75,OUT
2026-06-10 00:00:00,S2,Bakery,0.0,5.97,22.75,OUT
2026-06-10 00:00:00,S3,Dairy,23.7,5.77,4.25,LOW
2026-06-10 00:00:00,S4,Beverages,0.0,5.85,5.5,OUT
2026-06-10 00:00:00,S5,Snacks,38.5,3.92,5.25,LOW
2026-06-10 00:00:00,S6,Produce,0.0,3.64,9.75,OUT
2026-06-10 00:00:00,S7,Beverages,0.0,5.74,14.25,OUT
2026-06-10 00:00:00,S8,Bakery,0.0,6.14,8.0,OUT
2026-06-10 00:15:00,S1,Dairy,0.0,6.3,12.0,OUT
2026-06-10 00:15:00,S2,Bakery,0.0,4.71,23.0,OUT
2026-06-10 00:15:00,S3,Dairy,32.0,4.53,4.5,LOW
2026-06-10 00:15:00,S4,Beverages,0.0,6.34,5.75,OUT
2026-06-10 00:15:00,S5,Snacks,51.3,2.68,5.5,LOW
2026-06-10 00:15:00,S6,Produce,0.0,5.73,10.0,OUT
2026-06-10 00:15:00,S7,Beverages,0.0,5.93,14.5,OUT
2026-06-10 00:15:00,S8,Bakery,0.0,5.59,8.25,OUT
2026-06-10 00:30:00,S1,Dairy,0.0,4.98,12.25,OUT
2026-06-10 00:30:00,S2,Bakery,0.0,4.39,23.25,OUT
2026-06-10 00:30:00,S3,Dairy,10.0,5.75,4.75,OUT
2026-06-10 00:30:00,S4,Beverages,0.0,6.23,6.0,OUT
2026-06-10 00:30:00,S5,Snacks,51.4,2.49,5.75,LOW
2026-06-10 00:30:00,S6,Produce,0.0,3.79,10.25,OUT
2026-06-10 00:30:00,S7,Beverages,0.0,4.12,14.75,OUT
2026-06-10 00:30:00,S8,Bakery,0.0,4.81,8.5,OUT
2026-06-10 00:45:00,S1,Dairy,0.0,3.72,12.5,OUT
2026-06-10 00:45:00,S2,Bakery,0.0,3.96,23.5,OUT
2026-06-10 00:45:00,S3,Dairy,16.0,5.1,5.0,OUT
2026-06-10 00:45:00,S4,Beverages,0.0,6.06,6.25,OUT
2026-06-10 00:45:00,S5,Snacks,10.3,4.7,6.0,OUT
2026-06-10 00:45:00,S6,Produce,0.0,4.01,10.5,OUT
2026-06-10 00:45:00,S7,Beverages,0.0,4.61,15.0,OUT
2026-06-10 00:45:00,S8,Bakery,0.0,5.9,8.75,OUT
2026-06-10 01:00:00,S1,Dairy,0.0,3.77,12.75,OUT
2026-06-10 01:00:00,S2,Bakery,0.0,6.22,23.75,OUT
2026-06-10 01:00:00,S3,Dairy,32.2,4.33,5.25,LOW
2026-06-10 01:00:00,S4,Beverages,10.1,4.66,6.5,OUT
2026-06-10 01:00:00,S5,Snacks,28.3,3.75,6.25,LOW
2026-06-10 01:00:00,S6,Produce,0.0,4.02,10.75,OUT
2026-06-10 01:00:00,S7,Beverages,0.0,5.41,15.25,OUT
2026-06-10 01:00:00,S8,Bakery,0.0,3.81,9.0,OUT
2026-06-10 01:15:00,S1,Dairy,0.0,,13.0,OUT
2026-06-10 01:15:00,S2,Bakery,,4.26,24.0,OUT
2026-06-10 01:15:00,S3,Dairy,23.3,4.38,5.5,LOW
2026-06-10 01:15:00,S4,Beverages,0.0,6.47,6.75,OUT
2026-06-10 01:15:00,S5,Snacks,73.4,1.4,6.5,FULL
2026-06-10 01:15:00,S6,Produce,100.0,4.65,0.0,FULL
2026-06-10 01:15:00,S7,Beverages,,4.87,0.0,FULL
2026-06-10 01:15:00,S8,Bakery,0.0,,9.25,OUT
2026-06-10 01:30:00,S1,Dairy,0.0,5.06,13.25,OUT
2026-06-10 01:30:00,S2,Bakery,0.0,5.22,24.25,OUT
2026-06-10 01:30:00,S3,Dairy,15.1,4.41,5.75,OUT
2026-06-10 01:30:00,S4,Beverages,0.0,4.96,7.0,OUT
2026-06-10 01:30:00,S5,Snacks,31.7,2.97,6.75,LOW
2026-06-10 01:30:00,S6,Produce,95.2,3.96,0.25,FULL
2026-06-10 01:30:00,S7,Beverages,96.8,4.94,0.25,FULL
2026-06-10 01:30:00,S8,Bakery,0.0,4.25,9.5,OUT
2026-06-10 01:45:00,S1,Dairy,0.0,5.12,13.5,OUT
2026-06-10 01:45:00,S2,Bakery,0.0,5.78,24.5,OUT
2026-06-10 01:45:00,S3,Dairy,22.9,4.02,6.0,LOW
2026-06-10 01:45:00,S4,Beverages,0.0,6.12,7.25,OUT
2026-06-10 01:45:00,S5,Snacks,66.0,1.44,7.0,FULL
2026-06-10 01:45:00,S6,Produce,96.7,4.59,0.5,FULL
2026-06-10 01:45:00,S7,Beverages,90.1,7.41,0.5,FULL
2026-06-10 01:45:00,S8,Bakery,0.0,4.22,,OUT
2026-06-10 02:00:00,S1,Dairy,0.0,4.27,13.75,OUT
2026-06-10 02:00:00,S2,Bakery,0.0,6.43,24.75,OUT
2026-06-10 02:00:00,S3,Dairy,8.8,4.55,6.25,OUT
2026-06-10 02:00:00,S4,Beverages,0.0,5.43,7.5,OUT
2026-06-10 02:00:00,S5,Snacks,30.5,3.2,7.25,LOW
2026-06-10 02:00:00,S6,Produce,83.7,6.23,0.75,FULL
2026-06-10 02:00:00,S7,Beverages,89.8,3.91,0.75,FULL
2026-06-10 02:00:00,S8,Bakery,0.0,5.79,10.0,OUT
2026-06-10 02:15:00,S1,Dairy,0.0,5.61,14.0,OUT
2026-06-10 02:15:00,S2,Bakery,0.0,3.69,,OUT
2026-06-10 02:15:00,S3,Dairy,0.0,5.16,6.5,OUT
2026-06-10 02:15:00,S4,Beverages,0.0,4.08,7.75,OUT
2026-06-10 02:15:00,S5,Snacks,0.0,4.52,7.5,OUT
2026-06-10 02:15:00,S6,Produce,85.0,4.01,1.0,FULL
2026-06-10 02:15:00,S7,Beverages,89.5,3.63,1.0,FULL
2026-06-10 02:15:00,S8,Bakery,0.0,3.82,10.25,OUT
2026-06-10 02:30:00,S1,Dairy,0.0,4.85,14.25,OUT
2026-06-10 02:30:00,S2,Bakery,0.0,5.97,25.25,OUT
2026-06-10 02:30:00,S3,Dairy,0.0,4.83,6.75,OUT
2026-06-10 02:30:00,S4,Beverages,0.0,5.6,8.0,OUT
2026-06-10 02:30:00,S5,Snacks,,5.11,7.75,OUT
2026-06-10 02:30:00,S6,Produce,83.0,4.25,1.25,FULL
2026-06-10 02:30:00,S7,Beverages,75.1,,1.25,FULL
2026-06-10 02:30:00,S8,Bakery,0.0,3.37,10.5,OUT
2026-06-10 02:45:00,S1,Dairy,0.0,5.28,14.5,OUT
2026-06-10 02:45:00,S2,Bakery,0.0,6.64,25.5,OUT
2026-06-10 02:45:00,S3,Dairy,0.0,5.63,7.0,OUT
2026-06-10 02:45:00,S4,Beverages,0.0,6.51,8.25,OUT
2026-06-10 02:45:00,S5,Snacks,30.0,2.82,8.0,LOW
2026-06-10 02:45:00,S6,Produce,80.7,4.17,1.5,FULL
2026-06-10 02:45:00,S7,Beverages,65.8,7.29,1.5,FULL
2026-06-10 02:45:00,S8,Bakery,0.0,5.31,10.75,OUT
2026-06-10 03:00:00,S1,Dairy,0.0,4.04,14.75,OUT
2026-06-10 03:00:00,S2,Bakery,0.0,2.56,25.75,OUT
2026-06-10 03:00:00,S3,Dairy,0.0,6.04,7.25,OUT
2026-06-10 03:00:00,S4,Beverages,0.0,4.37,8.5,OUT
2026-06-10 03:00:00,S5,Snacks,37.8,2.39,8.25,LOW
2026-06-10 03:00:00,S6,Produce,79.9,4.21,1.75,FULL
2026-06-10 03:00:00,S7,Beverages,60.0,6.8,1.75,LOW
2026-06-10 03:00:00,S8,Bakery,0.0,4.35,11.0,OUT
2026-06-10 03:15:00,S1,Dairy,0.0,4.06,15.0,OUT
2026-06-10 03:15:00,S2,Bakery,0.0,4.82,26.0,OUT
2026-06-10 03:15:00,S3,Dairy,37.3,2.76,7.5,LOW
2026-06-10 03:15:00,S4,Beverages,0.0,5.66,8.75,OUT
2026-06-10 03:15:00,S5,Snacks,24.8,2.58,8.5,LOW
2026-06-10 03:15:00,S6,Produce,75.3,3.89,2.0,FULL
2026-06-10 03:15:00,S7,Beverages,67.0,4.83,2.0,FULL
2026-06-10 03:15:00,S8,Bakery,0.0,5.75,11.25,OUT
2026-06-10 03:30:00,S1,Dairy,0.0,6.01,15.25,OUT
2026-06-10 03:30:00,S2,Bakery,0.0,4.51,26.25,OUT
2026-06-10 03:30:00,S3,Dairy,0.0,5.18,7.75,OUT
2026-06-10 03:30:00,S4,Beverages,0.0,6.15,9.0,OUT
2026-06-10 03:30:00,S5,Snacks,44.3,1.97,8.75,LOW
2026-06-10 03:30:00,S6,Produce,77.7,3.24,2.25,FULL
2026-06-10 03:30:00,S7,Beverages,66.5,4.13,2.25,FULL
2026-06-10 03:30:00,S8,Bakery,0.0,4.44,11.5,OUT
2026-06-10 03:45:00,S1,Dairy,0.0,5.77,15.5,OUT
2026-06-10 03:45:00,S2,Bakery,0.0,5.14,26.5,OUT
2026-06-10 03:45:00,S3,Dairy,0.0,4.97,8.0,OUT
2026-06-10 03:45:00,S4,Beverages,0.0,7.1,9.25,OUT
2026-06-10 03:45:00,S5,Snacks,0.0,4.5,9.0,OUT
2026-06-10 03:45:00,S6,Produce,57.1,4.95,2.5,LOW
2026-06-10 03:45:00,S7,Beverages,65.5,4.2,2.5,FULL
2026-06-10 03:45:00,S8,Bakery,0.0,6.19,11.75,OUT
2026-06-10 04:00:00,S1,Dairy,0.0,5.68,15.75,OUT
2026-06-10 04:00:00,S2,Bakery,0.0,5.19,26.75,OUT
2026-06-10 04:00:00,S3,Dairy,0.0,6.02,8.25,OUT
2026-06-10 04:00:00,S4,Beverages,0.0,6.95,9.5,OUT
2026-06-10 04:00:00,S5,Snacks,12.5,3.02,,OUT
2026-06-10 04:00:00,S6,Produce,67.0,3.34,2.75,FULL
2026-06-10 04:00:00,S7,Beverages,43.5,6.45,2.75,LOW
2026-06-10 04:00:00,S8,Bakery,0.0,5.82,12.0,OUT
2026-06-10 04:15:00,S1,Dairy,0.0,4.21,16.0,OUT
2026-06-10 04:15:00,S2,Bakery,0.0,5.31,27.0,OUT
2026-06-10 04:15:00,S3,Dairy,0.0,4.79,8.5,OUT
2026-06-10 04:15:00,S4,Beverages,0.0,3.82,9.75,OUT
2026-06-10 04:15:00,S5,Snacks,0.0,4.15,9.5,OUT
2026-06-10 04:15:00,S6,Produce,48.5,5.25,3.0,LOW
2026-06-10 04:15:00,S7,Beverages,50.8,5.85,3.0,LOW
2026-06-10 04:15:00,S8,Bakery,98.9,3.78,0.0,FULL
2026-06-10 04:30:00,S1,Dairy,0.0,4.84,16.25,OUT
2026-06-10 04:30:00,S2,Bakery,0.0,6.96,27.25,OUT
2026-06-10 04:30:00,S3,Dairy,0.0,5.94,8.75,OUT
2026-06-10 04:30:00,S4,Beverages,0.0,3.9,10.0,OUT
2026-06-10 04:30:00,S5,Snacks,0.0,3.15,9.75,OUT
2026-06-10 04:30:00,S6,Produce,50.7,4.52,3.25,LOW
2026-06-10 04:30:00,S7,Beverages,51.2,4.42,3.25,LOW
2026-06-10 04:30:00,S8,Bakery,94.0,4.66,0.25,FULL
2026-06-10 04:45:00,S1,Dairy,0.0,3.89,16.5,OUT
2026-06-10 04:45:00,S2,Bakery,0.0,3.93,27.5,OUT
2026-06-10 04:45:00,S3,Dairy,8.0,3.24,9.0,OUT
2026-06-10 04:45:00,S4,Beverages,0.0,6.26,10.25,OUT
2026-06-10 04:45:00,S5,Snacks,0.0,4.33,10.0,OUT
2026-06-10 04:45:00,S6,Produce,55.7,3.6,3.5,LOW
2026-06-10 04:45:00,S7,Beverages,42.5,5.22,3.5,LOW
2026-06-10 04:45:00,S8,Bakery,95.9,4.32,0.5,FULL
2026-06-10 05:00:00,S1,Dairy,0.0,3.22,16.75,OUT
2026-06-10 05:00:00,S2,Bakery,0.0,3.53,27.75,OUT
2026-06-10 05:00:00,S3,Dairy,0.0,5.31,9.25,OUT
2026-06-10 05:00:00,S4,Beverages,0.0,4.71,10.5,OUT
2026-06-10 05:00:00,S5,Snacks,46.4,1.75,10.25,LOW
2026-06-10 05:00:00,S6,Produce,63.1,3.48,3.75,FULL
2026-06-10 05:00:00,S7,Beverages,35.6,5.46,3.75,LOW
2026-06-10 05:00:00,S8,Bakery,97.1,3.08,0.75,FULL
2026-06-10 05:15:00,S1,Dairy,0.0,3.67,17.0,OUT
2026-06-10 05:15:00,S2,Bakery,0.0,4.7,28.0,OUT
2026-06-10 05:15:00,S3,Dairy,0.0,3.26,9.5,OUT
2026-06-10 05:15:00,S4,Beverages,0.0,6.2,10.75,OUT
2026-06-10 05:15:00,S5,Snacks,16.0,2.46,10.5,OUT
2026-06-10 05:15:00,S6,Produce,52.5,3.37,4.0,LOW
2026-06-10 05:15:00,S7,Beverages,38.6,4.92,4.0,LOW
2026-06-10 05:15:00,S8,Bakery,90.5,3.91,1.0,FULL
2026-06-10 05:30:00,S1,Dairy,0.0,4.54,17.25,OUT
2026-06-10 05:30:00,S2,Bakery,0.0,6.26,28.25,OUT
2026-06-10 05:30:00,S3,Dairy,0.0,4.74,9.75,OUT
2026-06-10 05:30:00,S4,Beverages,0.0,6.67,11.0,OUT
2026-06-10 05:30:00,S5,Snacks,26.4,2.15,10.75,LOW
2026-06-10 05:30:00,S6,Produce,34.4,4.93,4.25,LOW
2026-06-10 05:30:00,S7,Beverages,14.5,5.67,4.25,OUT
2026-06-10 05:30:00,S8,Bakery,82.8,5.72,1.25,FULL
2026-06-10 05:45:00,S1,Dairy,0.0,4.96,17.5,OUT
2026-06-10 05:45:00,S2,Bakery,0.0,4.93,28.5,OUT
2026-06-10 05:45:00,S3,Dairy,0.0,4.58,10.0,OUT
2026-06-10 05:45:00,S4,Beverages,0.0,5.56,11.25,OUT
2026-06-10 05:45:00,S5,Snacks,0.0,3.37,11.0,OUT
2026-06-10 05:45:00,S6,Produce,45.3,3.86,4.5,LOW
2026-06-10 05:45:00,S7,Beverages,23.1,5.47,4.5,LOW
2026-06-10 05:45:00,S8,Bakery,82.5,4.04,1.5,FULL
2026-06-10 06:00:00,S1,Dairy,0.0,5.49,17.75,OUT
2026-06-10 06:00:00,S2,Bakery,,4.78,28.75,OUT
2026-06-10 06:00:00,S3,Dairy,44.8,1.68,10.25,LOW
2026-06-10 06:00:00,S4,Beverages,0.0,7.17,11.5,OUT
2026-06-10 06:00:00,S5,Snacks,,4.69,11.25,OUT
2026-06-10 06:00:00,S6,Produce,22.4,4.47,4.75,LOW
2026-06-10 06:00:00,S7,Beverages,2.1,,4.75,OUT
2026-06-10 06:00:00,S8,Bakery,73.4,4.84,1.75,FULL
2026-06-10 06:15:00,S1,Dairy,0.0,4.55,18.0,OUT
2026-06-10 06:15:00,S2,Bakery,0.0,,29.0,OUT
2026-06-10 06:15:00,S3,Dairy,0.0,7.76,10.5,OUT
2026-06-10 06:15:00,S4,Beverages,0.0,5.75,11.75,OUT
2026-06-10 06:15:00,S5,Snacks,0.0,3.2,11.5,OUT
2026-06-10 06:15:00,S6,Produce,42.2,3.49,5.0,LOW
2026-06-10 06:15:00,S7,Beverages,0.0,7.52,5.0,OUT
2026-06-10 06:15:00,S8,Bakery,70.4,4.34,2.0,FULL
2026-06-10 06:30:00,S1,Dairy,0.0,3.67,18.25,OUT
2026-06-10 06:30:00,S2,Bakery,0.0,6.63,29.25,OUT
2026-06-10 06:30:00,S3,Dairy,0.0,5.19,10.75,OUT
2026-06-10 06:30:00,S4,Beverages,0.0,6.4,12.0,OUT
2026-06-10 06:30:00,S5,Snacks,0.0,3.89,11.75,OUT
2026-06-10 06:30:00,S6,Produce,32.0,4.05,5.25,LOW
2026-06-10 06:30:00,S7,Beverages,5.2,5.71,5.25,OUT
2026-06-10 06:30:00,S8,Bakery,58.3,5.7,2.25,LOW
2026-06-10 06:45:00,S1,Dairy,0.0,5.44,18.5,OUT
2026-06-10 06:45:00,S2,Bakery,0.0,6.58,29.5,OUT
2026-06-10 06:45:00,S3,Dairy,0.0,5.5,11.0,OUT
2026-06-10 06:45:00,S4,Beverages,0.0,6.66,12.25,OUT
2026-06-10 06:45:00,S5,Snacks,0.0,3.6,12.0,OUT
2026-06-10 06:45:00,S6,Produce,28.6,4.31,5.5,LOW
2026-06-10 06:45:00,S7,Beverages,0.0,6.9,5.5,OUT
2026-06-10 06:45:00,S8,Bakery,56.0,5.32,2.5,LOW
2026-06-10 07:00:00,S1,Dairy,0.0,3.22,18.75,OUT
2026-06-10 07:00:00,S2,Bakery,0.0,3.92,29.75,OUT
2026-06-10 07:00:00,S3,Dairy,0.0,3.86,11.25,OUT
2026-06-10 07:00:00,S4,Beverages,0.0,6.55,12.5,OUT
2026-06-10 07:00:00,S5,Snacks,,4.28,12.25,OUT
2026-06-10 07:00:00,S6,Produce,37.9,3.47,5.75,LOW
2026-06-10 07:00:00,S7,Beverages,0.3,5.59,5.75,OUT
2026-06-10 07:00:00,S8,Bakery,51.8,5.23,2.75,LOW
2026-06-10 07:15:00,S1,Dairy,0.0,5.02,19.0,OUT
2026-06-10 07:15:00,S2,Bakery,0.0,3.66,30.0,OUT
2026-06-10 07:15:00,S3,Dairy,0.0,5.14,11.5,OUT
2026-06-10 07:15:00,S4,Beverages,0.0,6.03,12.75,OUT
2026-06-10 07:15:00,S5,Snacks,0.0,3.81,12.5,OUT
2026-06-10 07:15:00,S6,Produce,20.2,3.7,6.0,LOW
2026-06-10 07:15:00,S7,Beverages,0.0,6.04,6.0,OUT
2026-06-10 07:15:00,S8,Bakery,36.0,6.87,3.0,LOW
2026-06-10 07:30:00,S1,Dairy,0.0,4.11,19.25,OUT
2026-06-10 07:30:00,S2,Bakery,0.0,5.83,30.25,OUT
2026-06-10 07:30:00,S3,Dairy,,5.18,11.75,OUT
2026-06-10 07:30:00,S4,Beverages,0.0,6.6,13.0,OUT
2026-06-10 07:30:00,S5,Snacks,0.0,4.1,12.75,OUT
2026-06-10 07:30:00,S6,Produce,13.0,4.3,6.25,OUT
2026-06-10 07:30:00,S7,Beverages,0.0,5.35,6.25,OUT
2026-06-10 07:30:00,S8,Bakery,48.5,4.66,3.25,LOW
2026-06-10 07:45:00,S1,Dairy,0.0,6.41,19.5,OUT
2026-06-10 07:45:00,S2,Bakery,0.0,,30.5,OUT
2026-06-10 07:45:00,S3,Dairy,0.0,3.37,12.0,OUT
2026-06-10 07:45:00,S4,Beverages,0.0,4.34,13.25,OUT
2026-06-10 07:45:00,S5,Snacks,0.0,3.69,13.0,OUT
2026-06-10 07:45:00,S6,Produce,31.7,3.55,6.5,LOW
2026-06-10 07:45:00,S7,Beverages,0.0,5.31,6.5,OUT
2026-06-10 07:45:00,S8,Bakery,34.7,5.31,3.5,LOW
2026-06-10 08:00:00,S1,Dairy,0.0,5.62,19.75,OUT
2026-06-10 08:00:00,S2,Bakery,0.0,4.07,30.75,OUT
2026-06-10 08:00:00,S3,Dairy,0.0,7.67,12.25,OUT
2026-06-10 08:00:00,S4,Beverages,100.0,6.46,0.0,FULL
2026-06-10 08:00:00,S5,Snacks,0.0,2.28,13.25,OUT
2026-06-10 08:00:00,S6,Produce,23.8,3.67,6.75,LOW
2026-06-10 08:00:00,S7,Beverages,0.0,6.9,6.75,OUT
2026-06-10 08:00:00,S8,Bakery,27.7,6.08,3.75,LOW
2026-06-10 08:15:00,S1,Dairy,0.0,5.79,20.0,OUT
2026-06-10 08:15:00,S2,Bakery,0.0,6.76,31.0,OUT
2026-06-10 08:15:00,S3,Dairy,0.0,4.1,12.5,OUT
2026-06-10 08:15:00,S4,Beverages,97.3,4.85,0.25,FULL
2026-06-10 08:15:00,S5,Snacks,22.3,1.79,13.5,LOW
2026-06-10 08:15:00,S6,Produce,42.0,2.61,7.0,LOW
2026-06-10 08:15:00,S7,Beverages,0.0,5.63,7.0,OUT
2026-06-10 08:15:00,S8,Bakery,40.5,4.75,4.0,LOW
2026-06-10 08:30:00,S1,Dairy,0.0,6.6,20.25,OUT
2026-06-10 08:30:00,S2,Bakery,96.2,6.2,0.0,FULL
2026-06-10 08:30:00,S3,Dairy,0.0,6.03,12.75,OUT
2026-06-10 08:30:00,S4,Beverages,89.7,6.49,0.5,FULL
2026-06-10 08:30:00,S5,Snacks,0.0,2.9,13.75,OUT
2026-06-10 08:30:00,S6,Produce,0.0,5.82,7.25,OUT
2026-06-10 08:30:00,S7,Beverages,3.8,4.27,7.25,OUT
2026-06-10 08:30:00,S8,Bakery,25.9,5.18,4.25,LOW
2026-06-10 08:45:00,S1,Dairy,0.0,4.69,20.5,OUT
2026-06-10 08:45:00,S2,Bakery,92.1,6.9,0.25,FULL
2026-06-10 08:45:00,S3,Dairy,0.0,2.83,13.0,OUT
2026-06-10 08:45:00,S4,Beverages,87.2,5.83,0.75,FULL
2026-06-10 08:45:00,S5,Snacks,0.0,2.92,14.0,OUT
2026-06-10 08:45:00,S6,Produce,0.0,4.48,7.5,OUT
2026-06-10 08:45:00,S7,Beverages,0.0,6.31,7.5,OUT
2026-06-10 08:45:00,S8,Bakery,42.8,3.92,4.5,LOW
2026-06-10 09:00:00,S1,Dairy,0.0,4.35,20.75,OUT
2026-06-10 09:00:00,S2,Bakery,93.2,4.13,0.5,FULL
2026-06-10 09:00:00,S3,Dairy,0.0,5.59,13.25,OUT
2026-06-10 09:00:00,S4,Beverages,80.5,6.56,1.0,FULL
2026-06-10 09:00:00,S5,Snacks,0.0,3.9,14.25,OUT
2026-06-10 09:00:00,S6,Produce,23.3,3.17,7.75,LOW
2026-06-10 09:00:00,S7,Beverages,0.0,6.06,,OUT
2026-06-10 09:00:00,S8,Bakery,39.9,3.66,4.75,LOW
2026-06-10 09:15:00,S1,Dairy,0.0,6.09,21.0,OUT
2026-06-10 09:15:00,S2,Bakery,89.0,4.75,0.75,FULL
2026-06-10 09:15:00,S3,Dairy,0.0,4.24,13.5,OUT
2026-06-10 09:15:00,S4,Beverages,67.8,6.74,1.25,FULL
2026-06-10 09:15:00,S5,Snacks,0.0,4.04,14.5,OUT
2026-06-10 09:15:00,S6,Produce,0.0,4.4,8.0,OUT
2026-06-10 09:15:00,S7,Beverages,0.0,6.17,8.0,OUT
2026-06-10 09:15:00,S8,Bakery,13.6,5.43,5.0,OUT
2026-06-10 09:30:00,S1,Dairy,0.0,4.29,21.25,OUT
2026-06-10 09:30:00,S2,Bakery,,3.46,1.0,FULL
2026-06-10 09:30:00,S3,Dairy,0.0,5.22,13.75,OUT
2026-06-10 09:30:00,S4,Beverages,74.6,5.96,1.5,FULL
2026-06-10 09:30:00,S5,Snacks,13.9,1.79,14.75,OUT
2026-06-10 09:30:00,S6,Produce,0.0,4.05,8.25,OUT
2026-06-10 09:30:00,S7,Beverages,0.0,4.54,8.25,OUT
2026-06-10 09:30:00,S8,Bakery,,3.95,5.25,LOW
2026-06-10 09:45:00,S1,Dairy,0.0,4.74,21.5,OUT
2026-06-10 09:45:00,S2,Bakery,89.4,3.39,1.25,FULL
2026-06-10 09:45:00,S3,Dairy,0.0,3.12,14.0,OUT
2026-06-10 09:45:00,S4,Beverages,58.5,6.87,1.75,LOW
2026-06-10 09:45:00,S5,Snacks,0.0,2.69,15.0,OUT
2026-06-10 09:45:00,S6,Produce,0.0,4.78,8.5,OUT
2026-06-10 09:45:00,S7,Beverages,0.0,6.52,8.5,OUT
2026-06-10 09:45:00,S8,Bakery,35.1,4.03,5.5,LOW
2026-06-10 10:00:00,S1,Dairy,0.0,3.82,21.75,OUT
2026-06-10 10:00:00,S2,Bakery,74.9,4.43,1.5,FULL
2026-06-10 10:00:00,S3,Dairy,0.0,4.1,14.25,OUT
2026-06-10 10:00:00,S4,Beverages,65.5,5.68,2.0,FULL
2026-06-10 10:00:00,S5,Snacks,0.0,2.97,15.25,OUT
2026-06-10 10:00:00,S6,Produce,0.0,4.94,8.75,OUT
2026-06-10 10:00:00,S7,Beverages,0.0,5.37,8.75,OUT
2026-06-10 10:00:00,S8,Bakery,8.0,5.03,5.75,OUT
2026-06-10 10:15:00,S1,Dairy,0.0,3.71,22.0,OUT
2026-06-10 10:15:00,S2,Bakery,78.5,3.93,1.75,FULL
2026-06-10 10:15:00,S3,Dairy,0.0,3.53,14.5,OUT
2026-06-10 10:15:00,S4,Beverages,49.2,6.7,2.25,LOW
2026-06-10 10:15:00,S5,Snacks,0.0,2.3,15.5,OUT
2026-06-10 10:15:00,S6,Produce,0.0,6.66,9.0,OUT
2026-06-10 10:15:00,S7,Beverages,0.0,4.98,9.0,OUT
2026-06-10 10:15:00,S8,Bakery,13.7,4.54,6.0,OUT
2026-06-10 10:30:00,S1,Dairy,0.0,4.63,22.25,OUT
2026-06-10 10:30:00,S2,Bakery,84.3,2.54,2.0,FULL
2026-06-10 10:30:00,S3,Dairy,0.0,4.33,14.75,OUT
2026-06-10 10:30:00,S4,Beverages,46.9,6.77,2.5,LOW
2026-06-10 10:30:00,S5,Snacks,,2.88,15.75,OUT
2026-06-10 10:30:00,S6,Produce,14.0,2.93,9.25,OUT
2026-06-10 10:30:00,S7,Beverages,0.0,5.42,9.25,OUT
2026-06-10 10:30:00,S8,Bakery,0.0,5.11,6.25,OUT
2026-06-10 10:45:00,S1,Dairy,0.0,5.62,22.5,OUT
2026-06-10 10:45:00,S2,Bakery,61.7,5.31,2.25,FULL
2026-06-10 10:45:00,S3,Dairy,98.1,4.34,0.0,FULL
2026-06-10 10:45:00,S4,Beverages,52.2,5.43,2.75,LOW
2026-06-10 10:45:00,S5,Snacks,0.0,3.15,16.0,OUT
2026-06-10 10:45:00,S6,Produce,0.0,3.25,9.5,OUT
2026-06-10 10:45:00,S7,Beverages,0.0,5.75,,OUT
2026-06-10 10:45:00,S8,Bakery,17.1,3.87,6.5,OUT
2026-06-10 11:00:00,S1,Dairy,0.0,4.77,22.75,OUT
2026-06-10 11:00:00,S2,Bakery,53.1,6.42,2.5,LOW
2026-06-10 11:00:00,S3,Dairy,94.6,4.55,0.25,FULL
2026-06-10 11:00:00,S4,Beverages,36.1,6.76,3.0,LOW
2026-06-10 11:00:00,S5,Snacks,0.0,3.71,16.25,OUT
2026-06-10 11:00:00,S6,Produce,36.8,2.19,9.75,LOW
2026-06-10 11:00:00,S7,Beverages,0.0,6.47,9.75,OUT
2026-06-10 11:00:00,S8,Bakery,0.0,5.21,6.75,OUT
2026-06-10 11:15:00,S1,Dairy,0.0,4.7,23.0,OUT
2026-06-10 11:15:00,S2,Bakery,51.9,5.7,2.75,LOW
2026-06-10 11:15:00,S3,Dairy,91.1,3.07,0.5,FULL
2026-06-10 11:15:00,S4,Beverages,38.3,5.97,3.25,LOW
2026-06-10 11:15:00,S5,Snacks,0.0,3.68,16.5,OUT
2026-06-10 11:15:00,S6,Produce,0.0,3.62,10.0,OUT
2026-06-10 11:15:00,S7,Beverages,0.0,5.41,10.0,OUT
2026-06-10 11:15:00,S8,Bakery,0.0,5.73,7.0,OUT
2026-06-10 11:30:00,S1,Dairy,0.0,3.74,23.25,OUT
2026-06-10 11:30:00,S2,Bakery,54.9,4.73,3.0,LOW
2026-06-10 11:30:00,S3,Dairy,88.1,4.12,0.75,FULL
2026-06-10 11:30:00,S4,Beverages,24.4,6.49,3.5,LOW
2026-06-10 11:30:00,S5,Snacks,0.0,2.62,16.75,OUT
2026-06-10 11:30:00,S6,Produce,7.8,2.88,10.25,OUT
2026-06-10 11:30:00,S7,Beverages,0.0,6.83,10.25,OUT
2026-06-10 11:30:00,S8,Bakery,0.0,4.79,7.25,OUT
2026-06-10 11:45:00,S1,Dairy,0.0,2.73,23.5,OUT
2026-06-10 11:45:00,S2,Bakery,45.4,5.61,3.25,LOW
2026-06-10 11:45:00,S3,Dairy,86.3,3.51,1.0,FULL
2026-06-10 11:45:00,S4,Beverages,19.1,7.05,3.75,OUT
2026-06-10 11:45:00,S5,Snacks,0.0,2.66,17.0,OUT
2026-06-10 11:45:00,S6,Produce,0.0,3.36,10.5,OUT
2026-06-10 11:45:00,S7,Beverages,100.0,5.59,0.0,FULL
2026-06-10 11:45:00,S8,Bakery,0.0,4.51,7.5,OUT
2026-06-10 12:00:00,S1,Dairy,0.0,5.45,23.75,OUT
2026-06-10 12:00:00,S2,Bakery,63.2,3.41,3.5,FULL
2026-06-10 12:00:00,S3,Dairy,88.2,2.92,1.25,FULL
2026-06-10 12:00:00,S4,Beverages,17.6,6.56,4.0,OUT
2026-06-10 12:00:00,S5,Snacks,0.0,2.91,17.25,OUT
2026-06-10 12:00:00,S6,Produce,0.0,4.06,10.75,OUT
2026-06-10 12:00:00,S7,Beverages,94.5,5.33,0.25,FULL
2026-06-10 12:00:00,S8,Bakery,0.0,5.41,7.75,OUT
2026-06-10 12:15:00,S1,Dairy,0.0,4.41,24.0,OUT
2026-06-10 12:15:00,S2,Bakery,43.3,4.21,3.75,LOW
2026-06-10 12:15:00,S3,Dairy,81.5,3.25,1.5,FULL
2026-06-10 12:15:00,S4,Beverages,25.0,5.52,4.25,LOW
2026-06-10 12:15:00,S5,Snacks,0.0,3.39,17.5,OUT
2026-06-10 12:15:00,S6,Produce,0.0,4.72,11.0,OUT
2026-06-10 12:15:00,S7,Beverages,85.8,8.16,0.5,FULL
2026-06-10 12:15:00,S8,Bakery,0.0,5.31,8.0,OUT
2026-06-10 12:30:00,S1,Dairy,0.0,3.62,24.25,OUT
2026-06-10 12:30:00,S2,Bakery,47.5,4.1,4.0,LOW
2026-06-10 12:30:00,S3,Dairy,71.0,4.25,1.75,FULL
2026-06-10 12:30:00,S4,Beverages,67.5,2.45,4.5,FULL
2026-06-10 12:30:00,S5,Snacks,0.0,3.44,17.75,OUT
2026-06-10 12:30:00,S6,Produce,0.0,2.87,11.25,OUT
2026-06-10 12:30:00,S7,Beverages,84.6,5.25,0.75,FULL
2026-06-10 12:30:00,S8,Bakery,0.0,5.78,8.25,OUT
2026-06-10 12:45:00,S1,Dairy,0.0,4.01,24.5,OUT
2026-06-10 12:45:00,S2,Bakery,25.0,5.73,4.25,LOW
2026-06-10 12:45:00,S3,Dairy,75.8,3.12,2.0,FULL
2026-06-10 12:45:00,S4,Beverages,24.1,5.19,4.75,LOW
2026-06-10 12:45:00,S5,Snacks,0.0,1.95,18.0,OUT
2026-06-10 12:45:00,S6,Produce,46.1,1.4,11.5,LOW
2026-06-10 12:45:00,S7,Beverages,79.7,6.97,1.0,FULL
2026-06-10 12:45:00,S8,Bakery,0.0,5.01,8.5,OUT
2026-06-10 13:00:00,S1,Dairy,0.0,4.37,24.75,OUT
2026-06-10 13:00:00,S2,Bakery,27.0,5.14,4.5,LOW
2026-06-10 13:00:00,S3,Dairy,52.6,6.51,2.25,LOW
2026-06-10 13:00:00,S4,Beverages,9.3,5.56,5.0,OUT
2026-06-10 13:00:00,S5,Snacks,0.0,,18.25,OUT
2026-06-10 13:00:00,S6,Produce,0.0,4.18,11.75,OUT
2026-06-10 13:00:00,S7,Beverages,,5.23,1.25,FULL
2026-06-10 13:00:00,S8,Bakery,0.0,6.93,8.75,OUT
2026-06-10 13:15:00,S1,Dairy,0.0,7.01,25.0,OUT
2026-06-10 13:15:00,S2,Bakery,2.3,6.41,4.75,OUT
2026-06-10 13:15:00,S3,Dairy,66.1,3.52,2.5,FULL
2026-06-10 13:15:00,S4,Beverages,0.0,6.25,5.25,OUT
2026-06-10 13:15:00,S5,Snacks,0.0,1.99,18.5,OUT
2026-06-10 13:15:00,S6,Produce,0.0,4.54,12.0,OUT
2026-06-10 13:15:00,S7,Beverages,63.1,7.11,,FULL
2026-06-10 13:15:00,S8,Bakery,0.0,4.92,9.0,OUT
2026-06-10 13:30:00,S1,Dairy,0.0,7.15,25.25,OUT
2026-06-10 13:30:00,S2,Bakery,25.8,4.49,5.0,LOW
2026-06-10 13:30:00,S3,Dairy,59.8,4.23,2.75,LOW
2026-06-10 13:30:00,S4,Beverages,0.0,7.61,5.5,OUT
2026-06-10 13:30:00,S5,Snacks,0.0,2.29,18.75,OUT
2026-06-10 13:30:00,S6,Produce,0.0,3.68,12.25,OUT
2026-06-10 13:30:00,S7,Beverages,55.9,7.92,1.75,LOW
2026-06-10 13:30:00,S8,Bakery,0.0,5.1,9.25,OUT
2026-06-10 13:45:00,S1,Dairy,96.7,4.58,0.0,FULL
2026-06-10 13:45:00,S2,Bakery,0.0,6.1,5.25,OUT
2026-06-10 13:45:00,S3,Dairy,52.5,4.75,3.0,LOW
2026-06-10 13:45:00,S4,Beverages,0.0,5.68,5.75,OUT
2026-06-10 13:45:00,S5,Snacks,21.2,1.3,19.0,LOW
2026-06-10 13:45:00,S6,Produce,29.2,1.67,12.5,LOW
2026-06-10 13:45:00,S7,Beverages,55.3,7.44,2.0,LOW
2026-06-10 13:45:00,S8,Bakery,0.0,4.55,9.5,OUT
2026-06-10 14:00:00,S1,Dairy,95.3,3.82,0.25,FULL
2026-06-10 14:00:00,S2,Bakery,9.1,5.09,5.5,OUT
2026-06-10 14:00:00,S3,Dairy,57.2,4.47,3.25,LOW
2026-06-10 14:00:00,S4,Beverages,0.0,5.88,6.0,OUT
2026-06-10 14:00:00,S5,Snacks,99.2,3.46,0.0,FULL
2026-06-10 14:00:00,S6,Produce,11.2,2.24,12.75,OUT
2026-06-10 14:00:00,S7,Beverages,57.8,5.62,2.25,LOW
2026-06-10 14:00:00,S8,Bakery,0.0,6.19,9.75,OUT
2026-06-10 14:15:00,S1,Dairy,90.4,2.89,0.5,FULL
2026-06-10 14:15:00,S2,Bakery,0.0,5.8,5.75,OUT
2026-06-10 14:15:00,S3,Dairy,60.2,3.57,3.5,FULL
2026-06-10 14:15:00,S4,Beverages,0.0,6.61,6.25,OUT
2026-06-10 14:15:00,S5,Snacks,97.2,3.86,0.25,FULL
2026-06-10 14:15:00,S6,Produce,0.0,5.05,13.0,OUT
2026-06-10 14:15:00,S7,Beverages,43.6,,2.5,LOW
2026-06-10 14:15:00,S8,Bakery,11.6,2.82,,OUT
2026-06-10 14:30:00,S1,Dairy,91.1,3.91,0.75,FULL
2026-06-10 14:30:00,S2,Bakery,30.6,3.57,6.0,LOW
2026-06-10 14:30:00,S3,Dairy,42.0,4.68,3.75,LOW
2026-06-10 14:30:00,S4,Beverages,0.0,5.71,,OUT
2026-06-10 14:30:00,S5,Snacks,88.8,2.03,0.5,FULL
2026-06-10 14:30:00,S6,Produce,9.2,2.07,13.25,OUT
2026-06-10 14:30:00,S7,Beverages,56.7,5.3,2.75,LOW
2026-06-10 14:30:00,S8,Bakery,0.0,5.4,10.25,OUT
2026-06-10 14:45:00,S1,Dairy,95.5,2.35,1.0,FULL
2026-06-10 14:45:00,S2,Bakery,,2.93,6.25,LOW
2026-06-10 14:45:00,S3,Dairy,44.3,4.26,4.0,LOW
2026-06-10 14:45:00,S4,Beverages,0.0,5.23,6.75,OUT
2026-06-10 14:45:00,S5,Snacks,97.2,2.95,0.75,FULL
2026-06-10 14:45:00,S6,Produce,0.0,3.74,13.5,OUT
2026-06-10 14:45:00,S7,Beverages,43.5,5.66,3.0,LOW
2026-06-10 14:45:00,S8,Bakery,0.0,3.54,10.5,OUT
2026-06-10 15:00:00,S1,Dairy,85.7,3.35,1.25,FULL
2026-06-10 15:00:00,S2,Bakery,0.0,5.37,6.5,OUT
2026-06-10 15:00:00,S3,Dairy,40.6,4.48,,LOW
2026-06-10 15:00:00,S4,Beverages,0.0,6.62,7.0,OUT
2026-06-10 15:00:00,S5,Snacks,87.2,3.04,1.0,FULL
2026-06-10 15:00:00,S6,Produce,0.0,5.95,13.75,OUT
2026-06-10 15:00:00,S7,Beverages,37.6,6.24,3.25,LOW
2026-06-10 15:00:00,S8,Bakery,0.0,6.74,10.75,OUT
2026-06-10 15:15:00,S1,Dairy,85.9,3.11,1.5,FULL
2026-06-10 15:15:00,S2,Bakery,37.1,2.96,6.75,LOW
2026-06-10 15:15:00,S3,Dairy,46.6,4.01,4.5,LOW
2026-06-10 15:15:00,S4,Beverages,0.0,6.33,,OUT
2026-06-10 15:15:00,S5,Snacks,83.5,3.82,1.25,FULL
2026-06-10 15:15:00,S6,Produce,0.0,5.12,14.0,OUT
2026-06-10 15:15:00,S7,Beverages,20.1,7.16,3.5,LOW
2026-06-10 15:15:00,S8,Bakery,0.0,3.62,11.0,OUT
2026-06-10 15:30:00,S1,Dairy,68.4,4.35,,FULL
2026-06-10 15:30:00,S2,Bakery,0.0,5.98,7.0,OUT
2026-06-10 15:30:00,S3,Dairy,49.7,3.29,4.75,LOW
2026-06-10 15:30:00,S4,Beverages,0.0,7.09,7.5,OUT
2026-06-10 15:30:00,S5,Snacks,79.8,4.28,1.5,FULL
2026-06-10 15:30:00,S6,Produce,0.0,5.43,14.25,OUT
2026-06-10 15:30:00,S7,Beverages,31.7,5.81,3.75,LOW
2026-06-10 15:30:00,S8,Bakery,0.0,4.59,11.25,OUT
2026-06-10 15:45:00,S1,Dairy,82.5,3.38,2.0,FULL
2026-06-10 15:45:00,S2,Bakery,0.0,5.55,7.25,OUT
2026-06-10 15:45:00,S3,Dairy,38.8,3.6,5.0,LOW
2026-06-10 15:45:00,S4,Beverages,0.0,5.66,7.75,OUT
2026-06-10 15:45:00,S5,Snacks,94.6,1.64,1.75,FULL
2026-06-10 15:45:00,S6,Produce,0.0,5.11,14.5,OUT
2026-06-10 15:45:00,S7,Beverages,32.4,5.33,4.0,LOW
2026-06-10 15:45:00,S8,Bakery,0.0,4.68,11.5,OUT
2026-06-10 16:00:00,S1,Dairy,72.0,3.84,2.25,FULL
2026-06-10 16:00:00,S2,Bakery,7.8,3.67,7.5,OUT
2026-06-10 16:00:00,S3,Dairy,17.2,4.79,5.25,OUT
2026-06-10 16:00:00,S4,Beverages,0.0,5.54,8.0,OUT
2026-06-10 16:00:00,S5,Snacks,87.6,2.15,2.0,FULL
2026-06-10 16:00:00,S6,Produce,0.0,4.14,14.75,OUT
2026-06-10 16:00:00,S7,Beverages,19.2,6.01,4.25,OUT
2026-06-10 16:00:00,S8,Bakery,0.0,6.94,11.75,OUT
2026-06-10 16:15:00,S1,Dairy,69.2,3.79,2.5,FULL
2026-06-10 16:15:00,S2,Bakery,0.0,4.52,7.75,OUT
2026-06-10 16:15:00,S3,Dairy,0.0,5.32,5.5,OUT
2026-06-10 16:15:00,S4,Beverages,0.0,7.22,8.25,OUT
2026-06-10 16:15:00,S5,Snacks,85.2,2.27,2.25,FULL
2026-06-10 16:15:00,S6,Produce,0.0,2.9,15.0,OUT
2026-06-10 16:15:00,S7,Beverages,25.8,5.42,4.5,LOW
2026-06-10 16:15:00,S8,Bakery,0.0,5.78,12.0,OUT
2026-06-10 16:30:00,S1,Dairy,66.2,3.77,2.75,FULL
2026-06-10 16:30:00,S2,Bakery,0.0,4.84,8.0,OUT
2026-06-10 16:30:00,S3,Dairy,0.0,5.53,5.75,OUT
2026-06-10 16:30:00,S4,Beverages,0.0,6.09,8.5,OUT
2026-06-10 16:30:00,S5,Snacks,72.3,3.54,2.5,FULL
2026-06-10 16:30:00,S6,Produce,0.0,3.88,15.25,OUT
2026-06-10 16:30:00,S7,Beverages,28.6,4.59,4.75,LOW
2026-06-10 16:30:00,S8,Bakery,0.0,3.39,12.25,OUT
2026-06-10 16:45:00,S1,Dairy,55.1,4.91,3.0,LOW
2026-06-10 16:45:00,S2,Bakery,16.7,3.1,8.25,OUT
2026-06-10 16:45:00,S3,Dairy,19.5,4.23,6.0,OUT
2026-06-10 16:45:00,S4,Beverages,0.0,5.96,8.75,OUT
2026-06-10 16:45:00,S5,Snacks,79.1,2.07,2.75,FULL
2026-06-10 16:45:00,S6,Produce,0.0,6.54,15.5,OUT
2026-06-10 16:45:00,S7,Beverages,2.5,5.8,5.0,OUT
2026-06-10 16:45:00,S8,Bakery,0.0,4.57,12.5,OUT
2026-06-10 17:00:00,S1,Dairy,36.5,6.28,3.25,LOW
2026-06-10 17:00:00,S2,Bakery,0.0,4.41,8.5,OUT
2026-06-10 17:00:00,S3,Dairy,0.0,6.56,6.25,OUT
2026-06-10 17:00:00,S4,Beverages,0.0,6.76,9.0,OUT
2026-06-10 17:00:00,S5,Snacks,33.7,6.72,3.0,LOW
2026-06-10 17:00:00,S6,Produce,0.0,3.44,15.75,OUT
2026-06-10 17:00:00,S7,Beverages,0.0,7.01,5.25,OUT
2026-06-10 17:00:00,S8,Bakery,0.0,5.72,12.75,OUT
2026-06-10 17:15:00,S1,Dairy,51.0,4.84,3.5,LOW
2026-06-10 17:15:00,S2,Bakery,0.0,6.17,8.75,OUT
2026-06-10 17:15:00,S3,Dairy,0.0,5.56,6.5,OUT
2026-06-10 17:15:00,S4,Beverages,0.0,6.19,9.25,OUT
2026-06-10 17:15:00,S5,Snacks,70.8,2.41,3.25,FULL
2026-06-10 17:15:00,S6,Produce,0.0,3.12,16.0,OUT
2026-06-10 17:15:00,S7,Beverages,0.0,7.46,5.5,OUT
2026-06-10 17:15:00,S8,Bakery,0.0,6.08,13.0,OUT
2026-06-10 17:30:00,S1,Dairy,54.5,3.7,3.75,LOW
2026-06-10 17:30:00,S2,Bakery,0.0,4.5,9.0,OUT
2026-06-10 17:30:00,S3,Dairy,0.0,6.76,6.75,OUT
2026-06-10 17:30:00,S4,Beverages,0.0,4.43,9.5,OUT
2026-06-10 17:30:00,S5,Snacks,82.7,1.77,3.5,FULL
2026-06-10 17:30:00,S6,Produce,0.0,2.68,16.25,OUT
2026-06-10 17:30:00,S7,Beverages,0.0,6.11,5.75,OUT
2026-06-10 17:30:00,S8,Bakery,0.0,4.97,13.25,OUT
2026-06-10 17:45:00,S1,Dairy,22.5,6.02,4.0,LOW
2026-06-10 17:45:00,S2,Bakery,0.0,5.3,9.25,OUT
2026-06-10 17:45:00,S3,Dairy,0.0,6.2,7.0,OUT
2026-06-10 17:45:00,S4,Beverages,0.0,5.4,9.75,OUT
2026-06-10 17:45:00,S5,Snacks,74.2,2.33,3.75,FULL
2026-06-10 17:45:00,S6,Produce,0.0,4.73,16.5,OUT
2026-06-10 17:45:00,S7,Beverages,0.0,5.85,6.0,OUT
2026-06-10 17:45:00,S8,Bakery,0.0,6.03,13.5,OUT
2026-06-10 18:00:00,S1,Dairy,,3.94,4.25,LOW
2026-06-10 18:00:00,S2,Bakery,0.0,,9.5,OUT
2026-06-10 18:00:00,S3,Dairy,6.1,3.83,7.25,OUT
2026-06-10 18:00:00,S4,Beverages,0.0,4.94,10.0,OUT
2026-06-10 18:00:00,S5,Snacks,86.0,1.39,4.0,FULL
2026-06-10 18:00:00,S6,Produce,0.0,2.46,16.75,OUT
2026-06-10 18:00:00,S7,Beverages,0.0,7.24,6.25,OUT
2026-06-10 18:00:00,S8,Bakery,0.0,6.5,13.75,OUT
2026-06-10 18:15:00,S1,Dairy,40.8,4.12,4.5,LOW
2026-06-10 18:15:00,S2,Bakery,0.0,4.11,9.75,OUT
2026-06-10 18:15:00,S3,Dairy,22.2,3.4,7.5,LOW
2026-06-10 18:15:00,S4,Beverages,100.0,7.12,0.0,FULL
2026-06-10 18:15:00,S5,Snacks,78.5,1.56,4.25,FULL
2026-06-10 18:15:00,S6,Produce,0.0,4.07,17.0,OUT
2026-06-10 18:15:00,S7,Beverages,0.0,5.59,6.5,OUT
2026-06-10 18:15:00,S8,Bakery,0.0,5.63,14.0,OUT
2026-06-10 18:30:00,S1,Dairy,7.7,5.99,4.75,OUT
2026-06-10 18:30:00,S2,Bakery,0.0,3.42,10.0,OUT
2026-06-10 18:30:00,S3,Dairy,0.0,6.13,7.75,OUT
2026-06-10 18:30:00,S4,Beverages,94.3,6.58,0.25,FULL
2026-06-10 18:30:00,S5,Snacks,72.5,2.09,4.5,FULL
2026-06-10 18:30:00,S6,Produce,0.0,4.76,17.25,OUT
2026-06-10 18:30:00,S7,Beverages,0.0,5.77,6.75,OUT
2026-06-10 18:30:00,S8,Bakery,0.0,6.05,14.25,OUT
2026-06-10 18:45:00,S1,Dairy,35.1,4.39,5.0,LOW
2026-06-10 18:45:00,S2,Bakery,0.0,6.08,10.25,OUT
2026-06-10 18:45:00,S3,Dairy,42.7,2.22,8.0,LOW
2026-06-10 18:45:00,S4,Beverages,96.1,5.17,0.5,FULL
2026-06-10 18:45:00,S5,Snacks,55.7,2.89,4.75,LOW
2026-06-10 18:45:00,S6,Produce,0.0,4.99,17.5,OUT
2026-06-10 18:45:00,S7,Beverages,0.0,6.13,7.0,OUT
2026-06-10 18:45:00,S8,Bakery,0.0,3.69,14.5,OUT
2026-06-10 19:00:00,S1,Dairy,23.6,4.37,5.25,LOW
2026-06-10 19:00:00,S2,Bakery,0.0,4.96,10.5,OUT
2026-06-10 19:00:00,S3,Dairy,0.0,,8.25,OUT
2026-06-10 19:00:00,S4,Beverages,78.4,6.98,0.75,FULL
2026-06-10 19:00:00,S5,Snacks,55.5,2.9,5.0,LOW
2026-06-10 19:00:00,S6,Produce,0.0,4.13,17.75,OUT
2026-06-10 19:00:00,S7,Beverages,0.0,5.54,7.25,OUT
2026-06-10 19:00:00,S8,Bakery,0.0,5.5,14.75,OUT
2026-06-10 19:15:00,S1,Dairy,40.4,3.49,5.5,LOW
2026-06-10 19:15:00,S2,Bakery,98.0,4.54,0.0,FULL
2026-06-10 19:15:00,S3,Dairy,0.0,5.53,8.5,OUT
2026-06-10 19:15:00,S4,Beverages,82.0,5.68,1.0,FULL
2026-06-10 19:15:00,S5,Snacks,31.6,4.14,5.25,LOW
2026-06-10 19:15:00,S6,Produce,0.0,4.64,18.0,OUT
2026-06-10 19:15:00,S7,Beverages,0.0,5.63,7.5,OUT
2026-06-10 19:15:00,S8,Bakery,0.0,4.1,15.0,OUT
2026-06-10 19:30:00,S1,Dairy,0.0,6.16,5.75,OUT
2026-06-10 19:30:00,S2,Bakery,92.8,7.78,0.25,FULL
2026-06-10 19:30:00,S3,Dairy,0.0,4.51,8.75,OUT
2026-06-10 19:30:00,S4,Beverages,85.4,3.88,1.25,FULL
2026-06-10 19:30:00,S5,Snacks,,2.89,5.5,LOW
2026-06-10 19:30:00,S6,Produce,99.2,3.26,0.0,FULL
2026-06-10 19:30:00,S7,Beverages,0.0,6.31,7.75,OUT
2026-06-10 19:30:00,S8,Bakery,0.0,6.23,15.25,OUT
2026-06-10 19:45:00,S1,Dairy,2.8,5.21,6.0,OUT
2026-06-10 19:45:00,S2,Bakery,92.4,4.76,0.5,FULL
2026-06-10 19:45:00,S3,Dairy,0.0,,9.0,OUT
2026-06-10 19:45:00,S4,Beverages,69.7,6.67,1.5,FULL
2026-06-10 19:45:00,S5,Snacks,37.8,3.16,5.75,LOW
2026-06-10 19:45:00,S6,Produce,99.0,3.75,0.25,FULL
2026-06-10 19:45:00,S7,Beverages,0.0,6.53,8.0,OUT
2026-06-10 19:45:00,S8,Bakery,0.0,4.5,15.5,OUT
2026-06-10 20:00:00,S1,Dairy,22.3,4.01,6.25,LOW
2026-06-10 20:00:00,S2,Bakery,89.4,4.0,0.75,FULL
2026-06-10 20:00:00,S3,Dairy,0.0,3.75,9.25,OUT
2026-06-10 20:00:00,S4,Beverages,56.1,7.37,1.75,LOW
2026-06-10 20:00:00,S5,Snacks,22.2,4.04,6.0,LOW
2026-06-10 20:00:00,S6,Produce,88.5,4.01,0.5,FULL
2026-06-10 20:00:00,S7,Beverages,0.0,7.18,8.25,OUT
2026-06-10 20:00:00,S8,Bakery,0.0,6.15,15.75,OUT
2026-06-10 20:15:00,S1,Dairy,44.2,2.76,6.5,LOW
2026-06-10 20:15:00,S2,Bakery,75.3,7.34,1.0,FULL
2026-06-10 20:15:00,S3,Dairy,0.0,4.71,9.5,OUT
2026-06-10 20:15:00,S4,Beverages,57.5,6.99,2.0,LOW
2026-06-10 20:15:00,S5,Snacks,25.8,3.69,,LOW
2026-06-10 20:15:00,S6,Produce,88.0,3.44,0.75,FULL
2026-06-10 20:15:00,S7,Beverages,0.0,7.88,8.5,OUT
2026-06-10 20:15:00,S8,Bakery,0.0,5.25,16.0,OUT
2026-06-10 20:30:00,S1,Dairy,21.0,3.65,6.75,LOW
2026-06-10 20:30:00,S2,Bakery,84.6,2.89,1.25,FULL
2026-06-10 20:30:00,S3,Dairy,0.0,3.97,9.75,OUT
2026-06-10 20:30:00,S4,Beverages,62.0,4.25,2.25,FULL
2026-06-10 20:30:00,S5,Snacks,59.0,2.16,6.5,LOW
2026-06-10 20:30:00,S6,Produce,84.1,5.18,1.0,FULL
2026-06-10 20:30:00,S7,Beverages,0.0,4.17,8.75,OUT
2026-06-10 20:30:00,S8,Bakery,0.0,5.65,16.25,OUT
2026-06-10 20:45:00,S1,Dairy,9.5,,7.0,OUT
2026-06-10 20:45:00,S2,Bakery,85.2,3.32,1.5,FULL
2026-06-10 20:45:00,S3,Dairy,0.0,4.6,10.0,OUT
2026-06-10 20:45:00,S4,Beverages,63.3,4.56,2.5,FULL
2026-06-10 20:45:00,S5,Snacks,25.5,3.62,6.75,LOW
2026-06-10 20:45:00,S6,Produce,92.3,2.24,,FULL
2026-06-10 20:45:00,S7,Beverages,0.0,6.52,9.0,OUT
2026-06-10 20:45:00,S8,Bakery,0.0,4.63,16.5,OUT
2026-06-10 21:00:00,S1,Dairy,0.0,4.48,7.25,OUT
2026-06-10 21:00:00,S2,Bakery,74.8,5.0,1.75,FULL
2026-06-10 21:00:00,S3,Dairy,0.0,5.24,10.25,OUT
2026-06-10 21:00:00,S4,Beverages,39.8,6.56,2.75,LOW
2026-06-10 21:00:00,S5,Snacks,29.3,3.11,7.0,LOW
2026-06-10 21:00:00,S6,Produce,65.8,6.04,,FULL
2026-06-10 21:00:00,S7,Beverages,0.0,5.93,9.25,OUT
2026-06-10 21:00:00,S8,Bakery,0.0,4.44,16.75,OUT
2026-06-10 21:15:00,S1,Dairy,0.0,5.04,7.5,OUT
2026-06-10 21:15:00,S2,Bakery,61.9,6.77,2.0,FULL
2026-06-10 21:15:00,S3,Dairy,0.0,4.2,10.5,OUT
2026-06-10 21:15:00,S4,Beverages,61.6,4.31,3.0,FULL
2026-06-10 21:15:00,S5,Snacks,68.8,1.21,7.25,FULL
2026-06-10 21:15:00,S6,Produce,75.5,4.95,1.75,FULL
2026-06-10 21:15:00,S7,Beverages,0.0,4.59,9.5,OUT
2026-06-10 21:15:00,S8,Bakery,0.0,5.24,17.0,OUT
2026-06-10 21:30:00,S1,Dairy,0.0,4.23,7.75,OUT
2026-06-10 21:30:00,S2,Bakery,56.2,5.89,2.25,LOW
2026-06-10 21:30:00,S3,Dairy,0.0,,10.75,OUT
2026-06-10 21:30:00,S4,Beverages,44.5,5.07,3.25,LOW
2026-06-10 21:30:00,S5,Snacks,21.0,3.48,7.5,LOW
2026-06-10 21:30:00,S6,Produce,76.4,2.9,2.0,FULL
2026-06-10 21:30:00,S7,Beverages,0.0,6.95,9.75,OUT
2026-06-10 21:30:00,S8,Bakery,0.0,4.03,17.25,OUT
2026-06-10 21:45:00,S1,Dairy,5.0,3.6,8.0,OUT
2026-06-10 21:45:00,S2,Bakery,72.8,3.64,2.5,FULL
2026-06-10 21:45:00,S3,Dairy,0.0,4.44,11.0,OUT
2026-06-10 21:45:00,S4,Beverages,18.2,6.85,3.5,OUT
2026-06-10 21:45:00,S5,Snacks,26.5,3.16,7.75,LOW
2026-06-10 21:45:00,S6,Produce,81.8,2.81,2.25,FULL
2026-06-10 21:45:00,S7,Beverages,0.0,4.71,10.0,OUT
2026-06-10 21:45:00,S8,Bakery,0.0,5.98,17.5,OUT
2026-06-10 22:00:00,S1,Dairy,19.0,3.03,8.25,OUT
2026-06-10 22:00:00,S2,Bakery,64.9,4.27,2.75,FULL
2026-06-10 22:00:00,S3,Dairy,0.0,5.64,11.25,OUT
2026-06-10 22:00:00,S4,Beverages,24.5,6.29,3.75,LOW
2026-06-10 22:00:00,S5,Snacks,13.7,3.32,8.0,OUT
2026-06-10 22:00:00,S6,Produce,56.9,5.62,2.5,LOW
2026-06-10 22:00:00,S7,Beverages,0.0,4.01,10.25,OUT
2026-06-10 22:00:00,S8,Bakery,0.0,7.56,17.75,OUT
2026-06-10 22:15:00,S1,Dairy,0.0,4.77,8.5,OUT
2026-06-10 22:15:00,S2,Bakery,49.4,4.89,3.0,LOW
2026-06-10 22:15:00,S3,Dairy,0.0,7.04,11.5,OUT
2026-06-10 22:15:00,S4,Beverages,30.4,5.48,4.0,LOW
2026-06-10 22:15:00,S5,Snacks,42.2,2.16,8.25,LOW
2026-06-10 22:15:00,S6,Produce,71.6,,2.75,FULL
2026-06-10 22:15:00,S7,Beverages,0.0,5.54,10.5,OUT
2026-06-10 22:15:00,S8,Bakery,0.0,3.48,18.0,OUT
2026-06-10 22:30:00,S1,Dairy,0.0,5.13,8.75,OUT
2026-06-10 22:30:00,S2,Bakery,48.3,4.99,3.25,LOW
2026-06-10 22:30:00,S3,Dairy,0.0,4.68,11.75,OUT
2026-06-10 22:30:00,S4,Beverages,5.3,6.66,4.25,OUT
2026-06-10 22:30:00,S5,Snacks,21.9,2.63,8.5,LOW
2026-06-10 22:30:00,S6,Produce,55.4,4.84,3.0,LOW
2026-06-10 22:30:00,S7,Beverages,0.0,5.18,10.75,OUT
2026-06-10 22:30:00,S8,Bakery,0.0,6.45,18.25,OUT
2026-06-10 22:45:00,S1,Dairy,0.0,5.33,9.0,OUT
2026-06-10 22:45:00,S2,Bakery,57.2,3.85,3.5,LOW
2026-06-10 22:45:00,S3,Dairy,0.0,4.33,12.0,OUT
2026-06-10 22:45:00,S4,Beverages,39.8,,4.5,LOW
2026-06-10 22:45:00,S5,Snacks,0.0,3.45,8.75,OUT
2026-06-10 22:45:00,S6,Produce,72.2,2.9,3.25,FULL
2026-06-10 22:45:00,S7,Beverages,0.0,5.47,11.0,OUT
2026-06-10 22:45:00,S8,Bakery,0.0,3.78,18.5,OUT
2026-06-10 23:00:00,S1,Dairy,0.0,7.52,9.25,OUT
2026-06-10 23:00:00,S2,Bakery,67.6,3.03,3.75,FULL
2026-06-10 23:00:00,S3,Dairy,,4.65,12.25,OUT
2026-06-10 23:00:00,S4,Beverages,0.0,7.42,4.75,OUT
2026-06-10 23:00:00,S5,Snacks,10.3,3.23,9.0,OUT
2026-06-10 23:00:00,S6,Produce,59.2,3.49,3.5,LOW
2026-06-10 23:00:00,S7,Beverages,0.0,6.75,11.25,OUT
2026-06-10 23:00:00,S8,Bakery,0.0,4.96,18.75,OUT
2026-06-10 23:15:00,S1,Dairy,0.0,4.59,9.5,OUT
2026-06-10 23:15:00,S2,Bakery,27.9,5.72,4.0,LOW
2026-06-10 23:15:00,S3,Dairy,0.0,3.73,12.5,OUT
2026-06-10 23:15:00,S4,Beverages,16.3,5.41,5.0,OUT
2026-06-10 23:15:00,S5,Snacks,15.3,,9.25,OUT
2026-06-10 23:15:00,S6,Produce,58.9,3.72,3.75,LOW
2026-06-10 23:15:00,S7,Beverages,0.0,5.4,11.5,OUT
2026-06-10 23:15:00,S8,Bakery,0.0,4.58,19.0,OUT
2026-06-10 23:30:00,S1,Dairy,0.0,3.5,9.75,OUT
2026-06-10 23:30:00,S2,Bakery,36.8,4.67,4.25,LOW
2026-06-10 23:30:00,S3,Dairy,0.0,4.79,12.75,OUT
2026-06-10 23:30:00,S4,Beverages,27.5,4.48,5.25,LOW
2026-06-10 23:30:00,S5,Snacks,13.1,2.69,9.5,OUT
2026-06-10 23:30:00,S6,Produce,39.9,4.82,4.0,LOW
2026-06-10 23:30:00,S7,Beverages,0.0,6.91,11.75,OUT
2026-06-10 23:30:00,S8,Bakery,0.0,3.54,19.25,OUT
2026-06-10 23:45:00,S1,Dairy,0.0,4.78,10.0,OUT
2026-06-10 23:45:00,S2,Bakery,30.9,4.93,4.5,LOW
2026-06-10 23:45:00,S3,Dairy,0.0,5.34,13.0,OUT
2026-06-10 23:45:00,S4,Beverages,0.0,5.9,5.5,OUT
2026-06-10 23:45:00,S5,Snacks,82.1,0.5,9.75,FULL
2026-06-10 23:45:00,S6,Produce,57.6,3.51,4.25,LOW
2026-06-10 23:45:00,S7,Beverages,0.0,5.18,12.0,OUT
2026-06-10 23:45:00,S8,Bakery,0.0,5.28,19.5,OUT
2026-06-11 00:00:00,S1,Dairy,0.0,3.81,10.25,OUT
2026-06-11 00:00:00,S2,Bakery,14.8,5.73,4.75,OUT
2026-06-11 00:00:00,S3,Dairy,0.0,4.77,13.25,OUT
2026-06-11 00:00:00,S4,Beverages,0.0,6.71,5.75,OUT
2026-06-11 00:00:00,S5,Snacks,0.0,4.79,10.0,OUT
2026-06-11 00:00:00,S6,Produce,26.7,4.89,4.5,LOW
2026-06-11 00:00:00,S7,Beverages,0.0,6.86,12.25,OUT
2026-06-11 00:00:00,S8,Bakery,0.0,5.33,19.75,OUT
2026-06-11 00:15:00,S1,Dairy,0.0,4.45,10.5,OUT
2026-06-11 00:15:00,S2,Bakery,26.6,4.73,5.0,LOW
2026-06-11 00:15:00,S3,Dairy,0.0,4.92,13.5,OUT
2026-06-11 00:15:00,S4,Beverages,0.0,6.22,6.0,OUT
2026-06-11 00:15:00,S5,Snacks,68.2,0.84,10.25,FULL
2026-06-11 00:15:00,S6,Produce,59.7,2.69,4.75,LOW
2026-06-11 00:15:00,S7,Beverages,0.0,5.2,12.5,OUT
2026-06-11 00:15:00,S8,Bakery,0.0,4.85,20.0,OUT
2026-06-11 00:30:00,S1,Dairy,0.0,3.93,10.75,OUT
2026-06-11 00:30:00,S2,Bakery,20.1,5.19,5.25,LOW
2026-06-11 00:30:00,S3,Dairy,0.0,3.43,13.75,OUT
2026-06-11 00:30:00,S4,Beverages,0.0,7.93,6.25,OUT
2026-06-11 00:30:00,S5,Snacks,0.0,3.03,10.5,OUT
2026-06-11 00:30:00,S6,Produce,28.4,4.66,5.0,LOW
2026-06-11 00:30:00,S7,Beverages,0.0,6.71,12.75,OUT
2026-06-11 00:30:00,S8,Bakery,0.0,6.84,20.25,OUT
2026-06-11 00:45:00,S1,Dairy,0.0,5.17,11.0,OUT
2026-06-11 00:45:00,S2,Bakery,,5.16,5.5,OUT
2026-06-11 00:45:00,S3,Dairy,0.0,5.14,14.0,OUT
2026-06-11 00:45:00,S4,Beverages,0.0,8.67,6.5,OUT
2026-06-11 00:45:00,S5,Snacks,8.0,2.66,10.75,OUT
2026-06-11 00:45:00,S6,Produce,12.1,5.27,5.25,OUT
2026-06-11 00:45:00,S7,Beverages,0.0,6.14,13.0,OUT
2026-06-11 00:45:00,S8,Bakery,0.0,5.78,20.5,OUT
2026-06-11 01:00:00,S1,Dairy,0.0,3.58,11.25,OUT
2026-06-11 01:00:00,S2,Bakery,7.4,4.86,5.75,OUT
2026-06-11 01:00:00,S3,Dairy,0.0,5.32,14.25,OUT
2026-06-11 01:00:00,S4,Beverages,0.0,5.67,6.75,OUT
2026-06-11 01:00:00,S5,Snacks,0.0,2.95,11.0,OUT
2026-06-11 01:00:00,S6,Produce,61.6,2.2,5.5,FULL
2026-06-11 01:00:00,S7,Beverages,0.0,7.84,13.25,OUT
2026-06-11 01:00:00,S8,Bakery,0.0,4.26,20.75,OUT
2026-06-11 01:15:00,S1,Dairy,96.3,4.38,0.0,FULL
2026-06-11 01:15:00,S2,Bakery,27.0,4.02,6.0,LOW
2026-06-11 01:15:00,S3,Dairy,0.0,4.9,14.5,OUT
2026-06-11 01:15:00,S4,Beverages,0.0,6.14,7.0,OUT
2026-06-11 01:15:00,S5,Snacks,0.0,2.74,11.25,OUT
2026-06-11 01:15:00,S6,Produce,31.2,3.7,5.75,LOW
2026-06-11 01:15:00,S7,Beverages,0.0,5.9,13.5,OUT
2026-06-11 01:15:00,S8,Bakery,0.0,4.16,21.0,OUT
2026-06-11 01:30:00,S1,Dairy,96.0,3.37,0.25,FULL
2026-06-11 01:30:00,S2,Bakery,16.4,4.24,,OUT
2026-06-11 01:30:00,S3,Dairy,0.0,,14.75,OUT
2026-06-11 01:30:00,S4,Beverages,0.0,5.85,7.25,OUT
2026-06-11 01:30:00,S5,Snacks,0.0,3.78,11.5,OUT
2026-06-11 01:30:00,S6,Produce,25.1,3.94,6.0,LOW
2026-06-11 01:30:00,S7,Beverages,0.0,6.05,13.75,OUT
2026-06-11 01:30:00,S8,Bakery,0.0,5.58,21.25,OUT
2026-06-11 01:45:00,S1,Dairy,90.8,3.32,0.5,FULL
2026-06-11 01:45:00,S2,Bakery,0.0,4.9,6.5,OUT
2026-06-11 01:45:00,S3,Dairy,0.0,4.0,15.0,OUT
2026-06-11 01:45:00,S4,Beverages,0.0,6.48,7.5,OUT
2026-06-11 01:45:00,S5,Snacks,20.3,2.3,11.75,LOW
2026-06-11 01:45:00,S6,Produce,0.0,4.96,6.25,OUT
2026-06-11 01:45:00,S7,Beverages,0.0,6.51,14.0,OUT
2026-06-11 01:45:00,S8,Bakery,0.0,5.18,21.5,OUT
2026-06-11 02:00:00,S1,Dairy,84.5,6.94,0.75,FULL
2026-06-11 02:00:00,S2,Bakery,0.0,4.82,6.75,OUT
2026-06-11 02:00:00,S3,Dairy,0.0,4.41,15.25,OUT
2026-06-11 02:00:00,S4,Beverages,0.0,4.91,7.75,OUT
2026-06-11 02:00:00,S5,Snacks,0.0,3.45,12.0,OUT
2026-06-11 02:00:00,S6,Produce,47.4,2.53,6.5,LOW
2026-06-11 02:00:00,S7,Beverages,0.0,7.08,14.25,OUT
2026-06-11 02:00:00,S8,Bakery,0.0,2.99,21.75,OUT
2026-06-11 02:15:00,S1,Dairy,86.9,4.45,1.0,FULL
2026-06-11 02:15:00,S2,Bakery,1.4,4.41,7.0,OUT
2026-06-11 02:15:00,S3,Dairy,0.0,3.54,15.5,OUT
2026-06-11 02:15:00,S4,Beverages,0.0,7.02,8.0,OUT
2026-06-11 02:15:00,S5,Snacks,0.0,3.24,12.25,OUT
2026-06-11 02:15:00,S6,Produce,12.4,3.92,6.75,OUT
2026-06-11 02:15:00,S7,Beverages,0.0,5.88,14.5,OUT
2026-06-11 02:15:00,S8,Bakery,0.0,6.32,22.0,OUT
2026-06-11 02:30:00,S1,Dairy,73.3,5.75,1.25,FULL
2026-06-11 02:30:00,S2,Bakery,0.0,6.84,7.25,OUT
2026-06-11 02:30:00,S3,Dairy,0.0,5.0,15.75,OUT
2026-06-11 02:30:00,S4,Beverages,0.0,6.65,8.25,OUT
2026-06-11 02:30:00,S5,Snacks,1.4,2.57,12.5,OUT
2026-06-11 02:30:00,S6,Produce,7.9,4.26,7.0,OUT
2026-06-11 02:30:00,S7,Beverages,0.0,4.72,14.75,OUT
2026-06-11 02:30:00,S8,Bakery,0.0,5.06,22.25,OUT
2026-06-11 02:45:00,S1,Dairy,74.8,4.77,1.5,FULL
2026-06-11 02:45:00,S2,Bakery,0.0,5.32,7.5,OUT
2026-06-11 02:45:00,S3,Dairy,0.0,4.06,16.0,OUT
2026-06-11 02:45:00,S4,Beverages,0.0,5.41,8.5,OUT
2026-06-11 02:45:00,S5,Snacks,0.0,3.42,12.75,OUT
2026-06-11 02:45:00,S6,Produce,12.1,3.93,7.25,OUT
2026-06-11 02:45:00,S7,Beverages,0.0,7.69,15.0,OUT
2026-06-11 02:45:00,S8,Bakery,0.0,5.07,22.5,OUT
2026-06-11 03:00:00,S1,Dairy,76.6,4.64,1.75,FULL
2026-06-11 03:00:00,S2,Bakery,0.0,4.4,7.75,OUT
2026-06-11 03:00:00,S3,Dairy,0.0,4.93,16.25,OUT
2026-06-11 03:00:00,S4,Beverages,0.0,6.94,8.75,OUT
2026-06-11 03:00:00,S5,Snacks,47.8,1.27,13.0,LOW
2026-06-11 03:00:00,S6,Produce,0.0,5.43,7.5,OUT
2026-06-11 03:00:00,S7,Beverages,0.0,7.32,15.25,OUT
2026-06-11 03:00:00,S8,Bakery,0.0,5.43,22.75,OUT
2026-06-11 03:15:00,S1,Dairy,79.0,3.22,2.0,FULL
2026-06-11 03:15:00,S2,Bakery,2.0,3.93,8.0,OUT
2026-06-11 03:15:00,S3,Dairy,0.0,3.93,16.5,OUT
2026-06-11 03:15:00,S4,Beverages,0.0,6.26,9.0,OUT
2026-06-11 03:15:00,S5,Snacks,0.0,2.83,13.25,OUT
2026-06-11 03:15:00,S6,Produce,2.5,3.75,7.75,OUT
2026-06-11 03:15:00,S7,Beverages,0.0,3.96,15.5,OUT
2026-06-11 03:15:00,S8,Bakery,0.0,4.76,23.0,OUT
2026-06-11 03:30:00,S1,Dairy,72.7,4.29,2.25,FULL
2026-06-11 03:30:00,S2,Bakery,0.0,5.03,8.25,OUT
2026-06-11 03:30:00,S3,Dairy,0.0,4.14,,OUT
2026-06-11 03:30:00,S4,Beverages,0.0,6.29,9.25,OUT
2026-06-11 03:30:00,S5,Snacks,48.9,1.18,13.5,LOW
2026-06-11 03:30:00,S6,Produce,45.5,2.07,8.0,LOW
2026-06-11 03:30:00,S7,Beverages,0.0,6.5,15.75,OUT
2026-06-11 03:30:00,S8,Bakery,0.0,4.98,23.25,OUT
2026-06-11 03:45:00,S1,Dairy,55.6,5.35,2.5,LOW
2026-06-11 03:45:00,S2,Bakery,0.0,5.41,8.5,OUT
2026-06-11 03:45:00,S3,Dairy,0.0,5.13,17.0,OUT
2026-06-11 03:45:00,S4,Beverages,0.0,4.85,9.5,OUT
2026-06-11 03:45:00,S5,Snacks,0.0,3.63,13.75,OUT
2026-06-11 03:45:00,S6,Produce,0.0,4.03,8.25,OUT
2026-06-11 03:45:00,S7,Beverages,0.0,7.44,16.0,OUT
2026-06-11 03:45:00,S8,Bakery,0.0,4.83,23.5,OUT
2026-06-11 04:00:00,S1,Dairy,55.3,4.99,2.75,LOW
2026-06-11 04:00:00,S2,Bakery,0.0,4.8,8.75,OUT
2026-06-11 04:00:00,S3,Dairy,0.0,4.63,17.25,OUT
2026-06-11 04:00:00,S4,Beverages,0.0,6.17,9.75,OUT
2026-06-11 04:00:00,S5,Snacks,0.0,2.82,14.0,OUT
2026-06-11 04:00:00,S6,Produce,34.8,2.55,8.5,LOW
2026-06-11 04:00:00,S7,Beverages,0.0,5.38,16.25,OUT
2026-06-11 04:00:00,S8,Bakery,0.0,5.18,23.75,OUT
2026-06-11 04:15:00,S1,Dairy,43.9,5.95,3.0,LOW
2026-06-11 04:15:00,S2,Bakery,0.0,,9.0,OUT
2026-06-11 04:15:00,S3,Dairy,0.0,4.41,17.5,OUT
2026-06-11 04:15:00,S4,Beverages,0.0,5.94,10.0,OUT
2026-06-11 04:15:00,S5,Snacks,0.0,5.1,14.25,OUT
2026-06-11 04:15:00,S6,Produce,54.5,1.47,8.75,LOW
2026-06-11 04:15:00,S7,Beverages,0.0,7.0,16.5,OUT
2026-06-11 04:15:00,S8,Bakery,0.0,4.95,24.0,OUT
2026-06-11 04:30:00,S1,Dairy,39.1,5.89,3.25,LOW
2026-06-11 04:30:00,S2,Bakery,0.0,5.07,9.25,OUT
2026-06-11 04:30:00,S3,Dairy,0.0,5.54,17.75,OUT
2026-06-11 04:30:00,S4,Beverages,0.0,6.57,10.25,OUT
2026-06-11 04:30:00,S5,Snacks,0.0,2.46,14.5,OUT
2026-06-11 04:30:00,S6,Produce,0.0,6.01,9.0,OUT
2026-06-11 04:30:00,S7,Beverages,0.0,7.65,16.75,OUT
2026-06-11 04:30:00,S8,Bakery,100.0,4.06,0.0,FULL
2026-06-11 04:45:00,S1,Dairy,60.2,3.88,3.5,FULL
2026-06-11 04:45:00,S2,Bakery,0.0,5.54,9.5,OUT
2026-06-11 04:45:00,S3,Dairy,0.0,4.07,18.0,OUT
2026-06-11 04:45:00,S4,Beverages,0.0,5.78,10.5,OUT
2026-06-11 04:45:00,S5,Snacks,0.0,2.85,14.75,OUT
2026-06-11 04:45:00,S6,Produce,0.0,4.52,9.25,OUT
2026-06-11 04:45:00,S7,Beverages,0.0,5.1,17.0,OUT
2026-06-11 04:45:00,S8,Bakery,100.0,3.39,0.25,FULL
2026-06-11 05:00:00,S1,Dairy,58.0,3.66,3.75,LOW
2026-06-11 05:00:00,S2,Bakery,0.0,4.26,9.75,OUT
2026-06-11 05:00:00,S3,Dairy,0.0,,18.25,OUT
2026-06-11 05:00:00,S4,Beverages,0.0,4.26,10.75,OUT
2026-06-11 05:00:00,S5,Snacks,0.0,2.15,15.0,OUT
2026-06-11 05:00:00,S6,Produce,0.0,3.82,9.5,OUT
2026-06-11 05:00:00,S7,Beverages,0.0,5.66,17.25,OUT
2026-06-11 05:00:00,S8,Bakery,91.8,5.63,0.5,FULL
2026-06-11 05:15:00,S1,Dairy,45.9,4.3,4.0,LOW
2026-06-11 05:15:00,S2,Bakery,0.0,3.24,10.0,OUT
2026-06-11 05:15:00,S3,Dairy,0.0,4.68,18.5,OUT
2026-06-11 05:15:00,S4,Beverages,98.7,5.83,0.0,FULL
2026-06-11 05:15:00,S5,Snacks,0.0,2.28,15.25,OUT
2026-06-11 05:15:00,S6,Produce,2.1,3.05,9.75,OUT
2026-06-11 05:15:00,S7,Beverages,0.0,5.75,17.5,OUT
2026-06-11 05:15:00,S8,Bakery,86.2,5.51,0.75,FULL
2026-06-11 05:30:00,S1,Dairy,52.9,3.48,4.25,LOW
2026-06-11 05:30:00,S2,Bakery,0.0,4.37,10.25,OUT
2026-06-11 05:30:00,S3,Dairy,0.0,4.98,18.75,OUT
2026-06-11 05:30:00,S4,Beverages,96.1,6.37,0.25,FULL
2026-06-11 05:30:00,S5,Snacks,0.0,3.17,15.5,OUT
2026-06-11 05:30:00,S6,Produce,0.0,4.48,10.0,OUT
2026-06-11 05:30:00,S7,Beverages,0.0,4.97,,OUT
2026-06-11 05:30:00,S8,Bakery,84.4,4.75,1.0,FULL
2026-06-11 05:45:00,S1,Dairy,57.9,2.93,4.5,LOW
2026-06-11 05:45:00,S2,Bakery,0.0,4.63,10.5,OUT
2026-06-11 05:45:00,S3,Dairy,0.0,3.76,19.0,OUT
2026-06-11 05:45:00,S4,Beverages,87.9,5.78,0.5,FULL
2026-06-11 05:45:00,S5,Snacks,0.0,2.9,15.75,OUT
2026-06-11 05:45:00,S6,Produce,0.0,5.23,10.25,OUT
2026-06-11 05:45:00,S7,Beverages,0.0,6.22,18.0,OUT
2026-06-11 05:45:00,S8,Bakery,80.3,4.77,1.25,FULL
2026-06-11 06:00:00,S1,Dairy,27.7,4.68,4.75,LOW
2026-06-11 06:00:00,S2,Bakery,0.0,5.13,10.75,OUT
2026-06-11 06:00:00,S3,Dairy,0.0,5.52,19.25,OUT
2026-06-11 06:00:00,S4,Beverages,84.4,6.19,0.75,FULL
2026-06-11 06:00:00,S5,Snacks,0.0,3.52,16.0,OUT
2026-06-11 06:00:00,S6,Produce,0.0,4.22,10.5,OUT
2026-06-11 06:00:00,S7,Beverages,0.0,6.97,18.25,OUT
2026-06-11 06:00:00,S8,Bakery,79.9,4.97,1.5,FULL
2026-06-11 06:15:00,S1,Dairy,36.4,4.05,5.0,LOW
2026-06-11 06:15:00,S2,Bakery,0.0,5.51,11.0,OUT
2026-06-11 06:15:00,S3,Dairy,0.0,5.76,19.5,OUT
2026-06-11 06:15:00,S4,Beverages,83.8,6.48,1.0,FULL
2026-06-11 06:15:00,S5,Snacks,7.8,1.76,16.25,OUT
2026-06-11 06:15:00,S6,Produce,0.0,4.47,10.75,OUT
2026-06-11 06:15:00,S7,Beverages,0.0,6.52,18.5,OUT
2026-06-11 06:15:00,S8,Bakery,72.2,5.3,1.75,FULL
2026-06-11 06:30:00,S1,Dairy,36.9,3.92,5.25,LOW
2026-06-11 06:30:00,S2,Bakery,0.0,4.31,11.25,OUT
2026-06-11 06:30:00,S3,Dairy,0.0,4.73,19.75,OUT
2026-06-11 06:30:00,S4,Beverages,77.0,5.91,1.25,FULL
2026-06-11 06:30:00,S5,Snacks,0.0,3.64,16.5,OUT
2026-06-11 06:30:00,S6,Produce,0.0,3.21,11.0,OUT
2026-06-11 06:30:00,S7,Beverages,0.0,4.96,18.75,OUT
2026-06-11 06:30:00,S8,Bakery,74.2,4.66,2.0,FULL
2026-06-11 06:45:00,S1,Dairy,22.7,4.21,5.5,LOW
2026-06-11 06:45:00,S2,Bakery,0.0,5.89,11.5,OUT
2026-06-11 06:45:00,S3,Dairy,0.0,5.6,20.0,OUT
2026-06-11 06:45:00,S4,Beverages,65.8,7.21,1.5,FULL
2026-06-11 06:45:00,S5,Snacks,0.0,2.94,16.75,OUT
2026-06-11 06:45:00,S6,Produce,0.0,5.45,11.25,OUT
2026-06-11 06:45:00,S7,Beverages,0.0,6.68,19.0,OUT
2026-06-11 06:45:00,S8,Bakery,65.8,4.62,2.25,FULL
2026-06-11 07:00:00,S1,Dairy,40.8,3.28,,LOW
2026-06-11 07:00:00,S2,Bakery,0.0,5.42,11.75,OUT
2026-06-11 07:00:00,S3,Dairy,0.0,5.05,20.25,OUT
2026-06-11 07:00:00,S4,Beverages,68.0,5.75,1.75,FULL
2026-06-11 07:00:00,S5,Snacks,98.2,1.72,0.0,FULL
2026-06-11 07:00:00,S6,Produce,0.0,3.82,11.5,OUT
2026-06-11 07:00:00,S7,Beverages,0.0,6.06,19.25,OUT
2026-06-11 07:00:00,S8,Bakery,57.7,5.2,2.5,LOW
2026-06-11 07:15:00,S1,Dairy,0.0,5.21,6.0,OUT
2026-06-11 07:15:00,S2,Bakery,0.0,5.21,12.0,OUT
2026-06-11 07:15:00,S3,Dairy,0.0,4.24,20.5,OUT
2026-06-11 07:15:00,S4,Beverages,60.4,6.2,2.0,FULL
2026-06-11 07:15:00,S5,Snacks,95.0,5.07,0.25,FULL
2026-06-11 07:15:00,S6,Produce,0.0,3.19,11.75,OUT
2026-06-11 07:15:00,S7,Beverages,0.0,6.52,19.5,OUT
2026-06-11 07:15:00,S8,Bakery,55.8,4.68,2.75,LOW
2026-06-11 07:30:00,S1,Dairy,46.3,2.67,6.25,LOW
2026-06-11 07:30:00,S2,Bakery,0.0,6.37,12.25,OUT
2026-06-11 07:30:00,S3,Dairy,0.0,4.55,20.75,OUT
2026-06-11 07:30:00,S4,Beverages,64.2,4.62,2.25,FULL
2026-06-11 07:30:00,S5,Snacks,95.5,2.2,0.5,FULL
2026-06-11 07:30:00,S6,Produce,0.0,2.69,12.0,OUT
2026-06-11 07:30:00,S7,Beverages,0.0,6.55,19.75,OUT
2026-06-11 07:30:00,S8,Bakery,48.6,5.03,3.0,LOW
2026-06-11 07:45:00,S1,Dairy,67.9,1.68,6.5,FULL
2026-06-11 07:45:00,S2,Bakery,0.0,4.54,12.5,OUT
2026-06-11 07:45:00,S3,Dairy,0.0,4.89,21.0,OUT
2026-06-11 07:45:00,S4,Beverages,35.0,7.76,2.5,LOW
2026-06-11 07:45:00,S5,Snacks,86.6,3.19,0.75,FULL
2026-06-11 07:45:00,S6,Produce,0.0,4.76,12.25,OUT
2026-06-11 07:45:00,S7,Beverages,0.0,6.83,20.0,OUT
2026-06-11 07:45:00,S8,Bakery,58.3,4.28,3.25,LOW
2026-06-11 08:00:00,S1,Dairy,30.4,3.09,6.75,LOW
2026-06-11 08:00:00,S2,Bakery,0.0,4.41,12.75,OUT
2026-06-11 08:00:00,S3,Dairy,0.0,3.99,21.25,OUT
2026-06-11 08:00:00,S4,Beverages,37.5,7.2,2.75,LOW
2026-06-11 08:00:00,S5,Snacks,94.9,2.73,1.0,FULL
2026-06-11 08:00:00,S6,Produce,0.0,3.09,12.5,OUT
2026-06-11 08:00:00,S7,Beverages,0.0,6.84,20.25,OUT
2026-06-11 08:00:00,S8,Bakery,44.6,5.04,3.5,LOW
2026-06-11 08:15:00,S1,Dairy,21.4,3.59,7.0,LOW
2026-06-11 08:15:00,S2,Bakery,100.0,5.82,0.0,FULL
2026-06-11 08:15:00,S3,Dairy,0.0,2.34,21.5,OUT
2026-06-11 08:15:00,S4,Beverages,42.4,5.91,3.0,LOW
2026-06-11 08:15:00,S5,Snacks,78.4,3.92,1.25,FULL
2026-06-11 08:15:00,S6,Produce,0.0,4.04,12.75,OUT
2026-06-11 08:15:00,S7,Beverages,0.0,5.45,20.5,OUT
2026-06-11 08:15:00,S8,Bakery,29.1,5.64,3.75,LOW
2026-06-11 08:30:00,S1,Dairy,0.0,4.98,7.25,OUT
2026-06-11 08:30:00,S2,Bakery,100.0,4.97,0.25,FULL
2026-06-11 08:30:00,S3,Dairy,0.0,3.68,21.75,OUT
2026-06-11 08:30:00,S4,Beverages,33.3,6.07,3.25,LOW
2026-06-11 08:30:00,S5,Snacks,86.0,2.87,1.5,FULL
2026-06-11 08:30:00,S6,Produce,0.0,4.9,13.0,OUT
2026-06-11 08:30:00,S7,Beverages,0.0,5.14,20.75,OUT
2026-06-11 08:30:00,S8,Bakery,43.2,4.62,4.0,LOW
2026-06-11 08:45:00,S1,Dairy,0.0,5.47,7.5,OUT
2026-06-11 08:45:00,S2,Bakery,92.9,3.91,0.5,FULL
2026-06-11 08:45:00,S3,Dairy,0.0,3.35,22.0,OUT
2026-06-11 08:45:00,S4,Beverages,35.9,5.65,3.5,LOW
2026-06-11 08:45:00,S5,Snacks,89.0,3.62,1.75,FULL
2026-06-11 08:45:00,S6,Produce,0.0,4.17,13.25,OUT
2026-06-11 08:45:00,S7,Beverages,0.0,5.98,21.0,OUT
2026-06-11 08:45:00,S8,Bakery,33.3,4.86,4.25,LOW
2026-06-11 09:00:00,S1,Dairy,0.0,5.19,7.75,OUT
2026-06-11 09:00:00,S2,Bakery,87.7,6.07,0.75,FULL
2026-06-11 09:00:00,S3,Dairy,0.0,5.31,22.25,OUT
2026-06-11 09:00:00,S4,Beverages,25.4,6.21,3.75,LOW
2026-06-11 09:00:00,S5,Snacks,77.9,3.49,2.0,FULL
2026-06-11 09:00:00,S6,Produce,0.0,6.3,13.5,OUT
2026-06-11 09:00:00,S7,Beverages,0.0,4.35,21.25,OUT
2026-06-11 09:00:00,S8,Bakery,41.4,4.0,4.5,LOW
2026-06-11 09:15:00,S1,Dairy,26.6,2.88,8.0,LOW
2026-06-11 09:15:00,S2,Bakery,89.0,4.77,,FULL
2026-06-11 09:15:00,S3,Dairy,0.0,4.33,22.5,OUT
2026-06-11 09:15:00,S4,Beverages,18.8,6.43,4.0,OUT
2026-06-11 09:15:00,S5,Snacks,77.6,2.07,2.25,FULL
2026-06-11 09:15:00,S6,Produce,0.0,5.13,13.75,OUT
2026-06-11 09:15:00,S7,Beverages,0.0,6.35,21.5,OUT
2026-06-11 09:15:00,S8,Bakery,51.4,3.06,4.75,LOW
2026-06-11 09:30:00,S1,Dairy,0.0,6.12,8.25,OUT
2026-06-11 09:30:00,S2,Bakery,79.1,4.86,1.25,FULL
2026-06-11 09:30:00,S3,Dairy,0.0,4.27,22.75,OUT
2026-06-11 09:30:00,S4,Beverages,4.8,6.93,4.25,OUT
2026-06-11 09:30:00,S5,Snacks,75.9,2.72,2.5,FULL
2026-06-11 09:30:00,S6,Produce,0.0,3.92,14.0,OUT
2026-06-11 09:30:00,S7,Beverages,0.0,,21.75,OUT
2026-06-11 09:30:00,S8,Bakery,6.1,5.6,5.0,OUT
2026-06-11 09:45:00,S1,Dairy,0.0,4.49,8.5,OUT
2026-06-11 09:45:00,S2,Bakery,84.2,3.54,1.5,FULL
2026-06-11 09:45:00,S3,Dairy,0.0,4.92,23.0,OUT
2026-06-11 09:45:00,S4,Beverages,0.0,7.35,4.5,OUT
2026-06-11 09:45:00,S5,Snacks,65.5,4.11,2.75,FULL
2026-06-11 09:45:00,S6,Produce,0.0,3.73,14.25,OUT
2026-06-11 09:45:00,S7,Beverages,0.0,5.26,22.0,OUT
2026-06-11 09:45:00,S8,Bakery,22.2,4.98,5.25,LOW
2026-06-11 10:00:00,S1,Dairy,0.0,4.9,8.75,OUT
2026-06-11 10:00:00,S2,Bakery,71.3,4.75,1.75,FULL
2026-06-11 10:00:00,S3,Dairy,0.0,5.53,23.25,OUT
2026-06-11 10:00:00,S4,Beverages,19.4,5.41,4.75,OUT
2026-06-11 10:00:00,S5,Snacks,63.1,4.03,3.0,FULL
2026-06-11 10:00:00,S6,Produce,0.0,3.71,14.5,OUT
2026-06-11 10:00:00,S7,Beverages,0.0,5.19,22.25,OUT
2026-06-11 10:00:00,S8,Bakery,28.9,4.13,5.5,LOW
2026-06-11 10:15:00,S1,Dairy,2.3,3.26,9.0,OUT
2026-06-11 10:15:00,S2,Bakery,60.7,5.33,2.0,FULL
2026-06-11 10:15:00,S3,Dairy,0.0,5.5,23.5,OUT
2026-06-11 10:15:00,S4,Beverages,,5.59,5.0,OUT
2026-06-11 10:15:00,S5,Snacks,73.7,2.38,3.25,FULL
2026-06-11 10:15:00,S6,Produce,0.0,2.49,14.75,OUT
2026-06-11 10:15:00,S7,Beverages,97.1,6.69,0.0,FULL
2026-06-11 10:15:00,S8,Bakery,0.0,5.75,5.75,OUT
2026-06-11 10:30:00,S1,Dairy,0.0,3.8,9.25,OUT
2026-06-11 10:30:00,S2,Bakery,41.4,7.51,2.25,LOW
2026-06-11 10:30:00,S3,Dairy,0.0,2.41,23.75,OUT
2026-06-11 10:30:00,S4,Beverages,0.0,6.63,5.25,OUT
2026-06-11 10:30:00,S5,Snacks,62.3,3.48,3.5,FULL
2026-06-11 10:30:00,S6,Produce,0.0,2.3,15.0,OUT
2026-06-11 10:30:00,S7,Beverages,97.3,6.74,0.25,FULL
2026-06-11 10:30:00,S8,Bakery,0.0,5.82,6.0,OUT
2026-06-11 10:45:00,S1,Dairy,0.0,5.87,9.5,OUT
2026-06-11 10:45:00,S2,Bakery,60.8,4.43,2.5,FULL
2026-06-11 10:45:00,S3,Dairy,0.0,4.52,24.0,OUT
2026-06-11 10:45:00,S4,Beverages,0.0,5.95,5.5,OUT
2026-06-11 10:45:00,S5,Snacks,71.4,1.97,3.75,FULL
2026-06-11 10:45:00,S6,Produce,0.0,6.03,15.25,OUT
2026-06-11 10:45:00,S7,Beverages,89.9,5.79,0.5,FULL
2026-06-11 10:45:00,S8,Bakery,0.0,5.1,6.25,OUT
2026-06-11 11:00:00,S1,Dairy,0.0,3.72,9.75,OUT
2026-06-11 11:00:00,S2,Bakery,76.0,3.1,2.75,FULL
2026-06-11 11:00:00,S3,Dairy,100.0,4.1,0.0,FULL
2026-06-11 11:00:00,S4,Beverages,,6.68,5.75,OUT
2026-06-11 11:00:00,S5,Snacks,69.8,2.47,4.0,FULL
2026-06-11 11:00:00,S6,Produce,0.0,3.99,15.5,OUT
2026-06-11 11:00:00,S7,Beverages,91.2,4.63,0.75,FULL
2026-06-11 11:00:00,S8,Bakery,36.6,,6.5,LOW
2026-06-11 11:15:00,S1,Dairy,0.0,4.1,10.0,OUT
2026-06-11 11:15:00,S2,Bakery,40.2,6.22,3.0,LOW
2026-06-11 11:15:00,S3,Dairy,95.5,5.88,0.25,FULL
2026-06-11 11:15:00,S4,Beverages,0.0,5.17,6.0,OUT
2026-06-11 11:15:00,S5,Snacks,35.7,4.38,4.25,LOW
2026-06-11 11:15:00,S6,Produce,0.0,5.68,15.75,OUT
2026-06-11 11:15:00,S7,Beverages,80.7,5.4,,FULL
2026-06-11 11:15:00,S8,Bakery,0.0,5.55,6.75,OUT
2026-06-11 11:30:00,S1,Dairy,100.0,4.43,0.0,FULL
2026-06-11 11:30:00,S2,Bakery,40.0,5.5,3.25,LOW
2026-06-11 11:30:00,S3,Dairy,96.9,4.12,0.5,FULL
2026-06-11 11:30:00,S4,Beverages,0.0,5.2,6.25,OUT
2026-06-11 11:30:00,S5,Snacks,51.4,3.65,4.5,LOW
2026-06-11 11:30:00,S6,Produce,0.0,4.24,16.0,OUT
2026-06-11 11:30:00,S7,Beverages,80.0,5.63,1.25,FULL
2026-06-11 11:30:00,S8,Bakery,0.0,4.71,7.0,OUT
2026-06-11 11:45:00,S1,Dairy,96.2,2.92,0.25,FULL
2026-06-11 11:45:00,S2,Bakery,54.4,3.41,3.5,LOW
2026-06-11 11:45:00,S3,Dairy,94.1,4.34,0.75,FULL
2026-06-11 11:45:00,S4,Beverages,0.0,7.17,6.5,OUT
2026-06-11 11:45:00,S5,Snacks,72.4,1.98,4.75,FULL
2026-06-11 11:45:00,S6,Produce,0.0,5.43,16.25,OUT
2026-06-11 11:45:00,S7,Beverages,71.5,5.39,1.5,FULL
2026-06-11 11:45:00,S8,Bakery,0.0,4.77,7.25,OUT
2026-06-11 12:00:00,S1,Dairy,97.9,4.29,0.5,FULL
2026-06-11 12:00:00,S2,Bakery,45.9,4.8,3.75,LOW
2026-06-11 12:00:00,S3,Dairy,80.3,5.75,1.0,FULL
2026-06-11 12:00:00,S4,Beverages,0.0,6.45,6.75,OUT
2026-06-11 12:00:00,S5,Snacks,55.6,3.16,5.0,LOW
2026-06-11 12:00:00,S6,Produce,0.0,4.37,16.5,OUT
2026-06-11 12:00:00,S7,Beverages,70.3,5.59,1.75,FULL
2026-06-11 12:00:00,S8,Bakery,0.0,4.91,7.5,OUT
2026-06-11 12:15:00,S1,Dairy,81.2,5.51,0.75,FULL
2026-06-11 12:15:00,S2,Bakery,54.9,3.9,4.0,LOW
2026-06-11 12:15:00,S3,Dairy,80.8,4.88,1.25,FULL
2026-06-11 12:15:00,S4,Beverages,0.0,6.09,,OUT
2026-06-11 12:15:00,S5,Snacks,38.1,3.7,5.25,LOW
2026-06-11 12:15:00,S6,Produce,0.0,4.48,16.75,OUT
2026-06-11 12:15:00,S7,Beverages,69.9,5.05,2.0,FULL
2026-06-11 12:15:00,S8,Bakery,0.0,4.66,7.75,OUT
2026-06-11 12:30:00,S1,Dairy,89.5,3.69,1.0,FULL
2026-06-11 12:30:00,S2,Bakery,43.4,3.85,4.25,LOW
2026-06-11 12:30:00,S3,Dairy,69.0,5.65,1.5,FULL
2026-06-11 12:30:00,S4,Beverages,0.0,6.22,7.25,OUT
2026-06-11 12:30:00,S5,Snacks,46.4,3.24,5.5,LOW
2026-06-11 12:30:00,S6,Produce,0.0,2.71,17.0,OUT
2026-06-11 12:30:00,S7,Beverages,56.0,5.52,2.25,LOW
2026-06-11 12:30:00,S8,Bakery,0.0,4.72,8.0,OUT
2026-06-11 12:45:00,S1,Dairy,82.8,4.4,1.25,FULL
2026-06-11 12:45:00,S2,Bakery,36.0,4.34,4.5,LOW
2026-06-11 12:45:00,S3,Dairy,73.5,4.1,1.75,FULL
2026-06-11 12:45:00,S4,Beverages,0.0,5.88,7.5,OUT
2026-06-11 12:45:00,S5,Snacks,72.8,1.34,5.75,FULL
2026-06-11 12:45:00,S6,Produce,0.0,2.66,17.25,OUT
2026-06-11 12:45:00,S7,Beverages,58.9,5.37,2.5,LOW
2026-06-11 12:45:00,S8,Bakery,0.0,5.47,8.25,OUT
2026-06-11 13:00:00,S1,Dairy,68.2,5.54,1.5,FULL
2026-06-11 13:00:00,S2,Bakery,53.7,3.07,4.75,LOW
2026-06-11 13:00:00,S3,Dairy,45.3,8.08,2.0,LOW
2026-06-11 13:00:00,S4,Beverages,11.3,3.59,7.75,OUT
2026-06-11 13:00:00,S5,Snacks,58.5,2.23,6.0,LOW
2026-06-11 13:00:00,S6,Produce,0.0,3.42,17.5,OUT
2026-06-11 13:00:00,S7,Beverages,39.2,6.37,2.75,LOW
2026-06-11 13:00:00,S8,Bakery,0.0,5.81,8.5,OUT
2026-06-11 13:15:00,S1,Dairy,66.9,5.92,1.75,FULL
2026-06-11 13:15:00,S2,Bakery,1.9,6.11,5.0,OUT
2026-06-11 13:15:00,S3,Dairy,58.5,5.72,2.25,LOW
2026-06-11 13:15:00,S4,Beverages,0.0,6.06,8.0,OUT
2026-06-11 13:15:00,S5,Snacks,52.7,2.37,6.25,LOW
2026-06-11 13:15:00,S6,Produce,0.0,5.09,17.75,OUT
2026-06-11 13:15:00,S7,Beverages,31.6,7.43,3.0,LOW
2026-06-11 13:15:00,S8,Bakery,0.0,5.89,8.75,OUT
2026-06-11 13:30:00,S1,Dairy,73.0,4.14,2.0,FULL
2026-06-11 13:30:00,S2,Bakery,19.5,5.24,5.25,OUT
2026-06-11 13:30:00,S3,Dairy,59.9,5.68,2.5,LOW
2026-06-11 13:30:00,S4,Beverages,0.0,5.33,8.25,OUT
2026-06-11 13:30:00,S5,Snacks,42.5,2.74,6.5,LOW
2026-06-11 13:30:00,S6,Produce,0.0,6.05,18.0,OUT
2026-06-11 13:30:00,S7,Beverages,52.2,4.55,3.25,LOW
2026-06-11 13:30:00,S8,Bakery,0.0,4.52,9.0,OUT
2026-06-11 13:45:00,S1,Dairy,70.5,3.62,2.25,FULL
2026-06-11 13:45:00,S2,Bakery,8.9,4.95,5.5,OUT
2026-06-11 13:45:00,S3,Dairy,52.8,4.94,2.75,LOW
2026-06-11 13:45:00,S4,Beverages,0.0,6.16,8.5,OUT
2026-06-11 13:45:00,S5,Snacks,37.5,2.91,6.75,LOW
2026-06-11 13:45:00,S6,Produce,0.0,5.17,18.25,OUT
2026-06-11 13:45:00,S7,Beverages,15.3,7.36,,OUT
2026-06-11 13:45:00,S8,Bakery,0.0,5.19,9.25,OUT
2026-06-11 14:00:00,S1,Dairy,47.6,6.39,2.5,LOW
2026-06-11 14:00:00,S2,Bakery,0.0,6.89,5.75,OUT
2026-06-11 14:00:00,S3,Dairy,50.3,4.56,3.0,LOW
2026-06-11 14:00:00,S4,Beverages,0.0,4.72,8.75,OUT
2026-06-11 14:00:00,S5,Snacks,43.1,2.42,7.0,LOW
2026-06-11 14:00:00,S6,Produce,0.0,4.47,18.5,OUT
2026-06-11 14:00:00,S7,Beverages,19.0,6.7,3.75,OUT
2026-06-11 14:00:00,S8,Bakery,7.8,3.15,9.5,OUT
2026-06-11 14:15:00,S1,Dairy,63.9,4.27,2.75,FULL
2026-06-11 14:15:00,S2,Bakery,2.8,5.08,6.0,OUT
2026-06-11 14:15:00,S3,Dairy,61.9,3.23,3.25,FULL
2026-06-11 14:15:00,S4,Beverages,0.0,3.77,9.0,OUT
2026-06-11 14:15:00,S5,Snacks,46.5,2.24,7.25,LOW
2026-06-11 14:15:00,S6,Produce,0.0,4.94,18.75,OUT
2026-06-11 14:15:00,S7,Beverages,21.3,6.11,4.0,LOW
2026-06-11 14:15:00,S8,Bakery,0.0,5.43,9.75,OUT
2026-06-11 14:30:00,S1,Dairy,62.3,4.19,3.0,FULL
2026-06-11 14:30:00,S2,Bakery,5.6,4.74,6.25,OUT
2026-06-11 14:30:00,S3,Dairy,78.5,2.24,3.5,FULL
2026-06-11 14:30:00,S4,Beverages,0.0,7.1,9.25,OUT
2026-06-11 14:30:00,S5,Snacks,47.1,2.24,7.5,LOW
2026-06-11 14:30:00,S6,Produce,0.0,4.44,19.0,OUT
2026-06-11 14:30:00,S7,Beverages,26.9,5.21,4.25,LOW
2026-06-11 14:30:00,S8,Bakery,0.0,3.74,10.0,OUT
2026-06-11 14:45:00,S1,Dairy,60.1,4.0,3.25,FULL
2026-06-11 14:45:00,S2,Bakery,0.0,5.38,6.5,OUT
2026-06-11 14:45:00,S3,Dairy,35.7,5.51,3.75,LOW
2026-06-11 14:45:00,S4,Beverages,0.0,6.15,9.5,OUT
2026-06-11 14:45:00,S5,Snacks,0.0,4.71,7.75,OUT
2026-06-11 14:45:00,S6,Produce,0.0,2.46,19.25,OUT
2026-06-11 14:45:00,S7,Beverages,0.0,7.31,4.5,OUT
2026-06-11 14:45:00,S8,Bakery,0.0,3.74,10.25,OUT
2026-06-11 15:00:00,S1,Dairy,43.3,5.14,3.5,LOW
2026-06-11 15:00:00,S2,Bakery,0.0,6.97,6.75,OUT
2026-06-11 15:00:00,S3,Dairy,48.5,3.86,4.0,LOW
2026-06-11 15:00:00,S4,Beverages,0.0,6.89,9.75,OUT
2026-06-11 15:00:00,S5,Snacks,0.0,4.72,8.0,OUT
2026-06-11 15:00:00,S6,Produce,0.0,4.53,19.5,OUT
2026-06-11 15:00:00,S7,Beverages,3.6,6.55,4.75,OUT
2026-06-11 15:00:00,S8,Bakery,0.0,3.54,10.5,OUT
2026-06-11 15:15:00,S1,Dairy,37.1,5.18,3.75,LOW
2026-06-11 15:15:00,S2,Bakery,0.0,5.65,7.0,OUT
2026-06-11 15:15:00,S3,Dairy,33.9,,4.25,LOW
2026-06-11 15:15:00,S4,Beverages,0.0,6.44,10.0,OUT
2026-06-11 15:15:00,S5,Snacks,28.1,2.66,8.25,LOW
2026-06-11 15:15:00,S6,Produce,0.0,5.43,19.75,OUT
2026-06-11 15:15:00,S7,Beverages,0.0,6.29,5.0,OUT
2026-06-11 15:15:00,S8,Bakery,99.6,5.88,0.0,FULL
2026-06-11 15:30:00,S1,Dairy,51.9,3.55,4.0,LOW
2026-06-11 15:30:00,S2,Bakery,1.4,4.53,7.25,OUT
2026-06-11 15:30:00,S3,Dairy,41.9,3.94,4.5,LOW
2026-06-11 15:30:00,S4,Beverages,0.0,6.23,10.25,OUT
2026-06-11 15:30:00,S5,Snacks,57.1,1.57,8.5,LOW
2026-06-11 15:30:00,S6,Produce,0.0,2.54,20.0,OUT
2026-06-11 15:30:00,S7,Beverages,,6.28,5.25,OUT
2026-06-11 15:30:00,S8,Bakery,97.4,4.64,0.25,FULL
2026-06-11 15:45:00,S1,Dairy,45.6,4.53,4.25,LOW
2026-06-11 15:45:00,S2,Bakery,0.0,5.1,7.5,OUT
2026-06-11 15:45:00,S3,Dairy,23.2,4.64,4.75,LOW
2026-06-11 15:45:00,S4,Beverages,97.2,,0.0,FULL
2026-06-11 15:45:00,S5,Snacks,17.4,3.16,8.75,OUT
2026-06-11 15:45:00,S6,Produce,14.5,1.3,20.25,OUT
2026-06-11 15:45:00,S7,Beverages,0.0,7.0,5.5,OUT
2026-06-11 15:45:00,S8,Bakery,92.4,4.26,0.5,FULL
2026-06-11 16:00:00,S1,Dairy,27.5,5.1,4.5,LOW
2026-06-11 16:00:00,S2,Bakery,0.0,5.24,7.75,OUT
2026-06-11 16:00:00,S3,Dairy,34.7,4.28,5.0,LOW
2026-06-11 16:00:00,S4,Beverages,92.9,6.87,0.25,FULL
2026-06-11 16:00:00,S5,Snacks,0.0,5.18,9.0,OUT
2026-06-11 16:00:00,S6,Produce,0.0,4.19,20.5,OUT
2026-06-11 16:00:00,S7,Beverages,0.0,6.71,5.75,OUT
2026-06-11 16:00:00,S8,Bakery,82.6,5.51,0.75,FULL
2026-06-11 16:15:00,S1,Dairy,43.2,4.13,4.75,LOW
2026-06-11 16:15:00,S2,Bakery,0.0,4.45,8.0,OUT
2026-06-11 16:15:00,S3,Dairy,36.7,4.1,5.25,LOW
2026-06-11 16:15:00,S4,Beverages,90.8,6.06,0.5,FULL
2026-06-11 16:15:00,S5,Snacks,23.5,2.58,9.25,LOW
2026-06-11 16:15:00,S6,Produce,0.0,3.67,20.75,OUT
2026-06-11 16:15:00,S7,Beverages,0.0,5.74,6.0,OUT
2026-06-11 16:15:00,S8,Bakery,83.7,5.39,1.0,FULL
2026-06-11 16:30:00,S1,Dairy,22.9,4.61,5.0,LOW
2026-06-11 16:30:00,S2,Bakery,0.0,5.8,8.25,OUT
2026-06-11 16:30:00,S3,Dairy,37.5,3.88,5.5,LOW
2026-06-11 16:30:00,S4,Beverages,86.3,6.43,0.75,FULL
2026-06-11 16:30:00,S5,Snacks,0.0,3.88,9.5,OUT
2026-06-11 16:30:00,S6,Produce,0.0,5.26,21.0,OUT
2026-06-11 16:30:00,S7,Beverages,0.0,6.33,6.25,OUT
2026-06-11 16:30:00,S8,Bakery,71.3,6.66,1.25,FULL
2026-06-11 16:45:00,S1,Dairy,3.3,5.41,5.25,OUT
2026-06-11 16:45:00,S2,Bakery,0.0,7.15,8.5,OUT
2026-06-11 16:45:00,S3,Dairy,59.8,2.2,5.75,LOW
2026-06-11 16:45:00,S4,Beverages,90.3,4.51,1.0,FULL
2026-06-11 16:45:00,S5,Snacks,42.3,1.83,9.75,LOW
2026-06-11 16:45:00,S6,Produce,0.0,4.01,21.25,OUT
2026-06-11 16:45:00,S7,Beverages,,7.4,6.5,OUT
2026-06-11 16:45:00,S8,Bakery,70.7,5.56,1.5,FULL
2026-06-11 17:00:00,S1,Dairy,30.7,4.03,5.5,LOW
2026-06-11 17:00:00,S2,Bakery,0.0,5.74,8.75,OUT
2026-06-11 17:00:00,S3,Dairy,25.4,3.92,6.0,LOW
2026-06-11 17:00:00,S4,Beverages,80.5,5.71,1.25,FULL
2026-06-11 17:00:00,S5,Snacks,8.2,2.96,10.0,OUT
2026-06-11 17:00:00,S6,Produce,100.0,4.12,0.0,FULL
2026-06-11 17:00:00,S7,Beverages,0.0,7.23,6.75,OUT
2026-06-11 17:00:00,S8,Bakery,69.0,6.1,1.75,FULL
2026-06-11 17:15:00,S1,Dairy,20.4,4.26,5.75,LOW
2026-06-11 17:15:00,S2,Bakery,0.0,4.68,9.0,OUT
2026-06-11 17:15:00,S3,Dairy,8.8,4.68,6.25,OUT
2026-06-11 17:15:00,S4,Beverages,66.6,6.11,1.5,FULL
2026-06-11 17:15:00,S5,Snacks,0.0,3.97,10.25,OUT
2026-06-11 17:15:00,S6,Produce,99.4,2.29,0.25,FULL
2026-06-11 17:15:00,S7,Beverages,0.0,6.32,7.0,OUT
2026-06-11 17:15:00,S8,Bakery,66.3,5.59,,FULL
2026-06-11 17:30:00,S1,Dairy,41.3,3.04,6.0,LOW
2026-06-11 17:30:00,S2,Bakery,0.0,4.91,9.25,OUT
2026-06-11 17:30:00,S3,Dairy,5.7,4.39,6.5,OUT
2026-06-11 17:30:00,S4,Beverages,66.9,6.4,1.75,FULL
2026-06-11 17:30:00,S5,Snacks,49.0,1.59,10.5,LOW
2026-06-11 17:30:00,S6,Produce,98.7,2.94,0.5,FULL
2026-06-11 17:30:00,S7,Beverages,0.0,5.84,7.25,OUT
2026-06-11 17:30:00,S8,Bakery,58.8,5.96,2.25,LOW
2026-06-11 17:45:00,S1,Dairy,17.5,4.12,6.25,OUT
2026-06-11 17:45:00,S2,Bakery,0.0,4.84,9.5,OUT
2026-06-11 17:45:00,S3,Dairy,3.9,4.58,6.75,OUT
2026-06-11 17:45:00,S4,Beverages,57.7,6.86,2.0,LOW
2026-06-11 17:45:00,S5,Snacks,81.3,0.74,10.75,FULL
2026-06-11 17:45:00,S6,Produce,90.4,3.61,0.75,FULL
2026-06-11 17:45:00,S7,Beverages,,6.12,7.5,OUT
2026-06-11 17:45:00,S8,Bakery,52.9,6.25,2.5,LOW
2026-06-11 18:00:00,S1,Dairy,18.6,3.84,6.5,OUT
2026-06-11 18:00:00,S2,Bakery,0.0,6.78,9.75,OUT
2026-06-11 18:00:00,S3,Dairy,2.1,4.26,7.0,OUT
2026-06-11 18:00:00,S4,Beverages,57.3,5.81,2.25,LOW
2026-06-11 18:00:00,S5,Snacks,20.7,2.2,11.0,LOW
2026-06-11 18:00:00,S6,Produce,81.5,4.71,1.0,FULL
2026-06-11 18:00:00,S7,Beverages,0.0,7.38,7.75,OUT
2026-06-11 18:00:00,S8,Bakery,54.3,5.37,2.75,LOW
2026-06-11 18:15:00,S1,Dairy,0.0,4.69,6.75,OUT
2026-06-11 18:15:00,S2,Bakery,0.0,3.72,10.0,OUT
2026-06-11 18:15:00,S3,Dairy,0.0,5.05,7.25,OUT
2026-06-11 18:15:00,S4,Beverages,54.4,5.23,2.5,LOW
2026-06-11 18:15:00,S5,Snacks,0.0,3.21,11.25,OUT
2026-06-11 18:15:00,S6,Produce,87.3,3.04,1.25,FULL
2026-06-11 18:15:00,S7,Beverages,0.0,6.3,,OUT
2026-06-11 18:15:00,S8,Bakery,53.3,4.43,3.0,LOW
2026-06-11 18:30:00,S1,Dairy,0.0,6.41,7.0,OUT
2026-06-11 18:30:00,S2,Bakery,95.3,6.5,0.0,FULL
2026-06-11 18:30:00,S3,Dairy,3.8,4.05,7.5,OUT
2026-06-11 18:30:00,S4,Beverages,48.9,5.46,2.75,LOW
2026-06-11 18:30:00,S5,Snacks,24.1,2.05,11.5,LOW
2026-06-11 18:30:00,S6,Produce,76.4,5.77,1.5,FULL
2026-06-11 18:30:00,S7,Beverages,0.0,5.72,8.25,OUT
2026-06-11 18:30:00,S8,Bakery,59.8,4.01,3.25,LOW
2026-06-11 18:45:00,S1,Dairy,0.0,5.66,7.25,OUT
2026-06-11 18:45:00,S2,Bakery,98.9,4.66,0.25,FULL
2026-06-11 18:45:00,S3,Dairy,5.7,3.71,7.75,OUT
2026-06-11 18:45:00,S4,Beverages,47.1,5.47,3.0,LOW
2026-06-11 18:45:00,S5,Snacks,22.6,2.04,11.75,LOW
2026-06-11 18:45:00,S6,Produce,80.8,,1.75,FULL
2026-06-11 18:45:00,S7,Beverages,0.0,6.54,8.5,OUT
2026-06-11 18:45:00,S8,Bakery,32.3,6.17,3.5,LOW
2026-06-11 19:00:00,S1,Dairy,0.0,4.85,7.5,OUT
2026-06-11 19:00:00,S2,Bakery,88.4,,0.5,FULL
2026-06-11 19:00:00,S3,Dairy,0.0,5.02,8.0,OUT
2026-06-11 19:00:00,S4,Beverages,41.7,5.2,3.25,LOW
2026-06-11 19:00:00,S5,Snacks,0.0,3.4,12.0,OUT
2026-06-11 19:00:00,S6,Produce,81.4,2.62,2.0,FULL
2026-06-11 19:00:00,S7,Beverages,0.0,6.05,8.75,OUT
2026-06-11 19:00:00,S8,Bakery,24.7,6.2,3.75,LOW
2026-06-11 19:15:00,S1,Dairy,0.0,4.86,7.75,OUT
2026-06-11 19:15:00,S2,Bakery,88.5,4.37,0.75,FULL
2026-06-11 19:15:00,S3,Dairy,2.3,3.66,8.25,OUT
2026-06-11 19:15:00,S4,Beverages,37.8,5.75,3.5,LOW
2026-06-11 19:15:00,S5,Snacks,0.0,3.69,12.25,OUT
2026-06-11 19:15:00,S6,Produce,75.0,3.82,2.25,FULL
2026-06-11 19:15:00,S7,Beverages,0.0,5.71,9.0,OUT
2026-06-11 19:15:00,S8,Bakery,32.6,5.45,4.0,LOW
2026-06-11 19:30:00,S1,Dairy,0.0,3.88,8.0,OUT
2026-06-11 19:30:00,S2,Bakery,87.3,4.06,1.0,FULL
2026-06-11 19:30:00,S3,Dairy,0.0,4.7,8.5,OUT
2026-06-11 19:30:00,S4,Beverages,40.2,4.81,3.75,LOW
2026-06-11 19:30:00,S5,Snacks,64.9,0.97,12.5,FULL
2026-06-11 19:30:00,S6,Produce,81.6,2.69,2.5,FULL
2026-06-11 19:30:00,S7,Beverages,0.0,6.82,9.25,OUT
2026-06-11 19:30:00,S8,Bakery,35.4,4.68,4.25,LOW
2026-06-11 19:45:00,S1,Dairy,0.0,4.36,8.25,OUT
2026-06-11 19:45:00,S2,Bakery,83.8,,1.25,FULL
2026-06-11 19:45:00,S3,Dairy,27.0,2.78,8.75,LOW
2026-06-11 19:45:00,S4,Beverages,11.5,7.08,4.0,OUT
2026-06-11 19:45:00,S5,Snacks,9.0,2.19,12.75,OUT
2026-06-11 19:45:00,S6,Produce,58.4,5.26,2.75,LOW
2026-06-11 19:45:00,S7,Beverages,0.0,6.48,9.5,OUT
2026-06-11 19:45:00,S8,Bakery,14.5,6.07,4.5,OUT
2026-06-11 20:00:00,S1,Dairy,0.0,4.8,8.5,OUT
2026-06-11 20:00:00,S2,Bakery,83.7,3.94,1.5,FULL
2026-06-11 20:00:00,S3,Dairy,0.0,4.75,9.0,OUT
2026-06-11 20:00:00,S4,Beverages,8.5,6.91,4.25,OUT
2026-06-11 20:00:00,S5,Snacks,0.0,6.29,13.0,OUT
2026-06-11 20:00:00,S6,Produce,74.8,2.71,3.0,FULL
2026-06-11 20:00:00,S7,Beverages,0.0,5.08,9.75,OUT
2026-06-11 20:00:00,S8,Bakery,10.9,5.81,4.75,OUT
2026-06-11 20:15:00,S1,Dairy,0.0,5.02,8.75,OUT
2026-06-11 20:15:00,S2,Bakery,73.1,5.55,1.75,FULL
2026-06-11 20:15:00,S3,Dairy,0.0,5.57,9.25,OUT
2026-06-11 20:15:00,S4,Beverages,14.2,5.84,4.5,OUT
2026-06-11 20:15:00,S5,Snacks,10.9,2.23,13.25,OUT
2026-06-11 20:15:00,S6,Produce,55.0,3.91,3.25,LOW
2026-06-11 20:15:00,S7,Beverages,0.0,6.95,10.0,OUT
2026-06-11 20:15:00,S8,Bakery,0.0,6.91,5.0,OUT
2026-06-11 20:30:00,S1,Dairy,0.0,3.98,9.0,OUT
2026-06-11 20:30:00,S2,Bakery,73.0,4.22,2.0,FULL
2026-06-11 20:30:00,S3,Dairy,0.0,5.2,9.5,OUT
2026-06-11 20:30:00,S4,Beverages,14.4,5.39,4.75,OUT
2026-06-11 20:30:00,S5,Snacks,0.0,2.5,13.5,OUT
2026-06-11 20:30:00,S6,Produce,64.3,2.94,3.5,FULL
2026-06-11 20:30:00,S7,Beverages,0.0,5.79,10.25,OUT
2026-06-11 20:30:00,S8,Bakery,16.8,5.03,5.25,OUT
2026-06-11 20:45:00,S1,Dairy,0.0,5.77,9.25,OUT
2026-06-11 20:45:00,S2,Bakery,67.5,3.57,2.25,FULL
2026-06-11 20:45:00,S3,Dairy,0.0,,9.75,OUT
2026-06-11 20:45:00,S4,Beverages,0.0,7.36,5.0,OUT
2026-06-11 20:45:00,S5,Snacks,0.0,3.57,13.75,OUT
2026-06-11 20:45:00,S6,Produce,46.9,4.09,3.75,LOW
2026-06-11 20:45:00,S7,Beverages,0.0,6.49,10.5,OUT
2026-06-11 20:45:00,S8,Bakery,26.3,4.3,5.5,LOW
2026-06-11 21:00:00,S1,Dairy,18.8,2.78,9.5,OUT
2026-06-11 21:00:00,S2,Bakery,39.1,7.44,2.5,LOW
2026-06-11 21:00:00,S3,Dairy,0.0,3.73,,OUT
2026-06-11 21:00:00,S4,Beverages,0.1,5.97,5.25,OUT
2026-06-11 21:00:00,S5,Snacks,11.8,1.98,,OUT
2026-06-11 21:00:00,S6,Produce,45.9,,4.0,LOW
2026-06-11 21:00:00,S7,Beverages,0.0,6.59,10.75,OUT
2026-06-11 21:00:00,S8,Bakery,13.0,,5.75,OUT
2026-06-11 21:15:00,S1,Dairy,0.0,6.16,9.75,OUT
2026-06-11 21:15:00,S2,Bakery,66.7,3.61,2.75,FULL
2026-06-11 21:15:00,S3,Dairy,0.0,4.42,10.25,OUT
2026-06-11 21:15:00,S4,Beverages,14.4,4.79,5.5,OUT
2026-06-11 21:15:00,S5,Snacks,0.0,3.79,14.25,OUT
2026-06-11 21:15:00,S6,Produce,40.0,4.39,4.25,LOW
2026-06-11 21:15:00,S7,Beverages,0.0,5.55,11.0,OUT
2026-06-11 21:15:00,S8,Bakery,0.0,5.29,6.0,OUT
2026-06-11 21:30:00,S1,Dairy,0.0,3.64,10.0,OUT
2026-06-11 21:30:00,S2,Bakery,40.5,5.47,3.0,LOW
2026-06-11 21:30:00,S3,Dairy,0.0,5.15,10.5,OUT
2026-06-11 21:30:00,S4,Beverages,0.0,5.83,5.75,OUT
2026-06-11 21:30:00,S5,Snacks,0.0,2.83,14.5,OUT
2026-06-11 21:30:00,S6,Produce,56.9,3.5,4.5,LOW
2026-06-11 21:30:00,S7,Beverages,0.0,6.81,11.25,OUT
2026-06-11 21:30:00,S8,Bakery,0.0,4.87,6.25,OUT
2026-06-11 21:45:00,S1,Dairy,0.0,5.04,10.25,OUT
2026-06-11 21:45:00,S2,Bakery,66.3,3.05,3.25,FULL
2026-06-11 21:45:00,S3,Dairy,0.0,5.13,10.75,OUT
2026-06-11 21:45:00,S4,Beverages,0.0,5.33,6.0,OUT
2026-06-11 21:45:00,S5,Snacks,0.0,3.44,14.75,OUT
2026-06-11 21:45:00,S6,Produce,32.2,4.5,4.75,LOW
2026-06-11 21:45:00,S7,Beverages,0.0,4.91,11.5,OUT
2026-06-11 21:45:00,S8,Bakery,0.0,5.33,6.5,OUT
2026-06-11 22:00:00,S1,Dairy,0.0,4.22,10.5,OUT
2026-06-11 22:00:00,S2,Bakery,41.1,5.81,3.5,LOW
2026-06-11 22:00:00,S3,Dairy,0.0,4.07,11.0,OUT
2026-06-11 22:00:00,S4,Beverages,6.3,4.71,6.25,OUT
2026-06-11 22:00:00,S5,Snacks,0.0,3.37,15.0,OUT
2026-06-11 22:00:00,S6,Produce,64.9,2.21,5.0,FULL
2026-06-11 22:00:00,S7,Beverages,0.0,6.54,11.75,OUT
2026-06-11 22:00:00,S8,Bakery,0.0,5.5,6.75,OUT
2026-06-11 22:15:00,S1,Dairy,0.0,4.18,10.75,OUT
2026-06-11 22:15:00,S2,Bakery,56.2,3.48,3.75,LOW
2026-06-11 22:15:00,S3,Dairy,0.0,4.48,11.25,OUT
2026-06-11 22:15:00,S4,Beverages,0.0,7.97,6.5,OUT
2026-06-11 22:15:00,S5,Snacks,0.0,2.7,15.25,OUT
2026-06-11 22:15:00,S6,Produce,26.5,4.16,5.25,LOW
2026-06-11 22:15:00,S7,Beverages,0.0,6.41,12.0,OUT
2026-06-11 22:15:00,S8,Bakery,0.0,4.68,7.0,OUT
2026-06-11 22:30:00,S1,Dairy,0.0,4.95,11.0,OUT
2026-06-11 22:30:00,S2,Bakery,26.1,,4.0,LOW
2026-06-11 22:30:00,S3,Dairy,0.0,3.88,11.5,OUT
2026-06-11 22:30:00,S4,Beverages,0.0,,6.75,OUT
2026-06-11 22:30:00,S5,Snacks,46.8,1.12,15.5,LOW
2026-06-11 22:30:00,S6,Produce,57.3,2.49,5.5,LOW
2026-06-11 22:30:00,S7,Beverages,0.0,4.67,12.25,OUT
2026-06-11 22:30:00,S8,Bakery,0.0,6.16,7.25,OUT
2026-06-11 22:45:00,S1,Dairy,0.0,3.9,11.25,OUT
2026-06-11 22:45:00,S2,Bakery,30.0,5.05,4.25,LOW
2026-06-11 22:45:00,S3,Dairy,0.0,3.34,11.75,OUT
2026-06-11 22:45:00,S4,Beverages,0.0,5.41,,OUT
2026-06-11 22:45:00,S5,Snacks,0.0,3.97,15.75,OUT
2026-06-11 22:45:00,S6,Produce,35.0,3.38,5.75,LOW
2026-06-11 22:45:00,S7,Beverages,0.0,6.78,12.5,OUT
2026-06-11 22:45:00,S8,Bakery,0.0,6.87,7.5,OUT
2026-06-11 23:00:00,S1,Dairy,0.0,3.47,11.5,OUT
2026-06-11 23:00:00,S2,Bakery,34.2,4.36,4.5,LOW
2026-06-11 23:00:00,S3,Dairy,0.0,5.38,12.0,OUT
2026-06-11 23:00:00,S4,Beverages,0.0,4.94,7.25,OUT
2026-06-11 23:00:00,S5,Snacks,0.0,2.7,16.0,OUT
2026-06-11 23:00:00,S6,Produce,31.5,3.32,6.0,LOW
2026-06-11 23:00:00,S7,Beverages,0.0,5.35,12.75,OUT
2026-06-11 23:00:00,S8,Bakery,0.0,6.06,7.75,OUT
2026-06-11 23:15:00,S1,Dairy,0.0,4.21,11.75,OUT
2026-06-11 23:15:00,S2,Bakery,20.6,4.95,4.75,LOW
2026-06-11 23:15:00,S3,Dairy,0.0,4.69,12.25,OUT
2026-06-11 23:15:00,S4,Beverages,0.0,5.84,7.5,OUT
2026-06-11 23:15:00,S5,Snacks,0.0,3.71,16.25,OUT
2026-06-11 23:15:00,S6,Produce,6.2,4.48,6.25,OUT
2026-06-11 23:15:00,S7,Beverages,100.0,5.92,0.0,FULL
2026-06-11 23:15:00,S8,Bakery,0.0,6.97,8.0,OUT
2026-06-11 23:30:00,S1,Dairy,0.0,5.74,12.0,OUT
2026-06-11 23:30:00,S2,Bakery,45.1,3.5,5.0,LOW
2026-06-11 23:30:00,S3,Dairy,13.8,2.14,12.5,OUT
2026-06-11 23:30:00,S4,Beverages,0.0,5.13,7.75,OUT
2026-06-11 23:30:00,S5,Snacks,0.0,4.72,,OUT
2026-06-11 23:30:00,S6,Produce,3.8,4.54,6.5,OUT
2026-06-11 23:30:00,S7,Beverages,96.7,7.07,0.25,FULL
2026-06-11 23:30:00,S8,Bakery,0.0,3.94,8.25,OUT
2026-06-11 23:45:00,S1,Dairy,0.0,5.14,12.25,OUT
2026-06-11 23:45:00,S2,Bakery,0.0,6.46,5.25,OUT
2026-06-11 23:45:00,S3,Dairy,0.0,3.43,12.75,OUT
2026-06-11 23:45:00,S4,Beverages,0.0,6.66,8.0,OUT
2026-06-11 23:45:00,S5,Snacks,37.3,1.18,,LOW
2026-06-11 23:45:00,S6,Produce,24.3,3.44,6.75,LOW
2026-06-11 23:45:00,S7,Beverages,84.5,6.02,0.5,FULL
2026-06-11 23:45:00,S8,Bakery,0.0,4.6,8.5,OUT
2026-06-12 00:00:00,S1,Dairy,0.0,4.96,12.5,OUT
2026-06-12 00:00:00,S2,Bakery,37.8,3.65,5.5,LOW
2026-06-12 00:00:00,S3,Dairy,0.0,3.88,13.0,OUT
2026-06-12 00:00:00,S4,Beverages,0.0,7.84,8.25,OUT
2026-06-12 00:00:00,S5,Snacks,0.0,3.19,17.0,OUT
2026-06-12 00:00:00,S6,Produce,0.0,5.36,7.0,OUT
2026-06-12 00:00:00,S7,Beverages,82.8,6.09,0.75,FULL
2026-06-12 00:00:00,S8,Bakery,0.0,4.9,8.75,OUT
2026-06-12 00:15:00,S1,Dairy,0.0,4.66,12.75,OUT
2026-06-12 00:15:00,S2,Bakery,0.0,5.52,5.75,OUT
2026-06-12 00:15:00,S3,Dairy,0.0,5.24,13.25,OUT
2026-06-12 00:15:00,S4,Beverages,0.0,5.83,8.5,OUT
2026-06-12 00:15:00,S5,Snacks,0.5,1.73,17.25,OUT
2026-06-12 00:15:00,S6,Produce,0.0,4.96,7.25,OUT
2026-06-12 00:15:00,S7,Beverages,82.2,6.24,1.0,FULL
2026-06-12 00:15:00,S8,Bakery,0.0,5.79,9.0,OUT
2026-06-12 00:30:00,S1,Dairy,0.0,2.82,13.0,OUT
2026-06-12 00:30:00,S2,Bakery,0.0,6.09,6.0,OUT
2026-06-12 00:30:00,S3,Dairy,0.0,4.72,13.5,OUT
2026-06-12 00:30:00,S4,Beverages,0.0,,8.75,OUT
2026-06-12 00:30:00,S5,Snacks,0.0,3.31,17.5,OUT
2026-06-12 00:30:00,S6,Produce,7.4,4.06,7.5,OUT
2026-06-12 00:30:00,S7,Beverages,74.2,5.62,1.25,FULL
2026-06-12 00:30:00,S8,Bakery,0.0,3.85,9.25,OUT
2026-06-12 00:45:00,S1,Dairy,0.0,4.38,13.25,OUT
2026-06-12 00:45:00,S2,Bakery,46.2,2.65,6.25,LOW
2026-06-12 00:45:00,S3,Dairy,0.0,5.63,13.75,OUT
2026-06-12 00:45:00,S4,Beverages,0.0,5.66,9.0,OUT
2026-06-12 00:45:00,S5,Snacks,0.0,3.12,17.75,OUT
2026-06-12 00:45:00,S6,Produce,0.0,4.67,7.75,OUT
2026-06-12 00:45:00,S7,Beverages,64.1,6.83,1.5,FULL
2026-06-12 00:45:00,S8,Bakery,0.0,5.67,9.5,OUT
2026-06-12 01:00:00,S1,Dairy,0.0,4.91,13.5,OUT
2026-06-12 01:00:00,S2,Bakery,,5.02,6.5,OUT
2026-06-12 01:00:00,S3,Dairy,0.0,2.87,14.0,OUT
2026-06-12 01:00:00,S4,Beverages,0.0,5.06,9.25,OUT
2026-06-12 01:00:00,S5,Snacks,0.0,2.43,18.0,OUT
2026-06-12 01:00:00,S6,Produce,27.4,2.86,8.0,LOW
2026-06-12 01:00:00,S7,Beverages,62.8,7.01,1.75,FULL
2026-06-12 01:00:00,S8,Bakery,0.0,6.24,9.75,OUT
2026-06-12 01:15:00,S1,Dairy,0.0,4.26,13.75,OUT
2026-06-12 01:15:00,S2,Bakery,0.0,6.13,6.75,OUT
2026-06-12 01:15:00,S3,Dairy,0.0,5.21,14.25,OUT
2026-06-12 01:15:00,S4,Beverages,0.0,6.01,9.5,OUT
2026-06-12 01:15:00,S5,Snacks,0.0,3.3,18.25,OUT
2026-06-12 01:15:00,S6,Produce,0.0,4.04,8.25,OUT
2026-06-12 01:15:00,S7,Beverages,,6.27,2.0,LOW
2026-06-12 01:15:00,S8,Bakery,0.0,5.44,10.0,OUT
2026-06-12 01:30:00,S1,Dairy,0.0,3.36,14.0,OUT
2026-06-12 01:30:00,S2,Bakery,0.0,7.54,,OUT
2026-06-12 01:30:00,S3,Dairy,0.0,5.78,14.5,OUT
2026-06-12 01:30:00,S4,Beverages,0.0,6.28,9.75,OUT
2026-06-12 01:30:00,S5,Snacks,0.0,1.9,18.5,OUT
2026-06-12 01:30:00,S6,Produce,24.8,2.81,8.5,LOW
2026-06-12 01:30:00,S7,Beverages,55.4,5.92,2.25,LOW
2026-06-12 01:30:00,S8,Bakery,0.0,5.25,10.25,OUT
2026-06-12 01:45:00,S1,Dairy,0.0,5.23,14.25,OUT
2026-06-12 01:45:00,S2,Bakery,0.0,6.31,7.25,OUT
2026-06-12 01:45:00,S3,Dairy,0.0,4.91,14.75,OUT
2026-06-12 01:45:00,S4,Beverages,0.0,5.57,10.0,OUT
2026-06-12 01:45:00,S5,Snacks,,3.39,18.75,OUT
2026-06-12 01:45:00,S6,Produce,0.2,3.34,8.75,OUT
2026-06-12 01:45:00,S7,Beverages,57.4,4.77,2.5,LOW
2026-06-12 01:45:00,S8,Bakery,0.0,6.67,10.5,OUT
2026-06-12 02:00:00,S1,Dairy,0.0,2.85,14.5,OUT
2026-06-12 02:00:00,S2,Bakery,0.0,5.52,7.5,OUT
2026-06-12 02:00:00,S3,Dairy,0.0,3.65,15.0,OUT
2026-06-12 02:00:00,S4,Beverages,0.0,8.09,10.25,OUT
2026-06-12 02:00:00,S5,Snacks,,4.39,19.0,OUT
2026-06-12 02:00:00,S6,Produce,0.0,4.07,9.0,OUT
2026-06-12 02:00:00,S7,Beverages,30.3,7.84,,LOW
2026-06-12 02:00:00,S8,Bakery,0.0,4.87,10.75,OUT
2026-06-12 02:15:00,S1,Dairy,0.0,3.53,14.75,OUT
2026-06-12 02:15:00,S2,Bakery,21.6,3.16,7.75,LOW
2026-06-12 02:15:00,S3,Dairy,0.0,4.9,15.25,OUT
2026-06-12 02:15:00,S4,Beverages,0.0,7.21,10.5,OUT
2026-06-12 02:15:00,S5,Snacks,0.0,2.4,19.25,OUT
2026-06-12 02:15:00,S6,Produce,55.2,1.54,,LOW
2026-06-12 02:15:00,S7,Beverages,41.6,6.3,3.0,LOW
2026-06-12 02:15:00,S8,Bakery,0.0,4.57,11.0,OUT
2026-06-12 02:30:00,S1,Dairy,0.0,4.86,15.0,OUT
2026-06-12 02:30:00,S2,Bakery,3.3,3.78,8.0,OUT
2026-06-12 02:30:00,S3,Dairy,0.0,5.94,15.5,OUT
2026-06-12 02:30:00,S4,Beverages,0.0,5.41,10.75,OUT
2026-06-12 02:30:00,S5,Snacks,0.0,3.16,19.5,OUT
2026-06-12 02:30:00,S6,Produce,53.5,1.71,9.5,LOW
2026-06-12 02:30:00,S7,Beverages,36.8,5.82,3.25,LOW
2026-06-12 02:30:00,S8,Bakery,0.0,3.67,11.25,OUT
2026-06-12 02:45:00,S1,Dairy,0.0,,15.25,OUT
2026-06-12 02:45:00,S2,Bakery,0.0,7.02,8.25,OUT
2026-06-12 02:45:00,S3,Dairy,0.0,3.21,15.75,OUT
2026-06-12 02:45:00,S4,Beverages,0.0,5.28,11.0,OUT
2026-06-12 02:45:00,S5,Snacks,0.0,,19.75,OUT
2026-06-12 02:45:00,S6,Produce,0.0,5.34,9.75,OUT
2026-06-12 02:45:00,S7,Beverages,26.3,6.21,3.5,LOW
2026-06-12 02:45:00,S8,Bakery,0.0,5.25,11.5,OUT
2026-06-12 03:00:00,S1,Dairy,0.0,4.38,15.5,OUT
2026-06-12 03:00:00,S2,Bakery,0.0,6.65,8.5,OUT
2026-06-12 03:00:00,S3,Dairy,0.0,5.63,16.0,OUT
2026-06-12 03:00:00,S4,Beverages,0.0,6.39,11.25,OUT
2026-06-12 03:00:00,S5,Snacks,0.0,2.02,20.0,OUT
2026-06-12 03:00:00,S6,Produce,0.0,4.49,10.0,OUT
2026-06-12 03:00:00,S7,Beverages,27.1,5.8,3.75,LOW
2026-06-12 03:00:00,S8,Bakery,0.0,4.71,11.75,OUT
2026-06-12 03:15:00,S1,Dairy,0.0,4.72,15.75,OUT
2026-06-12 03:15:00,S2,Bakery,0.0,5.14,8.75,OUT
2026-06-12 03:15:00,S3,Dairy,0.0,5.39,16.25,OUT
2026-06-12 03:15:00,S4,Beverages,0.0,5.07,11.5,OUT
2026-06-12 03:15:00,S5,Snacks,0.0,3.78,20.25,OUT
2026-06-12 03:15:00,S6,Produce,0.0,5.5,10.25,OUT
2026-06-12 03:15:00,S7,Beverages,0.5,7.21,4.0,OUT
2026-06-12 03:15:00,S8,Bakery,0.0,5.36,12.0,OUT
2026-06-12 03:30:00,S1,Dairy,0.0,4.67,16.0,OUT
2026-06-12 03:30:00,S2,Bakery,0.0,5.14,9.0,OUT
2026-06-12 03:30:00,S3,Dairy,0.0,5.39,16.5,OUT
2026-06-12 03:30:00,S4,Beverages,0.0,8.36,11.75,OUT
2026-06-12 03:30:00,S5,Snacks,0.0,3.59,20.5,OUT
2026-06-12 03:30:00,S6,Produce,0.0,4.19,10.5,OUT
2026-06-12 03:30:00,S7,Beverages,27.5,5.37,4.25,LOW
2026-06-12 03:30:00,S8,Bakery,0.0,5.41,12.25,OUT
2026-06-12 03:45:00,S1,Dairy,0.0,4.78,16.25,OUT
2026-06-12 03:45:00,S2,Bakery,0.0,5.46,9.25,OUT
2026-06-12 03:45:00,S3,Dairy,0.0,3.8,16.75,OUT
2026-06-12 03:45:00,S4,Beverages,0.0,6.95,12.0,OUT
2026-06-12 03:45:00,S5,Snacks,0.0,3.93,20.75,OUT
2026-06-12 03:45:00,S6,Produce,0.0,3.68,10.75,OUT
2026-06-12 03:45:00,S7,Beverages,12.7,5.8,4.5,OUT
2026-06-12 03:45:00,S8,Bakery,0.0,6.42,12.5,OUT
2026-06-12 04:00:00,S1,Dairy,0.0,4.46,16.5,OUT
2026-06-12 04:00:00,S2,Bakery,0.0,5.03,9.5,OUT
2026-06-12 04:00:00,S3,Dairy,0.0,3.53,17.0,OUT
2026-06-12 04:00:00,S4,Beverages,0.0,5.24,12.25,OUT
2026-06-12 04:00:00,S5,Snacks,0.0,3.56,21.0,OUT
2026-06-12 04:00:00,S6,Produce,0.0,3.49,11.0,OUT
2026-06-12 04:00:00,S7,Beverages,5.9,5.97,4.75,OUT
2026-06-12 04:00:00,S8,Bakery,0.0,6.28,12.75,OUT
2026-06-12 04:15:00,S1,Dairy,0.0,5.19,16.75,OUT
2026-06-12 04:15:00,S2,Bakery,0.0,6.7,9.75,OUT
2026-06-12 04:15:00,S3,Dairy,0.0,3.84,17.25,OUT
2026-06-12 04:15:00,S4,Beverages,0.0,5.18,12.5,OUT
2026-06-12 04:15:00,S5,Snacks,0.0,4.69,21.25,OUT
2026-06-12 04:15:00,S6,Produce,0.0,3.42,11.25,OUT
2026-06-12 04:15:00,S7,Beverages,0.0,6.36,5.0,OUT
2026-06-12 04:15:00,S8,Bakery,0.0,5.43,13.0,OUT
2026-06-12 04:30:00,S1,Dairy,0.0,4.23,,OUT
2026-06-12 04:30:00,S2,Bakery,0.0,4.75,,OUT
2026-06-12 04:30:00,S3,Dairy,0.0,4.69,17.5,OUT
2026-06-12 04:30:00,S4,Beverages,0.0,6.06,12.75,OUT
2026-06-12 04:30:00,S5,Snacks,,4.52,21.5,OUT
2026-06-12 04:30:00,S6,Produce,0.0,4.13,11.5,OUT
2026-06-12 04:30:00,S7,Beverages,10.5,5.71,5.25,OUT
2026-06-12 04:30:00,S8,Bakery,0.0,5.39,13.25,OUT
2026-06-12 04:45:00,S1,Dairy,0.0,3.11,17.25,OUT
2026-06-12 04:45:00,S2,Bakery,0.0,5.17,10.25,OUT
2026-06-12 04:45:00,S3,Dairy,0.0,3.8,17.75,OUT
2026-06-12 04:45:00,S4,Beverages,0.0,6.26,13.0,OUT
2026-06-12 04:45:00,S5,Snacks,0.0,3.18,21.75,OUT
2026-06-12 04:45:00,S6,Produce,0.0,4.18,11.75,OUT
2026-06-12 04:45:00,S7,Beverages,0.0,8.03,,OUT
2026-06-12 04:45:00,S8,Bakery,0.0,5.14,13.5,OUT
2026-06-12 05:00:00,S1,Dairy,0.0,4.77,17.5,OUT
2026-06-12 05:00:00,S2,Bakery,0.0,6.52,10.5,OUT
2026-06-12 05:00:00,S3,Dairy,0.0,4.56,18.0,OUT
2026-06-12 05:00:00,S4,Beverages,0.0,5.86,13.25,OUT
2026-06-12 05:00:00,S5,Snacks,0.0,3.43,22.0,OUT
2026-06-12 05:00:00,S6,Produce,0.0,2.86,12.0,OUT
2026-06-12 05:00:00,S7,Beverages,13.4,4.69,5.75,OUT
2026-06-12 05:00:00,S8,Bakery,,4.87,13.75,OUT
2026-06-12 05:15:00,S1,Dairy,0.0,2.66,17.75,OUT
2026-06-12 05:15:00,S2,Bakery,0.0,6.44,10.75,OUT
2026-06-12 05:15:00,S3,Dairy,0.0,4.88,18.25,OUT
2026-06-12 05:15:00,S4,Beverages,0.0,6.23,13.5,OUT
2026-06-12 05:15:00,S5,Snacks,0.0,2.98,22.25,OUT
2026-06-12 05:15:00,S6,Produce,0.0,5.81,12.25,OUT
2026-06-12 05:15:00,S7,Beverages,0.0,7.23,6.0,OUT
2026-06-12 05:15:00,S8,Bakery,0.0,6.96,14.0,OUT
2026-06-12 05:30:00,S1,Dairy,0.0,3.23,18.0,OUT
2026-06-12 05:30:00,S2,Bakery,0.0,5.05,11.0,OUT
2026-06-12 05:30:00,S3,Dairy,0.0,3.96,18.5,OUT
2026-06-12 05:30:00,S4,Beverages,0.0,5.59,13.75,OUT
2026-06-12 05:30:00,S5,Snacks,0.0,3.75,22.5,OUT
2026-06-12 05:30:00,S6,Produce,0.0,2.96,12.5,OUT
2026-06-12 05:30:00,S7,Beverages,0.0,5.38,,OUT
2026-06-12 05:30:00,S8,Bakery,0.0,4.02,14.25,OUT
2026-06-12 05:45:00,S1,Dairy,0.0,4.2,18.25,OUT
2026-06-12 05:45:00,S2,Bakery,0.0,5.68,11.25,OUT
2026-06-12 05:45:00,S3,Dairy,0.0,5.59,18.75,OUT
2026-06-12 05:45:00,S4,Beverages,0.0,6.38,14.0,OUT
2026-06-12 05:45:00,S5,Snacks,0.0,4.02,22.75,OUT
2026-06-12 05:45:00,S6,Produce,0.0,3.32,12.75,OUT
2026-06-12 05:45:00,S7,Beverages,0.0,,6.5,OUT
2026-06-12 05:45:00,S8,Bakery,,5.98,14.5,OUT
2026-06-12 06:00:00,S1,Dairy,0.0,5.1,18.5,OUT
2026-06-12 06:00:00,S2,Bakery,0.0,3.44,11.5,OUT
2026-06-12 06:00:00,S3,Dairy,0.0,5.49,19.0,OUT
2026-06-12 06:00:00,S4,Beverages,0.0,4.9,14.25,OUT
2026-06-12 06:00:00,S5,Snacks,0.0,3.24,23.0,OUT
2026-06-12 06:00:00,S6,Produce,2.0,2.5,13.0,OUT
2026-06-12 06:00:00,S7,Beverages,0.0,5.14,6.75,OUT
2026-06-12 06:00:00,S8,Bakery,0.0,5.39,14.75,OUT
2026-06-12 06:15:00,S1,Dairy,0.0,4.57,18.75,OUT
2026-06-12 06:15:00,S2,Bakery,0.0,5.53,11.75,OUT
2026-06-12 06:15:00,S3,Dairy,0.0,4.85,19.25,OUT
2026-06-12 06:15:00,S4,Beverages,0.0,5.94,14.5,OUT
2026-06-12 06:15:00,S5,Snacks,0.0,3.64,23.25,OUT
2026-06-12 06:15:00,S6,Produce,0.0,4.72,13.25,OUT
2026-06-12 06:15:00,S7,Beverages,0.0,5.21,7.0,OUT
2026-06-12 06:15:00,S8,Bakery,0.0,5.57,15.0,OUT
2026-06-12 06:30:00,S1,Dairy,0.0,4.13,19.0,OUT
2026-06-12 06:30:00,S2,Bakery,0.0,5.15,12.0,OUT
2026-06-12 06:30:00,S3,Dairy,0.0,6.1,19.5,OUT
2026-06-12 06:30:00,S4,Beverages,0.0,7.2,14.75,OUT
2026-06-12 06:30:00,S5,Snacks,0.0,3.9,23.5,OUT
2026-06-12 06:30:00,S6,Produce,0.0,4.12,13.5,OUT
2026-06-12 06:30:00,S7,Beverages,0.0,6.35,7.25,OUT
2026-06-12 06:30:00,S8,Bakery,0.0,4.33,15.25,OUT
2026-06-12 06:45:00,S1,Dairy,0.0,3.78,19.25,OUT
2026-06-12 06:45:00,S2,Bakery,0.0,3.65,12.25,OUT
2026-06-12 06:45:00,S3,Dairy,0.0,2.65,19.75,OUT
2026-06-12 06:45:00,S4,Beverages,0.0,7.29,15.0,OUT
2026-06-12 06:45:00,S5,Snacks,33.3,0.89,23.75,LOW
2026-06-12 06:45:00,S6,Produce,0.0,3.19,13.75,OUT
2026-06-12 06:45:00,S7,Beverages,0.0,5.5,7.5,OUT
2026-06-12 06:45:00,S8,Bakery,0.0,4.51,15.5,OUT
2026-06-12 07:00:00,S1,Dairy,0.0,3.68,19.5,OUT
2026-06-12 07:00:00,S2,Bakery,0.0,3.9,12.5,OUT
2026-06-12 07:00:00,S3,Dairy,0.0,4.17,20.0,OUT
2026-06-12 07:00:00,S4,Beverages,0.0,5.21,15.25,OUT
2026-06-12 07:00:00,S5,Snacks,0.0,2.46,24.0,OUT
2026-06-12 07:00:00,S6,Produce,0.0,4.11,14.0,OUT
2026-06-12 07:00:00,S7,Beverages,,6.38,7.75,OUT
2026-06-12 07:00:00,S8,Bakery,0.0,3.98,15.75,OUT
2026-06-12 07:15:00,S1,Dairy,0.0,4.23,19.75,OUT
2026-06-12 07:15:00,S2,Bakery,0.0,5.5,12.75,OUT
2026-06-12 07:15:00,S3,Dairy,0.0,4.96,20.25,OUT
2026-06-12 07:15:00,S4,Beverages,0.0,6.31,15.5,OUT
2026-06-12 07:15:00,S5,Snacks,100.0,2.12,0.0,FULL
2026-06-12 07:15:00,S6,Produce,0.0,4.71,14.25,OUT
2026-06-12 07:15:00,S7,Beverages,0.0,5.87,8.0,OUT
2026-06-12 07:15:00,S8,Bakery,0.0,3.95,16.0,OUT
2026-06-12 07:30:00,S1,Dairy,0.0,3.93,20.0,OUT
2026-06-12 07:30:00,S2,Bakery,0.0,4.11,13.0,OUT
2026-06-12 07:30:00,S3,Dairy,0.0,4.92,20.5,OUT
2026-06-12 07:30:00,S4,Beverages,0.0,5.57,15.75,OUT
2026-06-12 07:30:00,S5,Snacks,96.6,2.25,0.25,FULL
2026-06-12 07:30:00,S6,Produce,0.0,4.03,14.5,OUT
2026-06-12 07:30:00,S7,Beverages,0.0,6.32,8.25,OUT
2026-06-12 07:30:00,S8,Bakery,0.0,4.47,16.25,OUT
2026-06-12 07:45:00,S1,Dairy,0.0,4.52,20.25,OUT
2026-06-12 07:45:00,S2,Bakery,0.0,5.5,13.25,OUT
2026-06-12 07:45:00,S3,Dairy,0.0,5.53,20.75,OUT
2026-06-12 07:45:00,S4,Beverages,0.0,6.18,16.0,OUT
2026-06-12 07:45:00,S5,Snacks,93.7,3.26,0.5,FULL
2026-06-12 07:45:00,S6,Produce,0.0,2.54,14.75,OUT
2026-06-12 07:45:00,S7,Beverages,0.0,6.2,8.5,OUT
2026-06-12 07:45:00,S8,Bakery,0.0,4.15,16.5,OUT
2026-06-12 08:00:00,S1,Dairy,0.0,5.89,20.5,OUT
2026-06-12 08:00:00,S2,Bakery,0.0,,13.5,OUT
2026-06-12 08:00:00,S3,Dairy,0.0,4.17,21.0,OUT
2026-06-12 08:00:00,S4,Beverages,0.0,6.39,16.25,OUT
2026-06-12 08:00:00,S5,Snacks,97.8,1.96,0.75,FULL
2026-06-12 08:00:00,S6,Produce,0.0,4.04,15.0,OUT
2026-06-12 08:00:00,S7,Beverages,0.0,4.94,8.75,OUT
2026-06-12 08:00:00,S8,Bakery,0.0,4.9,16.75,OUT
2026-06-12 08:15:00,S1,Dairy,0.0,3.67,20.75,OUT
2026-06-12 08:15:00,S2,Bakery,0.0,5.82,13.75,OUT
2026-06-12 08:15:00,S3,Dairy,100.0,3.98,0.0,FULL
2026-06-12 08:15:00,S4,Beverages,0.0,7.1,16.5,OUT
2026-06-12 08:15:00,S5,Snacks,88.0,2.48,1.0,FULL
2026-06-12 08:15:00,S6,Produce,0.0,2.78,15.25,OUT
2026-06-12 08:15:00,S7,Beverages,0.0,6.54,9.0,OUT
2026-06-12 08:15:00,S8,Bakery,0.0,4.11,17.0,OUT
2026-06-12 08:30:00,S1,Dairy,0.0,4.34,21.0,OUT
2026-06-12 08:30:00,S2,Bakery,0.0,4.04,14.0,OUT
2026-06-12 08:30:00,S3,Dairy,97.5,4.13,0.25,FULL
2026-06-12 08:30:00,S4,Beverages,0.0,7.08,16.75,OUT
2026-06-12 08:30:00,S5,Snacks,82.5,3.73,1.25,FULL
2026-06-12 08:30:00,S6,Produce,0.0,4.61,15.5,OUT
2026-06-12 08:30:00,S7,Beverages,0.0,5.4,9.25,OUT
2026-06-12 08:30:00,S8,Bakery,0.0,6.27,17.25,OUT
2026-06-12 08:45:00,S1,Dairy,0.0,3.86,21.25,OUT
2026-06-12 08:45:00,S2,Bakery,0.0,5.77,14.25,OUT
2026-06-12 08:45:00,S3,Dairy,92.7,4.79,0.5,FULL
2026-06-12 08:45:00,S4,Beverages,0.0,6.57,17.0,OUT
2026-06-12 08:45:00,S5,Snacks,93.6,0.84,1.5,FULL
2026-06-12 08:45:00,S6,Produce,0.0,2.34,15.75,OUT
2026-06-12 08:45:00,S7,Beverages,0.0,4.81,9.5,OUT
2026-06-12 08:45:00,S8,Bakery,0.0,5.33,17.5,OUT
2026-06-12 09:00:00,S1,Dairy,0.0,4.88,21.5,OUT
2026-06-12 09:00:00,S2,Bakery,0.0,4.36,14.5,OUT
2026-06-12 09:00:00,S3,Dairy,82.1,5.19,0.75,FULL
2026-06-12 09:00:00,S4,Beverages,0.0,5.43,17.25,OUT
2026-06-12 09:00:00,S5,Snacks,86.1,1.72,1.75,FULL
2026-06-12 09:00:00,S6,Produce,0.0,5.32,16.0,OUT
2026-06-12 09:00:00,S7,Beverages,0.0,5.74,9.75,OUT
2026-06-12 09:00:00,S8,Bakery,0.0,3.47,17.75,OUT
2026-06-12 09:15:00,S1,Dairy,0.0,5.79,21.75,OUT
2026-06-12 09:15:00,S2,Bakery,0.0,4.47,14.75,OUT
2026-06-12 09:15:00,S3,Dairy,100.0,1.03,1.0,FULL
2026-06-12 09:15:00,S4,Beverages,0.0,4.53,17.5,OUT
2026-06-12 09:15:00,S5,Snacks,80.3,3.76,2.0,FULL
2026-06-12 09:15:00,S6,Produce,0.0,4.34,16.25,OUT
2026-06-12 09:15:00,S7,Beverages,0.0,5.04,10.0,OUT
2026-06-12 09:15:00,S8,Bakery,0.0,4.41,18.0,OUT
2026-06-12 09:30:00,S1,Dairy,0.0,3.98,22.0,OUT
2026-06-12 09:30:00,S2,Bakery,0.0,5.38,15.0,OUT
2026-06-12 09:30:00,S3,Dairy,84.3,3.13,1.25,FULL
2026-06-12 09:30:00,S4,Beverages,0.0,5.32,17.75,OUT
2026-06-12 09:30:00,S5,Snacks,83.2,2.0,2.25,FULL
2026-06-12 09:30:00,S6,Produce,0.0,4.49,16.5,OUT
2026-06-12 09:30:00,S7,Beverages,0.0,4.39,10.25,OUT
2026-06-12 09:30:00,S8,Bakery,0.0,5.62,18.25,OUT
2026-06-12 09:45:00,S1,Dairy,0.0,4.15,22.25,OUT
2026-06-12 09:45:00,S2,Bakery,0.0,5.24,15.25,OUT
2026-06-12 09:45:00,S3,Dairy,84.8,3.13,1.5,FULL
2026-06-12 09:45:00,S4,Beverages,0.0,4.93,18.0,OUT
2026-06-12 09:45:00,S5,Snacks,81.2,2.65,2.5,FULL
2026-06-12 09:45:00,S6,Produce,100.0,4.22,0.0,FULL
2026-06-12 09:45:00,S7,Beverages,0.0,5.18,10.5,OUT
2026-06-12 09:45:00,S8,Bakery,0.0,4.41,18.5,OUT
2026-06-12 10:00:00,S1,Dairy,98.1,5.67,0.0,FULL
2026-06-12 10:00:00,S2,Bakery,0.0,5.62,15.5,OUT
2026-06-12 10:00:00,S3,Dairy,84.7,3.3,1.75,FULL
2026-06-12 10:00:00,S4,Beverages,0.0,5.29,18.25,OUT
2026-06-12 10:00:00,S5,Snacks,72.8,3.57,2.75,FULL
2026-06-12 10:00:00,S6,Produce,98.9,4.51,0.25,FULL
2026-06-12 10:00:00,S7,Beverages,0.0,6.53,10.75,OUT
2026-06-12 10:00:00,S8,Bakery,0.0,6.52,18.75,OUT
2026-06-12 10:15:00,S1,Dairy,92.6,4.7,0.25,FULL
2026-06-12 10:15:00,S2,Bakery,0.0,4.66,15.75,OUT
2026-06-12 10:15:00,S3,Dairy,75.7,3.59,2.0,FULL
2026-06-12 10:15:00,S4,Beverages,0.0,5.89,18.5,OUT
2026-06-12 10:15:00,S5,Snacks,68.1,3.24,3.0,FULL
2026-06-12 10:15:00,S6,Produce,94.7,,0.5,FULL
2026-06-12 10:15:00,S7,Beverages,0.0,5.94,11.0,OUT
2026-06-12 10:15:00,S8,Bakery,0.0,5.99,19.0,OUT
2026-06-12 10:30:00,S1,Dairy,87.9,4.91,,FULL
2026-06-12 10:30:00,S2,Bakery,0.0,6.33,16.0,OUT
2026-06-12 10:30:00,S3,Dairy,81.0,2.67,2.25,FULL
2026-06-12 10:30:00,S4,Beverages,0.0,7.17,18.75,OUT
2026-06-12 10:30:00,S5,Snacks,41.4,5.5,3.25,LOW
2026-06-12 10:30:00,S6,Produce,92.0,4.71,0.75,FULL
2026-06-12 10:30:00,S7,Beverages,97.1,5.91,0.0,FULL
2026-06-12 10:30:00,S8,Bakery,0.0,3.55,19.25,OUT
2026-06-12 10:45:00,S1,Dairy,83.8,6.12,0.75,FULL
2026-06-12 10:45:00,S2,Bakery,0.0,3.09,16.25,OUT
2026-06-12 10:45:00,S3,Dairy,66.2,4.03,2.5,FULL
2026-06-12 10:45:00,S4,Beverages,0.0,7.29,19.0,OUT
2026-06-12 10:45:00,S5,Snacks,68.1,2.91,3.5,FULL
2026-06-12 10:45:00,S6,Produce,84.5,4.67,1.0,FULL
2026-06-12 10:45:00,S7,Beverages,97.3,5.23,0.25,FULL
2026-06-12 10:45:00,S8,Bakery,0.0,5.24,19.5,OUT
2026-06-12 11:00:00,S1,Dairy,76.5,6.49,1.0,FULL
2026-06-12 11:00:00,S2,Bakery,92.5,3.7,0.0,FULL
2026-06-12 11:00:00,S3,Dairy,63.8,3.91,2.75,FULL
2026-06-12 11:00:00,S4,Beverages,0.0,6.25,19.25,OUT
2026-06-12 11:00:00,S5,Snacks,66.9,2.79,3.75,FULL
2026-06-12 11:00:00,S6,Produce,88.0,3.33,1.25,FULL
2026-06-12 11:00:00,S7,Beverages,91.0,6.05,0.5,FULL
2026-06-12 11:00:00,S8,Bakery,0.0,5.98,19.75,OUT
2026-06-12 11:15:00,S1,Dairy,92.4,2.81,1.25,FULL
2026-06-12 11:15:00,S2,Bakery,95.2,4.17,0.25,FULL
2026-06-12 11:15:00,S3,Dairy,76.0,2.87,3.0,FULL
2026-06-12 11:15:00,S4,Beverages,0.0,5.79,19.5,OUT
2026-06-12 11:15:00,S5,Snacks,72.3,2.09,4.0,FULL
2026-06-12 11:15:00,S6,Produce,82.9,4.44,1.5,FULL
2026-06-12 11:15:00,S7,Beverages,79.7,6.98,0.75,FULL
2026-06-12 11:15:00,S8,Bakery,0.0,5.41,20.0,OUT
2026-06-12 11:30:00,S1,Dairy,76.1,3.95,1.5,FULL
2026-06-12 11:30:00,S2,Bakery,87.9,5.69,0.5,FULL
2026-06-12 11:30:00,S3,Dairy,76.3,2.43,3.25,FULL
2026-06-12 11:30:00,S4,Beverages,0.0,7.19,19.75,OUT
2026-06-12 11:30:00,S5,Snacks,75.7,2.18,4.25,FULL
2026-06-12 11:30:00,S6,Produce,74.0,4.04,1.75,FULL
2026-06-12 11:30:00,S7,Beverages,76.1,7.11,1.0,FULL
2026-06-12 11:30:00,S8,Bakery,0.0,6.39,20.25,OUT
2026-06-12 11:45:00,S1,Dairy,79.1,4.06,1.75,FULL
2026-06-12 11:45:00,S2,Bakery,84.0,5.66,0.75,FULL
2026-06-12 11:45:00,S3,Dairy,56.8,3.71,3.5,LOW
2026-06-12 11:45:00,S4,Beverages,0.0,6.03,20.0,OUT
2026-06-12 11:45:00,S5,Snacks,42.8,4.01,4.5,LOW
2026-06-12 11:45:00,S6,Produce,80.7,3.52,2.0,FULL
2026-06-12 11:45:00,S7,Beverages,71.2,6.52,1.25,FULL
2026-06-12 11:45:00,S8,Bakery,0.0,2.02,20.5,OUT
2026-06-12 12:00:00,S1,Dairy,65.5,5.21,2.0,FULL
2026-06-12 12:00:00,S2,Bakery,82.3,5.27,1.0,FULL
2026-06-12 12:00:00,S3,Dairy,31.8,5.61,3.75,LOW
2026-06-12 12:00:00,S4,Beverages,0.0,6.17,20.25,OUT
2026-06-12 12:00:00,S5,Snacks,58.2,2.98,4.75,LOW
2026-06-12 12:00:00,S6,Produce,74.2,3.72,2.25,FULL
2026-06-12 12:00:00,S7,Beverages,62.0,6.84,1.5,FULL
2026-06-12 12:00:00,S8,Bakery,0.0,6.52,20.75,OUT
2026-06-12 12:15:00,S1,Dairy,76.2,3.64,2.25,FULL
2026-06-12 12:15:00,S2,Bakery,83.3,4.26,1.25,FULL
2026-06-12 12:15:00,S3,Dairy,35.8,5.16,4.0,LOW
2026-06-12 12:15:00,S4,Beverages,100.0,5.49,0.0,FULL
2026-06-12 12:15:00,S5,Snacks,85.3,0.71,5.0,FULL
2026-06-12 12:15:00,S6,Produce,62.7,5.39,2.5,FULL
2026-06-12 12:15:00,S7,Beverages,77.5,3.92,1.75,FULL
2026-06-12 12:15:00,S8,Bakery,0.0,3.88,21.0,OUT
2026-06-12 12:30:00,S1,Dairy,51.8,5.98,2.5,LOW
2026-06-12 12:30:00,S2,Bakery,76.1,5.35,1.5,FULL
2026-06-12 12:30:00,S3,Dairy,44.2,3.67,4.25,LOW
2026-06-12 12:30:00,S4,Beverages,96.2,5.67,0.25,FULL
2026-06-12 12:30:00,S5,Snacks,53.9,2.67,5.25,LOW
2026-06-12 12:30:00,S6,Produce,72.3,2.98,2.75,FULL
2026-06-12 12:30:00,S7,Beverages,49.6,7.17,2.0,LOW
2026-06-12 12:30:00,S8,Bakery,0.0,5.7,21.25,OUT
2026-06-12 12:45:00,S1,Dairy,45.0,5.61,2.75,LOW
2026-06-12 12:45:00,S2,Bakery,70.6,6.12,1.75,FULL
2026-06-12 12:45:00,S3,Dairy,26.2,5.0,4.5,LOW
2026-06-12 12:45:00,S4,Beverages,91.3,6.03,0.5,FULL
2026-06-12 12:45:00,S5,Snacks,20.1,4.68,5.5,LOW
2026-06-12 12:45:00,S6,Produce,62.2,3.53,3.0,FULL
2026-06-12 12:45:00,S7,Beverages,65.9,5.45,2.25,FULL
2026-06-12 12:45:00,S8,Bakery,0.0,5.88,21.5,OUT
2026-06-12 13:00:00,S1,Dairy,57.3,4.69,3.0,LOW
2026-06-12 13:00:00,S2,Bakery,80.4,3.0,2.0,FULL
2026-06-12 13:00:00,S3,Dairy,21.1,5.16,,LOW
2026-06-12 13:00:00,S4,Beverages,91.8,4.91,0.75,FULL
2026-06-12 13:00:00,S5,Snacks,67.2,2.29,5.75,FULL
2026-06-12 13:00:00,S6,Produce,,4.58,3.25,LOW
2026-06-12 13:00:00,S7,Beverages,44.3,6.99,2.5,LOW
2026-06-12 13:00:00,S8,Bakery,0.0,4.46,21.75,OUT
2026-06-12 13:15:00,S1,Dairy,42.7,6.02,3.25,LOW
2026-06-12 13:15:00,S2,Bakery,60.8,6.11,2.25,FULL
2026-06-12 13:15:00,S3,Dairy,39.6,4.06,5.0,LOW
2026-06-12 13:15:00,S4,Beverages,73.4,6.63,1.0,FULL
2026-06-12 13:15:00,S5,Snacks,56.9,2.13,6.0,LOW
2026-06-12 13:15:00,S6,Produce,37.0,5.21,3.5,LOW
2026-06-12 13:15:00,S7,Beverages,52.2,6.06,2.75,LOW
2026-06-12 13:15:00,S8,Bakery,0.0,7.05,22.0,OUT
2026-06-12 13:30:00,S1,Dairy,60.2,3.57,3.5,FULL
2026-06-12 13:30:00,S2,Bakery,72.4,3.38,2.5,FULL
2026-06-12 13:30:00,S3,Dairy,43.0,3.76,5.25,LOW
2026-06-12 13:30:00,S4,Beverages,70.2,8.15,1.25,FULL
2026-06-12 13:30:00,S5,Snacks,21.8,3.56,6.25,LOW
2026-06-12 13:30:00,S6,Produce,36.4,5.14,3.75,LOW
2026-06-12 13:30:00,S7,Beverages,67.3,3.91,3.0,FULL
2026-06-12 13:30:00,S8,Bakery,100.0,,0.0,FULL
2026-06-12 13:45:00,S1,Dairy,30.9,5.62,3.75,LOW
2026-06-12 13:45:00,S2,Bakery,58.6,5.56,2.75,LOW
2026-06-12 13:45:00,S3,Dairy,15.6,4.91,5.5,OUT
2026-06-12 13:45:00,S4,Beverages,77.6,4.51,1.5,FULL
2026-06-12 13:45:00,S5,Snacks,33.1,3.16,6.5,LOW
2026-06-12 13:45:00,S6,Produce,49.5,3.83,4.0,LOW
2026-06-12 13:45:00,S7,Beverages,50.2,4.62,3.25,LOW
2026-06-12 13:45:00,S8,Bakery,95.1,5.46,0.25,FULL
2026-06-12 14:00:00,S1,Dairy,45.4,4.47,4.0,LOW
2026-06-12 14:00:00,S2,Bakery,37.5,6.41,3.0,LOW
2026-06-12 14:00:00,S3,Dairy,19.1,4.24,5.75,OUT
2026-06-12 14:00:00,S4,Beverages,61.9,6.05,1.75,FULL
2026-06-12 14:00:00,S5,Snacks,30.1,3.4,6.75,LOW
2026-06-12 14:00:00,S6,Produce,50.0,3.57,4.25,LOW
2026-06-12 14:00:00,S7,Beverages,33.1,5.99,3.5,LOW
2026-06-12 14:00:00,S8,Bakery,89.5,6.41,0.5,FULL
2026-06-12 14:15:00,S1,Dairy,53.7,3.51,4.25,LOW
2026-06-12 14:15:00,S2,Bakery,41.6,5.28,3.25,LOW
2026-06-12 14:15:00,S3,Dairy,38.4,3.1,6.0,LOW
2026-06-12 14:15:00,S4,Beverages,63.2,5.51,2.0,FULL
2026-06-12 14:15:00,S5,Snacks,90.3,0.5,7.0,FULL
2026-06-12 14:15:00,S6,Produce,39.7,4.19,4.5,LOW
2026-06-12 14:15:00,S7,Beverages,30.6,5.97,3.75,LOW
2026-06-12 14:15:00,S8,Bakery,86.8,5.24,0.75,FULL
2026-06-12 14:30:00,S1,Dairy,33.3,4.65,4.5,LOW
2026-06-12 14:30:00,S2,Bakery,48.7,4.57,3.5,LOW
2026-06-12 14:30:00,S3,Dairy,0.0,5.12,6.25,OUT
2026-06-12 14:30:00,S4,Beverages,60.4,5.77,2.25,FULL
2026-06-12 14:30:00,S5,Snacks,61.9,1.61,7.25,FULL
2026-06-12 14:30:00,S6,Produce,48.7,3.55,4.75,LOW
2026-06-12 14:30:00,S7,Beverages,29.3,5.54,4.0,LOW
2026-06-12 14:30:00,S8,Bakery,79.8,5.61,1.0,FULL
2026-06-12 14:45:00,S1,Dairy,13.6,5.52,4.75,OUT
2026-06-12 14:45:00,S2,Bakery,26.6,6.08,3.75,LOW
2026-06-12 14:45:00,S3,Dairy,,5.76,6.5,OUT
2026-06-12 14:45:00,S4,Beverages,46.0,6.98,2.5,LOW
2026-06-12 14:45:00,S5,Snacks,14.9,3.65,7.5,OUT
2026-06-12 14:45:00,S6,Produce,41.6,3.67,5.0,LOW
2026-06-12 14:45:00,S7,Beverages,3.7,6.59,4.25,OUT
2026-06-12 14:45:00,S8,Bakery,79.0,5.49,1.25,FULL
2026-06-12 15:00:00,S1,Dairy,32.7,4.0,5.0,LOW
2026-06-12 15:00:00,S2,Bakery,46.8,4.43,4.0,LOW
2026-06-12 15:00:00,S3,Dairy,0.0,5.31,6.75,OUT
2026-06-12 15:00:00,S4,Beverages,49.4,6.37,2.75,LOW
2026-06-12 15:00:00,S5,Snacks,38.8,2.52,7.75,LOW
2026-06-12 15:00:00,S6,Produce,39.1,3.67,5.25,LOW
2026-06-12 15:00:00,S7,Beverages,0.0,8.77,4.5,OUT
2026-06-12 15:00:00,S8,Bakery,80.8,4.08,1.5,FULL
2026-06-12 15:15:00,S1,Dairy,43.4,3.51,5.25,LOW
2026-06-12 15:15:00,S2,Bakery,47.3,3.76,4.25,LOW
2026-06-12 15:15:00,S3,Dairy,0.0,4.88,7.0,OUT
2026-06-12 15:15:00,S4,Beverages,31.6,7.66,3.0,LOW
2026-06-12 15:15:00,S5,Snacks,29.3,2.84,8.0,LOW
2026-06-12 15:15:00,S6,Produce,71.0,2.12,5.5,FULL
2026-06-12 15:15:00,S7,Beverages,7.9,6.0,4.75,OUT
2026-06-12 15:15:00,S8,Bakery,77.6,,1.75,FULL
2026-06-12 15:30:00,S1,Dairy,16.8,4.67,5.5,OUT
2026-06-12 15:30:00,S2,Bakery,31.9,4.88,4.5,LOW
2026-06-12 15:30:00,S3,Dairy,11.9,3.78,7.25,OUT
2026-06-12 15:30:00,S4,Beverages,34.5,6.6,3.25,LOW
2026-06-12 15:30:00,S5,Snacks,0.0,4.34,8.25,OUT
2026-06-12 15:30:00,S6,Produce,59.3,2.24,5.75,LOW
2026-06-12 15:30:00,S7,Beverages,0.0,6.37,5.0,OUT
2026-06-12 15:30:00,S8,Bakery,68.3,4.94,2.0,FULL
2026-06-12 15:45:00,S1,Dairy,22.6,4.15,5.75,LOW
2026-06-12 15:45:00,S2,Bakery,28.1,5.05,4.75,LOW
2026-06-12 15:45:00,S3,Dairy,0.0,4.98,7.5,OUT
2026-06-12 15:45:00,S4,Beverages,22.5,6.91,3.5,LOW
2026-06-12 15:45:00,S5,Snacks,40.6,2.33,8.5,LOW
2026-06-12 15:45:00,S6,Produce,24.8,3.76,6.0,LOW
2026-06-12 15:45:00,S7,Beverages,10.9,5.31,5.25,OUT
2026-06-12 15:45:00,S8,Bakery,56.4,5.62,2.25,LOW
2026-06-12 16:00:00,S1,Dairy,0.0,5.65,6.0,OUT
2026-06-12 16:00:00,S2,Bakery,3.1,6.14,5.0,OUT
2026-06-12 16:00:00,S3,Dairy,2.4,3.94,7.75,OUT
2026-06-12 16:00:00,S4,Beverages,0.0,8.28,3.75,OUT
2026-06-12 16:00:00,S5,Snacks,26.5,2.69,8.75,LOW
2026-06-12 16:00:00,S6,Produce,0.0,5.36,6.25,OUT
2026-06-12 16:00:00,S7,Beverages,0.0,7.93,5.5,OUT
2026-06-12 16:00:00,S8,Bakery,52.8,6.05,2.5,LOW
2026-06-12 16:15:00,S1,Dairy,0.0,5.83,6.25,OUT
2026-06-12 16:15:00,S2,Bakery,31.1,4.16,5.25,LOW
2026-06-12 16:15:00,S3,Dairy,0.0,5.4,8.0,OUT
2026-06-12 16:15:00,S4,Beverages,35.2,4.75,4.0,LOW
2026-06-12 16:15:00,S5,Snacks,0.0,4.13,9.0,OUT
2026-06-12 16:15:00,S6,Produce,30.6,3.35,6.5,LOW
2026-06-12 16:15:00,S7,Beverages,3.0,5.49,5.75,OUT
2026-06-12 16:15:00,S8,Bakery,49.3,5.87,2.75,LOW
2026-06-12 16:30:00,S1,Dairy,31.3,3.49,6.5,LOW
2026-06-12 16:30:00,S2,Bakery,7.7,5.5,5.5,OUT
2026-06-12 16:30:00,S3,Dairy,0.0,4.34,8.25,OUT
2026-06-12 16:30:00,S4,Beverages,9.4,6.3,4.25,OUT
2026-06-12 16:30:00,S5,Snacks,2.3,3.32,9.25,OUT
2026-06-12 16:30:00,S6,Produce,,3.65,6.75,OUT
2026-06-12 16:30:00,S7,Beverages,4.7,5.27,6.0,OUT
2026-06-12 16:30:00,S8,Bakery,46.5,5.22,3.0,LOW
2026-06-12 16:45:00,S1,Dairy,50.9,2.13,6.75,LOW
2026-06-12 16:45:00,S2,Bakery,20.7,4.23,5.75,LOW
2026-06-12 16:45:00,S3,Dairy,29.5,2.53,8.5,LOW
2026-06-12 16:45:00,S4,Beverages,4.9,6.45,4.5,OUT
2026-06-12 16:45:00,S5,Snacks,0.0,3.25,,OUT
2026-06-12 16:45:00,S6,Produce,7.0,3.9,7.0,OUT
2026-06-12 16:45:00,S7,Beverages,0.0,8.56,6.25,OUT
2026-06-12 16:45:00,S8,Bakery,46.2,5.43,3.25,LOW
2026-06-12 17:00:00,S1,Dairy,0.0,4.66,7.0,OUT
2026-06-12 17:00:00,S2,Bakery,0.0,5.76,6.0,OUT
2026-06-12 17:00:00,S3,Dairy,0.0,,8.75,OUT
2026-06-12 17:00:00,S4,Beverages,14.9,5.42,4.75,OUT
2026-06-12 17:00:00,S5,Snacks,0.0,3.37,9.75,OUT
2026-06-12 17:00:00,S6,Produce,37.7,2.84,7.25,LOW
2026-06-12 17:00:00,S7,Beverages,0.0,,6.5,OUT
2026-06-12 17:00:00,S8,Bakery,53.1,3.99,3.5,LOW
2026-06-12 17:15:00,S1,Dairy,7.7,3.96,7.25,OUT
2026-06-12 17:15:00,S2,Bakery,0.0,5.61,6.25,OUT
2026-06-12 17:15:00,S3,Dairy,36.2,2.14,9.0,LOW
2026-06-12 17:15:00,S4,Beverages,0.0,7.09,5.0,OUT
2026-06-12 17:15:00,S5,Snacks,30.1,2.16,10.0,LOW
2026-06-12 17:15:00,S6,Produce,9.6,3.85,7.5,OUT
2026-06-12 17:15:00,S7,Beverages,0.0,5.24,6.75,OUT
2026-06-12 17:15:00,S8,Bakery,47.9,4.27,3.75,LOW
2026-06-12 17:30:00,S1,Dairy,0.0,5.13,7.5,OUT
2026-06-12 17:30:00,S2,Bakery,0.0,5.39,6.5,OUT
2026-06-12 17:30:00,S3,Dairy,0.0,5.04,9.25,OUT
2026-06-12 17:30:00,S4,Beverages,0.0,6.18,5.25,OUT
2026-06-12 17:30:00,S5,Snacks,0.0,3.23,10.25,OUT
2026-06-12 17:30:00,S6,Produce,34.3,2.59,7.75,LOW
2026-06-12 17:30:00,S7,Beverages,0.0,6.71,7.0,OUT
2026-06-12 17:30:00,S8,Bakery,40.2,4.79,4.0,LOW
2026-06-12 17:45:00,S1,Dairy,8.1,3.64,7.75,OUT
2026-06-12 17:45:00,S2,Bakery,0.0,4.34,6.75,OUT
2026-06-12 17:45:00,S3,Dairy,0.0,3.91,9.5,OUT
2026-06-12 17:45:00,S4,Beverages,5.6,5.24,5.5,OUT
2026-06-12 17:45:00,S5,Snacks,17.7,2.36,10.5,OUT
2026-06-12 17:45:00,S6,Produce,4.5,3.76,8.0,OUT
2026-06-12 17:45:00,S7,Beverages,0.0,4.82,7.25,OUT
2026-06-12 17:45:00,S8,Bakery,55.5,3.12,4.25,LOW
2026-06-12 18:00:00,S1,Dairy,5.3,,8.0,OUT
2026-06-12 18:00:00,S2,Bakery,15.1,3.68,7.0,OUT
2026-06-12 18:00:00,S3,Dairy,0.0,4.07,9.75,OUT
2026-06-12 18:00:00,S4,Beverages,0.0,6.85,5.75,OUT
2026-06-12 18:00:00,S5,Snacks,44.0,1.78,10.75,LOW
2026-06-12 18:00:00,S6,Produce,0.0,4.97,8.25,OUT
2026-06-12 18:00:00,S7,Beverages,0.0,5.95,7.5,OUT
2026-06-12 18:00:00,S8,Bakery,27.8,5.2,4.5,LOW
2026-06-12 18:15:00,S1,Dairy,26.4,,8.25,LOW
2026-06-12 18:15:00,S2,Bakery,32.1,2.92,7.25,LOW
2026-06-12 18:15:00,S3,Dairy,0.0,4.06,10.0,OUT
2026-06-12 18:15:00,S4,Beverages,0.0,6.24,6.0,OUT
2026-06-12 18:15:00,S5,Snacks,2.2,2.85,11.0,OUT
2026-06-12 18:15:00,S6,Produce,0.0,5.11,8.5,OUT
2026-06-12 18:15:00,S7,Beverages,0.0,4.73,7.75,OUT
2026-06-12 18:15:00,S8,Bakery,59.1,2.6,4.75,LOW
2026-06-12 18:30:00,S1,Dairy,0.0,4.06,8.5,OUT
2026-06-12 18:30:00,S2,Bakery,0.0,5.43,7.5,OUT
2026-06-12 18:30:00,S3,Dairy,0.0,5.23,10.25,OUT
2026-06-12 18:30:00,S4,Beverages,0.0,6.57,6.25,OUT
2026-06-12 18:30:00,S5,Snacks,11.5,2.36,11.25,OUT
2026-06-12 18:30:00,S6,Produce,14.5,2.96,8.75,OUT
2026-06-12 18:30:00,S7,Beverages,0.0,5.85,8.0,OUT
2026-06-12 18:30:00,S8,Bakery,24.8,4.75,5.0,LOW
2026-06-12 18:45:00,S1,Dairy,0.0,5.53,8.75,OUT
2026-06-12 18:45:00,S2,Bakery,0.2,,7.75,OUT
2026-06-12 18:45:00,S3,Dairy,0.0,4.64,10.5,OUT
2026-06-12 18:45:00,S4,Beverages,0.0,4.88,6.5,OUT
2026-06-12 18:45:00,S5,Snacks,21.3,2.16,11.5,LOW
2026-06-12 18:45:00,S6,Produce,0.0,4.05,9.0,OUT
2026-06-12 18:45:00,S7,Beverages,0.0,6.18,8.25,OUT
2026-06-12 18:45:00,S8,Bakery,42.0,3.25,5.25,LOW
2026-06-12 19:00:00,S1,Dairy,0.0,5.14,9.0,OUT
2026-06-12 19:00:00,S2,Bakery,27.3,2.76,8.0,LOW
2026-06-12 19:00:00,S3,Dairy,0.0,3.72,10.75,OUT
2026-06-12 19:00:00,S4,Beverages,0.0,5.23,6.75,OUT
2026-06-12 19:00:00,S5,Snacks,0.0,,11.75,OUT
2026-06-12 19:00:00,S6,Produce,0.0,3.22,9.25,OUT
2026-06-12 19:00:00,S7,Beverages,0.0,6.37,8.5,OUT
2026-06-12 19:00:00,S8,Bakery,0.0,6.1,5.5,OUT
2026-06-12 19:15:00,S1,Dairy,0.0,3.4,9.25,OUT
2026-06-12 19:15:00,S2,Bakery,,6.02,8.25,OUT
2026-06-12 19:15:00,S3,Dairy,0.0,3.65,11.0,OUT
2026-06-12 19:15:00,S4,Beverages,0.0,5.65,7.0,OUT
2026-06-12 19:15:00,S5,Snacks,10.8,2.24,12.0,OUT
2026-06-12 19:15:00,S6,Produce,0.0,4.91,9.5,OUT
2026-06-12 19:15:00,S7,Beverages,0.0,5.75,8.75,OUT
2026-06-12 19:15:00,S8,Bakery,20.9,4.3,5.75,LOW
2026-06-12 19:30:00,S1,Dairy,0.0,3.72,9.5,OUT
2026-06-12 19:30:00,S2,Bakery,0.0,4.77,8.5,OUT
2026-06-12 19:30:00,S3,Dairy,,3.29,11.25,OUT
2026-06-12 19:30:00,S4,Beverages,0.0,6.26,7.25,OUT
2026-06-12 19:30:00,S5,Snacks,0.0,4.99,12.25,OUT
2026-06-12 19:30:00,S6,Produce,23.3,2.51,9.75,LOW
2026-06-12 19:30:00,S7,Beverages,0.0,6.25,9.0,OUT
2026-06-12 19:30:00,S8,Bakery,1.1,5.05,6.0,OUT
2026-06-12 19:45:00,S1,Dairy,0.0,4.72,9.75,OUT
2026-06-12 19:45:00,S2,Bakery,0.0,5.76,8.75,OUT
2026-06-12 19:45:00,S3,Dairy,0.0,4.73,11.5,OUT
2026-06-12 19:45:00,S4,Beverages,0.0,4.7,7.5,OUT
2026-06-12 19:45:00,S5,Snacks,0.0,3.76,12.5,OUT
2026-06-12 19:45:00,S6,Produce,0.0,5.02,10.0,OUT
2026-06-12 19:45:00,S7,Beverages,0.0,4.01,9.25,OUT
2026-06-12 19:45:00,S8,Bakery,0.0,5.9,6.25,OUT
2026-06-12 20:00:00,S1,Dairy,0.0,5.07,10.0,OUT
2026-06-12 20:00:00,S2,Bakery,0.0,5.51,9.0,OUT
2026-06-12 20:00:00,S3,Dairy,0.0,3.16,11.75,OUT
2026-06-12 20:00:00,S4,Beverages,0.0,5.96,7.75,OUT
2026-06-12 20:00:00,S5,Snacks,0.0,3.23,12.75,OUT
2026-06-12 20:00:00,S6,Produce,0.0,3.78,10.25,OUT
2026-06-12 20:00:00,S7,Beverages,0.0,4.78,9.5,OUT
2026-06-12 20:00:00,S8,Bakery,46.6,2.89,,LOW
2026-06-12 20:15:00,S1,Dairy,0.0,3.87,10.25,OUT
2026-06-12 20:15:00,S2,Bakery,0.0,5.16,9.25,OUT
2026-06-12 20:15:00,S3,Dairy,0.0,4.54,12.0,OUT
2026-06-12 20:15:00,S4,Beverages,0.0,6.56,8.0,OUT
2026-06-12 20:15:00,S5,Snacks,0.0,2.81,13.0,OUT
2026-06-12 20:15:00,S6,Produce,0.0,3.51,10.5,OUT
2026-06-12 20:15:00,S7,Beverages,0.0,7.26,9.75,OUT
2026-06-12 20:15:00,S8,Bakery,17.9,3.8,6.75,OUT
2026-06-12 20:30:00,S1,Dairy,0.0,5.49,10.5,OUT
2026-06-12 20:30:00,S2,Bakery,0.0,5.47,9.5,OUT
2026-06-12 20:30:00,S3,Dairy,0.0,4.55,12.25,OUT
2026-06-12 20:30:00,S4,Beverages,0.0,5.22,8.25,OUT
2026-06-12 20:30:00,S5,Snacks,0.0,3.35,13.25,OUT
2026-06-12 20:30:00,S6,Produce,0.0,3.33,10.75,OUT
2026-06-12 20:30:00,S7,Beverages,0.0,5.16,10.0,OUT
2026-06-12 20:30:00,S8,Bakery,0.0,4.73,7.0,OUT
2026-06-12 20:45:00,S1,Dairy,0.0,5.18,10.75,OUT
2026-06-12 20:45:00,S2,Bakery,0.0,3.81,9.75,OUT
2026-06-12 20:45:00,S3,Dairy,0.0,6.98,12.5,OUT
2026-06-12 20:45:00,S4,Beverages,0.0,5.35,8.5,OUT
2026-06-12 20:45:00,S5,Snacks,0.0,3.99,13.5,OUT
2026-06-12 20:45:00,S6,Produce,0.0,6.75,11.0,OUT
2026-06-12 20:45:00,S7,Beverages,0.0,6.33,10.25,OUT
2026-06-12 20:45:00,S8,Bakery,10.5,4.0,7.25,OUT
2026-06-12 21:00:00,S1,Dairy,0.0,5.54,11.0,OUT
2026-06-12 21:00:00,S2,Bakery,0.0,5.42,10.0,OUT
2026-06-12 21:00:00,S3,Dairy,0.0,5.08,12.75,OUT
2026-06-12 21:00:00,S4,Beverages,0.0,5.9,8.75,OUT
2026-06-12 21:00:00,S5,Snacks,0.0,4.27,13.75,OUT
2026-06-12 21:00:00,S6,Produce,0.0,3.36,11.25,OUT
2026-06-12 21:00:00,S7,Beverages,0.0,4.51,10.5,OUT
2026-06-12 21:00:00,S8,Bakery,0.0,6.74,7.5,OUT
2026-06-12 21:15:00,S1,Dairy,0.0,4.36,11.25,OUT
2026-06-12 21:15:00,S2,Bakery,0.0,4.62,10.25,OUT
2026-06-12 21:15:00,S3,Dairy,0.0,3.99,13.0,OUT
2026-06-12 21:15:00,S4,Beverages,0.0,6.76,9.0,OUT
2026-06-12 21:15:00,S5,Snacks,0.0,2.79,14.0,OUT
2026-06-12 21:15:00,S6,Produce,0.0,3.66,11.5,OUT
2026-06-12 21:15:00,S7,Beverages,100.0,5.11,0.0,FULL
2026-06-12 21:15:00,S8,Bakery,0.0,4.06,7.75,OUT
2026-06-12 21:30:00,S1,Dairy,0.0,4.7,11.5,OUT
2026-06-12 21:30:00,S2,Bakery,0.0,4.78,10.5,OUT
2026-06-12 21:30:00,S3,Dairy,0.0,4.33,13.25,OUT
2026-06-12 21:30:00,S4,Beverages,0.0,5.98,9.25,OUT
2026-06-12 21:30:00,S5,Snacks,0.0,2.55,14.25,OUT
2026-06-12 21:30:00,S6,Produce,0.0,5.73,11.75,OUT
2026-06-12 21:30:00,S7,Beverages,94.2,5.33,0.25,FULL
2026-06-12 21:30:00,S8,Bakery,0.0,,8.0,OUT
2026-06-12 21:45:00,S1,Dairy,0.0,4.27,11.75,OUT
2026-06-12 21:45:00,S2,Bakery,0.0,5.64,10.75,OUT
2026-06-12 21:45:00,S3,Dairy,0.0,4.07,13.5,OUT
2026-06-12 21:45:00,S4,Beverages,0.0,5.07,9.5,OUT
2026-06-12 21:45:00,S5,Snacks,,2.88,14.5,OUT
2026-06-12 21:45:00,S6,Produce,0.0,4.42,12.0,OUT
2026-06-12 21:45:00,S7,Beverages,86.0,6.83,0.5,FULL
2026-06-12 21:45:00,S8,Bakery,0.0,6.12,8.25,OUT
2026-06-12 22:00:00,S1,Dairy,0.0,6.05,12.0,OUT
2026-06-12 22:00:00,S2,Bakery,0.0,6.85,,OUT
2026-06-12 22:00:00,S3,Dairy,0.0,3.33,13.75,OUT
2026-06-12 22:00:00,S4,Beverages,0.0,5.82,9.75,OUT
2026-06-12 22:00:00,S5,Snacks,0.0,5.57,14.75,OUT
2026-06-12 22:00:00,S6,Produce,0.0,3.87,12.25,OUT
2026-06-12 22:00:00,S7,Beverages,81.6,6.95,0.75,FULL
2026-06-12 22:00:00,S8,Bakery,22.2,2.94,8.5,LOW
2026-06-12 22:15:00,S1,Dairy,0.0,3.88,12.25,OUT
2026-06-12 22:15:00,S2,Bakery,0.0,3.61,11.25,OUT
2026-06-12 22:15:00,S3,Dairy,100.0,5.38,0.0,FULL
2026-06-12 22:15:00,S4,Beverages,0.0,5.43,10.0,OUT
2026-06-12 22:15:00,S5,Snacks,28.4,1.53,15.0,LOW
2026-06-12 22:15:00,S6,Produce,0.0,2.7,12.5,OUT
2026-06-12 22:15:00,S7,Beverages,86.5,4.8,1.0,FULL
2026-06-12 22:15:00,S8,Bakery,0.0,5.96,8.75,OUT
2026-06-12 22:30:00,S1,Dairy,0.0,5.25,12.5,OUT
2026-06-12 22:30:00,S2,Bakery,0.0,4.02,11.5,OUT
2026-06-12 22:30:00,S3,Dairy,96.8,4.43,0.25,FULL
2026-06-12 22:30:00,S4,Beverages,0.0,5.81,10.25,OUT
2026-06-12 22:30:00,S5,Snacks,0.0,4.52,15.25,OUT
2026-06-12 22:30:00,S6,Produce,0.0,5.91,12.75,OUT
2026-06-12 22:30:00,S7,Beverages,72.2,6.36,1.25,FULL
2026-06-12 22:30:00,S8,Bakery,0.0,5.41,9.0,OUT
2026-06-12 22:45:00,S1,Dairy,0.0,5.18,12.75,OUT
2026-06-12 22:45:00,S2,Bakery,0.0,5.36,11.75,OUT
2026-06-12 22:45:00,S3,Dairy,91.4,5.0,0.5,FULL
2026-06-12 22:45:00,S4,Beverages,0.0,5.13,10.5,OUT
2026-06-12 22:45:00,S5,Snacks,,3.42,15.5,OUT
2026-06-12 22:45:00,S6,Produce,0.0,3.13,13.0,OUT
2026-06-12 22:45:00,S7,Beverages,64.9,6.88,1.5,FULL
2026-06-12 22:45:00,S8,Bakery,0.0,4.08,9.25,OUT
2026-06-12 23:00:00,S1,Dairy,0.0,4.16,13.0,OUT
2026-06-12 23:00:00,S2,Bakery,0.0,4.77,12.0,OUT
2026-06-12 23:00:00,S3,Dairy,85.4,5.53,0.75,FULL
2026-06-12 23:00:00,S4,Beverages,0.0,5.44,10.75,OUT
2026-06-12 23:00:00,S5,Snacks,0.0,4.13,15.75,OUT
2026-06-12 23:00:00,S6,Produce,0.0,3.79,13.25,OUT
2026-06-12 23:00:00,S7,Beverages,64.1,,1.75,FULL
2026-06-12 23:00:00,S8,Bakery,8.9,2.91,9.5,OUT
2026-06-12 23:15:00,S1,Dairy,0.0,6.28,13.25,OUT
2026-06-12 23:15:00,S2,Bakery,0.0,5.74,12.25,OUT
2026-06-12 23:15:00,S3,Dairy,86.1,4.57,,FULL
2026-06-12 23:15:00,S4,Beverages,0.0,5.47,11.0,OUT
2026-06-12 23:15:00,S5,Snacks,0.0,3.9,16.0,OUT
2026-06-12 23:15:00,S6,Produce,0.0,2.93,13.5,OUT
2026-06-12 23:15:00,S7,Beverages,66.0,4.85,2.0,FULL
2026-06-12 23:15:00,S8,Bakery,0.0,4.09,9.75,OUT
2026-06-12 23:30:00,S1,Dairy,0.0,3.26,13.5,OUT
2026-06-12 23:30:00,S2,Bakery,,5.06,12.5,OUT
2026-06-12 23:30:00,S3,Dairy,89.0,4.54,1.25,FULL
2026-06-12 23:30:00,S4,Beverages,0.0,7.11,11.25,OUT
2026-06-12 23:30:00,S5,Snacks,0.0,5.2,16.25,OUT
2026-06-12 23:30:00,S6,Produce,0.0,5.02,13.75,OUT
2026-06-12 23:30:00,S7,Beverages,57.2,5.59,2.25,LOW
2026-06-12 23:30:00,S8,Bakery,0.0,5.1,10.0,OUT
2026-06-12 23:45:00,S1,Dairy,0.0,3.61,13.75,OUT
2026-06-12 23:45:00,S2,Bakery,0.0,5.2,12.75,OUT
2026-06-12 23:45:00,S3,Dairy,78.2,2.99,1.5,FULL
2026-06-12 23:45:00,S4,Beverages,0.0,4.29,11.5,OUT
2026-06-12 23:45:00,S5,Snacks,0.0,4.12,16.5,OUT
2026-06-12 23:45:00,S6,Produce,0.0,4.11,14.0,OUT
2026-06-12 23:45:00,S7,Beverages,51.7,5.85,2.5,LOW
2026-06-12 23:45:00,S8,Bakery,0.0,5.29,10.25,OUT
2026-06-13 00:00:00,S1,Dairy,0.0,5.0,14.0,OUT
2026-06-13 00:00:00,S2,Bakery,0.0,4.3,13.0,OUT
2026-06-13 00:00:00,S3,Dairy,78.2,3.86,1.75,FULL
2026-06-13 00:00:00,S4,Beverages,0.0,4.58,11.75,OUT
2026-06-13 00:00:00,S5,Snacks,0.0,1.98,16.75,OUT
2026-06-13 00:00:00,S6,Produce,0.0,4.2,14.25,OUT
2026-06-13 00:00:00,S7,Beverages,50.4,5.26,2.75,LOW
2026-06-13 00:00:00,S8,Bakery,0.0,5.14,10.5,OUT
2026-06-13 00:15:00,S1,Dairy,0.0,5.49,14.25,OUT
2026-06-13 00:15:00,S2,Bakery,0.0,4.18,13.25,OUT
2026-06-13 00:15:00,S3,Dairy,74.0,3.43,2.0,FULL
2026-06-13 00:15:00,S4,Beverages,0.0,5.42,12.0,OUT
2026-06-13 00:15:00,S5,Snacks,0.0,3.47,17.0,OUT
2026-06-13 00:15:00,S6,Produce,0.0,4.33,14.5,OUT
2026-06-13 00:15:00,S7,Beverages,42.7,5.85,3.0,LOW
2026-06-13 00:15:00,S8,Bakery,0.0,4.15,10.75,OUT
2026-06-13 00:30:00,S1,Dairy,0.0,4.48,14.5,OUT
2026-06-13 00:30:00,S2,Bakery,0.0,4.15,13.5,OUT
2026-06-13 00:30:00,S3,Dairy,75.0,4.07,2.25,FULL
2026-06-13 00:30:00,S4,Beverages,97.3,6.19,0.0,FULL
2026-06-13 00:30:00,S5,Snacks,0.0,2.52,17.25,OUT
2026-06-13 00:30:00,S6,Produce,0.0,5.3,14.75,OUT
2026-06-13 00:30:00,S7,Beverages,31.2,6.54,3.25,LOW
2026-06-13 00:30:00,S8,Bakery,0.0,7.12,11.0,OUT
2026-06-13 00:45:00,S1,Dairy,0.0,4.79,14.75,OUT
2026-06-13 00:45:00,S2,Bakery,0.0,4.19,13.75,OUT
2026-06-13 00:45:00,S3,Dairy,54.8,5.91,2.5,LOW
2026-06-13 00:45:00,S4,Beverages,91.9,6.31,0.25,FULL
2026-06-13 00:45:00,S5,Snacks,0.0,3.59,17.5,OUT
2026-06-13 00:45:00,S6,Produce,0.0,3.78,15.0,OUT
2026-06-13 00:45:00,S7,Beverages,46.7,5.25,3.5,LOW
2026-06-13 00:45:00,S8,Bakery,0.0,6.84,11.25,OUT
2026-06-13 01:00:00,S1,Dairy,0.0,3.52,15.0,OUT
2026-06-13 01:00:00,S2,Bakery,0.0,5.14,14.0,OUT
2026-06-13 01:00:00,S3,Dairy,41.7,6.46,2.75,LOW
2026-06-13 01:00:00,S4,Beverages,90.3,6.15,0.5,FULL
2026-06-13 01:00:00,S5,Snacks,0.0,4.02,17.75,OUT
2026-06-13 01:00:00,S6,Produce,0.0,3.94,15.25,OUT
2026-06-13 01:00:00,S7,Beverages,14.9,6.97,3.75,OUT
2026-06-13 01:00:00,S8,Bakery,0.0,4.6,11.5,OUT
2026-06-13 01:15:00,S1,Dairy,0.0,4.33,15.25,OUT
2026-06-13 01:15:00,S2,Bakery,0.0,4.59,14.25,OUT
2026-06-13 01:15:00,S3,Dairy,28.4,7.8,3.0,LOW
2026-06-13 01:15:00,S4,Beverages,88.3,6.65,0.75,FULL
2026-06-13 01:15:00,S5,Snacks,0.0,2.57,18.0,OUT
2026-06-13 01:15:00,S6,Produce,0.0,2.86,15.5,OUT
2026-06-13 01:15:00,S7,Beverages,8.8,7.36,4.0,OUT
2026-06-13 01:15:00,S8,Bakery,0.0,4.76,,OUT
2026-06-13 01:30:00,S1,Dairy,0.0,2.98,15.5,OUT
2026-06-13 01:30:00,S2,Bakery,0.0,3.51,14.5,OUT
2026-06-13 01:30:00,S3,Dairy,44.5,5.17,3.25,LOW
2026-06-13 01:30:00,S4,Beverages,88.9,3.71,1.0,FULL
2026-06-13 01:30:00,S5,Snacks,0.0,1.8,18.25,OUT
2026-06-13 01:30:00,S6,Produce,0.0,4.14,15.75,OUT
2026-06-13 01:30:00,S7,Beverages,10.1,6.8,4.25,OUT
2026-06-13 01:30:00,S8,Bakery,0.0,5.51,12.0,OUT
2026-06-13 01:45:00,S1,Dairy,0.0,4.2,15.75,OUT
2026-06-13 01:45:00,S2,Bakery,0.0,5.97,14.75,OUT
2026-06-13 01:45:00,S3,Dairy,48.6,4.51,3.5,LOW
2026-06-13 01:45:00,S4,Beverages,83.4,4.26,1.25,FULL
2026-06-13 01:45:00,S5,Snacks,0.0,3.75,18.5,OUT
2026-06-13 01:45:00,S6,Produce,0.0,4.32,16.0,OUT
2026-06-13 01:45:00,S7,Beverages,0.0,7.39,4.5,OUT
2026-06-13 01:45:00,S8,Bakery,0.0,3.68,,OUT
2026-06-13 02:00:00,S1,Dairy,0.0,3.89,16.0,OUT
2026-06-13 02:00:00,S2,Bakery,0.0,3.89,15.0,OUT
2026-06-13 02:00:00,S3,Dairy,49.4,4.2,3.75,LOW
2026-06-13 02:00:00,S4,Beverages,66.5,7.73,1.5,FULL
2026-06-13 02:00:00,S5,Snacks,0.0,3.66,18.75,OUT
2026-06-13 02:00:00,S6,Produce,0.0,3.5,16.25,OUT
2026-06-13 02:00:00,S7,Beverages,16.6,5.56,4.75,OUT
2026-06-13 02:00:00,S8,Bakery,0.0,2.94,12.5,OUT
2026-06-13 02:15:00,S1,Dairy,0.0,4.79,16.25,OUT
2026-06-13 02:15:00,S2,Bakery,0.0,2.64,15.25,OUT
2026-06-13 02:15:00,S3,Dairy,44.8,4.21,4.0,LOW
2026-06-13 02:15:00,S4,Beverages,68.3,4.58,1.75,FULL
2026-06-13 02:15:00,S5,Snacks,0.0,2.28,19.0,OUT
2026-06-13 02:15:00,S6,Produce,0.0,4.4,16.5,OUT
2026-06-13 02:15:00,S7,Beverages,24.8,4.54,5.0,LOW
2026-06-13 02:15:00,S8,Bakery,,6.45,,OUT
2026-06-13 02:30:00,S1,Dairy,0.0,3.25,16.5,OUT
2026-06-13 02:30:00,S2,Bakery,0.0,4.58,15.5,OUT
2026-06-13 02:30:00,S3,Dairy,36.2,4.43,4.25,LOW
2026-06-13 02:30:00,S4,Beverages,,6.48,2.0,LOW
2026-06-13 02:30:00,S5,Snacks,0.0,,19.25,OUT
2026-06-13 02:30:00,S6,Produce,0.0,4.21,16.75,OUT
2026-06-13 02:30:00,S7,Beverages,0.0,6.15,5.25,OUT
2026-06-13 02:30:00,S8,Bakery,0.0,3.43,13.0,OUT
2026-06-13 02:45:00,S1,Dairy,0.0,4.03,16.75,OUT
2026-06-13 02:45:00,S2,Bakery,0.0,4.95,15.75,OUT
2026-06-13 02:45:00,S3,Dairy,9.1,6.24,4.5,OUT
2026-06-13 02:45:00,S4,Beverages,58.8,5.21,2.25,LOW
2026-06-13 02:45:00,S5,Snacks,0.0,2.77,19.5,OUT
2026-06-13 02:45:00,S6,Produce,0.0,3.91,17.0,OUT
2026-06-13 02:45:00,S7,Beverages,0.0,6.98,5.5,OUT
2026-06-13 02:45:00,S8,Bakery,0.0,4.87,13.25,OUT
2026-06-13 03:00:00,S1,Dairy,0.0,3.43,17.0,OUT
2026-06-13 03:00:00,S2,Bakery,0.0,5.11,16.0,OUT
2026-06-13 03:00:00,S3,Dairy,46.3,3.44,4.75,LOW
2026-06-13 03:00:00,S4,Beverages,47.7,6.13,2.5,LOW
2026-06-13 03:00:00,S5,Snacks,0.0,4.14,19.75,OUT
2026-06-13 03:00:00,S6,Produce,0.0,4.09,17.25,OUT
2026-06-13 03:00:00,S7,Beverages,0.0,6.93,5.75,OUT
2026-06-13 03:00:00,S8,Bakery,0.0,4.55,13.5,OUT
2026-06-13 03:15:00,S1,Dairy,0.0,,17.25,OUT
2026-06-13 03:15:00,S2,Bakery,0.0,5.54,16.25,OUT
2026-06-13 03:15:00,S3,Dairy,0.0,6.81,5.0,OUT
2026-06-13 03:15:00,S4,Beverages,57.4,,2.75,LOW
2026-06-13 03:15:00,S5,Snacks,0.0,4.25,20.0,OUT
2026-06-13 03:15:00,S6,Produce,0.0,2.46,17.5,OUT
2026-06-13 03:15:00,S7,Beverages,10.5,,6.0,OUT
2026-06-13 03:15:00,S8,Bakery,0.0,3.73,13.75,OUT
2026-06-13 03:30:00,S1,Dairy,0.0,5.25,17.5,OUT
2026-06-13 03:30:00,S2,Bakery,0.0,4.9,16.5,OUT
2026-06-13 03:30:00,S3,Dairy,66.1,1.99,5.25,FULL
2026-06-13 03:30:00,S4,Beverages,29.6,7.55,3.0,LOW
2026-06-13 03:30:00,S5,Snacks,0.0,1.79,20.25,OUT
2026-06-13 03:30:00,S6,Produce,0.0,4.1,17.75,OUT
2026-06-13 03:30:00,S7,Beverages,0.0,6.57,6.25,OUT
2026-06-13 03:30:00,S8,Bakery,0.0,4.56,14.0,OUT
2026-06-13 03:45:00,S1,Dairy,0.0,3.91,17.75,OUT
2026-06-13 03:45:00,S2,Bakery,0.0,4.47,16.75,OUT
2026-06-13 03:45:00,S3,Dairy,23.3,4.42,5.5,LOW
2026-06-13 03:45:00,S4,Beverages,40.9,5.51,3.25,LOW
2026-06-13 03:45:00,S5,Snacks,0.0,2.67,20.5,OUT
2026-06-13 03:45:00,S6,Produce,0.0,4.71,18.0,OUT
2026-06-13 03:45:00,S7,Beverages,0.0,6.06,6.5,OUT
2026-06-13 03:45:00,S8,Bakery,0.0,4.79,14.25,OUT
2026-06-13 04:00:00,S1,Dairy,,5.51,18.0,OUT
2026-06-13 04:00:00,S2,Bakery,0.0,4.56,17.0,OUT
2026-06-13 04:00:00,S3,Dairy,17.4,4.47,5.75,OUT
2026-06-13 04:00:00,S4,Beverages,46.7,4.22,3.5,LOW
2026-06-13 04:00:00,S5,Snacks,0.0,3.06,,OUT
2026-06-13 04:00:00,S6,Produce,0.0,4.59,18.25,OUT
2026-06-13 04:00:00,S7,Beverages,0.0,6.43,6.75,OUT
2026-06-13 04:00:00,S8,Bakery,,8.06,14.5,OUT
2026-06-13 04:15:00,S1,Dairy,0.0,3.4,18.25,OUT
2026-06-13 04:15:00,S2,Bakery,0.0,4.77,17.25,OUT
2026-06-13 04:15:00,S3,Dairy,8.7,4.78,6.0,OUT
2026-06-13 04:15:00,S4,Beverages,12.7,7.0,3.75,OUT
2026-06-13 04:15:00,S5,Snacks,0.0,2.82,,OUT
2026-06-13 04:15:00,S6,Produce,0.0,4.41,18.5,OUT
2026-06-13 04:15:00,S7,Beverages,0.0,7.47,7.0,OUT
2026-06-13 04:15:00,S8,Bakery,0.0,5.53,14.75,OUT
2026-06-13 04:30:00,S1,Dairy,0.0,4.83,18.5,OUT
2026-06-13 04:30:00,S2,Bakery,0.0,4.45,17.5,OUT
2026-06-13 04:30:00,S3,Dairy,18.3,3.99,6.25,OUT
2026-06-13 04:30:00,S4,Beverages,50.0,4.49,4.0,LOW
2026-06-13 04:30:00,S5,Snacks,0.0,1.98,21.25,OUT
2026-06-13 04:30:00,S6,Produce,0.0,4.54,18.75,OUT
2026-06-13 04:30:00,S7,Beverages,0.0,5.83,7.25,OUT
2026-06-13 04:30:00,S8,Bakery,0.0,5.13,15.0,OUT
2026-06-13 04:45:00,S1,Dairy,0.0,3.86,18.75,OUT
2026-06-13 04:45:00,S2,Bakery,0.0,6.77,17.75,OUT
2026-06-13 04:45:00,S3,Dairy,2.0,4.68,6.5,OUT
2026-06-13 04:45:00,S4,Beverages,24.1,5.85,4.25,LOW
2026-06-13 04:45:00,S5,Snacks,0.0,2.4,21.5,OUT
2026-06-13 04:45:00,S6,Produce,0.0,4.55,19.0,OUT
2026-06-13 04:45:00,S7,Beverages,0.0,6.97,7.5,OUT
2026-06-13 04:45:00,S8,Bakery,0.0,5.32,15.25,OUT
2026-06-13 05:00:00,S1,Dairy,0.0,2.66,19.0,OUT
2026-06-13 05:00:00,S2,Bakery,0.0,4.53,18.0,OUT
2026-06-13 05:00:00,S3,Dairy,16.8,3.75,6.75,OUT
2026-06-13 05:00:00,S4,Beverages,7.8,6.01,4.5,OUT
2026-06-13 05:00:00,S5,Snacks,0.0,2.57,21.75,OUT
2026-06-13 05:00:00,S6,Produce,0.0,3.9,19.25,OUT
2026-06-13 05:00:00,S7,Beverages,0.0,5.67,7.75,OUT
2026-06-13 05:00:00,S8,Bakery,0.0,5.53,15.5,OUT
2026-06-13 05:15:00,S1,Dairy,0.0,5.12,19.25,OUT
2026-06-13 05:15:00,S2,Bakery,0.0,4.43,18.25,OUT
2026-06-13 05:15:00,S3,Dairy,22.2,3.19,7.0,LOW
2026-06-13 05:15:00,S4,Beverages,0.0,6.97,4.75,OUT
2026-06-13 05:15:00,S5,Snacks,0.0,2.96,22.0,OUT
2026-06-13 05:15:00,S6,Produce,0.0,4.65,,OUT
2026-06-13 05:15:00,S7,Beverages,0.0,4.91,8.0,OUT
2026-06-13 05:15:00,S8,Bakery,0.0,4.86,15.75,OUT
2026-06-13 05:30:00,S1,Dairy,0.0,4.77,19.5,OUT
2026-06-13 05:30:00,S2,Bakery,0.0,4.17,18.5,OUT
2026-06-13 05:30:00,S3,Dairy,23.9,3.16,7.25,LOW
2026-06-13 05:30:00,S4,Beverages,0.0,7.32,5.0,OUT
2026-06-13 05:30:00,S5,Snacks,0.0,3.96,22.25,OUT
2026-06-13 05:30:00,S6,Produce,0.0,3.99,19.75,OUT
2026-06-13 05:30:00,S7,Beverages,0.0,6.07,8.25,OUT
2026-06-13 05:30:00,S8,Bakery,0.0,5.3,16.0,OUT
2026-06-13 05:45:00,S1,Dairy,0.0,5.47,19.75,OUT
2026-06-13 05:45:00,S2,Bakery,0.0,3.89,18.75,OUT
2026-06-13 05:45:00,S3,Dairy,0.0,5.08,7.5,OUT
2026-06-13 05:45:00,S4,Beverages,0.0,6.76,5.25,OUT
2026-06-13 05:45:00,S5,Snacks,0.0,2.69,22.5,OUT
2026-06-13 05:45:00,S6,Produce,0.0,3.75,20.0,OUT
2026-06-13 05:45:00,S7,Beverages,0.0,4.62,8.5,OUT
2026-06-13 05:45:00,S8,Bakery,0.0,4.28,16.25,OUT
2026-06-13 06:00:00,S1,Dairy,0.0,4.76,20.0,OUT
2026-06-13 06:00:00,S2,Bakery,0.0,4.78,19.0,OUT
2026-06-13 06:00:00,S3,Dairy,0.0,6.45,7.75,OUT
2026-06-13 06:00:00,S4,Beverages,3.7,5.39,5.5,OUT
2026-06-13 06:00:00,S5,Snacks,0.0,2.7,22.75,OUT
2026-06-13 06:00:00,S6,Produce,0.0,2.79,20.25,OUT
2026-06-13 06:00:00,S7,Beverages,0.0,7.07,8.75,OUT
2026-06-13 06:00:00,S8,Bakery,0.0,,16.5,OUT
2026-06-13 06:15:00,S1,Dairy,0.0,3.87,20.25,OUT
2026-06-13 06:15:00,S2,Bakery,0.0,4.9,19.25,OUT
2026-06-13 06:15:00,S3,Dairy,0.0,4.37,8.0,OUT
2026-06-13 06:15:00,S4,Beverages,12.0,4.92,5.75,OUT
2026-06-13 06:15:00,S5,Snacks,0.0,3.69,23.0,OUT
2026-06-13 06:15:00,S6,Produce,0.0,4.4,20.5,OUT
2026-06-13 06:15:00,S7,Beverages,0.0,4.91,9.0,OUT
2026-06-13 06:15:00,S8,Bakery,0.0,3.98,16.75,OUT
2026-06-13 06:30:00,S1,Dairy,0.0,3.01,20.5,OUT
2026-06-13 06:30:00,S2,Bakery,0.0,4.52,19.5,OUT
2026-06-13 06:30:00,S3,Dairy,32.6,2.49,8.25,LOW
2026-06-13 06:30:00,S4,Beverages,0.4,5.26,6.0,OUT
2026-06-13 06:30:00,S5,Snacks,0.0,2.52,23.25,OUT
2026-06-13 06:30:00,S6,Produce,0.0,2.93,20.75,OUT
2026-06-13 06:30:00,S7,Beverages,0.0,7.17,9.25,OUT
2026-06-13 06:30:00,S8,Bakery,0.0,5.53,17.0,OUT
2026-06-13 06:45:00,S1,Dairy,0.0,3.93,20.75,OUT
2026-06-13 06:45:00,S2,Bakery,0.0,5.37,19.75,OUT
2026-06-13 06:45:00,S3,Dairy,20.0,3.06,8.5,LOW
2026-06-13 06:45:00,S4,Beverages,0.0,5.17,6.25,OUT
2026-06-13 06:45:00,S5,Snacks,0.0,3.57,23.5,OUT
2026-06-13 06:45:00,S6,Produce,0.0,3.55,21.0,OUT
2026-06-13 06:45:00,S7,Beverages,0.0,5.78,9.5,OUT
2026-06-13 06:45:00,S8,Bakery,0.0,4.96,17.25,OUT
2026-06-13 07:00:00,S1,Dairy,0.0,4.16,21.0,OUT
2026-06-13 07:00:00,S2,Bakery,0.0,,20.0,OUT
2026-06-13 07:00:00,S3,Dairy,5.0,3.57,8.75,OUT
2026-06-13 07:00:00,S4,Beverages,0.0,7.62,6.5,OUT
2026-06-13 07:00:00,S5,Snacks,100.0,3.89,0.0,FULL
2026-06-13 07:00:00,S6,Produce,0.0,4.86,21.25,OUT
2026-06-13 07:00:00,S7,Beverages,0.0,5.35,9.75,OUT
2026-06-13 07:00:00,S8,Bakery,0.0,5.3,17.5,OUT
2026-06-13 07:15:00,S1,Dairy,0.0,5.93,21.25,OUT
2026-06-13 07:15:00,S2,Bakery,0.0,4.42,20.25,OUT
2026-06-13 07:15:00,S3,Dairy,0.0,5.45,9.0,OUT
2026-06-13 07:15:00,S4,Beverages,11.1,4.28,6.75,OUT
2026-06-13 07:15:00,S5,Snacks,98.3,2.62,0.25,FULL
2026-06-13 07:15:00,S6,Produce,0.0,5.04,21.5,OUT
2026-06-13 07:15:00,S7,Beverages,0.0,5.63,10.0,OUT
2026-06-13 07:15:00,S8,Bakery,0.0,6.43,17.75,OUT
2026-06-13 07:30:00,S1,Dairy,0.0,2.48,21.5,OUT
2026-06-13 07:30:00,S2,Bakery,0.0,3.92,20.5,OUT
2026-06-13 07:30:00,S3,Dairy,0.0,6.15,9.25,OUT
2026-06-13 07:30:00,S4,Beverages,0.0,8.57,7.0,OUT
2026-06-13 07:30:00,S5,Snacks,100.0,4.14,0.5,FULL
2026-06-13 07:30:00,S6,Produce,0.0,4.47,21.75,OUT
2026-06-13 07:30:00,S7,Beverages,0.0,6.36,10.25,OUT
2026-06-13 07:30:00,S8,Bakery,0.0,5.91,18.0,OUT
2026-06-13 07:45:00,S1,Dairy,0.0,5.42,21.75,OUT
2026-06-13 07:45:00,S2,Bakery,0.0,5.22,20.75,OUT
2026-06-13 07:45:00,S3,Dairy,0.0,5.11,9.5,OUT
2026-06-13 07:45:00,S4,Beverages,0.0,4.97,7.25,OUT
2026-06-13 07:45:00,S5,Snacks,91.4,2.78,0.75,FULL
2026-06-13 07:45:00,S6,Produce,0.0,3.47,22.0,OUT
2026-06-13 07:45:00,S7,Beverages,99.3,6.38,0.0,FULL
2026-06-13 07:45:00,S8,Bakery,0.0,4.63,18.25,OUT
2026-06-13 08:00:00,S1,Dairy,0.0,4.63,22.0,OUT
2026-06-13 08:00:00,S2,Bakery,0.0,5.08,21.0,OUT
2026-06-13 08:00:00,S3,Dairy,0.0,6.03,9.75,OUT
2026-06-13 08:00:00,S4,Beverages,0.0,6.84,7.5,OUT
2026-06-13 08:00:00,S5,Snacks,91.3,2.15,,FULL
2026-06-13 08:00:00,S6,Produce,0.0,3.85,22.25,OUT
2026-06-13 08:00:00,S7,Beverages,93.4,6.16,0.25,FULL
2026-06-13 08:00:00,S8,Bakery,0.0,4.9,18.5,OUT
2026-06-13 08:15:00,S1,Dairy,,5.11,22.25,OUT
2026-06-13 08:15:00,S2,Bakery,0.0,4.36,21.25,OUT
2026-06-13 08:15:00,S3,Dairy,0.0,4.07,10.0,OUT
2026-06-13 08:15:00,S4,Beverages,0.0,7.2,7.75,OUT
2026-06-13 08:15:00,S5,Snacks,99.6,0.62,1.25,FULL
2026-06-13 08:15:00,S6,Produce,0.0,3.03,22.5,OUT
2026-06-13 08:15:00,S7,Beverages,85.4,7.64,0.5,FULL
2026-06-13 08:15:00,S8,Bakery,0.0,6.56,18.75,OUT
2026-06-13 08:30:00,S1,Dairy,,4.55,22.5,OUT
2026-06-13 08:30:00,S2,Bakery,0.0,2.56,21.5,OUT
2026-06-13 08:30:00,S3,Dairy,0.0,5.61,10.25,OUT
2026-06-13 08:30:00,S4,Beverages,0.0,5.03,8.0,OUT
2026-06-13 08:30:00,S5,Snacks,88.3,2.35,1.5,FULL
2026-06-13 08:30:00,S6,Produce,0.0,1.53,22.75,OUT
2026-06-13 08:30:00,S7,Beverages,86.2,5.84,0.75,FULL
2026-06-13 08:30:00,S8,Bakery,0.0,6.35,19.0,OUT
2026-06-13 08:45:00,S1,Dairy,0.0,4.74,22.75,OUT
2026-06-13 08:45:00,S2,Bakery,0.0,4.37,21.75,OUT
2026-06-13 08:45:00,S3,Dairy,0.0,5.11,10.5,OUT
2026-06-13 08:45:00,S4,Beverages,0.0,7.14,8.25,OUT
2026-06-13 08:45:00,S5,Snacks,81.4,3.72,1.75,FULL
2026-06-13 08:45:00,S6,Produce,0.0,2.88,23.0,OUT
2026-06-13 08:45:00,S7,Beverages,71.6,6.69,1.0,FULL
2026-06-13 08:45:00,S8,Bakery,0.0,5.81,19.25,OUT
2026-06-13 09:00:00,S1,Dairy,0.0,4.81,23.0,OUT
2026-06-13 09:00:00,S2,Bakery,0.0,5.26,22.0,OUT
2026-06-13 09:00:00,S3,Dairy,0.0,6.0,10.75,OUT
2026-06-13 09:00:00,S4,Beverages,0.0,6.17,,OUT
2026-06-13 09:00:00,S5,Snacks,91.3,1.78,2.0,FULL
2026-06-13 09:00:00,S6,Produce,0.0,4.07,23.25,OUT
2026-06-13 09:00:00,S7,Beverages,82.7,4.26,1.25,FULL
2026-06-13 09:00:00,S8,Bakery,0.0,6.05,19.5,OUT
2026-06-13 09:15:00,S1,Dairy,0.0,4.25,23.25,OUT
2026-06-13 09:15:00,S2,Bakery,0.0,5.91,22.25,OUT
2026-06-13 09:15:00,S3,Dairy,0.0,4.52,11.0,OUT
2026-06-13 09:15:00,S4,Beverages,0.0,5.76,8.75,OUT
2026-06-13 09:15:00,S5,Snacks,84.2,3.06,2.25,FULL
2026-06-13 09:15:00,S6,Produce,0.0,3.09,23.5,OUT
2026-06-13 09:15:00,S7,Beverages,68.4,7.18,1.5,FULL
2026-06-13 09:15:00,S8,Bakery,0.0,5.46,19.75,OUT
2026-06-13 09:30:00,S1,Dairy,0.0,6.39,23.5,OUT
2026-06-13 09:30:00,S2,Bakery,0.0,5.68,22.5,OUT
2026-06-13 09:30:00,S3,Dairy,0.0,4.05,11.25,OUT
2026-06-13 09:30:00,S4,Beverages,0.0,6.31,9.0,OUT
2026-06-13 09:30:00,S5,Snacks,82.0,2.08,2.5,FULL
2026-06-13 09:30:00,S6,Produce,0.0,5.29,23.75,OUT
2026-06-13 09:30:00,S7,Beverages,69.1,5.7,1.75,FULL
2026-06-13 09:30:00,S8,Bakery,0.0,4.85,20.0,OUT
2026-06-13 09:45:00,S1,Dairy,0.0,4.33,23.75,OUT
2026-06-13 09:45:00,S2,Bakery,0.0,5.08,22.75,OUT
2026-06-13 09:45:00,S3,Dairy,98.8,3.26,,FULL
2026-06-13 09:45:00,S4,Beverages,0.0,4.4,9.25,OUT
2026-06-13 09:45:00,S5,Snacks,89.0,1.31,2.75,FULL
2026-06-13 09:45:00,S6,Produce,0.0,2.35,,OUT
2026-06-13 09:45:00,S7,Beverages,54.3,6.98,2.0,LOW
2026-06-13 09:45:00,S8,Bakery,97.3,3.91,0.0,FULL
2026-06-13 10:00:00,S1,Dairy,0.0,4.08,24.0,OUT
2026-06-13 10:00:00,S2,Bakery,0.0,5.89,,OUT
2026-06-13 10:00:00,S3,Dairy,94.4,4.65,0.25,FULL
2026-06-13 10:00:00,S4,Beverages,0.0,4.26,9.5,OUT
2026-06-13 10:00:00,S5,Snacks,80.1,2.46,3.0,FULL
2026-06-13 10:00:00,S6,Produce,0.0,2.51,24.25,OUT
2026-06-13 10:00:00,S7,Beverages,43.2,7.65,2.25,LOW
2026-06-13 10:00:00,S8,Bakery,99.7,4.36,0.25,FULL
2026-06-13 10:15:00,S1,Dairy,0.0,4.67,24.25,OUT
2026-06-13 10:15:00,S2,Bakery,0.0,5.83,23.25,OUT
2026-06-13 10:15:00,S3,Dairy,93.1,4.66,0.5,FULL
2026-06-13 10:15:00,S4,Beverages,0.0,8.67,9.75,OUT
2026-06-13 10:15:00,S5,Snacks,56.9,3.84,3.25,LOW
2026-06-13 10:15:00,S6,Produce,0.0,3.6,24.5,OUT
2026-06-13 10:15:00,S7,Beverages,63.6,4.72,2.5,FULL
2026-06-13 10:15:00,S8,Bakery,97.1,3.81,0.5,FULL
2026-06-13 10:30:00,S1,Dairy,0.0,4.64,24.5,OUT
2026-06-13 10:30:00,S2,Bakery,0.0,5.78,23.5,OUT
2026-06-13 10:30:00,S3,Dairy,89.9,5.38,0.75,FULL
2026-06-13 10:30:00,S4,Beverages,0.0,6.94,10.0,OUT
2026-06-13 10:30:00,S5,Snacks,73.7,2.22,3.5,FULL
2026-06-13 10:30:00,S6,Produce,0.0,5.13,24.75,OUT
2026-06-13 10:30:00,S7,Beverages,47.3,6.13,2.75,LOW
2026-06-13 10:30:00,S8,Bakery,82.1,5.93,0.75,FULL
2026-06-13 10:45:00,S1,Dairy,0.0,4.27,24.75,OUT
2026-06-13 10:45:00,S2,Bakery,0.0,5.83,23.75,OUT
2026-06-13 10:45:00,S3,Dairy,87.5,3.47,1.0,FULL
2026-06-13 10:45:00,S4,Beverages,0.0,6.57,10.25,OUT
2026-06-13 10:45:00,S5,Snacks,60.0,3.51,3.75,FULL
2026-06-13 10:45:00,S6,Produce,0.0,3.45,25.0,OUT
2026-06-13 10:45:00,S7,Beverages,29.1,7.38,3.0,LOW
2026-06-13 10:45:00,S8,Bakery,80.8,5.52,1.0,FULL
2026-06-13 11:00:00,S1,Dairy,0.0,3.5,25.0,OUT
2026-06-13 11:00:00,S2,Bakery,0.0,4.93,24.0,OUT
2026-06-13 11:00:00,S3,Dairy,82.5,5.23,1.25,FULL
2026-06-13 11:00:00,S4,Beverages,0.0,7.66,10.5,OUT
2026-06-13 11:00:00,S5,Snacks,71.2,2.19,4.0,FULL
2026-06-13 11:00:00,S6,Produce,100.0,3.61,0.0,FULL
2026-06-13 11:00:00,S7,Beverages,62.5,3.65,3.25,FULL
2026-06-13 11:00:00,S8,Bakery,78.1,4.53,1.25,FULL
2026-06-13 11:15:00,S1,Dairy,0.0,6.51,25.25,OUT
2026-06-13 11:15:00,S2,Bakery,0.0,3.85,24.25,OUT
2026-06-13 11:15:00,S3,Dairy,73.5,,1.5,FULL
2026-06-13 11:15:00,S4,Beverages,0.0,5.88,10.75,OUT
2026-06-13 11:15:00,S5,Snacks,65.2,2.59,4.25,FULL
2026-06-13 11:15:00,S6,Produce,100.0,4.31,0.25,FULL
2026-06-13 11:15:00,S7,Beverages,60.2,3.53,3.5,FULL
2026-06-13 11:15:00,S8,Bakery,85.4,3.8,1.5,FULL
2026-06-13 11:30:00,S1,Dairy,0.0,5.7,25.5,OUT
2026-06-13 11:30:00,S2,Bakery,100.0,5.01,0.0,FULL
2026-06-13 11:30:00,S3,Dairy,81.6,2.74,1.75,FULL
2026-06-13 11:30:00,S4,Beverages,0.0,4.27,11.0,OUT
2026-06-13 11:30:00,S5,Snacks,47.8,3.97,4.5,LOW
2026-06-13 11:30:00,S6,Produce,91.6,2.92,0.5,FULL
2026-06-13 11:30:00,S7,Beverages,22.6,6.5,3.75,LOW
2026-06-13 11:30:00,S8,Bakery,84.3,3.84,1.75,FULL
2026-06-13 11:45:00,S1,Dairy,0.0,4.68,25.75,OUT
2026-06-13 11:45:00,S2,Bakery,99.2,6.36,0.25,FULL
2026-06-13 11:45:00,S3,Dairy,69.5,5.29,2.0,FULL
2026-06-13 11:45:00,S4,Beverages,0.0,5.66,11.25,OUT
2026-06-13 11:45:00,S5,Snacks,70.6,2.07,4.75,FULL
2026-06-13 11:45:00,S6,Produce,94.3,4.01,0.75,FULL
2026-06-13 11:45:00,S7,Beverages,2.8,8.04,4.0,OUT
2026-06-13 11:45:00,S8,Bakery,72.7,4.16,2.0,FULL
2026-06-13 12:00:00,S1,Dairy,0.0,4.65,26.0,OUT
2026-06-13 12:00:00,S2,Bakery,91.7,6.26,0.5,FULL
2026-06-13 12:00:00,S3,Dairy,67.9,5.01,2.25,FULL
2026-06-13 12:00:00,S4,Beverages,0.0,6.76,11.5,OUT
2026-06-13 12:00:00,S5,Snacks,70.8,1.88,5.0,FULL
2026-06-13 12:00:00,S6,Produce,,4.42,,FULL
2026-06-13 12:00:00,S7,Beverages,0.0,7.74,4.25,OUT
2026-06-13 12:00:00,S8,Bakery,59.3,4.84,2.25,LOW
2026-06-13 12:15:00,S1,Dairy,0.0,5.38,26.25,OUT
2026-06-13 12:15:00,S2,Bakery,93.5,5.39,0.75,FULL
2026-06-13 12:15:00,S3,Dairy,65.7,4.43,,FULL
2026-06-13 12:15:00,S4,Beverages,0.0,6.44,11.75,OUT
2026-06-13 12:15:00,S5,Snacks,44.1,3.38,5.25,LOW
2026-06-13 12:15:00,S6,Produce,83.5,3.3,1.25,FULL
2026-06-13 12:15:00,S7,Beverages,18.9,5.53,4.5,OUT
2026-06-13 12:15:00,S8,Bakery,66.0,3.96,2.5,FULL
2026-06-13 12:30:00,S1,Dairy,0.0,4.26,26.5,OUT
2026-06-13 12:30:00,S2,Bakery,83.9,4.33,1.0,FULL
2026-06-13 12:30:00,S3,Dairy,62.2,4.07,2.75,FULL
2026-06-13 12:30:00,S4,Beverages,0.0,5.9,12.0,OUT
2026-06-13 12:30:00,S5,Snacks,42.8,2.95,5.5,LOW
2026-06-13 12:30:00,S6,Produce,87.7,2.52,1.5,FULL
2026-06-13 12:30:00,S7,Beverages,5.2,5.93,4.75,OUT
2026-06-13 12:30:00,S8,Bakery,41.2,6.48,2.75,LOW
2026-06-13 12:45:00,S1,Dairy,0.0,5.7,26.75,OUT
2026-06-13 12:45:00,S2,Bakery,72.5,5.43,1.25,FULL
2026-06-13 12:45:00,S3,Dairy,41.9,5.99,3.0,LOW
2026-06-13 12:45:00,S4,Beverages,100.0,6.07,0.0,FULL
2026-06-13 12:45:00,S5,Snacks,32.9,3.6,5.75,LOW
2026-06-13 12:45:00,S6,Produce,79.5,3.56,1.75,FULL
2026-06-13 12:45:00,S7,Beverages,0.0,7.12,5.0,OUT
2026-06-13 12:45:00,S8,Bakery,55.1,4.35,3.0,LOW
2026-06-13 13:00:00,S1,Dairy,0.0,5.03,27.0,OUT
2026-06-13 13:00:00,S2,Bakery,60.7,7.75,1.5,FULL
2026-06-13 13:00:00,S3,Dairy,74.3,2.63,3.25,FULL
2026-06-13 13:00:00,S4,Beverages,97.4,4.79,0.25,FULL
2026-06-13 13:00:00,S5,Snacks,57.8,2.28,6.0,LOW
2026-06-13 13:00:00,S6,Produce,74.9,3.31,2.0,FULL
2026-06-13 13:00:00,S7,Beverages,0.0,6.39,5.25,OUT
2026-06-13 13:00:00,S8,Bakery,36.1,6.39,3.25,LOW
2026-06-13 13:15:00,S1,Dairy,0.0,4.28,27.25,OUT
2026-06-13 13:15:00,S2,Bakery,70.9,4.92,1.75,FULL
2026-06-13 13:15:00,S3,Dairy,53.0,3.99,3.5,LOW
2026-06-13 13:15:00,S4,Beverages,87.4,5.29,0.5,FULL
2026-06-13 13:15:00,S5,Snacks,55.5,1.87,6.25,LOW
2026-06-13 13:15:00,S6,Produce,81.1,3.2,2.25,FULL
2026-06-13 13:15:00,S7,Beverages,7.6,,5.5,OUT
2026-06-13 13:15:00,S8,Bakery,47.2,4.75,3.5,LOW
2026-06-13 13:30:00,S1,Dairy,0.0,6.21,27.5,OUT
2026-06-13 13:30:00,S2,Bakery,53.0,6.24,2.0,LOW
2026-06-13 13:30:00,S3,Dairy,37.9,4.69,3.75,LOW
2026-06-13 13:30:00,S4,Beverages,83.8,6.61,0.75,FULL
2026-06-13 13:30:00,S5,Snacks,0.0,5.72,6.5,OUT
2026-06-13 13:30:00,S6,Produce,68.0,4.01,2.5,FULL
2026-06-13 13:30:00,S7,Beverages,,4.03,5.75,LOW
2026-06-13 13:30:00,S8,Bakery,58.7,3.36,3.75,LOW
2026-06-13 13:45:00,S1,Dairy,0.0,4.89,27.75,OUT
2026-06-13 13:45:00,S2,Bakery,70.4,4.21,2.25,FULL
2026-06-13 13:45:00,S3,Dairy,49.7,3.97,4.0,LOW
2026-06-13 13:45:00,S4,Beverages,73.7,8.04,1.0,FULL
2026-06-13 13:45:00,S5,Snacks,62.4,2.11,6.75,FULL
2026-06-13 13:45:00,S6,Produce,68.3,3.69,2.75,FULL
2026-06-13 13:45:00,S7,Beverages,31.4,3.48,6.0,LOW
2026-06-13 13:45:00,S8,Bakery,22.8,6.43,4.0,LOW
2026-06-13 14:00:00,S1,Dairy,0.0,5.61,28.0,OUT
2026-06-13 14:00:00,S2,Bakery,63.7,5.47,2.5,FULL
2026-06-13 14:00:00,S3,Dairy,26.4,5.23,4.25,LOW
2026-06-13 14:00:00,S4,Beverages,76.6,5.69,1.25,FULL
2026-06-13 14:00:00,S5,Snacks,65.8,1.69,7.0,FULL
2026-06-13 14:00:00,S6,Produce,73.4,2.58,3.0,FULL
2026-06-13 14:00:00,S7,Beverages,0.0,6.34,6.25,OUT
2026-06-13 14:00:00,S8,Bakery,55.5,3.46,4.25,LOW
2026-06-13 14:15:00,S1,Dairy,0.0,3.36,28.25,OUT
2026-06-13 14:15:00,S2,Bakery,58.0,4.13,2.75,LOW
2026-06-13 14:15:00,S3,Dairy,35.6,4.33,4.5,LOW
2026-06-13 14:15:00,S4,Beverages,71.0,5.8,1.5,FULL
2026-06-13 14:15:00,S5,Snacks,47.0,,7.25,LOW
2026-06-13 14:15:00,S6,Produce,62.9,3.79,3.25,FULL
2026-06-13 14:15:00,S7,Beverages,0.0,5.41,6.5,OUT
2026-06-13 14:15:00,S8,Bakery,18.5,5.99,4.5,OUT
2026-06-13 14:30:00,S1,Dairy,,4.15,28.5,OUT
2026-06-13 14:30:00,S2,Bakery,32.1,7.37,3.0,LOW
2026-06-13 14:30:00,S3,Dairy,,6.21,4.75,OUT
2026-06-13 14:30:00,S4,Beverages,67.5,5.7,1.75,FULL
2026-06-13 14:30:00,S5,Snacks,17.1,3.39,7.5,OUT
2026-06-13 14:30:00,S6,Produce,61.0,3.6,3.5,FULL
2026-06-13 14:30:00,S7,Beverages,0.0,6.53,6.75,OUT
2026-06-13 14:30:00,S8,Bakery,19.5,,4.75,OUT
2026-06-13 14:45:00,S1,Dairy,0.0,1.57,28.75,OUT
2026-06-13 14:45:00,S2,Bakery,56.9,4.37,3.25,LOW
2026-06-13 14:45:00,S3,Dairy,20.5,4.75,5.0,LOW
2026-06-13 14:45:00,S4,Beverages,57.7,6.12,2.0,LOW
2026-06-13 14:45:00,S5,Snacks,64.4,1.41,7.75,FULL
2026-06-13 14:45:00,S6,Produce,57.1,3.68,3.75,LOW
2026-06-13 14:45:00,S7,Beverages,0.0,6.31,7.0,OUT
2026-06-13 14:45:00,S8,Bakery,11.7,5.37,5.0,OUT
2026-06-13 15:00:00,S1,Dairy,0.0,4.09,29.0,OUT
2026-06-13 15:00:00,S2,Bakery,61.7,2.92,3.5,FULL
2026-06-13 15:00:00,S3,Dairy,27.1,4.12,5.25,LOW
2026-06-13 15:00:00,S4,Beverages,57.3,5.99,2.25,LOW
2026-06-13 15:00:00,S5,Snacks,44.7,2.17,8.0,LOW
2026-06-13 15:00:00,S6,Produce,53.4,3.89,4.0,LOW
2026-06-13 15:00:00,S7,Beverages,0.0,7.9,7.25,OUT
2026-06-13 15:00:00,S8,Bakery,8.9,5.47,5.25,OUT
2026-06-13 15:15:00,S1,Dairy,0.0,3.88,29.25,OUT
2026-06-13 15:15:00,S2,Bakery,35.5,5.39,3.75,LOW
2026-06-13 15:15:00,S3,Dairy,51.2,2.61,5.5,LOW
2026-06-13 15:15:00,S4,Beverages,56.0,5.65,2.5,LOW
2026-06-13 15:15:00,S5,Snacks,26.5,2.87,8.25,LOW
2026-06-13 15:15:00,S6,Produce,44.6,3.96,4.25,LOW
2026-06-13 15:15:00,S7,Beverages,0.0,6.2,7.5,OUT
2026-06-13 15:15:00,S8,Bakery,18.7,4.79,5.5,OUT
2026-06-13 15:30:00,S1,Dairy,0.0,1.75,29.5,OUT
2026-06-13 15:30:00,S2,Bakery,26.8,5.96,4.0,LOW
2026-06-13 15:30:00,S3,Dairy,0.0,6.05,5.75,OUT
2026-06-13 15:30:00,S4,Beverages,44.5,6.47,2.75,LOW
2026-06-13 15:30:00,S5,Snacks,18.0,3.19,8.5,OUT
2026-06-13 15:30:00,S6,Produce,27.3,5.04,4.5,LOW
2026-06-13 15:30:00,S7,Beverages,0.0,6.63,7.75,OUT
2026-06-13 15:30:00,S8,Bakery,28.7,4.01,5.75,LOW
2026-06-13 15:45:00,S1,Dairy,0.0,3.41,29.75,OUT
2026-06-13 15:45:00,S2,Bakery,28.9,5.19,4.25,LOW
2026-06-13 15:45:00,S3,Dairy,0.0,6.6,6.0,OUT
2026-06-13 15:45:00,S4,Beverages,15.1,8.78,3.0,OUT
2026-06-13 15:45:00,S5,Snacks,45.6,1.96,8.75,LOW
2026-06-13 15:45:00,S6,Produce,68.0,1.75,4.75,FULL
2026-06-13 15:45:00,S7,Beverages,0.0,6.3,8.0,OUT
2026-06-13 15:45:00,S8,Bakery,0.6,5.11,6.0,OUT
2026-06-13 16:00:00,S1,Dairy,0.0,5.37,30.0,OUT
2026-06-13 16:00:00,S2,Bakery,13.3,6.1,4.5,OUT
2026-06-13 16:00:00,S3,Dairy,38.8,3.3,6.25,LOW
2026-06-13 16:00:00,S4,Beverages,50.4,4.5,3.25,LOW
2026-06-13 16:00:00,S5,Snacks,0.0,4.36,9.0,OUT
2026-06-13 16:00:00,S6,Produce,34.5,3.91,5.0,LOW
2026-06-13 16:00:00,S7,Beverages,0.0,6.45,8.25,OUT
2026-06-13 16:00:00,S8,Bakery,16.7,4.22,6.25,OUT
2026-06-13 16:15:00,S1,Dairy,0.0,5.45,30.25,OUT
2026-06-13 16:15:00,S2,Bakery,40.1,4.02,4.75,LOW
2026-06-13 16:15:00,S3,Dairy,,6.29,6.5,OUT
2026-06-13 16:15:00,S4,Beverages,29.9,6.07,3.5,LOW
2026-06-13 16:15:00,S5,Snacks,32.1,2.23,9.25,LOW
2026-06-13 16:15:00,S6,Produce,39.6,3.51,5.25,LOW
2026-06-13 16:15:00,S7,Beverages,0.0,3.95,8.5,OUT
2026-06-13 16:15:00,S8,Bakery,19.8,3.88,6.5,OUT
2026-06-13 16:30:00,S1,Dairy,0.0,3.8,30.5,OUT
2026-06-13 16:30:00,S2,Bakery,0.0,6.9,5.0,OUT
2026-06-13 16:30:00,S3,Dairy,17.8,3.68,6.75,OUT
2026-06-13 16:30:00,S4,Beverages,14.9,6.98,3.75,OUT
2026-06-13 16:30:00,S5,Snacks,1.6,3.34,9.5,OUT
2026-06-13 16:30:00,S6,Produce,15.6,4.5,5.5,OUT
2026-06-13 16:30:00,S7,Beverages,0.0,6.18,8.75,OUT
2026-06-13 16:30:00,S8,Bakery,6.3,4.34,6.75,OUT
2026-06-13 16:45:00,S1,Dairy,0.0,4.35,30.75,OUT
2026-06-13 16:45:00,S2,Bakery,23.6,4.99,5.25,LOW
2026-06-13 16:45:00,S3,Dairy,51.6,2.38,7.0,LOW
2026-06-13 16:45:00,S4,Beverages,15.6,,4.0,OUT
2026-06-13 16:45:00,S5,Snacks,36.3,2.05,9.75,LOW
2026-06-13 16:45:00,S6,Produce,41.4,3.14,5.75,LOW
2026-06-13 16:45:00,S7,Beverages,0.0,7.4,9.0,OUT
2026-06-13 16:45:00,S8,Bakery,0.0,5.83,7.0,OUT
2026-06-13 17:00:00,S1,Dairy,0.0,5.93,31.0,OUT
2026-06-13 17:00:00,S2,Bakery,7.4,5.54,5.5,OUT
2026-06-13 17:00:00,S3,Dairy,0.0,4.37,7.25,OUT
2026-06-13 17:00:00,S4,Beverages,40.2,4.75,4.25,LOW
2026-06-13 17:00:00,S5,Snacks,0.0,3.7,10.0,OUT
2026-06-13 17:00:00,S6,Produce,10.5,4.36,6.0,OUT
2026-06-13 17:00:00,S7,Beverages,0.0,5.08,9.25,OUT
2026-06-13 17:00:00,S8,Bakery,0.0,7.04,7.25,OUT
2026-06-13 17:15:00,S1,Dairy,0.0,4.22,31.25,OUT
2026-06-13 17:15:00,S2,Bakery,10.9,4.82,5.75,OUT
2026-06-13 17:15:00,S3,Dairy,8.2,3.69,7.5,OUT
2026-06-13 17:15:00,S4,Beverages,15.9,5.74,4.5,OUT
2026-06-13 17:15:00,S5,Snacks,17.9,2.5,10.25,OUT
2026-06-13 17:15:00,S6,Produce,,3.26,6.25,LOW
2026-06-13 17:15:00,S7,Beverages,0.0,6.7,9.5,OUT
2026-06-13 17:15:00,S8,Bakery,0.0,5.52,7.5,OUT
2026-06-13 17:30:00,S1,Dairy,0.0,3.53,31.5,OUT
2026-06-13 17:30:00,S2,Bakery,0.0,5.71,6.0,OUT
2026-06-13 17:30:00,S3,Dairy,30.6,2.73,7.75,LOW
2026-06-13 17:30:00,S4,Beverages,28.0,4.66,4.75,LOW
2026-06-13 17:30:00,S5,Snacks,45.8,1.66,10.5,LOW
2026-06-13 17:30:00,S6,Produce,3.2,4.52,6.5,OUT
2026-06-13 17:30:00,S7,Beverages,0.0,6.19,9.75,OUT
2026-06-13 17:30:00,S8,Bakery,0.0,5.19,7.75,OUT
2026-06-13 17:45:00,S1,Dairy,0.0,3.96,31.75,OUT
2026-06-13 17:45:00,S2,Bakery,8.7,4.73,6.25,OUT
2026-06-13 17:45:00,S3,Dairy,0.0,4.59,8.0,OUT
2026-06-13 17:45:00,S4,Beverages,0.0,7.2,5.0,OUT
2026-06-13 17:45:00,S5,Snacks,0.0,3.55,10.75,OUT
2026-06-13 17:45:00,S6,Produce,0.0,4.75,6.75,OUT
2026-06-13 17:45:00,S7,Beverages,0.0,6.06,10.0,OUT
2026-06-13 17:45:00,S8,Bakery,0.0,6.23,8.0,OUT
2026-06-13 18:00:00,S1,Dairy,0.0,5.51,32.0,OUT
2026-06-13 18:00:00,S2,Bakery,0.0,4.95,6.5,OUT
2026-06-13 18:00:00,S3,Dairy,0.0,5.38,8.25,OUT
2026-06-13 18:00:00,S4,Beverages,0.0,6.95,5.25,OUT
2026-06-13 18:00:00,S5,Snacks,0.0,3.69,11.0,OUT
2026-06-13 18:00:00,S6,Produce,5.3,4.22,7.0,OUT
2026-06-13 18:00:00,S7,Beverages,0.0,5.87,10.25,OUT
2026-06-13 18:00:00,S8,Bakery,6.9,3.55,8.25,OUT
2026-06-13 18:15:00,S1,Dairy,0.0,3.39,32.25,OUT
2026-06-13 18:15:00,S2,Bakery,20.4,3.46,6.75,LOW
2026-06-13 18:15:00,S3,Dairy,0.0,3.73,8.5,OUT
2026-06-13 18:15:00,S4,Beverages,5.4,5.71,5.5,OUT
2026-06-13 18:15:00,S5,Snacks,20.0,2.27,11.25,LOW
2026-06-13 18:15:00,S6,Produce,24.3,3.38,7.25,LOW
2026-06-13 18:15:00,S7,Beverages,0.0,6.23,10.5,OUT
2026-06-13 18:15:00,S8,Bakery,0.0,6.05,8.5,OUT
2026-06-13 18:30:00,S1,Dairy,0.0,4.74,32.5,OUT
2026-06-13 18:30:00,S2,Bakery,0.0,4.78,7.0,OUT
2026-06-13 18:30:00,S3,Dairy,0.0,3.96,8.75,OUT
2026-06-13 18:30:00,S4,Beverages,0.0,6.35,5.75,OUT
2026-06-13 18:30:00,S5,Snacks,34.2,1.85,11.5,LOW
2026-06-13 18:30:00,S6,Produce,0.0,4.89,7.5,OUT
2026-06-13 18:30:00,S7,Beverages,0.0,5.64,10.75,OUT
2026-06-13 18:30:00,S8,Bakery,0.0,5.0,8.75,OUT
2026-06-13 18:45:00,S1,Dairy,0.0,4.68,32.75,OUT
2026-06-13 18:45:00,S2,Bakery,16.5,3.39,7.25,OUT
2026-06-13 18:45:00,S3,Dairy,0.0,4.1,9.0,OUT
2026-06-13 18:45:00,S4,Beverages,0.0,7.14,6.0,OUT
2026-06-13 18:45:00,S5,Snacks,0.0,4.13,11.75,OUT
2026-06-13 18:45:00,S6,Produce,7.3,3.72,7.75,OUT
2026-06-13 18:45:00,S7,Beverages,0.0,6.34,11.0,OUT
2026-06-13 18:45:00,S8,Bakery,0.0,5.49,9.0,OUT
2026-06-13 19:00:00,S1,Dairy,0.0,5.13,33.0,OUT
2026-06-13 19:00:00,S2,Bakery,0.0,5.44,7.5,OUT
2026-06-13 19:00:00,S3,Dairy,0.0,5.24,9.25,OUT
2026-06-13 19:00:00,S4,Beverages,0.0,5.21,6.25,OUT
2026-06-13 19:00:00,S5,Snacks,0.0,3.58,12.0,OUT
2026-06-13 19:00:00,S6,Produce,0.0,4.67,8.0,OUT
2026-06-13 19:00:00,S7,Beverages,0.0,5.97,11.25,OUT
2026-06-13 19:00:00,S8,Bakery,0.0,5.19,9.25,OUT
2026-06-13 19:15:00,S1,Dairy,100.0,5.52,0.0,FULL
2026-06-13 19:15:00,S2,Bakery,0.0,7.13,7.75,OUT
2026-06-13 19:15:00,S3,Dairy,0.0,4.09,9.5,OUT
2026-06-13 19:15:00,S4,Beverages,0.0,5.99,6.5,OUT
2026-06-13 19:15:00,S5,Snacks,0.0,3.37,12.25,OUT
2026-06-13 19:15:00,S6,Produce,0.0,4.16,8.25,OUT
2026-06-13 19:15:00,S7,Beverages,0.0,5.88,11.5,OUT
2026-06-13 19:15:00,S8,Bakery,0.0,5.2,9.5,OUT
2026-06-13 19:30:00,S1,Dairy,95.9,4.52,0.25,FULL
2026-06-13 19:30:00,S2,Bakery,0.0,7.41,8.0,OUT
2026-06-13 19:30:00,S3,Dairy,0.0,5.66,9.75,OUT
2026-06-13 19:30:00,S4,Beverages,0.0,5.5,6.75,OUT
2026-06-13 19:30:00,S5,Snacks,0.0,5.77,12.5,OUT
2026-06-13 19:30:00,S6,Produce,14.9,3.1,8.5,OUT
2026-06-13 19:30:00,S7,Beverages,0.0,5.92,11.75,OUT
2026-06-13 19:30:00,S8,Bakery,0.0,4.73,9.75,OUT
2026-06-13 19:45:00,S1,Dairy,96.0,4.34,0.5,FULL
2026-06-13 19:45:00,S2,Bakery,0.0,4.27,8.25,OUT
2026-06-13 19:45:00,S3,Dairy,0.0,6.04,10.0,OUT
2026-06-13 19:45:00,S4,Beverages,0.0,6.3,7.0,OUT
2026-06-13 19:45:00,S5,Snacks,30.4,1.58,12.75,LOW
2026-06-13 19:45:00,S6,Produce,0.0,4.1,8.75,OUT
2026-06-13 19:45:00,S7,Beverages,0.0,4.74,12.0,OUT
2026-06-13 19:45:00,S8,Bakery,0.0,5.62,10.0,OUT
2026-06-13 20:00:00,S1,Dairy,97.7,4.3,0.75,FULL
2026-06-13 20:00:00,S2,Bakery,2.4,3.56,8.5,OUT
2026-06-13 20:00:00,S3,Dairy,100.0,4.45,0.0,FULL
2026-06-13 20:00:00,S4,Beverages,0.2,4.39,7.25,OUT
2026-06-13 20:00:00,S5,Snacks,0.0,3.69,13.0,OUT
2026-06-13 20:00:00,S6,Produce,0.0,4.93,9.0,OUT
2026-06-13 20:00:00,S7,Beverages,0.0,5.89,12.25,OUT
2026-06-13 20:00:00,S8,Bakery,99.8,4.37,0.0,FULL
2026-06-13 20:15:00,S1,Dairy,88.7,4.01,1.0,FULL
2026-06-13 20:15:00,S2,Bakery,0.0,5.23,8.75,OUT
2026-06-13 20:15:00,S3,Dairy,93.7,3.12,0.25,FULL
2026-06-13 20:15:00,S4,Beverages,0.0,6.35,7.5,OUT
2026-06-13 20:15:00,S5,Snacks,0.0,3.11,13.25,OUT
2026-06-13 20:15:00,S6,Produce,7.9,3.23,9.25,OUT
2026-06-13 20:15:00,S7,Beverages,0.0,5.69,12.5,OUT
2026-06-13 20:15:00,S8,Bakery,100.0,5.71,0.25,FULL
2026-06-13 20:30:00,S1,Dairy,83.6,3.93,1.25,FULL
2026-06-13 20:30:00,S2,Bakery,0.0,5.99,9.0,OUT
2026-06-13 20:30:00,S3,Dairy,95.8,3.27,0.5,FULL
2026-06-13 20:30:00,S4,Beverages,0.0,4.99,7.75,OUT
2026-06-13 20:30:00,S5,Snacks,0.0,3.59,13.5,OUT
2026-06-13 20:30:00,S6,Produce,0.0,3.79,9.5,OUT
2026-06-13 20:30:00,S7,Beverages,0.0,4.27,12.75,OUT
2026-06-13 20:30:00,S8,Bakery,94.7,4.89,0.5,FULL
2026-06-13 20:45:00,S1,Dairy,74.7,5.25,1.5,FULL
2026-06-13 20:45:00,S2,Bakery,0.0,5.65,9.25,OUT
2026-06-13 20:45:00,S3,Dairy,89.7,3.91,0.75,FULL
2026-06-13 20:45:00,S4,Beverages,0.0,6.64,8.0,OUT
2026-06-13 20:45:00,S5,Snacks,0.0,3.62,13.75,OUT
2026-06-13 20:45:00,S6,Produce,6.4,3.0,9.75,OUT
2026-06-13 20:45:00,S7,Beverages,0.0,6.61,13.0,OUT
2026-06-13 20:45:00,S8,Bakery,85.4,5.27,0.75,FULL
2026-06-13 21:00:00,S1,Dairy,73.6,4.16,1.75,FULL
2026-06-13 21:00:00,S2,Bakery,0.0,5.91,9.5,OUT
2026-06-13 21:00:00,S3,Dairy,82.4,5.33,1.0,FULL
2026-06-13 21:00:00,S4,Beverages,0.0,5.79,8.25,OUT
2026-06-13 21:00:00,S5,Snacks,0.0,3.78,14.0,OUT
2026-06-13 21:00:00,S6,Produce,0.0,4.84,10.0,OUT
2026-06-13 21:00:00,S7,Beverages,0.0,5.98,13.25,OUT
2026-06-13 21:00:00,S8,Bakery,89.7,5.09,1.0,FULL
2026-06-13 21:15:00,S1,Dairy,71.8,4.91,2.0,FULL
2026-06-13 21:15:00,S2,Bakery,0.0,4.81,9.75,OUT
2026-06-13 21:15:00,S3,Dairy,74.2,7.72,1.25,FULL
2026-06-13 21:15:00,S4,Beverages,0.0,5.42,,OUT
2026-06-13 21:15:00,S5,Snacks,0.0,4.68,14.25,OUT
2026-06-13 21:15:00,S6,Produce,0.0,4.12,10.25,OUT
2026-06-13 21:15:00,S7,Beverages,0.0,7.2,13.5,OUT
2026-06-13 21:15:00,S8,Bakery,79.1,4.48,1.25,FULL
2026-06-13 21:30:00,S1,Dairy,64.0,5.1,2.25,FULL
2026-06-13 21:30:00,S2,Bakery,0.0,6.73,10.0,OUT
2026-06-13 21:30:00,S3,Dairy,80.9,3.44,1.5,FULL
2026-06-13 21:30:00,S4,Beverages,0.0,4.61,8.75,OUT
2026-06-13 21:30:00,S5,Snacks,34.3,1.4,14.5,LOW
2026-06-13 21:30:00,S6,Produce,0.0,4.38,10.5,OUT
2026-06-13 21:30:00,S7,Beverages,0.0,5.32,13.75,OUT
2026-06-13 21:30:00,S8,Bakery,78.3,4.43,1.5,FULL
2026-06-13 21:45:00,S1,Dairy,71.5,3.97,,FULL
2026-06-13 21:45:00,S2,Bakery,0.0,5.29,10.25,OUT
2026-06-13 21:45:00,S3,Dairy,70.9,5.07,1.75,FULL
2026-06-13 21:45:00,S4,Beverages,0.0,4.83,9.0,OUT
2026-06-13 21:45:00,S5,Snacks,0.0,2.84,14.75,OUT
2026-06-13 21:45:00,S6,Produce,0.0,4.17,10.75,OUT
2026-06-13 21:45:00,S7,Beverages,0.0,6.81,14.0,OUT
2026-06-13 21:45:00,S8,Bakery,73.2,5.5,1.75,FULL
2026-06-13 22:00:00,S1,Dairy,53.9,5.26,2.75,LOW
2026-06-13 22:00:00,S2,Bakery,0.0,6.2,10.5,OUT
2026-06-13 22:00:00,S3,Dairy,69.1,4.83,2.0,FULL
2026-06-13 22:00:00,S4,Beverages,0.0,8.47,9.25,OUT
2026-06-13 22:00:00,S5,Snacks,0.0,4.09,15.0,OUT
2026-06-13 22:00:00,S6,Produce,0.0,5.04,11.0,OUT
2026-06-13 22:00:00,S7,Beverages,0.0,6.28,14.25,OUT
2026-06-13 22:00:00,S8,Bakery,65.2,5.31,2.0,FULL
2026-06-13 22:15:00,S1,Dairy,50.9,5.45,3.0,LOW
2026-06-13 22:15:00,S2,Bakery,0.0,4.7,10.75,OUT
2026-06-13 22:15:00,S3,Dairy,68.1,4.35,2.25,FULL
2026-06-13 22:15:00,S4,Beverages,0.0,7.94,9.5,OUT
2026-06-13 22:15:00,S5,Snacks,0.0,4.29,15.25,OUT
2026-06-13 22:15:00,S6,Produce,0.0,4.12,11.25,OUT
2026-06-13 22:15:00,S7,Beverages,0.0,6.46,14.5,OUT
2026-06-13 22:15:00,S8,Bakery,66.5,5.08,2.25,FULL
2026-06-13 22:30:00,S1,Dairy,59.5,3.93,3.25,LOW
2026-06-13 22:30:00,S2,Bakery,0.0,5.83,11.0,OUT
2026-06-13 22:30:00,S3,Dairy,58.5,5.05,2.5,LOW
2026-06-13 22:30:00,S4,Beverages,0.0,6.02,9.75,OUT
2026-06-13 22:30:00,S5,Snacks,0.0,2.24,15.5,OUT
2026-06-13 22:30:00,S6,Produce,0.0,3.66,11.5,OUT
2026-06-13 22:30:00,S7,Beverages,0.0,7.34,14.75,OUT
2026-06-13 22:30:00,S8,Bakery,67.6,3.84,2.5,FULL
2026-06-13 22:45:00,S1,Dairy,53.7,3.83,3.5,LOW
2026-06-13 22:45:00,S2,Bakery,0.0,4.55,11.25,OUT
2026-06-13 22:45:00,S3,Dairy,60.9,4.64,2.75,FULL
2026-06-13 22:45:00,S4,Beverages,0.0,5.64,10.0,OUT
2026-06-13 22:45:00,S5,Snacks,0.0,2.9,15.75,OUT
2026-06-13 22:45:00,S6,Produce,13.5,2.26,11.75,OUT
2026-06-13 22:45:00,S7,Beverages,100.0,6.86,0.0,FULL
2026-06-13 22:45:00,S8,Bakery,58.6,4.43,2.75,LOW
2026-06-13 23:00:00,S1,Dairy,43.7,4.33,3.75,LOW
2026-06-13 23:00:00,S2,Bakery,0.0,4.07,11.5,OUT
2026-06-13 23:00:00,S3,Dairy,54.0,4.47,3.0,LOW
2026-06-13 23:00:00,S4,Beverages,0.0,7.99,10.25,OUT
2026-06-13 23:00:00,S5,Snacks,0.0,2.72,16.0,OUT
2026-06-13 23:00:00,S6,Produce,0.0,3.15,12.0,OUT
2026-06-13 23:00:00,S7,Beverages,93.9,7.63,0.25,FULL
2026-06-13 23:00:00,S8,Bakery,35.8,6.52,3.0,LOW
2026-06-13 23:15:00,S1,Dairy,43.3,4.67,4.0,LOW
2026-06-13 23:15:00,S2,Bakery,0.0,4.8,11.75,OUT
2026-06-13 23:15:00,S3,Dairy,59.3,4.55,3.25,LOW
2026-06-13 23:15:00,S4,Beverages,0.0,4.81,10.5,OUT
2026-06-13 23:15:00,S5,Snacks,0.0,2.2,16.25,OUT
2026-06-13 23:15:00,S6,Produce,,4.03,12.25,OUT
2026-06-13 23:15:00,S7,Beverages,87.9,7.16,0.5,FULL
2026-06-13 23:15:00,S8,Bakery,49.5,4.69,3.25,LOW
2026-06-13 23:30:00,S1,Dairy,0.5,6.99,4.25,OUT
2026-06-13 23:30:00,S2,Bakery,0.0,5.35,12.0,OUT
2026-06-13 23:30:00,S3,Dairy,64.3,3.49,3.5,FULL
2026-06-13 23:30:00,S4,Beverages,0.0,6.93,10.75,OUT
2026-06-13 23:30:00,S5,Snacks,0.0,2.05,16.5,OUT
2026-06-13 23:30:00,S6,Produce,0.0,4.46,12.5,OUT
2026-06-13 23:30:00,S7,Beverages,80.2,7.16,0.75,FULL
2026-06-13 23:30:00,S8,Bakery,52.8,3.87,3.5,LOW
2026-06-13 23:45:00,S1,Dairy,33.0,4.5,4.5,LOW
2026-06-13 23:45:00,S2,Bakery,0.0,6.82,12.25,OUT
2026-06-13 23:45:00,S3,Dairy,57.7,3.89,3.75,LOW
2026-06-13 23:45:00,S4,Beverages,0.0,5.06,11.0,OUT
2026-06-13 23:45:00,S5,Snacks,20.0,1.44,16.75,LOW
2026-06-13 23:45:00,S6,Produce,0.2,2.45,12.75,OUT
2026-06-13 23:45:00,S7,Beverages,82.2,5.39,1.0,FULL
2026-06-13 23:45:00,S8,Bakery,37.0,5.21,3.75,LOW
2026-06-14 00:00:00,S1,Dairy,13.4,5.54,4.75,OUT
2026-06-14 00:00:00,S2,Bakery,0.0,5.12,12.5,OUT
2026-06-14 00:00:00,S3,Dairy,47.4,4.5,4.0,LOW
2026-06-14 00:00:00,S4,Beverages,0.0,5.41,11.25,OUT
2026-06-14 00:00:00,S5,Snacks,0.0,3.85,17.0,OUT
2026-06-14 00:00:00,S6,Produce,0.0,3.68,13.0,OUT
2026-06-14 00:00:00,S7,Beverages,78.5,6.12,1.25,FULL
2026-06-14 00:00:00,S8,Bakery,29.5,5.52,4.0,LOW
2026-06-14 00:15:00,S1,Dairy,29.5,4.68,5.0,LOW
2026-06-14 00:15:00,S2,Bakery,0.0,5.42,12.75,OUT
2026-06-14 00:15:00,S3,Dairy,46.8,4.13,4.25,LOW
2026-06-14 00:15:00,S4,Beverages,0.0,7.95,11.5,OUT
2026-06-14 00:15:00,S5,Snacks,0.0,2.48,17.25,OUT
2026-06-14 00:15:00,S6,Produce,0.0,3.24,13.25,OUT
2026-06-14 00:15:00,S7,Beverages,66.6,6.64,1.5,FULL
2026-06-14 00:15:00,S8,Bakery,37.3,4.48,4.25,LOW
2026-06-14 00:30:00,S1,Dairy,0.0,6.38,5.25,OUT
2026-06-14 00:30:00,S2,Bakery,0.0,4.54,13.0,OUT
2026-06-14 00:30:00,S3,Dairy,40.8,4.27,4.5,LOW
2026-06-14 00:30:00,S4,Beverages,0.0,5.5,11.75,OUT
2026-06-14 00:30:00,S5,Snacks,0.0,2.04,17.5,OUT
2026-06-14 00:30:00,S6,Produce,0.0,4.6,13.5,OUT
2026-06-14 00:30:00,S7,Beverages,78.2,4.7,1.75,FULL
2026-06-14 00:30:00,S8,Bakery,27.0,4.99,4.5,LOW
2026-06-14 00:45:00,S1,Dairy,33.0,3.91,5.5,LOW
2026-06-14 00:45:00,S2,Bakery,0.0,5.45,13.25,OUT
2026-06-14 00:45:00,S3,Dairy,6.4,5.93,,OUT
2026-06-14 00:45:00,S4,Beverages,0.0,5.94,12.0,OUT
2026-06-14 00:45:00,S5,Snacks,0.0,3.9,17.75,OUT
2026-06-14 00:45:00,S6,Produce,0.0,3.83,13.75,OUT
2026-06-14 00:45:00,S7,Beverages,73.1,4.61,2.0,FULL
2026-06-14 00:45:00,S8,Bakery,29.3,4.83,4.75,LOW
2026-06-14 01:00:00,S1,Dairy,5.4,5.23,5.75,OUT
2026-06-14 01:00:00,S2,Bakery,0.0,5.85,13.5,OUT
2026-06-14 01:00:00,S3,Dairy,55.5,2.89,5.0,LOW
2026-06-14 01:00:00,S4,Beverages,0.0,7.15,12.25,OUT
2026-06-14 01:00:00,S5,Snacks,70.4,0.55,18.0,FULL
2026-06-14 01:00:00,S6,Produce,0.0,4.76,14.0,OUT
2026-06-14 01:00:00,S7,Beverages,63.1,5.28,2.25,FULL
2026-06-14 01:00:00,S8,Bakery,31.8,4.16,5.0,LOW
2026-06-14 01:15:00,S1,Dairy,19.1,4.4,6.0,OUT
2026-06-14 01:15:00,S2,Bakery,0.0,3.41,13.75,OUT
2026-06-14 01:15:00,S3,Dairy,24.8,4.5,5.25,LOW
2026-06-14 01:15:00,S4,Beverages,0.0,,12.5,OUT
2026-06-14 01:15:00,S5,Snacks,0.0,3.05,18.25,OUT
2026-06-14 01:15:00,S6,Produce,0.0,5.98,14.25,OUT
2026-06-14 01:15:00,S7,Beverages,57.7,5.35,2.5,LOW
2026-06-14 01:15:00,S8,Bakery,,4.53,5.25,LOW
2026-06-14 01:30:00,S1,Dairy,38.8,3.01,6.25,LOW
2026-06-14 01:30:00,S2,Bakery,0.0,5.96,14.0,OUT
2026-06-14 01:30:00,S3,Dairy,12.2,5.0,5.5,OUT
2026-06-14 01:30:00,S4,Beverages,0.0,6.27,12.75,OUT
2026-06-14 01:30:00,S5,Snacks,0.0,3.07,18.5,OUT
2026-06-14 01:30:00,S6,Produce,0.0,6.07,14.5,OUT
2026-06-14 01:30:00,S7,Beverages,56.7,5.23,2.75,LOW
2026-06-14 01:30:00,S8,Bakery,18.2,4.48,5.5,OUT
2026-06-14 01:45:00,S1,Dairy,0.0,6.23,6.5,OUT
2026-06-14 01:45:00,S2,Bakery,0.0,3.9,14.25,OUT
2026-06-14 01:45:00,S3,Dairy,37.9,3.26,5.75,LOW
2026-06-14 01:45:00,S4,Beverages,0.0,4.42,13.0,OUT
2026-06-14 01:45:00,S5,Snacks,10.0,1.53,18.75,OUT
2026-06-14 01:45:00,S6,Produce,0.0,4.47,14.75,OUT
2026-06-14 01:45:00,S7,Beverages,66.4,3.48,3.0,FULL
2026-06-14 01:45:00,S8,Bakery,1.9,5.32,5.75,OUT
2026-06-14 02:00:00,S1,Dairy,0.0,6.07,6.75,OUT
2026-06-14 02:00:00,S2,Bakery,0.0,5.7,14.5,OUT
2026-06-14 02:00:00,S3,Dairy,4.8,5.01,6.0,OUT
2026-06-14 02:00:00,S4,Beverages,0.0,4.95,13.25,OUT
2026-06-14 02:00:00,S5,Snacks,0.0,2.68,19.0,OUT
2026-06-14 02:00:00,S6,Produce,97.5,5.18,0.0,FULL
2026-06-14 02:00:00,S7,Beverages,53.7,4.43,3.25,LOW
2026-06-14 02:00:00,S8,Bakery,0.0,,6.0,OUT
2026-06-14 02:15:00,S1,Dairy,0.0,4.9,7.0,OUT
2026-06-14 02:15:00,S2,Bakery,0.0,5.74,14.75,OUT
2026-06-14 02:15:00,S3,Dairy,24.8,3.74,6.25,LOW
2026-06-14 02:15:00,S4,Beverages,0.0,4.81,13.5,OUT
2026-06-14 02:15:00,S5,Snacks,0.0,2.07,19.25,OUT
2026-06-14 02:15:00,S6,Produce,99.1,4.49,0.25,FULL
2026-06-14 02:15:00,S7,Beverages,25.4,6.5,3.5,LOW
2026-06-14 02:15:00,S8,Bakery,13.5,4.4,6.25,OUT
2026-06-14 02:30:00,S1,Dairy,0.0,4.68,7.25,OUT
2026-06-14 02:30:00,S2,Bakery,0.0,4.36,15.0,OUT
2026-06-14 02:30:00,S3,Dairy,11.5,4.23,6.5,OUT
2026-06-14 02:30:00,S4,Beverages,0.0,6.37,13.75,OUT
2026-06-14 02:30:00,S5,Snacks,0.0,2.13,19.5,OUT
2026-06-14 02:30:00,S6,Produce,95.4,4.74,0.5,FULL
2026-06-14 02:30:00,S7,Beverages,45.7,4.48,3.75,LOW
2026-06-14 02:30:00,S8,Bakery,0.0,6.38,,OUT
2026-06-14 02:45:00,S1,Dairy,0.0,5.09,7.5,OUT
2026-06-14 02:45:00,S2,Bakery,0.0,6.84,15.25,OUT
2026-06-14 02:45:00,S3,Dairy,2.5,4.38,6.75,OUT
2026-06-14 02:45:00,S4,Beverages,0.0,4.76,14.0,OUT
2026-06-14 02:45:00,S5,Snacks,0.0,3.34,19.75,OUT
2026-06-14 02:45:00,S6,Produce,87.3,5.5,0.75,FULL
2026-06-14 02:45:00,S7,Beverages,18.2,6.41,4.0,OUT
2026-06-14 02:45:00,S8,Bakery,33.6,3.11,6.75,LOW
2026-06-14 03:00:00,S1,Dairy,6.3,4.02,7.75,OUT
2026-06-14 03:00:00,S2,Bakery,0.0,4.51,15.5,OUT
2026-06-14 03:00:00,S3,Dairy,4.4,4.41,7.0,OUT
2026-06-14 03:00:00,S4,Beverages,0.0,5.28,14.25,OUT
2026-06-14 03:00:00,S5,Snacks,0.0,2.18,20.0,OUT
2026-06-14 03:00:00,S6,Produce,89.6,4.07,1.0,FULL
2026-06-14 03:00:00,S7,Beverages,33.1,5.21,4.25,LOW
2026-06-14 03:00:00,S8,Bakery,0.0,5.23,7.0,OUT
2026-06-14 03:15:00,S1,Dairy,0.0,4.76,8.0,OUT
2026-06-14 03:15:00,S2,Bakery,0.0,5.52,15.75,OUT
2026-06-14 03:15:00,S3,Dairy,17.0,3.84,7.25,OUT
2026-06-14 03:15:00,S4,Beverages,0.0,8.99,14.5,OUT
2026-06-14 03:15:00,S5,Snacks,8.6,1.45,20.25,OUT
2026-06-14 03:15:00,S6,Produce,88.3,2.93,1.25,FULL
2026-06-14 03:15:00,S7,Beverages,12.6,6.11,4.5,OUT
2026-06-14 03:15:00,S8,Bakery,0.0,4.59,7.25,OUT
2026-06-14 03:30:00,S1,Dairy,0.0,5.68,8.25,OUT
2026-06-14 03:30:00,S2,Bakery,0.0,4.92,16.0,OUT
2026-06-14 03:30:00,S3,Dairy,0.0,,7.5,OUT
2026-06-14 03:30:00,S4,Beverages,0.0,6.15,14.75,OUT
2026-06-14 03:30:00,S5,Snacks,44.5,0.81,20.5,LOW
2026-06-14 03:30:00,S6,Produce,76.3,5.12,1.5,FULL
2026-06-14 03:30:00,S7,Beverages,0.0,6.66,4.75,OUT
2026-06-14 03:30:00,S8,Bakery,8.1,3.98,7.5,OUT
2026-06-14 03:45:00,S1,Dairy,0.0,5.48,8.5,OUT
2026-06-14 03:45:00,S2,Bakery,0.0,3.32,16.25,OUT
2026-06-14 03:45:00,S3,Dairy,0.0,5.79,7.75,OUT
2026-06-14 03:45:00,S4,Beverages,0.0,7.86,15.0,OUT
2026-06-14 03:45:00,S5,Snacks,0.0,2.34,20.75,OUT
2026-06-14 03:45:00,S6,Produce,78.5,4.13,1.75,FULL
2026-06-14 03:45:00,S7,Beverages,18.9,5.09,5.0,OUT
2026-06-14 03:45:00,S8,Bakery,0.0,5.03,7.75,OUT
2026-06-14 04:00:00,S1,Dairy,0.0,4.8,8.75,OUT
2026-06-14 04:00:00,S2,Bakery,0.0,5.21,16.5,OUT
2026-06-14 04:00:00,S3,Dairy,0.0,6.33,8.0,OUT
2026-06-14 04:00:00,S4,Beverages,0.0,5.72,15.25,OUT
2026-06-14 04:00:00,S5,Snacks,0.0,3.87,21.0,OUT
2026-06-14 04:00:00,S6,Produce,72.1,4.31,2.0,FULL
2026-06-14 04:00:00,S7,Beverages,0.0,6.41,5.25,OUT
2026-06-14 04:00:00,S8,Bakery,0.0,4.1,8.0,OUT
2026-06-14 04:15:00,S1,Dairy,0.0,4.3,9.0,OUT
2026-06-14 04:15:00,S2,Bakery,0.0,5.73,16.75,OUT
2026-06-14 04:15:00,S3,Dairy,0.0,4.42,8.25,OUT
2026-06-14 04:15:00,S4,Beverages,,5.49,0.0,FULL
2026-06-14 04:15:00,S5,Snacks,61.0,0.58,21.25,FULL
2026-06-14 04:15:00,S6,Produce,65.2,4.63,2.25,FULL
2026-06-14 04:15:00,S7,Beverages,0.0,,5.5,OUT
2026-06-14 04:15:00,S8,Bakery,0.0,4.13,8.25,OUT
2026-06-14 04:30:00,S1,Dairy,0.0,4.74,9.25,OUT
2026-06-14 04:30:00,S2,Bakery,0.0,5.85,17.0,OUT
2026-06-14 04:30:00,S3,Dairy,0.0,5.5,8.5,OUT
2026-06-14 04:30:00,S4,Beverages,96.2,5.33,0.25,FULL
2026-06-14 04:30:00,S5,Snacks,0.0,2.7,21.5,OUT
2026-06-14 04:30:00,S6,Produce,77.0,2.53,2.5,FULL
2026-06-14 04:30:00,S7,Beverages,2.3,5.43,5.75,OUT
2026-06-14 04:30:00,S8,Bakery,0.0,4.96,8.5,OUT
2026-06-14 04:45:00,S1,Dairy,0.0,4.13,9.5,OUT
2026-06-14 04:45:00,S2,Bakery,0.0,3.99,17.25,OUT
2026-06-14 04:45:00,S3,Dairy,0.0,4.3,8.75,OUT
2026-06-14 04:45:00,S4,Beverages,88.3,5.49,0.5,FULL
2026-06-14 04:45:00,S5,Snacks,0.0,1.55,21.75,OUT
2026-06-14 04:45:00,S6,Produce,75.6,3.15,2.75,FULL
2026-06-14 04:45:00,S7,Beverages,,6.63,6.0,OUT
2026-06-14 04:45:00,S8,Bakery,0.0,4.93,8.75,OUT
2026-06-14 05:00:00,S1,Dairy,0.0,7.02,9.75,OUT
2026-06-14 05:00:00,S2,Bakery,,5.18,17.5,OUT
2026-06-14 05:00:00,S3,Dairy,0.0,3.73,9.0,OUT
2026-06-14 05:00:00,S4,Beverages,86.6,8.14,0.75,FULL
2026-06-14 05:00:00,S5,Snacks,0.0,3.66,22.0,OUT
2026-06-14 05:00:00,S6,Produce,68.5,3.29,3.0,FULL
2026-06-14 05:00:00,S7,Beverages,11.0,4.5,6.25,OUT
2026-06-14 05:00:00,S8,Bakery,7.4,3.33,9.0,OUT
2026-06-14 05:15:00,S1,Dairy,0.0,4.03,10.0,OUT
2026-06-14 05:15:00,S2,Bakery,0.0,6.34,17.75,OUT
2026-06-14 05:15:00,S3,Dairy,0.0,3.68,9.25,OUT
2026-06-14 05:15:00,S4,Beverages,80.8,5.95,1.0,FULL
2026-06-14 05:15:00,S5,Snacks,0.0,1.85,22.25,OUT
2026-06-14 05:15:00,S6,Produce,79.9,1.99,3.25,FULL
2026-06-14 05:15:00,S7,Beverages,0.0,6.21,6.5,OUT
2026-06-14 05:15:00,S8,Bakery,0.0,5.26,9.25,OUT
2026-06-14 05:30:00,S1,Dairy,0.0,3.82,10.25,OUT
2026-06-14 05:30:00,S2,Bakery,95.0,6.63,0.0,FULL
2026-06-14 05:30:00,S3,Dairy,8.8,3.2,9.5,OUT
2026-06-14 05:30:00,S4,Beverages,82.3,5.4,1.25,FULL
2026-06-14 05:30:00,S5,Snacks,98.1,4.01,0.0,FULL
2026-06-14 05:30:00,S6,Produce,65.1,3.25,3.5,FULL
2026-06-14 05:30:00,S7,Beverages,0.0,5.15,6.75,OUT
2026-06-14 05:30:00,S8,Bakery,0.0,4.88,9.5,OUT
2026-06-14 05:45:00,S1,Dairy,0.0,3.59,10.5,OUT
2026-06-14 05:45:00,S2,Bakery,90.9,6.87,0.25,FULL
2026-06-14 05:45:00,S3,Dairy,0.0,4.0,9.75,OUT
2026-06-14 05:45:00,S4,Beverages,87.7,3.4,1.5,FULL
2026-06-14 05:45:00,S5,Snacks,94.8,3.3,0.25,FULL
2026-06-14 05:45:00,S6,Produce,,3.05,3.75,FULL
2026-06-14 05:45:00,S7,Beverages,0.0,6.79,7.0,OUT
2026-06-14 05:45:00,S8,Bakery,0.0,5.75,9.75,OUT
2026-06-14 06:00:00,S1,Dairy,0.0,5.55,10.75,OUT
2026-06-14 06:00:00,S2,Bakery,87.3,5.22,,FULL
2026-06-14 06:00:00,S3,Dairy,0.0,4.4,10.0,OUT
2026-06-14 06:00:00,S4,Beverages,63.7,6.41,1.75,FULL
2026-06-14 06:00:00,S5,Snacks,94.0,2.92,0.5,FULL
2026-06-14 06:00:00,S6,Produce,85.6,1.52,4.0,FULL
2026-06-14 06:00:00,S7,Beverages,0.0,5.73,7.25,OUT
2026-06-14 06:00:00,S8,Bakery,0.0,3.7,10.0,OUT
2026-06-14 06:15:00,S1,Dairy,0.0,3.66,11.0,OUT
2026-06-14 06:15:00,S2,Bakery,85.5,6.13,0.75,FULL
2026-06-14 06:15:00,S3,Dairy,0.0,5.11,10.25,OUT
2026-06-14 06:15:00,S4,Beverages,68.5,5.1,2.0,FULL
2026-06-14 06:15:00,S5,Snacks,86.6,,0.75,FULL
2026-06-14 06:15:00,S6,Produce,,5.39,4.25,LOW
2026-06-14 06:15:00,S7,Beverages,0.0,8.35,7.5,OUT
2026-06-14 06:15:00,S8,Bakery,0.0,3.72,10.25,OUT
2026-06-14 06:30:00,S1,Dairy,0.0,3.18,11.25,OUT
2026-06-14 06:30:00,S2,Bakery,85.3,5.63,1.0,FULL
2026-06-14 06:30:00,S3,Dairy,93.0,5.89,0.0,FULL
2026-06-14 06:30:00,S4,Beverages,61.1,5.67,2.25,FULL
2026-06-14 06:30:00,S5,Snacks,,2.9,1.0,FULL
2026-06-14 06:30:00,S6,Produce,26.6,4.99,4.5,LOW
2026-06-14 06:30:00,S7,Beverages,0.0,7.26,7.75,OUT
2026-06-14 06:30:00,S8,Bakery,0.0,6.61,10.5,OUT
2026-06-14 06:45:00,S1,Dairy,0.0,5.14,11.5,OUT
2026-06-14 06:45:00,S2,Bakery,86.4,4.54,1.25,FULL
2026-06-14 06:45:00,S3,Dairy,99.4,4.44,0.25,FULL
2026-06-14 06:45:00,S4,Beverages,57.7,5.7,2.5,LOW
2026-06-14 06:45:00,S5,Snacks,81.7,4.42,1.25,FULL
2026-06-14 06:45:00,S6,Produce,33.6,4.73,4.75,LOW
2026-06-14 06:45:00,S7,Beverages,0.0,6.92,8.0,OUT
2026-06-14 06:45:00,S8,Bakery,0.0,4.77,10.75,OUT
2026-06-14 07:00:00,S1,Dairy,0.0,4.01,11.75,OUT
2026-06-14 07:00:00,S2,Bakery,72.9,5.47,1.5,FULL
2026-06-14 07:00:00,S3,Dairy,90.8,3.49,0.5,FULL
2026-06-14 07:00:00,S4,Beverages,59.0,5.16,2.75,LOW
2026-06-14 07:00:00,S5,Snacks,92.1,2.09,1.5,FULL
2026-06-14 07:00:00,S6,Produce,36.7,3.67,5.0,LOW
2026-06-14 07:00:00,S7,Beverages,0.0,5.46,8.25,OUT
2026-06-14 07:00:00,S8,Bakery,0.0,5.16,11.0,OUT
2026-06-14 07:15:00,S1,Dairy,0.0,5.08,12.0,OUT
2026-06-14 07:15:00,S2,Bakery,,6.35,1.75,FULL
2026-06-14 07:15:00,S3,Dairy,89.1,3.89,0.75,FULL
2026-06-14 07:15:00,S4,Beverages,65.7,3.63,3.0,FULL
2026-06-14 07:15:00,S5,Snacks,89.1,2.26,1.75,FULL
2026-06-14 07:15:00,S6,Produce,44.2,3.37,5.25,LOW
2026-06-14 07:15:00,S7,Beverages,0.0,7.08,8.5,OUT
2026-06-14 07:15:00,S8,Bakery,0.0,5.1,11.25,OUT
2026-06-14 07:30:00,S1,Dairy,0.0,3.73,12.25,OUT
2026-06-14 07:30:00,S2,Bakery,69.7,5.63,2.0,FULL
2026-06-14 07:30:00,S3,Dairy,81.2,4.77,1.0,FULL
2026-06-14 07:30:00,S4,Beverages,29.3,6.91,3.25,LOW
2026-06-14 07:30:00,S5,Snacks,80.4,3.69,2.0,FULL
2026-06-14 07:30:00,S6,Produce,43.5,3.46,5.5,LOW
2026-06-14 07:30:00,S7,Beverages,0.0,7.14,8.75,OUT
2026-06-14 07:30:00,S8,Bakery,0.0,4.13,11.5,OUT
2026-06-14 07:45:00,S1,Dairy,0.0,3.06,12.5,OUT
2026-06-14 07:45:00,S2,Bakery,64.2,4.4,2.25,FULL
2026-06-14 07:45:00,S3,Dairy,85.6,,1.25,FULL
2026-06-14 07:45:00,S4,Beverages,,8.68,3.5,OUT
2026-06-14 07:45:00,S5,Snacks,86.5,2.12,2.25,FULL
2026-06-14 07:45:00,S6,Produce,23.2,4.1,5.75,LOW
2026-06-14 07:45:00,S7,Beverages,0.0,5.33,9.0,OUT
2026-06-14 07:45:00,S8,Bakery,0.0,4.92,11.75,OUT
2026-06-14 08:00:00,S1,Dairy,0.0,4.83,12.75,OUT
2026-06-14 08:00:00,S2,Bakery,71.4,3.58,2.5,FULL
2026-06-14 08:00:00,S3,Dairy,86.9,3.5,1.5,FULL
2026-06-14 08:00:00,S4,Beverages,23.5,6.24,3.75,LOW
2026-06-14 08:00:00,S5,Snacks,82.1,2.5,2.5,FULL
2026-06-14 08:00:00,S6,Produce,0.0,5.8,6.0,OUT
2026-06-14 08:00:00,S7,Beverages,0.0,6.38,9.25,OUT
2026-06-14 08:00:00,S8,Bakery,0.0,5.94,12.0,OUT
2026-06-14 08:15:00,S1,Dairy,0.8,2.37,13.0,OUT
2026-06-14 08:15:00,S2,Bakery,49.4,5.12,2.75,LOW
2026-06-14 08:15:00,S3,Dairy,66.5,5.8,1.75,FULL
2026-06-14 08:15:00,S4,Beverages,4.5,7.56,4.0,OUT
2026-06-14 08:15:00,S5,Snacks,64.7,3.45,2.75,FULL
2026-06-14 08:15:00,S6,Produce,23.9,3.68,6.25,LOW
2026-06-14 08:15:00,S7,Beverages,0.0,4.37,9.5,OUT
2026-06-14 08:15:00,S8,Bakery,0.0,4.99,12.25,OUT
